{
  "n_factors": 10,
  "signal": "latent_drift",
  "n_words": 205,
  "n_years": 220,
  "explained_variance_ratio": [
    0.5535299556390011,
    0.24295607634098257,
    0.08502341316201457,
    0.05222749937184003,
    0.02331656171312597,
    0.01741943482570854,
    0.008982422386934788,
    0.004732673318565018,
    0.003590558349126502,
    0.002772841539956011
  ],
  "cumulative_variance": [
    0.5535299556390011,
    0.7964860319799837,
    0.8815094451419982,
    0.9337369445138383,
    0.9570535062269643,
    0.9744729410526728,
    0.9834553634396076,
    0.9881880367581726,
    0.991778595107299,
    0.9945514366472551
  ],
  "total_variance_explained": 0.9945514366472551,
  "year_min": 1800,
  "year_max": 2019,
  "threshold_pct": 99.46
}