{"word":"abolition","years":[1800,1801,1802,1803,1804,1805,1806,1807,1808,1809,1810,1811,1812,1813,1814,1815,1816,1817,1818,1819,1820,1821,1822,1823,1824,1825,1826,1827,1828,1829,1830,1831,1832,1833,1834,1835,1836,1837,1838,1839,1840,1841,1842,1843,1844,1845,1846,1847,1848,1849,1850,1851,1852,1853,1854,1855,1856,1857,1858,1859,1860,1861,1862,1863,1864,1865,1866,1867,1868,1869,1870,1871,1872,1873,1874,1875,1876,1877,1878,1879,1880,1881,1882,1883,1884,1885,1886,1887,1888,1889,1890,1891,1892,1893,1894,1895,1896,1897,1898,1899,1900,1901,1902,1903,1904,1905,1906,1907,1908,1909,1910,1911,1912,1913,1914,1915,1916,1917,1918,1919,1920,1921,1922,1923,1924,1925,1926,1927,1928,1929,1930,1931,1932,1933,1934,1935,1936,1937,1938,1939,1940,1941,1942,1943,1944,1945,1946,1947,1948,1949,1950,1951,1952,1953,1954,1955,1956,1957,1958,1959,1960,1961,1962,1963,1964,1965,1966,1967,1968,1969,1970,1971,1972,1973,1974,1975,1976,1977,1978,1979,1980,1981,1982,1983,1984,1985,1986,1987,1988,1989,1990,1991,1992,1993,1994,1995,1996,1997,1998,1999,2000,2001,2002,2003,2004,2005,2006,2007,2008,2009,2010,2011,2012,2013,2014,2015,2016,2017,2018,2019],"level":[-12.289951,-12.20287,-12.123082,-12.202,-12.267575,-12.32354,-12.312762,-12.299451,-12.219789,-12.169153,-12.200029,-12.16896,-12.201266,-12.212086,-12.094411,-11.889412,-11.717628,-11.660033,-11.694228,-11.746996,-11.745586,-11.783631,-11.881651,-11.969111,-11.8903,-11.830406,-11.866433,-11.929621,-11.920974,-11.876204,-11.796564,-11.79616,-11.797286,-11.565795,-11.441775,-11.225835,-10.934259,-11.005505,-11.116061,-11.257013,-11.382411,-11.432142,-11.474786,-11.493637,-11.476026,-11.599775,-11.67092,-11.662219,-11.591998,-11.581135,-11.562435,-11.744856,-11.819135,-11.888663,-11.884273,-11.875053,-11.807093,-11.845388,-11.817367,-11.767734,-11.607767,-11.599598,-11.516659,-11.600329,-11.694245,-11.858782,-11.961131,-12.059721,-12.026576,-11.897251,-11.873543,-12.101094,-12.170758,-12.163602,-12.163547,-12.207146,-12.273459,-12.288625,-12.196922,-12.19407,-12.085286,-12.217708,-12.259895,-12.293544,-12.307639,-12.338835,-12.342892,-12.33007,-12.300011,-12.358517,-12.392059,-12.430328,-12.436681,-12.451031,-12.443001,-12.451185,-12.478646,-12.488155,-12.497067,-12.495036,-12.477294,-12.478938,-12.51493,-12.54856,-12.560287,-12.544984,-12.550064,-12.557848,-12.561443,-12.539413,-12.496593,-12.478365,-12.530979,-12.588336,-12.641474,-12.697089,-12.728222,-12.731012,-12.737297,-12.72833,-12.755347,-12.733186,-12.731778,-12.741649,-12.7331,-12.726657,-12.720444,-12.750218,-12.744083,-12.717803,-12.700022,-12.677248,-12.618925,-12.613339,-12.627259,-12.653953,-12.706715,-12.743427,-12.781646,-12.817638,-12.867985,-12.896362,-12.911877,-12.909568,-12.922296,-12.912065,-12.889231,-12.904122,-12.935905,-12.948242,-12.967962,-12.98973,-13.031668,-13.062241,-13.0933,-13.108869,-13.123429,-13.101217,-13.075071,-13.047881,-13.000163,-12.955815,-12.920982,-12.916391,-12.905657,-12.867466,-12.827585,-12.754205,-12.67889,-12.604112,-12.563937,-12.57724,-12.722381,-12.842209,-12.936683,-13.011031,-13.077238,-13.134329,-13.189689,-13.211951,-13.226053,-13.242475,-13.275504,-13.285262,-13.305833,-13.303961,-13.296411,-13.292829,-13.298369,-13.316331,-13.324168,-13.328804,-13.337842,-13.335071,-13.32889,-13.309718,-13.313076,-13.295076,-13.278857,-13.258204,-13.235775,-13.231167,-13.229786,-13.195723,-13.146695,-13.095169,-13.051566,-13.025227,-12.992583,-12.973879,-12.983633,-13.018546,-13.049619,-13.02176,-12.94988,-12.915082,-12.892137,-12.892147,-12.857046,-12.833467],"drift":[-0.00248175,-0.00248175,-0.00248175,-0.00248175,-0.00248175,-0.00248175,-0.00248175,-0.00248175,-0.00248175,-0.00248175,-0.00248175,-0.00248175,-0.00248175,-0.00248175,-0.00248175,-0.00248175,-0.00248176,-0.00248176,-0.00248176,-0.00248176,-0.00248176,-0.00248176,-0.00248176,-0.00248176,-0.00248176,-0.00248176,-0.00248177,-0.00248177,-0.00248177,-0.00248177,-0.00248177,-0.00248177,-0.00248177,-0.00248177,-0.00248178,-0.00248178,-0.00248178,-0.00248178,-0.00248179,-0.00248179,-0.00248179,-0.00248179,-0.00248179,-0.00248179,-0.0024818,-0.0024818,-0.0024818,-0.0024818,-0.0024818,-0.0024818,-0.00248181,-0.00248181,-0.00248181,-0.00248181,-0.00248181,-0.00248181,-0.00248181,-0.00248181,-0.00248182,-0.00248182,-0.00248182,-0.00248182,-0.00248182,-0.00248182,-0.00248182,-0.00248183,-0.00248183,-0.00248183,-0.00248183,-0.00248183,-0.00248183,-0.00248183,-0.00248183,-0.00248183,-0.00248183,-0.00248183,-0.00248183,-0.00248183,-0.00248183,-0.00248184,-0.00248184,-0.00248184,-0.00248184,-0.00248184,-0.00248184,-0.00248184,-0.00248184,-0.00248184,-0.00248184,-0.00248184,-0.00248184,-0.00248184,-0.00248184,-0.00248184,-0.00248184,-0.00248184,-0.00248184,-0.00248184,-0.00248184,-0.00248184,-0.00248184,-0.00248184,-0.00248184,-0.00248184,-0.00248184,-0.00248184,-0.00248184,-0.00248184,-0.00248184,-0.00248184,-0.00248184,-0.00248184,-0.00248184,-0.00248184,-0.00248184,-0.00248184,-0.00248184,-0.00248184,-0.00248184,-0.00248184,-0.00248184,-0.00248184,-0.00248184,-0.00248184,-0.00248184,-0.00248184,-0.00248184,-0.00248184,-0.00248184,-0.00248184,-0.00248184,-0.00248184,-0.00248184,-0.00248184,-0.00248184,-0.00248184,-0.00248184,-0.00248184,-0.00248184,-0.00248184,-0.00248184,-0.00248184,-0.00248183,-0.00248183,-0.00248183,-0.00248183,-0.00248183,-0.00248183,-0.00248183,-0.00248183,-0.00248183,-0.00248183,-0.00248183,-0.00248183,-0.00248183,-0.00248183,-0.00248183,-0.00248182,-0.00248182,-0.00248182,-0.00248182,-0.00248182,-0.00248182,-0.00248182,-0.00248182,-0.00248182,-0.00248182,-0.00248182,-0.00248182,-0.00248182,-0.00248182,-0.00248182,-0.00248182,-0.00248182,-0.00248182,-0.00248182,-0.00248182,-0.00248182,-0.00248182,-0.00248182,-0.00248182,-0.00248181,-0.00248181,-0.00248181,-0.00248181,-0.00248181,-0.00248181,-0.00248181,-0.00248181,-0.00248181,-0.00248181,-0.0024818,-0.0024818,-0.0024818,-0.0024818,-0.0024818,-0.0024818,-0.0024818,-0.0024818,-0.0024818,-0.00248179,-0.00248179,-0.00248179,-0.00248179,-0.00248179,-0.00248179,-0.00248179,-0.00248179,-0.00248179,-0.00248179,-0.00248179,-0.00248179,-0.00248179,-0.00248179,-0.00248179,-0.00248179,-0.00248179,-0.00248179,-0.00248179,-0.00248179],