{"word":"aircraft","years":[1800,1801,1802,1803,1804,1805,1806,1807,1808,1809,1810,1811,1812,1813,1814,1815,1816,1817,1818,1819,1820,1821,1822,1823,1824,1825,1826,1827,1828,1829,1830,1831,1832,1833,1834,1835,1836,1837,1838,1839,1840,1841,1842,1843,1844,1845,1846,1847,1848,1849,1850,1851,1852,1853,1854,1855,1856,1857,1858,1859,1860,1861,1862,1863,1864,1865,1866,1867,1868,1869,1870,1871,1872,1873,1874,1875,1876,1877,1878,1879,1880,1881,1882,1883,1884,1885,1886,1887,1888,1889,1890,1891,1892,1893,1894,1895,1896,1897,1898,1899,1900,1901,1902,1903,1904,1905,1906,1907,1908,1909,1910,1911,1912,1913,1914,1915,1916,1917,1918,1919,1920,1921,1922,1923,1924,1925,1926,1927,1928,1929,1930,1931,1932,1933,1934,1935,1936,1937,1938,1939,1940,1941,1942,1943,1944,1945,1946,1947,1948,1949,1950,1951,1952,1953,1954,1955,1956,1957,1958,1959,1960,1961,1962,1963,1964,1965,1966,1967,1968,1969,1970,1971,1972,1973,1974,1975,1976,1977,1978,1979,1980,1981,1982,1983,1984,1985,1986,1987,1988,1989,1990,1991,1992,1993,1994,1995,1996,1997,1998,1999,2000,2001,2002,2003,2004,2005,2006,2007,2008],"level":[-15.567997,-15.811216,-16.086728,-16.418932,-16.682804,-16.975104,-17.20819,-17.386413,-17.511645,-17.639389,-17.718487,-17.74886,-17.843327,-17.968456,-18.052193,-18.092934,-18.093727,-18.146698,-18.25323,-18.317647,-18.345361,-18.330455,-18.351894,-18.327734,-18.347337,-18.407871,-18.482413,-18.517434,-18.512855,-18.467014,-18.37762,-18.33666,-18.287333,-18.39422,-18.455747,-18.473895,-18.573631,-18.654121,-18.69253,-18.688229,-18.63784,-18.586724,-18.595609,-18.561265,-18.581239,-18.579858,-18.685605,-18.743475,-18.844528,-18.90034,-18.950272,-18.955077,-19.029584,-19.057966,-19.038038,-19.056412,-19.053533,-19.00116,-18.988261,-18.997012,-18.996124,-19.014043,-18.989482,-18.925559,-18.819701,-18.761167,-18.652955,-18.490858,-18.398894,-18.36196,-18.264818,-18.188303,-18.120958,-18.1111,-18.034457,-17.996611,-18.0333,-18.070527,-18.035936,-18.021394,-18.035672,-18.074375,-18.074728,-17.996619,-17.962806,-17.87271,-17.79652,-17.733844,-17.676905,-17.610338,-17.573637,-17.51558,-17.403452,-17.297437,-17.228859,-17.151991,-17.05947,-17.051742,-17.049471,-17.019896,-16.967812,-16.946015,-16.884731,-16.810834,-16.705106,-16.570766,-16.396013,-16.188578,-15.959051,-15.688928,-15.40882,-15.1144,-14.809676,-14.484476,-14.176681,-13.871523,-13.570414,-13.282196,-13.023564,-12.80098,-12.605984,-12.431887,-12.274543,-12.128771,-11.990735,-11.860022,-11.745175,-11.635216,-11.530721,-11.4326,-11.345421,-11.268543,-11.198471,-11.128766,-11.058637,-10.985553,-10.906958,-10.820494,-10.729699,-10.634195,-10.536215,-10.442023,-10.354803,-10.277525,-10.215016,-10.167485,-10.133581,-10.108166,-10.090213,-10.071561,-10.053868,-10.033882,-10.014018,-9.994116,-9.97452,-9.954624,-9.935876,-9.919428,-9.906842,-9.896336,-9.888932,-9.881855,-9.875365,-9.872184,-9.866405,-9.857652,-9.850297,-9.843789,-9.837339,-9.832138,-9.828316,-9.825778,-9.824714,-9.827087,-9.83236,-9.841422,-9.852064,-9.864299,-9.876963,-9.891333,-9.906383,-9.923975,-9.942856,-9.962349,-9.980165,-9.998409,-10.016632,-10.036686,-10.057062,-10.079307,-10.10207,-10.127634,-10.156338,-10.189026,-10.221702,-10.256708,-10.29336,-10.32966,-10.364912,-10.399038,-10.430706,-10.460419,-10.489775,-10.519599,-10.548208,-10.575801,-10.602369,-10.627578,-10.651579],"drift":[-0.14412251,-0.14349211,-0.14202185,-0.13934175,-0.13586945,-0.13140202,-0.12628771,-0.12084302,-0.11537042,-0.10981909,-0.1044632,-0.09957863,-0.09472658,-0.08968112,-0.08467348,-0.07994531,-0.07572068,-0.07164077,-0.06733889,-0.06305561,-0.05899715,-0.05540883,-0.05203661,-0.04914911,-0.04644957,-0.04366043,-0.04067485,-0.03772522,-0.03504472,-0.03287877,-0.03149066,-0.03056345,-0.03014446,-0.02923728,-0.02812468,-0.02707555,-0.02556419,-0.02370341,-0.02174909,-0.01996049,-0.01861942,-0.01772197,-0.01688073,-0.01636536,-0.01582703,-0.01539817,-0.01439456,-0.01311438,-0.01127478,-0.00915185,-0.00676949,-0.00439964,-0.00158379,0.00140253,0.004271,0.00728353,0.01032408,0.01309714,0.01587145,0.0188024,0.02184731,0.0251452,0.0284468,0.03152272,0.03412576,0.03657352,0.03856556,0.03977174,0.0406459,0.04154368,0.04208777,0.04241285,0.04257932,0.04295395,0.04311426,0.04330809,0.04401082,0.04523035,0.04651755,0.04800818,0.04989504,0.05234551,0.05513123,0.05777077,0.06056272,0.0631668,0.06568803,0.06822842,0.07084063,0.07348003,0.07635339,0.07934315,0.08212435,0.08475357,0.08748569,0.09028535,0.09307079,0.09639913,0.10032628,0.10470351,0.10941548,0.11468484,0.12029391,0.12619814,0.13223258,0.13825363,0.14404248,0.14942805,0.15430408,0.15844332,0.16180859,0.16433025,0.16595879,0.16657431,0.16629146,0.1651252,0.16309388,0.16026658,0.15681353,0.15294207,0.14880309,0.14450321,0.14012163,0.13570411,0.13127176,0.12684296,0.12249047,0.1182177,0.11403223,0.10994798,0.10600858,0.10225449,0.09870512,0.09534024,0.09213575,0.08905245,0.08603568,0.08301618,0.0799472,0.07677926,0.07347644,0.07004184,0.06649797,0.06288551,0.05927545,0.05574011,0.05234367,0.04911854,0.04609167,0.04323936,0.04054957,0.03799059,0.03554692,0.03320278,0.0309452,0.02875791,0.02663429,0.02457547,0.02259293,0.02068728,0.01886613,0.01711997,0.01544144,0.01384091,0.01229166,0.01076492,0.00925987,0.00777233,0.0062932,0.00482102,0.00335519,0.00189457,0.00043923,-0.00099823,-0.00240849,-0.00377642,-0.00510067,-0.00637954,-0.00761843,-0.00881438,-0.00997065,-0.01107844,-0.0121366,-0.01314796,-0.01412962,-0.0150851,-0.01602063,-0.0169305,-0.01781845,-0.01867823,-0.01951204,-0.02030734,-0.02104923,-0.02171708,-0.02231521,-0.02283261,-0.0232621,-0.02360864,-0.02388112,-0.02408842,-0.02424751,-0.02437183,-0.02446444,-0.02452296,-0.02455548,-0.02456868,-0.02456917,-0.02456557,-0.02456557],"instab":[null,null,null,null,6.6044,5.927074,5.50583,5.206355,5.168237,4.895492,4.668975,4.810246,4.667145,4.496476,4.337921,4.191379,4.163394,4.090005,4.006756,3.912708,2.707947,2.542362,2.541948,2.274235,2.151425,2.093226,2.20609,2.282212,2.225164,2.257765,2.327086,1.98945,2.430281,2.538603,2.6109,2.679683,2.609773,2.598632,2.612387,2.634509,2.626253,2.641809,2.665117,2.648191,2.617639,2.797786,2.858471,2.844743,2.912352,2.90878,2.863139,2.943282,2.472621,2.442148,2.452503,2.307693,2.318629,2.342451,2.319993,2.291899,2.29378,2.21627,2.203038,2.109376,2.221032,1.953542,1.877263,2.105819,2.120642,2.19901,2.160627,2.051968,2.039076,2.124664,2.116951,2.184346,2.141094,2.294406,2.287611,2.290471,2.286307,2.309349,2.436723,2.469885,2.446887,2.429491,2.409974,2.219465,2.120282,2.06665,2.056203,2.101946,2.017626,1.956965,1.90696,1.765175,1.981486,1.779554,1.817219,1.821338,1.841198,1.821322,1.629524,1.563586,1.480088,1.471622,1.452642,1.45065,1.450919,1.438517,1.447433,1.385325,1.381307,1.404443,1.431848,1.444695,1.224702,1.28806,1.251651,1.198613,1.188866,1.035675,1.018068,0.955754,0.930973,0.861049,0.881538,0.927464,0.940768,0.962323,0.98723,1.010944,1.054378,0.985716,0.976797,0.96049,0.909362,0.76148,0.56076,0.417883,0.334897,0.299466,0.306931,0.338144,0.357631,0.352319,0.351318,0.350588,0.361045,0.363585,0.369958,0.37048,0.361104,0.351544,0.338022,0.319982,0.298742,0.29327,0.28863,0.288262,0.283832,0.271701,0.253288,0.213699,0.176539,0.161587,0.167085,0.171648,0.156754,0.151048,0.127727,0.120159,0.118668,0.115186,0.11103,0.107324,0.106459,0.106482,0.10532,0.104931,0.099984,0.09489,0.094896,0.076289,0.052616,0.052505,0.055021,0.052887,0.055749,0.055816,0.061347,0.065866,0.068911,0.070082,0.069089,0.068479,0.069922,0.069869,0.071118,0.073018,0.072906,0.074001,0.076365,0.068863,0.069059,0.069144,0.069218,0.070369,0.077158],