{"word":"anatomy","years":[1800,1801,1802,1803,1804,1805,1806,1807,1808,1809,1810,1811,1812,1813,1814,1815,1816,1817,1818,1819,1820,1821,1822,1823,1824,1825,1826,1827,1828,1829,1830,1831,1832,1833,1834,1835,1836,1837,1838,1839,1840,1841,1842,1843,1844,1845,1846,1847,1848,1849,1850,1851,1852,1853,1854,1855,1856,1857,1858,1859,1860,1861,1862,1863,1864,1865,1866,1867,1868,1869,1870,1871,1872,1873,1874,1875,1876,1877,1878,1879,1880,1881,1882,1883,1884,1885,1886,1887,1888,1889,1890,1891,1892,1893,1894,1895,1896,1897,1898,1899,1900,1901,1902,1903,1904,1905,1906,1907,1908,1909,1910,1911,1912,1913,1914,1915,1916,1917,1918,1919,1920,1921,1922,1923,1924,1925,1926,1927,1928,1929,1930,1931,1932,1933,1934,1935,1936,1937,1938,1939,1940,1941,1942,1943,1944,1945,1946,1947,1948,1949,1950,1951,1952,1953,1954,1955,1956,1957,1958,1959,1960,1961,1962,1963,1964,1965,1966,1967,1968,1969,1970,1971,1972,1973,1974,1975,1976,1977,1978,1979,1980,1981,1982,1983,1984,1985,1986,1987,1988,1989,1990,1991,1992,1993,1994,1995,1996,1997,1998,1999,2000,2001,2002,2003,2004,2005,2006,2007,2008,2009,2010,2011,2012,2013,2014,2015,2016,2017,2018,2019],"level":[-12.693693,-12.637049,-12.626619,-12.600579,-12.595416,-12.562781,-12.549327,-12.533289,-12.496117,-12.446075,-12.402247,-12.432556,-12.439524,-12.420713,-12.41548,-12.402009,-12.364049,-12.322432,-12.291016,-12.30949,-12.347846,-12.356523,-12.35141,-12.354587,-12.352128,-12.352569,-12.337475,-12.33366,-12.320556,-12.298038,-12.285772,-12.28823,-12.311324,-12.307825,-12.302229,-12.2889,-12.281016,-12.262559,-12.2402,-12.222379,-12.223631,-12.228455,-12.228707,-12.229195,-12.222265,-12.218005,-12.224324,-12.227173,-12.230368,-12.241447,-12.245694,-12.245826,-12.25685,-12.259745,-12.266835,-12.28035,-12.292526,-12.303765,-12.3241,-12.343669,-12.368973,-12.400347,-12.433066,-12.446004,-12.454463,-12.439408,-12.418756,-12.392009,-12.358843,-12.321183,-12.290258,-12.270431,-12.237538,-12.199401,-12.159955,-12.129003,-12.106611,-12.089835,-12.069332,-12.047865,-12.032889,-12.022776,-12.01718,-12.010067,-12.009635,-12.011168,-12.018572,-12.025988,-12.031363,-12.037943,-12.041549,-12.04606,-12.0506,-12.048272,-12.045079,-12.042724,-12.04265,-12.045293,-12.052639,-12.064017,-12.070777,-12.085723,-12.095186,-12.104185,-12.11799,-12.13323,-12.154582,-12.174085,-12.195047,-12.218438,-12.240518,-12.276809,-12.324077,-12.366681,-12.407525,-12.438541,-12.463209,-12.478879,-12.491979,-12.496407,-12.495273,-12.492019,-12.488929,-12.486756,-12.481629,-12.478228,-12.472318,-12.467547,-12.470024,-12.471925,-12.481416,-12.491308,-12.498125,-12.504516,-12.508353,-12.513633,-12.512518,-12.50559,-12.502464,-12.500815,-12.494388,-12.488306,-12.482297,-12.480585,-12.482728,-12.486183,-12.482723,-12.477295,-12.474472,-12.474684,-12.474741,-12.476579,-12.471843,-12.464839,-12.457174,-12.45405,-12.449014,-12.448256,-12.443533,-12.443207,-12.447956,-12.452232,-12.451232,-12.445591,-12.437258,-12.424641,-12.409383,-12.387027,-12.364842,-12.352886,-12.343817,-12.337769,-12.33349,-12.335275,-12.33682,-12.34,-12.343609,-12.354153,-12.362175,-12.372879,-12.383758,-12.390284,-12.390218,-12.39032,-12.392238,-12.391208,-12.390101,-12.388339,-12.38807,-12.387989,-12.385754,-12.385934,-12.381963,-12.373498,-12.363515,-12.349146,-12.332867,-12.320415,-12.310724,-12.30269,-12.290954,-12.28031,-12.260729,-12.234869,-12.200071,-12.163888,-12.120785,-12.078772,-12.035352,-11.987301,-11.937939,-11.891062,-11.851057,-11.818582,-11.785675,-11.750654,-11.726485,-11.704098,-11.67776,-11.654662],"drift":[0.01266714,0.01257862,0.01249442,0.01238295,0.01228602,0.01214813,0.0120076,0.01185897,0.01165938,0.01138253,0.01104037,0.01078144,0.01055824,0.01031843,0.01008885,0.00985247,0.00955951,0.00920202,0.00879981,0.0084525,0.00819942,0.00798031,0.00776697,0.00757566,0.00739465,0.00722941,0.00704834,0.00687378,0.00668668,0.00646771,0.00623707,0.00602393,0.0058694,0.00571965,0.00557014,0.00540502,0.00523491,0.00503818,0.00480658,0.00454879,0.00430267,0.00407493,0.0038559,0.00364561,0.0034287,0.00321013,0.00301074,0.00282314,0.00264766,0.0024998,0.00236553,0.00223629,0.00213374,0.00204131,0.00196726,0.00192438,0.00190988,0.00192185,0.00197862,0.00207877,0.00223403,0.00245695,0.00275068,0.00307598,0.00342451,0.00374962,0.00404071,0.0042861,0.00447335,0.00459379,0.00466124,0.00469815,0.00467831,0.00459112,0.00443377,0.00422303,0.00397573,0.00370265,0.00339576,0.00305249,0.00268522,0.002303,0.00191415,0.00151483,0.0011177,0.0007259,0.00035046,-9.34e-06,-0.00035834,-0.00069482,-0.00102544,-0.00134904,-0.00166621,-0.00199143,-0.00232708,-0.00267216,-0.00302277,-0.00337414,-0.00371751,-0.00404546,-0.00436796,-0.00466915,-0.0049607,-0.00524412,-0.0055103,-0.00575691,-0.00597212,-0.00616009,-0.00631826,-0.00644207,-0.0065344,-0.00656683,-0.00651734,-0.0063952,-0.00620371,-0.00596228,-0.0056832,-0.00538401,-0.00506929,-0.00475586,-0.00445429,-0.00416823,-0.00389679,-0.00363756,-0.00339598,-0.00316808,-0.00295845,-0.00276438,-0.00257089,-0.00237875,-0.00217229,-0.00195029,-0.0017185,-0.0014773,-0.00123135,-0.00097725,-0.00072736,-0.00049288,-0.00026569,-4.235e-05,0.00016797,0.00036638,0.00055343,0.00073816,0.00092868,0.00112802,0.00132267,0.00150906,0.0016928,0.00188038,0.00207186,0.0022712,0.00246559,0.00265084,0.002826,0.00300055,0.00317101,0.00334633,0.00351888,0.00369785,0.00389382,0.00410625,0.00432492,0.00454095,0.00474934,0.00494189,0.00511368,0.00525077,0.00535376,0.00544346,0.00552587,0.00560722,0.00569125,0.00579033,0.00590417,0.0060363,0.00618784,0.00637306,0.00658727,0.00683627,0.00712094,0.00743308,0.00776005,0.00810285,0.00846581,0.00884375,0.00923726,0.00964581,0.01007324,0.01052079,0.01098501,0.01147171,0.01197351,0.01248237,0.01299626,0.01350739,0.01401294,0.01452163,0.01504005,0.01557257,0.01611281,0.01666406,0.01720944,0.0177374,0.01823103,0.01868851,0.01909685,0.01945907,0.01977304,0.0200301,0.02022811,0.02037248,0.02047733,0.02055803,0.02061387,0.02064071,0.02066045,0.02067671,0.02068157,0.02068157],"instab":[null,null,null,null,5.940232,5.495354,5.088433,4.750236,4.487094,4.2801,4.149975,3.958822,3.794066,3.66467,3.538548,3.422106,3.323751,3.237894,3.171867,3.093325,0.864903,0.775786,0.567768,0.568051,0.52494,0.519391,0.521364,0.513576,0.513853,0.511939,0.412705,0.377727,0.373622,0.369546,0.367407,0.357333,0.358328,0.350283,0.284233,0.298774,0.241149,0.229837,0.228723,0.227924,0.228344,0.220238,0.216796,0.21298,0.211415,0.209117,0.201036,0.194335,0.148188,0.148316,0.145998,0.144761,0.141128,0.142691,0.140124,0.11001,0.109697,0.108784,0.144712,0.143218,0.159299,0.151699,0.153699,0.156437,0.158405,0.176482,0.194881,0.191442,0.188442,0.192282,0.205498,0.212205,0.213308,0.213123,0.210501,0.212443,0.212331,0.208413,0.170928,0.165099,0.124201,0.123528,0.129756,0.137946,0.141214,0.137669,0.123466,0.119753,0.128185,0.125712,0.10649,0.089169,0.08069,0.081338,0.080607,0.075908,0.074246,0.078145,0.078346,0.073912,0.073748,0.072883,0.075264,0.073774,0.073824,0.074186,0.084428,0.08505,0.098368,0.105092,0.120217,0.122221,0.123535,0.120246,0.118461,0.118365,0.115311,0.120075,0.126083,0.125884,0.132279,0.132558,0.136246,0.14629,0.146877,0.151277,0.146644,0.14636,0.13413,0.127068,0.105334,0.096198,0.082725,0.084547,0.075195,0.07471,0.074999,0.074534,0.076177,0.076842,0.075486,0.082488,0.08141,0.074436,0.075427,0.069717,0.069611,0.072532,0.072442,0.071272,0.074504,0.069477,0.068186,0.067742,0.068914,0.06784,0.069082,0.075121,0.073997,0.072025,0.072264,0.066733,0.067704,0.069437,0.088923,0.090196,0.090868,0.085442,0.086144,0.087701,0.085816,0.086357,0.085543,0.089074,0.08777,0.088267,0.093692,0.096501,0.095014,0.094954,0.095956,0.095922,0.095359,0.092539,0.06941,0.065645,0.063871,0.063647,0.05746,0.058279,0.057998,0.059692,0.066043,0.067339,0.069196,0.068309,0.062762,0.058779,0.059082,0.059498,0.063885,0.064151,0.075899,0.080503,0.081411,0.084431,0.093293,0.100597,0.102981,0.101861,0.099256,0.104908,0.105159,0.110299,0.110127,0.106661],