{"word":"antibiotic","years":[1800,1801,1802,1803,1804,1805,1806,1807,1808,1809,1810,1811,1812,1813,1814,1815,1816,1817,1818,1819,1820,1821,1822,1823,1824,1825,1826,1827,1828,1829,1830,1831,1832,1833,1834,1835,1836,1837,1838,1839,1840,1841,1842,1843,1844,1845,1846,1847,1848,1849,1850,1851,1852,1853,1854,1855,1856,1857,1858,1859,1860,1861,1862,1863,1864,1865,1866,1867,1868,1869,1870,1871,1872,1873,1874,1875,1876,1877,1878,1879,1880,1881,1882,1883,1884,1885,1886,1887,1888,1889,1890,1891,1892,1893,1894,1895,1896,1897,1898,1899,1900,1901,1902,1903,1904,1905,1906,1907,1908,1909,1910,1911,1912,1913,1914,1915,1916,1917,1918,1919,1920,1921,1922,1923,1924,1925,1926,1927,1928,1929,1930,1931,1932,1933,1934,1935,1936,1937,1938,1939,1940,1941,1942,1943,1944,1945,1946,1947,1948,1949,1950,1951,1952,1953,1954,1955,1956,1957,1958,1959,1960,1961,1962,1963,1964,1965,1966,1967,1968,1969,1970,1971,1972,1973,1974,1975,1976,1977,1978,1979,1980,1981,1982,1983,1984,1985,1986,1987,1988,1989,1990,1991,1992,1993,1994,1995,1996,1997,1998,1999,2000,2001,2002,2003,2004,2005,2006,2007,2008,2009,2010,2011,2012,2013,2014,2015,2016,2017,2018,2019],"level":[-18.992646,-19.032757,-19.069726,-19.106451,-19.141939,-19.175091,-19.206402,-19.236124,-19.263334,-19.28869,-19.311909,-19.332169,-19.390404,-19.444474,-19.498308,-19.549432,-19.599869,-19.649527,-19.696564,-19.739284,-19.781383,-19.817794,-19.853754,-19.881837,-19.903768,-19.916197,-19.919093,-19.91836,-19.913867,-19.904806,-19.890538,-19.868942,-19.874357,-19.933527,-19.988717,-20.040361,-20.085192,-20.122741,-20.154812,-20.18049,-20.197302,-20.20522,-20.206564,-20.204035,-20.195405,-20.18075,-20.232997,-20.278039,-20.316393,-20.347061,-20.369863,-20.383697,-20.387588,-20.402711,-20.405478,-20.425962,-20.434898,-20.430877,-20.416823,-20.432139,-20.43682,-20.451591,-20.459833,-20.464168,-20.463107,-20.452928,-20.43276,-20.400456,-20.388224,-20.362494,-20.321971,-20.266151,-20.193886,-20.104342,-19.99649,-19.889968,-19.839771,-19.766528,-19.669585,-19.581213,-19.52167,-19.483665,-19.4156,-19.316028,-19.296008,-19.2425,-19.251941,-19.230281,-19.17526,-19.14718,-19.159237,-19.160325,-19.165772,-19.203259,-19.259081,-19.312049,-19.398761,-19.501128,-19.587567,-19.673182,-19.739222,-19.818196,-19.893323,-19.92573,-19.982232,-20.015736,-20.004955,-19.970683,-19.912722,-19.841042,-19.779085,-19.715269,-19.652821,-19.564124,-19.46607,-19.358358,-19.307755,-19.266639,-19.196373,-19.107519,-19.018009,-18.915794,-18.807492,-18.704592,-18.589171,-18.456854,-18.312878,-18.166235,-18.02833,-17.851199,-17.665733,-17.464204,-17.281919,-17.103985,-16.949764,-16.782465,-16.600224,-16.399835,-16.193895,-15.973375,-15.729906,-15.460885,-15.180493,-14.89455,-14.606421,-14.326425,-14.061201,-13.810628,-13.575962,-13.359053,-13.162307,-12.987017,-12.83731,-12.711817,-12.608628,-12.529033,-12.470296,-12.431752,-12.410143,-12.405725,-12.415978,-12.436494,-12.462136,-12.488103,-12.514239,-12.539282,-12.561381,-12.580835,-12.597949,-12.612194,-12.621715,-12.627894,-12.629846,-12.62882,-12.621802,-12.614536,-12.605427,-12.594425,-12.582992,-12.572958,-12.562947,-12.554172,-12.54352,-12.536663,-12.529046,-12.521464,-12.516427,-12.514503,-12.514326,-12.516197,-12.519528,-12.521028,-12.521224,-12.519078,-12.513625,-12.504841,-12.492421,-12.478238,-12.462934,-12.445977,-12.426831,-12.405685,-12.383957,-12.363004,-12.340123,-12.316846,-12.289772,-12.259625,-12.228783,-12.197233,-12.163675,-12.127652,-12.090576,-12.05749,-12.026837,-11.995033,-11.962534,-11.929951,-11.897261,-11.863865],"drift":[-0.03571816,-0.03554097,-0.03530618,-0.03501417,-0.03470307,-0.03445452,-0.03433277,-0.03439697,-0.03475105,-0.03548408,-0.03671183,-0.03860313,-0.03970258,-0.04022255,-0.0401935,-0.03972358,-0.03882157,-0.03748248,-0.035758,-0.0337527,-0.03141077,-0.02886717,-0.02603748,-0.0231253,-0.02026129,-0.01771319,-0.01576272,-0.01447761,-0.01395764,-0.01436611,-0.01592952,-0.01900647,-0.02263162,-0.02478303,-0.025708,-0.02558686,-0.02468954,-0.02327356,-0.02150274,-0.01956351,-0.01773525,-0.01630295,-0.01547401,-0.01537119,-0.01623645,-0.01834768,-0.01909163,-0.01878888,-0.017697,-0.01608195,-0.01419584,-0.01232432,-0.01079297,-0.00908695,-0.00763586,-0.00566655,-0.00356537,-0.00177016,-0.00061322,0.00113676,0.00312138,0.00582765,0.00910142,0.01291713,0.01721105,0.02178861,0.02643154,0.03083762,0.03599414,0.04156467,0.04717719,0.05244113,0.05690549,0.06005338,0.06127338,0.06066831,0.06048559,0.0597883,0.05759239,0.05415501,0.05050034,0.04734966,0.04336345,0.03711009,0.03154606,0.02509618,0.02003935,0.01491714,0.00817739,0.00063488,-0.00639572,-0.0136404,-0.02121554,-0.02813439,-0.03393647,-0.03897094,-0.04207981,-0.04275704,-0.04167242,-0.0388154,-0.03486032,-0.02912594,-0.02153615,-0.01350789,-0.0037455,0.00721717,0.01803612,0.02820019,0.03716389,0.04473541,0.05161233,0.05799701,0.06420214,0.0694193,0.07348151,0.07616306,0.07987555,0.0851514,0.09102763,0.09699151,0.10325716,0.10956484,0.11592349,0.12280739,0.12998922,0.13707719,0.14388689,0.15058542,0.15779539,0.16422549,0.16979889,0.17409247,0.17805559,0.18202362,0.18711305,0.19300167,0.19932431,0.20560399,0.21187013,0.21778737,0.2226688,0.22568063,0.22648574,0.22489267,0.22074902,0.2142157,0.20562502,0.19522139,0.18322677,0.16987363,0.1554366,0.1401988,0.12457752,0.10891931,0.09349221,0.07862563,0.06456125,0.05154626,0.03973875,0.02935588,0.0205706,0.01344254,0.0078909,0.00370492,0.0007225,-0.00122068,-0.00232174,-0.00273178,-0.00256172,-0.00192043,-0.00097257,0.00018528,0.00142935,0.00268968,0.0037754,0.00472036,0.00548831,0.00603388,0.00636167,0.00654131,0.00658104,0.00653225,0.00631732,0.0060806,0.00578194,0.00541064,0.00505442,0.00482446,0.00478197,0.0050078,0.00556998,0.00641732,0.00753142,0.00886272,0.01033154,0.0118628,0.0133716,0.01484766,0.0163053,0.01773667,0.01911119,0.02040364,0.02164267,0.02290953,0.02417751,0.02548182,0.02672191,0.02782383,0.02880405,0.02967351,0.03038627,0.03087172,0.03110689,0.03126225,0.03144218,0.0316075,0.03173687,0.03183211,0.03189276,0.03189276],"instab":[null,null,null,null,8.436838,7.703389,7.132765,6.669208,6.287426,5.963462,5.683453,5.525035,5.291969,5.090248,4.909623,4.74941,4.604528,4.471614,4.349356,4.239308,0.561622,0.552886,0.544143,0.543181,0.544533,0.544092,0.546678,0.548816,0.549359,0.549542,0.549598,0.473672,0.734287,0.768927,0.784966,0.805267,0.817609,0.820785,0.822345,0.826326,0.826769,0.826247,0.82457,0.824324,0.822781,1.164788,1.19534,1.211678,1.222255,1.228124,1.231922,1.168677,1.008614,0.994047,1.022078,1.017408,1.015243,1.013436,1.094712,1.102129,1.105831,1.110705,1.111764,1.112728,1.115214,0.708036,0.679765,0.752091,0.748325,0.746594,0.743731,0.741267,0.716673,0.706357,0.691667,1.038538,1.085546,1.117324,1.055018,1.098426,1.104787,1.206804,1.268525,1.598076,1.711109,1.820576,1.932539,1.97335,1.993129,2.019286,2.049334,2.050914,2.059826,2.058837,2.072065,1.920698,1.895743,1.927604,1.922135,1.900051,1.892935,1.846669,1.875909,1.61216,1.538273,1.369994,1.276029,1.205946,1.160398,1.166977,1.160533,1.182119,1.154249,1.161062,1.144922,1.415491,1.416389,1.401533,1.40155,1.357341,1.355849,1.350721,1.234676,1.188684,1.1632,1.067382,1.062706,1.070827,1.156666,1.107764,1.100747,1.155375,1.136208,1.169286,1.192658,0.905315,0.914325,0.820182,0.801026,0.813102,0.820629,0.823046,0.816732,0.820785,0.832674,0.85246,0.856637,0.83942,0.71811,0.717961,0.714517,0.623097,0.620728,0.552422,0.529797,0.528571,0.533327,0.573524,0.600281,0.618958,0.650252,0.691965,0.717498,0.716143,0.669012,0.593757,0.531795,0.47689,0.427362,0.379124,0.346188,0.305958,0.303479,0.308705,0.345671,0.371526,0.392759,0.410931,0.430961,0.435123,0.427655,0.393197,0.352577,0.309316,0.269,0.228772,0.199018,0.175621,0.155074,0.127319,0.124623,0.117676,0.120601,0.115124,0.114132,0.115553,0.115774,0.11469,0.107541,0.106395,0.103202,0.105533,0.098727,0.097812,0.099716,0.098519,0.094582,0.098616,0.101123,0.101112,0.091514,0.088215,0.104238,0.098526,0.095744,0.092394,0.092922,0.0933,0.094921,0.095166],