{"word":"aristocracy","years":[1800,1801,1802,1803,1804,1805,1806,1807,1808,1809,1810,1811,1812,1813,1814,1815,1816,1817,1818,1819,1820,1821,1822,1823,1824,1825,1826,1827,1828,1829,1830,1831,1832,1833,1834,1835,1836,1837,1838,1839,1840,1841,1842,1843,1844,1845,1846,1847,1848,1849,1850,1851,1852,1853,1854,1855,1856,1857,1858,1859,1860,1861,1862,1863,1864,1865,1866,1867,1868,1869,1870,1871,1872,1873,1874,1875,1876,1877,1878,1879,1880,1881,1882,1883,1884,1885,1886,1887,1888,1889,1890,1891,1892,1893,1894,1895,1896,1897,1898,1899,1900,1901,1902,1903,1904,1905,1906,1907,1908,1909,1910,1911,1912,1913,1914,1915,1916,1917,1918,1919,1920,1921,1922,1923,1924,1925,1926,1927,1928,1929,1930,1931,1932,1933,1934,1935,1936,1937,1938,1939,1940,1941,1942,1943,1944,1945,1946,1947,1948,1949,1950,1951,1952,1953,1954,1955,1956,1957,1958,1959,1960,1961,1962,1963,1964,1965,1966,1967,1968,1969,1970,1971,1972,1973,1974,1975,1976,1977,1978,1979,1980,1981,1982,1983,1984,1985,1986,1987,1988,1989,1990,1991,1992,1993,1994,1995,1996,1997,1998,1999,2000,2001,2002,2003,2004,2005,2006,2007,2008,2009,2010,2011,2012,2013,2014,2015,2016,2017,2018,2019],"level":[-12.470388,-12.550944,-12.676962,-12.816403,-12.732847,-12.72974,-12.854462,-12.943551,-12.97707,-12.956892,-13.002038,-12.983215,-12.992535,-13.0143,-12.927099,-12.910018,-12.865155,-12.784075,-12.72799,-12.764848,-12.753737,-12.680995,-12.687503,-12.742109,-12.750474,-12.672316,-12.63557,-12.568094,-12.448485,-12.382563,-12.315155,-12.38166,-12.452936,-12.263521,-12.164871,-12.100978,-12.00837,-12.000565,-11.974045,-11.947922,-11.914193,-11.879892,-11.885198,-11.872583,-11.870935,-11.898256,-11.920961,-11.945761,-11.937165,-11.93671,-11.98849,-12.002614,-12.024239,-12.096092,-12.141154,-12.148434,-12.187861,-12.271478,-12.316647,-12.339168,-12.347871,-12.351702,-12.33604,-12.32843,-12.329774,-12.347742,-12.364972,-12.436146,-12.493728,-12.523618,-12.598061,-12.678926,-12.73024,-12.747411,-12.784856,-12.811072,-12.826553,-12.800736,-12.77286,-12.775883,-12.772611,-12.808328,-12.825588,-12.8414,-12.86612,-12.880352,-12.883094,-12.950222,-12.960793,-12.971105,-12.965091,-12.987724,-13.006792,-13.010668,-13.0448,-13.08611,-13.118261,-13.125322,-13.118277,-13.128392,-13.167765,-13.233795,-13.277324,-13.320928,-13.369268,-13.426647,-13.471398,-13.478686,-13.500042,-13.481489,-13.425604,-13.441785,-13.534956,-13.59043,-13.615386,-13.636824,-13.654369,-13.672237,-13.670535,-13.669095,-13.674446,-13.668544,-13.629634,-13.573784,-13.530091,-13.492035,-13.453256,-13.453558,-13.460289,-13.455242,-13.470178,-13.489481,-13.506335,-13.524138,-13.506719,-13.497699,-13.516544,-13.50324,-13.529703,-13.568171,-13.602518,-13.6322,-13.663262,-13.702954,-13.728363,-13.742361,-13.743974,-13.736079,-13.741251,-13.744727,-13.735058,-13.734649,-13.736647,-13.752793,-13.750583,-13.75086,-13.743572,-13.743591,-13.731653,-13.690363,-13.630856,-13.582916,-13.5213,-13.459641,-13.406101,-13.356202,-13.302121,-13.25032,-13.183097,-13.182524,-13.232399,-13.304432,-13.409801,-13.484381,-13.549551,-13.623333,-13.694388,-13.753565,-13.80255,-13.817318,-13.805514,-13.794151,-13.802566,-13.794903,-13.789292,-13.781402,-13.761196,-13.747507,-13.759408,-13.77328,-13.773999,-13.767557,-13.753563,-13.751472,-13.748248,-13.718328,-13.694937,-13.670093,-13.638348,-13.609362,-13.581539,-13.559958,-13.536351,-13.499573,-13.457932,-13.42161,-13.388763,-13.373372,-13.336203,-13.281645,-13.261832,-13.246894,-13.260041,-13.238651,-13.165196,-13.118234,-13.107552,-13.106627,-13.076079,-13.056802],"drift":[-0.00457968,-0.00452924,-0.00439814,-0.0041774,-0.00401489,-0.00385712,-0.00361911,-0.00332436,-0.00300956,-0.00271015,-0.00238257,-0.00206907,-0.00175076,-0.00141915,-0.00114639,-0.00088572,-0.00065542,-0.00047939,-0.00034091,-0.00017818,-2.295e-05,8.397e-05,0.00019527,0.00034295,0.00049641,0.00059831,0.00067622,0.00070978,0.0006644,0.0005757,0.00044263,0.00035401,0.00031294,0.00014633,-8.567e-05,-0.00036015,-0.00069635,-0.00103819,-0.00139833,-0.00177674,-0.00217872,-0.00260492,-0.00302932,-0.00346411,-0.0039023,-0.00432493,-0.00473537,-0.00513248,-0.00553871,-0.00594892,-0.0063287,-0.00670331,-0.00706801,-0.0073897,-0.00768638,-0.00798333,-0.0082594,-0.00848545,-0.00868715,-0.00887966,-0.00907228,-0.00926839,-0.00948105,-0.00970505,-0.00993461,-0.01015883,-0.01037836,-0.01055752,-0.01070547,-0.01084068,-0.01093367,-0.01098023,-0.01100001,-0.0110157,-0.01101384,-0.01100189,-0.01098697,-0.01099648,-0.01103179,-0.01107242,-0.01112258,-0.01115641,-0.01118618,-0.01121289,-0.01123063,-0.01124637,-0.01126776,-0.01125207,-0.01123683,-0.0112222,-0.01121902,-0.01120825,-0.01119227,-0.01118115,-0.01115479,-0.01110841,-0.01104806,-0.01099036,-0.01094463,-0.01089946,-0.01083538,-0.01073465,-0.01061216,-0.01046776,-0.01029822,-0.01009743,-0.00987362,-0.00965154,-0.00942168,-0.0092104,-0.00904233,-0.00886953,-0.00864075,-0.00838089,-0.00811002,-0.0078303,-0.00754414,-0.00725112,-0.00696404,-0.00668254,-0.00640193,-0.00612948,-0.00588694,-0.00568538,-0.00551661,-0.00537676,-0.00526622,-0.00515898,-0.0050507,-0.00494912,-0.00484091,-0.0047231,-0.00459723,-0.0044626,-0.0043425,-0.00423126,-0.00411033,-0.00400095,-0.00387666,-0.00372941,-0.00356184,-0.00337692,-0.00317362,-0.00294608,-0.00270362,-0.00245367,-0.00220428,-0.00196159,-0.00171677,-0.00147078,-0.00123219,-0.00099468,-0.00075651,-0.00050813,-0.00026154,-1.495e-05,0.00022679,0.0004687,0.00070299,0.00091034,0.00107879,0.00121612,0.00131336,0.00137054,0.00139308,0.00138342,0.00133878,0.00126063,0.00113869,0.00101713,0.00092936,0.00089002,0.00092123,0.00100256,0.00112782,0.00130281,0.00152584,0.00178917,0.00208621,0.00239443,0.00269641,0.00299263,0.00329643,0.00359733,0.00389689,0.00419381,0.00448009,0.00476025,0.00505148,0.00535527,0.0056631,0.00597041,0.00627239,0.00657714,0.00688412,0.00717581,0.00745674,0.00772612,0.00797955,0.00821904,0.00844552,0.00866328,0.00887111,0.00906042,0.0092281,0.00937779,0.0095119,0.0096421,0.00975404,0.00983622,0.00991179,0.00998402,0.0100716,0.01015167,0.01018972,0.01020335,0.01021666,0.01023614,0.01024214,0.01024214],