{"word":"army","years":[1800,1801,1802,1803,1804,1805,1806,1807,1808,1809,1810,1811,1812,1813,1814,1815,1816,1817,1818,1819,1820,1821,1822,1823,1824,1825,1826,1827,1828,1829,1830,1831,1832,1833,1834,1835,1836,1837,1838,1839,1840,1841,1842,1843,1844,1845,1846,1847,1848,1849,1850,1851,1852,1853,1854,1855,1856,1857,1858,1859,1860,1861,1862,1863,1864,1865,1866,1867,1868,1869,1870,1871,1872,1873,1874,1875,1876,1877,1878,1879,1880,1881,1882,1883,1884,1885,1886,1887,1888,1889,1890,1891,1892,1893,1894,1895,1896,1897,1898,1899,1900,1901,1902,1903,1904,1905,1906,1907,1908,1909,1910,1911,1912,1913,1914,1915,1916,1917,1918,1919,1920,1921,1922,1923,1924,1925,1926,1927,1928,1929,1930,1931,1932,1933,1934,1935,1936,1937,1938,1939,1940,1941,1942,1943,1944,1945,1946,1947,1948,1949,1950,1951,1952,1953,1954,1955,1956,1957,1958,1959,1960,1961,1962,1963,1964,1965,1966,1967,1968,1969,1970,1971,1972,1973,1974,1975,1976,1977,1978,1979,1980,1981,1982,1983,1984,1985,1986,1987,1988,1989,1990,1991,1992,1993,1994,1995,1996,1997,1998,1999,2000,2001,2002,2003,2004,2005,2006,2007,2008,2009,2010,2011,2012,2013,2014,2015,2016,2017,2018,2019],"level":[-9.013832,-8.922205,-9.028289,-9.248684,-8.785278,-8.678376,-9.074387,-9.187552,-9.106022,-8.792438,-8.852381,-8.803874,-8.677877,-8.606509,-8.382869,-8.256307,-8.412442,-8.682343,-8.831802,-8.922949,-8.907544,-8.96667,-8.786687,-8.862944,-9.108294,-9.043067,-9.214419,-9.071465,-9.033087,-9.094809,-9.167568,-9.258394,-9.489185,-9.159177,-9.165558,-9.227709,-9.045101,-9.18733,-9.288688,-9.192075,-9.177304,-9.182431,-9.050484,-9.099389,-9.093478,-9.148919,-8.98808,-8.855068,-8.88032,-9.116758,-9.245895,-9.197081,-9.174021,-9.249483,-9.150583,-9.046443,-9.201254,-9.246262,-9.247462,-9.268869,-9.183035,-8.903005,-8.69458,-8.629633,-8.608631,-8.682607,-8.860984,-9.126358,-9.23346,-9.399657,-9.484059,-9.667047,-9.886729,-9.777153,-9.894294,-9.761887,-9.718042,-9.741786,-9.653494,-9.630424,-9.638586,-9.603331,-9.707445,-9.706294,-9.775733,-9.716074,-9.727914,-9.70553,-9.608081,-9.762627,-9.774551,-9.874614,-9.89877,-9.86675,-9.85398,-9.862892,-9.891031,-9.824277,-9.662435,-9.639139,-9.71495,-9.848966,-9.905388,-10.023781,-10.033156,-10.101618,-10.186478,-10.200915,-10.215135,-10.123952,-9.969818,-10.03317,-10.300133,-10.35247,-10.194953,-10.105385,-9.995341,-9.748422,-9.645631,-9.834596,-10.126442,-10.309555,-10.33234,-10.469317,-10.522784,-10.541042,-10.447108,-10.535428,-10.561556,-10.48532,-10.571596,-10.613515,-10.605943,-10.679727,-10.637201,-10.62983,-10.638965,-10.542654,-10.586759,-10.518951,-10.339746,-10.128301,-9.966422,-9.993193,-10.09575,-10.231485,-10.384586,-10.566621,-10.750624,-10.823894,-10.70032,-10.669837,-10.704431,-10.803608,-10.842347,-10.94823,-10.952055,-10.951043,-10.976116,-10.968461,-10.873198,-10.855979,-10.889586,-10.876175,-10.844316,-10.809009,-10.781868,-10.703158,-10.60133,-10.628846,-10.582236,-10.558387,-10.748384,-10.857424,-10.9017,-10.906183,-10.958274,-11.013823,-11.129511,-11.070169,-11.066035,-11.062893,-11.064788,-11.076093,-11.072417,-11.066769,-11.083244,-11.043609,-10.994658,-10.982589,-10.935945,-10.894357,-10.887548,-10.868193,-10.914788,-10.934642,-10.945067,-10.928447,-10.865871,-10.806048,-10.742697,-10.729131,-10.700185,-10.636289,-10.585266,-10.509808,-10.458489,-10.485415,-10.419573,-10.276462,-10.276333,-10.245198,-10.380116,-10.316291,-10.148005,-10.100674,-10.153919,-10.158982,-10.145869,-10.186205],"drift":[-0.00535332,-0.00535332,-0.00535332,-0.00535332,-0.00535332,-0.00535332,-0.00535332,-0.00535332,-0.00535332,-0.00535332,-0.00535332,-0.00535332,-0.00535332,-0.00535332,-0.00535332,-0.00535332,-0.00535333,-0.00535333,-0.00535333,-0.00535333,-0.00535333,-0.00535333,-0.00535333,-0.00535333,-0.00535333,-0.00535333,-0.00535333,-0.00535333,-0.00535333,-0.00535333,-0.00535333,-0.00535333,-0.00535333,-0.00535333,-0.00535333,-0.00535333,-0.00535333,-0.00535333,-0.00535333,-0.00535333,-0.00535333,-0.00535333,-0.00535333,-0.00535333,-0.00535333,-0.00535333,-0.00535333,-0.00535333,-0.00535333,-0.00535333,-0.00535333,-0.00535333,-0.00535333,-0.00535333,-0.00535333,-0.00535333,-0.00535333,-0.00535333,-0.00535333,-0.00535333,-0.00535333,-0.00535333,-0.00535333,-0.00535333,-0.00535333,-0.00535333,-0.00535333,-0.00535333,-0.00535333,-0.00535333,-0.00535333,-0.00535333,-0.00535333,-0.00535333,-0.00535333,-0.00535333,-0.00535333,-0.00535333,-0.00535333,-0.00535333,-0.00535333,-0.00535333,-0.00535333,-0.00535333,-0.00535333,-0.00535333,-0.00535333,-0.00535333,-0.00535333,-0.00535333,-0.00535333,-0.00535333,-0.00535333,-0.00535333,-0.00535333,-0.00535333,-0.00535333,-0.00535333,-0.00535333,-0.00535333,-0.00535333,-0.00535333,-0.00535333,-0.00535332,-0.00535332,-0.00535332,-0.00535332,-0.00535332,-0.00535332,-0.00535332,-0.00535332,-0.00535332,-0.00535332,-0.00535332,-0.00535332,-0.00535332,-0.00535332,-0.00535332,-0.00535332,-0.00535332,-0.00535332,-0.00535332,-0.00535332,-0.00535331,-0.00535331,-0.00535331,-0.00535331,-0.00535331,-0.00535331,-0.00535331,-0.00535331,-0.00535331,-0.00535331,-0.00535331,-0.0053533,-0.0053533,-0.0053533,-0.0053533,-0.0053533,-0.0053533,-0.0053533,-0.0053533,-0.0053533,-0.0053533,-0.0053533,-0.0053533,-0.0053533,-0.0053533,-0.0053533,-0.00535329,-0.00535329,-0.00535329,-0.00535329,-0.00535329,-0.00535329,-0.00535329,-0.00535329,-0.00535329,-0.00535329,-0.00535328,-0.00535328,-0.00535328,-0.00535328,-0.00535328,-0.00535328,-0.00535328,-0.00535328,-0.00535328,-0.00535328,-0.00535327,-0.00535327,-0.00535327,-0.00535327,-0.00535327,-0.00535327,-0.00535327,-0.00535327,-0.00535327,-0.00535327,-0.00535326,-0.00535326,-0.00535326,-0.00535326,-0.00535326,-0.00535326,-0.00535326,-0.00535326,-0.00535326,-0.00535326,-0.00535325,-0.00535325,-0.00535325,-0.00535325,-0.00535325,-0.00535325,-0.00535325,-0.00535325,-0.00535325,-0.00535325,-0.00535325,-0.00535324,-0.00535324,-0.00535324,-0.00535324,-0.00535324,-0.00535324,-0.00535324,-0.00535324,-0.00535324,-0.00535324,-0.00535324,-0.00535324,-0.00535324,-0.00535324,-0.00535324,-0.00535324,-0.00535324,-0.00535324,-0.00535324,-0.00535324],"instab":[null,null,null,null,4.116646,3.77519,3.455117,3.22293,3.043404,2.916875,2.775957,2.657781,2.557467,2.463844,2.386456,2.314177,2.241815,2.174905,2.11443,2.059215,0.405123,0.402783,0.404419,0.378181,0.321861,0.318076,0.279383,0.282044,0.282694,0.244177,0.242779,0.242552,0.260458,0.300567,0.290156,0.283371,0.298868,0.285216,0.283718,0.28499,0.28488,0.282309,0.277177,0.277571,0.256792,0.25578,0.247154,0.247007,0.246494,0.26009,0.265217,0.265558,0.234535,0.19729,0.199682,0.202282,0.191971,0.187135,0.180672,0.177189,0.17725,0.198479,0.20397,0.202885,0.202968,0.199199,0.20115,0.216085,0.216599,0.208747,0.202435,0.206367,0.222257,0.230274,0.231767,0.230417,0.227537,0.227466,0.231111,0.231478,0.231106,0.211486,0.194919,0.19297,0.191425,0.196182,0.193402,0.173459,0.182643,0.182974,0.182861,0.179494,0.152245,0.141921,0.129587,0.119795,0.118699,0.118511,0.12977,0.130364,0.131425,0.136853,0.131544,0.137731,0.134836,0.132368,0.134825,0.134709,0.11982,0.111903,0.132861,0.128056,0.160726,0.162119,0.17298,0.175587,0.176604,0.197194,0.196004,0.201219,0.222167,0.227348,0.227566,0.228029,0.228117,0.227959,0.232267,0.23393,0.234065,0.236627,0.225947,0.22587,0.206117,0.20575,0.198104,0.195831,0.193841,0.175555,0.161058,0.158993,0.143358,0.143322,0.15625,0.146238,0.148343,0.153966,0.155523,0.161935,0.173781,0.172219,0.177713,0.177866,0.177518,0.178007,0.177027,0.180767,0.18064,0.174317,0.173461,0.1727,0.16839,0.151018,0.129315,0.129829,0.130767,0.129283,0.124693,0.117231,0.106289,0.098806,0.089528,0.091926,0.113393,0.114586,0.115652,0.108143,0.109303,0.109787,0.12025,0.122832,0.11666,0.115989,0.11547,0.115365,0.11475,0.113999,0.113923,0.111996,0.103804,0.103498,0.103218,0.10021,0.079458,0.071076,0.071023,0.071263,0.069889,0.068997,0.046615,0.044356,0.048239,0.048216,0.04802,0.049024,0.049074,0.0518,0.050099,0.05669,0.055818,0.072211,0.073439,0.074537,0.101461,0.101339,0.111231,0.11027,0.114011,0.114621,0.114358,0.117118],