{"word":"assassination","years":[1800,1801,1802,1803,1804,1805,1806,1807,1808,1809,1810,1811,1812,1813,1814,1815,1816,1817,1818,1819,1820,1821,1822,1823,1824,1825,1826,1827,1828,1829,1830,1831,1832,1833,1834,1835,1836,1837,1838,1839,1840,1841,1842,1843,1844,1845,1846,1847,1848,1849,1850,1851,1852,1853,1854,1855,1856,1857,1858,1859,1860,1861,1862,1863,1864,1865,1866,1867,1868,1869,1870,1871,1872,1873,1874,1875,1876,1877,1878,1879,1880,1881,1882,1883,1884,1885,1886,1887,1888,1889,1890,1891,1892,1893,1894,1895,1896,1897,1898,1899,1900,1901,1902,1903,1904,1905,1906,1907,1908,1909,1910,1911,1912,1913,1914,1915,1916,1917,1918,1919,1920,1921,1922,1923,1924,1925,1926,1927,1928,1929,1930,1931,1932,1933,1934,1935,1936,1937,1938,1939,1940,1941,1942,1943,1944,1945,1946,1947,1948,1949,1950,1951,1952,1953,1954,1955,1956,1957,1958,1959,1960,1961,1962,1963,1964,1965,1966,1967,1968,1969,1970,1971,1972,1973,1974,1975,1976,1977,1978,1979,1980,1981,1982,1983,1984,1985,1986,1987,1988,1989,1990,1991,1992,1993,1994,1995,1996,1997,1998,1999,2000,2001,2002,2003,2004,2005,2006,2007,2008,2009,2010,2011,2012,2013,2014,2015,2016,2017,2018,2019],"level":[-13.775171,-13.748736,-13.812615,-13.833675,-13.580842,-13.41063,-13.289976,-13.26584,-13.303748,-13.182251,-13.123288,-13.214287,-13.156857,-13.184059,-13.266336,-13.292849,-13.211116,-13.125967,-13.01868,-13.062624,-13.013942,-13.154242,-13.196378,-13.352929,-13.44272,-13.456194,-13.433965,-13.326071,-13.296572,-13.297786,-13.32219,-13.345581,-13.439739,-13.366822,-13.348659,-13.364533,-13.378281,-13.404723,-13.343107,-13.26546,-13.214131,-13.176918,-13.182365,-13.176629,-13.167825,-13.187027,-13.1964,-13.136494,-13.123756,-13.139615,-13.240143,-13.279225,-13.309293,-13.367167,-13.339687,-13.329259,-13.287042,-13.307432,-13.273812,-13.320089,-13.353732,-13.39719,-13.361243,-13.299858,-13.094273,-12.648323,-12.647852,-12.677563,-12.877715,-13.056868,-13.195321,-13.307255,-13.388999,-13.379658,-13.398799,-13.364141,-13.437345,-13.457454,-13.475768,-13.44248,-13.37082,-13.267193,-13.298719,-13.389508,-13.480703,-13.508699,-13.54398,-13.532913,-13.544182,-13.548565,-13.570132,-13.628458,-13.665573,-13.649707,-13.657045,-13.68216,-13.732856,-13.697621,-13.668495,-13.639574,-13.564005,-13.491887,-13.527727,-13.650792,-13.721741,-13.784799,-13.848868,-13.876815,-13.888977,-13.87473,-13.847338,-13.903371,-14.066464,-14.133053,-14.138761,-14.210501,-14.275074,-14.285753,-14.2852,-14.283015,-14.290662,-14.300983,-14.27327,-14.281929,-14.287575,-14.294428,-14.242092,-14.256939,-14.235886,-14.202498,-14.216102,-14.213675,-14.193207,-14.146941,-14.05571,-14.021927,-14.073866,-14.093235,-14.148278,-14.144003,-14.192531,-14.236787,-14.234023,-14.21738,-14.256752,-14.278176,-14.253248,-14.227026,-14.20837,-14.206982,-14.154209,-14.161012,-14.194857,-14.198955,-14.168863,-14.213789,-14.218264,-14.220665,-14.1936,-14.134633,-14.016082,-13.877642,-13.687725,-13.357786,-13.067497,-13.129406,-13.169081,-13.1561,-13.092499,-13.150808,-13.195565,-13.25229,-13.299753,-13.30763,-13.299207,-13.246908,-13.283346,-13.302568,-13.251697,-13.264013,-13.301514,-13.270439,-13.302955,-13.30543,-13.306071,-13.343771,-13.341277,-13.310207,-13.264258,-13.236533,-13.275149,-13.245709,-13.190888,-13.163897,-13.151963,-13.144683,-13.166517,-13.154164,-13.115938,-13.096122,-13.067446,-13.046509,-12.986446,-12.923385,-12.873113,-12.830074,-12.794245,-12.732809,-12.67649,-12.63647,-12.615594,-12.596706,-12.605038,-12.526819,-12.510959,-12.483629,-12.486688,-12.483881,-12.459234,-12.468494],"drift":[0.00596654,0.00596654,0.00596654,0.00596654,0.00596654,0.00596654,0.00596654,0.00596653,0.00596653,0.00596653,0.00596653,0.00596653,0.00596653,0.00596653,0.00596653,0.00596653,0.00596653,0.00596653,0.00596653,0.00596653,0.00596652,0.00596652,0.00596652,0.00596652,0.00596652,0.00596652,0.00596652,0.00596652,0.00596652,0.00596652,0.00596652,0.00596652,0.00596652,0.00596652,0.00596652,0.00596652,0.00596652,0.00596652,0.00596652,0.00596652,0.00596652,0.00596652,0.00596652,0.00596652,0.00596651,0.00596651,0.00596651,0.00596651,0.00596651,0.00596651,0.00596651,0.00596651,0.00596651,0.00596651,0.00596651,0.00596651,0.00596651,0.00596651,0.00596651,0.00596651,0.00596651,0.00596651,0.00596651,0.00596651,0.00596651,0.00596651,0.00596651,0.00596651,0.00596651,0.00596651,0.00596651,0.00596651,0.00596651,0.00596651,0.00596651,0.00596651,0.00596651,0.00596651,0.00596651,0.00596651,0.00596651,0.00596651,0.00596651,0.00596651,0.00596651,0.00596651,0.00596651,0.00596651,0.00596651,0.00596651,0.00596651,0.00596651,0.00596651,0.00596651,0.00596651,0.00596651,0.00596651,0.00596651,0.00596651,0.00596652,0.00596652,0.00596652,0.00596652,0.00596652,0.00596652,0.00596652,0.00596652,0.00596652,0.00596652,0.00596652,0.00596652,0.00596653,0.00596653,0.00596653,0.00596653,0.00596653,0.00596653,0.00596654,0.00596654,0.00596654,0.00596654,0.00596654,0.00596654,0.00596655,0.00596655,0.00596655,0.00596655,0.00596655,0.00596656,0.00596656,0.00596656,0.00596656,0.00596656,0.00596656,0.00596657,0.00596657,0.00596657,0.00596657,0.00596657,0.00596657,0.00596658,0.00596658,0.00596658,0.00596658,0.00596658,0.00596659,0.00596659,0.00596659,0.00596659,0.00596659,0.00596659,0.0059666,0.0059666,0.0059666,0.0059666,0.0059666,0.00596661,0.00596661,0.00596661,0.00596661,0.00596661,0.00596662,0.00596662,0.00596662,0.00596662,0.00596662,0.00596662,0.00596662,0.00596662,0.00596662,0.00596662,0.00596662,0.00596662,0.00596662,0.00596662,0.00596663,0.00596663,0.00596663,0.00596663,0.00596663,0.00596663,0.00596663,0.00596663,0.00596663,0.00596663,0.00596663,0.00596664,0.00596664,0.00596664,0.00596664,0.00596664,0.00596664,0.00596664,0.00596664,0.00596664,0.00596664,0.00596664,0.00596664,0.00596665,0.00596665,0.00596665,0.00596665,0.00596665,0.00596665,0.00596665,0.00596665,0.00596665,0.00596665,0.00596665,0.00596665,0.00596665,0.00596665,0.00596665,0.00596665,0.00596665,0.00596665,0.00596665,0.00596665,0.00596665,0.00596665],"instab":[null,null,null,null,6.24023,5.728559,5.314095,4.960657,4.651552,4.421496,4.223085,4.028984,3.87514,3.732198,3.599311,3.48004,3.378257,3.28426,3.204959,3.120362,0.474234,0.48854,0.469728,0.468134,0.396521,0.377909,0.365728,0.382455,0.362918,0.354671,0.343491,0.315069,0.330011,0.339473,0.332451,0.323992,0.32222,0.324572,0.300586,0.298229,0.27846,0.252828,0.251026,0.222353,0.204054,0.20268,0.204195,0.190983,0.190205,0.192397,0.208724,0.208955,0.161133,0.165613,0.165361,0.165345,0.173482,0.167471,0.174851,0.170772,0.168144,0.171823,0.172246,0.175415,0.173972,0.466699,0.463488,0.464978,0.480814,0.493436,0.493296,0.497523,0.504137,0.499923,0.500504,0.505588,0.506265,0.505177,0.502278,0.501806,0.502398,0.512525,0.512628,0.512671,0.51787,0.269023,0.26771,0.255897,0.240518,0.223473,0.213405,0.206401,0.194353,0.194685,0.192585,0.177201,0.178241,0.180518,0.179326,0.179366,0.183063,0.166473,0.168438,0.181847,0.170586,0.172122,0.173669,0.172611,0.172864,0.172546,0.183157,0.182843,0.214793,0.218932,0.222501,0.223594,0.220991,0.2187,0.217544,0.21855,0.212998,0.185732,0.187934,0.175704,0.174695,0.174784,0.184982,0.185153,0.18533,0.191096,0.180931,0.177296,0.132465,0.119017,0.136083,0.141728,0.135588,0.134684,0.147697,0.14964,0.15237,0.157384,0.154532,0.158191,0.160861,0.161053,0.150322,0.149268,0.150131,0.146884,0.156092,0.155989,0.159351,0.160564,0.152508,0.144695,0.140008,0.139895,0.129803,0.125964,0.132868,0.130188,0.130672,0.209548,0.354391,0.356442,0.363949,0.366827,0.372023,0.374019,0.37526,0.379251,0.381394,0.380965,0.381463,0.379556,0.382034,0.38613,0.386795,0.386491,0.392635,0.392902,0.395923,0.360407,0.181166,0.180541,0.176185,0.17588,0.152201,0.157336,0.16433,0.161882,0.161396,0.161714,0.160285,0.146952,0.147267,0.139965,0.131951,0.131904,0.120161,0.113456,0.110264,0.11367,0.114758,0.105395,0.102864,0.104336,0.104836,0.100435,0.075786,0.074573,0.093872,0.107874,0.108566,0.109215,0.102743,0.103663,0.103656,0.106982],