{"word":"automobile","years":[1800,1801,1802,1803,1804,1805,1806,1807,1808,1809,1810,1811,1812,1813,1814,1815,1816,1817,1818,1819,1820,1821,1822,1823,1824,1825,1826,1827,1828,1829,1830,1831,1832,1833,1834,1835,1836,1837,1838,1839,1840,1841,1842,1843,1844,1845,1846,1847,1848,1849,1850,1851,1852,1853,1854,1855,1856,1857,1858,1859,1860,1861,1862,1863,1864,1865,1866,1867,1868,1869,1870,1871,1872,1873,1874,1875,1876,1877,1878,1879,1880,1881,1882,1883,1884,1885,1886,1887,1888,1889,1890,1891,1892,1893,1894,1895,1896,1897,1898,1899,1900,1901,1902,1903,1904,1905,1906,1907,1908,1909,1910,1911,1912,1913,1914,1915,1916,1917,1918,1919,1920,1921,1922,1923,1924,1925,1926,1927,1928,1929,1930,1931,1932,1933,1934,1935,1936,1937,1938,1939,1940,1941,1942,1943,1944,1945,1946,1947,1948,1949,1950,1951,1952,1953,1954,1955,1956,1957,1958,1959,1960,1961,1962,1963,1964,1965,1966,1967,1968,1969,1970,1971,1972,1973,1974,1975,1976,1977,1978,1979,1980,1981,1982,1983,1984,1985,1986,1987,1988,1989,1990,1991,1992,1993,1994,1995,1996,1997,1998,1999,2000,2001,2002,2003,2004,2005,2006,2007,2008],"level":[-16.727187,-16.744332,-16.810819,-16.928799,-16.98286,-17.063239,-17.08015,-17.033428,-17.034574,-17.102456,-17.103286,-17.034656,-17.006426,-17.035257,-17.062853,-17.098014,-17.125723,-17.138666,-17.228618,-17.324902,-17.409157,-17.420069,-17.476552,-17.502641,-17.486353,-17.436389,-17.406156,-17.390766,-17.35505,-17.324513,-17.212918,-17.126304,-17.067425,-17.179917,-17.293489,-17.422716,-17.694743,-17.888609,-18.011083,-18.09451,-18.105585,-18.043973,-18.056657,-18.001275,-17.963855,-17.91923,-17.962024,-17.972606,-18.02675,-18.035198,-18.100812,-18.120088,-18.140837,-18.113085,-18.099262,-18.079344,-18.069325,-17.973105,-17.97072,-17.971323,-17.917107,-17.858132,-17.785036,-17.787281,-17.77047,-17.729248,-17.67632,-17.530796,-17.428239,-17.337386,-17.190432,-17.03777,-16.881149,-16.860075,-16.821085,-16.816454,-16.829305,-16.800916,-16.784851,-16.780405,-16.769356,-16.735842,-16.655159,-16.591642,-16.52625,-16.411778,-16.294919,-16.150254,-15.992971,-15.824208,-15.659565,-15.472604,-15.263252,-15.058709,-14.837539,-14.595376,-14.324419,-14.041307,-13.728392,-13.395317,-13.078419,-12.786456,-12.510734,-12.255655,-12.025036,-11.816039,-11.626196,-11.457153,-11.305618,-11.166021,-11.04012,-10.924505,-10.8165,-10.716988,-10.626374,-10.541761,-10.464192,-10.39468,-10.332961,-10.275615,-10.222384,-10.176069,-10.13693,-10.103797,-10.075451,-10.053468,-10.036895,-10.023409,-10.014523,-10.012829,-10.015741,-10.024279,-10.035542,-10.049867,-10.063339,-10.076837,-10.097426,-10.121475,-10.146102,-10.172963,-10.201523,-10.232964,-10.267312,-10.302521,-10.33586,-10.364444,-10.390588,-10.414282,-10.434559,-10.452658,-10.47068,-10.483655,-10.501147,-10.515169,-10.527741,-10.541238,-10.554212,-10.567466,-10.585726,-10.605876,-10.625924,-10.646578,-10.666022,-10.685368,-10.701102,-10.714346,-10.731648,-10.748881,-10.767071,-10.785262,-10.802941,-10.821057,-10.840742,-10.862088,-10.883844,-10.909324,-10.936688,-10.964725,-10.993048,-11.018652,-11.045503,-11.075397,-11.108253,-11.142251,-11.173211,-11.205156,-11.235685,-11.263818,-11.29028,-11.313798,-11.338291,-11.363209,-11.385091,-11.408467,-11.429715,-11.450069,-11.467487,-11.484157,-11.498779,-11.513505,-11.529096,-11.543701,-11.558449,-11.572706,-11.586496,-11.600806,-11.617312,-11.635042,-11.652595],"drift":[-0.02940494,-0.02947989,-0.02932861,-0.02863539,-0.02778675,-0.02661662,-0.02550581,-0.02483653,-0.02431208,-0.02352128,-0.0228692,-0.02277646,-0.02299552,-0.02317891,-0.02333529,-0.02341939,-0.02347726,-0.02359953,-0.02331618,-0.02258678,-0.02148039,-0.02043861,-0.01917649,-0.01787211,-0.01677656,-0.01608899,-0.0156846,-0.01547016,-0.01556863,-0.01594894,-0.01710894,-0.018903,-0.02117255,-0.02288385,-0.02404078,-0.0245547,-0.0235558,-0.02151579,-0.0188586,-0.01580672,-0.01278375,-0.01021557,-0.00763231,-0.00543425,-0.00349816,-0.00185625,3.591e-05,0.00199298,0.00429322,0.00667135,0.00949136,0.01248723,0.01568627,0.01881156,0.02196734,0.02513565,0.02839637,0.03124248,0.034265,0.03750066,0.04063415,0.04365551,0.04649691,0.04963626,0.05297628,0.05638815,0.05982118,0.0627303,0.06539595,0.06790599,0.0699328,0.07145388,0.07245433,0.07376887,0.07529601,0.07725514,0.07976509,0.0825891,0.08581978,0.0895479,0.0937559,0.09833215,0.1030163,0.1079419,0.11312762,0.11830512,0.12349145,0.12854836,0.1334296,0.13809486,0.14259781,0.14682958,0.15067914,0.15419943,0.15731032,0.15990251,0.16181581,0.16298762,0.16324292,0.16246002,0.16073303,0.15820382,0.15495622,0.15109656,0.14675077,0.14202447,0.13700586,0.13179139,0.12645623,0.12104074,0.11559555,0.11015023,0.10471802,0.09931765,0.09397047,0.0886805,0.08345846,0.07832167,0.07328637,0.06834852,0.06350308,0.05876272,0.05414231,0.04965034,0.0452886,0.04106933,0.03699981,0.03307403,0.02929611,0.02568693,0.02225257,0.01900644,0.01594534,0.01306929,0.0103555,0.00778751,0.005393,0.00317847,0.00113391,-0.00073951,-0.00244286,-0.00396895,-0.00530933,-0.00646693,-0.00746026,-0.00832446,-0.00907972,-0.00974565,-0.0103472,-0.01090136,-0.01141199,-0.01191307,-0.01238004,-0.01283698,-0.01329553,-0.01375286,-0.01421495,-0.01468291,-0.015129,-0.0155444,-0.01593227,-0.01629127,-0.016631,-0.01695413,-0.01728473,-0.01764002,-0.01799738,-0.01835942,-0.01872249,-0.0190888,-0.01946374,-0.01984691,-0.02023108,-0.02060843,-0.02097876,-0.02132157,-0.02162745,-0.02189415,-0.02212155,-0.02232766,-0.02250612,-0.02263941,-0.02271025,-0.02271209,-0.02266351,-0.02255819,-0.02240414,-0.02221508,-0.02200004,-0.02177573,-0.02153481,-0.02127322,-0.02100789,-0.02072809,-0.02044512,-0.0201627,-0.01989706,-0.01965115,-0.01943598,-0.0192496,-0.01908559,-0.01894896,-0.01883802,-0.01875509,-0.0187025,-0.01867676,-0.0186643,-0.01865755,-0.01865755],"instab":[null,null,null,null,7.964788,7.16604,6.656325,6.720022,6.563615,6.19706,5.879224,5.779583,5.654612,5.438758,5.25058,5.074397,4.914065,4.84837,4.712046,4.58729,2.570619,2.559539,2.529197,2.190494,2.153893,2.103237,2.100697,1.894745,1.75122,1.72214,1.724702,1.6365,2.100973,2.120373,2.126407,2.276153,2.572166,2.652076,2.684906,2.740705,2.697769,2.794953,2.819435,2.82745,2.824406,2.928005,2.936767,2.957489,2.986955,2.965751,2.975515,2.948799,2.532536,2.547672,2.549592,2.358304,2.184471,2.256275,2.204972,2.149898,2.078214,1.927392,1.971931,1.970859,1.984808,1.807826,1.902288,1.960671,1.923286,1.893637,1.843792,1.850239,2.173249,2.1945,2.197857,2.197921,2.142877,1.948353,1.948406,1.893212,1.917604,1.966407,1.841616,1.831248,1.857333,1.859418,1.72582,1.631098,1.617243,1.587432,1.582786,1.576017,0.939357,0.919703,0.887085,0.885854,0.779504,0.778589,0.790894,0.884841,0.92542,0.816969,0.83434,0.844287,0.680638,0.679179,0.627204,0.630319,0.654064,0.676696,0.693111,0.725294,0.751676,0.782378,0.817129,0.842739,0.865265,0.888347,0.913404,0.842308,0.727471,0.657527,0.571774,0.4687,0.380611,0.309082,0.227543,0.161665,0.131339,0.089099,0.069797,0.067309,0.060231,0.060332,0.061024,0.082166,0.083138,0.082427,0.082623,0.082324,0.08823,0.094216,0.095451,0.093531,0.094246,0.095932,0.095134,0.097887,0.108237,0.125707,0.127757,0.164169,0.163143,0.157021,0.162677,0.171126,0.178116,0.191433,0.193452,0.189876,0.189295,0.186477,0.180365,0.165074,0.138999,0.138833,0.128226,0.116393,0.109626,0.108283,0.092554,0.088769,0.079393,0.077098,0.081068,0.080471,0.080954,0.072388,0.078774,0.078203,0.080428,0.078503,0.078242,0.080556,0.078117,0.070366,0.073732,0.073588,0.075037,0.078379,0.079543,0.078876,0.083041,0.08306,0.07847,0.07798,0.080409,0.080597,0.078849,0.084202,0.083224,0.08519,0.086013,0.074837,0.076874,0.076924,0.069988,0.06567,0.057464],