{"word":"bacteria","years":[1800,1801,1802,1803,1804,1805,1806,1807,1808,1809,1810,1811,1812,1813,1814,1815,1816,1817,1818,1819,1820,1821,1822,1823,1824,1825,1826,1827,1828,1829,1830,1831,1832,1833,1834,1835,1836,1837,1838,1839,1840,1841,1842,1843,1844,1845,1846,1847,1848,1849,1850,1851,1852,1853,1854,1855,1856,1857,1858,1859,1860,1861,1862,1863,1864,1865,1866,1867,1868,1869,1870,1871,1872,1873,1874,1875,1876,1877,1878,1879,1880,1881,1882,1883,1884,1885,1886,1887,1888,1889,1890,1891,1892,1893,1894,1895,1896,1897,1898,1899,1900,1901,1902,1903,1904,1905,1906,1907,1908,1909,1910,1911,1912,1913,1914,1915,1916,1917,1918,1919,1920,1921,1922,1923,1924,1925,1926,1927,1928,1929,1930,1931,1932,1933,1934,1935,1936,1937,1938,1939,1940,1941,1942,1943,1944,1945,1946,1947,1948,1949,1950,1951,1952,1953,1954,1955,1956,1957,1958,1959,1960,1961,1962,1963,1964,1965,1966,1967,1968,1969,1970,1971,1972,1973,1974,1975,1976,1977,1978,1979,1980,1981,1982,1983,1984,1985,1986,1987,1988,1989,1990,1991,1992,1993,1994,1995,1996,1997,1998,1999,2000,2001,2002,2003,2004,2005,2006,2007,2008,2009,2010,2011,2012,2013,2014,2015,2016,2017,2018,2019],"level":[-16.917876,-17.019985,-17.12155,-17.222803,-17.323073,-17.422382,-17.521443,-17.621625,-17.723288,-17.826499,-17.930899,-18.034901,-18.137091,-18.236651,-18.332521,-18.423691,-18.509621,-18.590179,-18.66562,-18.736604,-18.804207,-18.868418,-18.929635,-18.987176,-19.039999,-19.087438,-19.128473,-19.162508,-19.189262,-19.20877,-19.221401,-19.227878,-19.228932,-19.225661,-19.217484,-19.204183,-19.1859,-19.161048,-19.128483,-19.087476,-19.037753,-18.97956,-18.91311,-18.838755,-18.757368,-18.670422,-18.57917,-18.483534,-18.384173,-18.28193,-18.178067,-18.072773,-17.965585,-17.855486,-17.741629,-17.62349,-17.500183,-17.371614,-17.23707,-17.095255,-16.945363,-16.786891,-16.620184,-16.445202,-16.262373,-16.072266,-15.875662,-15.673194,-15.465771,-15.254424,-15.040245,-14.824358,-14.608095,-14.393029,-14.180602,-13.972294,-13.769485,-13.573232,-13.384313,-13.203321,-13.030796,-12.867194,-12.712841,-12.567883,-12.432333,-12.306014,-12.188705,-12.080145,-11.980022,-11.887998,-11.803729,-11.726779,-11.656715,-11.593114,-11.535564,-11.483648,-11.436966,-11.395123,-11.357739,-11.324482,-11.29505,-11.269195,-11.246676,-11.227299,-11.210919,-11.197381,-11.186501,-11.178109,-11.172083,-11.168293,-11.166607,-11.166889,-11.169004,-11.172836,-11.178245,-11.185043,-11.193026,-11.201988,-11.211715,-11.221986,-11.232607,-11.243434,-11.254362,-11.265318,-11.276255,-11.287138,-11.297949,-11.308671,-11.319278,-11.329716,-11.3399,-11.349765,-11.35927,-11.368387,-11.377036,-11.385151,-11.392677,-11.399573,-11.405896,-11.411698,-11.417022,-11.421879,-11.426304,-11.430333,-11.434035,-11.437487,-11.440707,-11.443697,-11.446433,-11.448898,-11.451053,-11.452856,-11.454241,-11.455119,-11.455402,-11.455003,-11.453841,-11.45187,-11.449081,-11.445461,-11.440994,-11.435677,-11.429498,-11.422483,-11.414695,-11.406222,-11.397156,-11.387603,-11.37771,-11.367663,-11.357641,-11.347854,-11.338485,-11.329687,-11.321598,-11.31428,-11.307786,-11.30215,-11.297378,-11.293422,-11.290202,-11.287634,-11.285643,-11.284178,-11.283167,-11.282534,-11.282197,-11.282061,-11.282021,-11.281951,-11.28171,-11.281149,-11.280115,-11.27845,-11.275995,-11.272611,-11.268183,-11.262613,-11.255825,-11.247779,-11.238457,-11.227856,-11.215972,-11.202822,-11.188426,-11.172849,-11.156172,-11.138516,-11.120007,-11.100758,-11.080889,-11.06057,-11.039996,-11.019365,-10.998715,-10.978016,-10.957255,-10.936443,-10.915582,-10.894682],"drift":[-0.10210922,-0.10156499,-0.10125301,-0.10027014,-0.0993095,-0.09906076,-0.10018194,-0.10166312,-0.10321052,-0.10440065,-0.10400122,-0.10219026,-0.09956036,-0.09586932,-0.09117018,-0.08593032,-0.08055762,-0.07544097,-0.07098391,-0.06760385,-0.0642107,-0.06121637,-0.05754177,-0.05282263,-0.04743931,-0.041035,-0.03403504,-0.02675384,-0.01950791,-0.01263141,-0.00647696,-0.00105337,0.00327046,0.00817741,0.01330117,0.01828313,0.02485114,0.03256559,0.04100701,0.0497225,0.05819298,0.06645041,0.07435499,0.08138688,0.08694634,0.0912515,0.09563611,0.0993612,0.10224335,0.10386267,0.10529389,0.10718853,0.11009894,0.11385619,0.11813955,0.12330641,0.12856996,0.13454347,0.14181463,0.14989213,0.15847236,0.16670718,0.17498212,0.18282824,0.19010702,0.19660429,0.20246781,0.20742301,0.21134727,0.21417879,0.21588671,0.21626372,0.21506581,0.21242686,0.20830845,0.20280843,0.19625277,0.1889191,0.1809921,0.17252527,0.16360188,0.15435296,0.14495796,0.13554997,0.1263195,0.1173084,0.10856079,0.10012271,0.09202377,0.08426902,0.07695012,0.07006378,0.06360127,0.05755033,0.05191571,0.04668202,0.04184274,0.03738449,0.03325698,0.02943141,0.02585515,0.02251925,0.019377,0.01637934,0.01353871,0.01087965,0.00839216,0.00602639,0.00378993,0.00168547,-0.00028225,-0.00211417,-0.00383234,-0.00540889,-0.00679824,-0.00798278,-0.00896212,-0.00972699,-0.01027129,-0.01062098,-0.01082733,-0.01092794,-0.01095592,-0.01093666,-0.01088274,-0.01081122,-0.01072251,-0.01060669,-0.01043775,-0.01018411,-0.00986469,-0.00950512,-0.00911671,-0.00864962,-0.00811517,-0.00752518,-0.00689661,-0.00632278,-0.00580176,-0.00532462,-0.00485702,-0.00442468,-0.00402921,-0.00370208,-0.00345205,-0.00321918,-0.00298998,-0.00273698,-0.00246426,-0.0021556,-0.00180273,-0.00138481,-0.00087837,-0.00028283,0.00039925,0.00116214,0.00197117,0.00278896,0.00362001,0.00446654,0.00531718,0.00617855,0.00701576,0.00778737,0.0084733,0.00906573,0.00955316,0.00989281,0.01004702,0.01002207,0.00978754,0.00936903,0.00879726,0.00808892,0.00731833,0.00649447,0.00563506,0.00477248,0.0039557,0.00321998,0.00256841,0.00199068,0.00146503,0.00101163,0.00063237,0.00033735,0.00013572,3.98e-05,7.072e-05,0.0002411,0.00056083,0.00103359,0.00166486,0.00245531,0.00338426,0.00442739,0.00557066,0.00678802,0.00804566,0.00932232,0.01060106,0.01188354,0.01314978,0.01439597,0.01557736,0.01667646,0.01765685,0.01850909,0.0192486,0.01986922,0.02031902,0.02057345,0.0206309,0.02065019,0.02069908,0.02076059,0.02081297,0.02086005,0.02090086,0.02090086],"instab":[null,null,null,null,8.516593,7.752791,7.67941,7.152167,6.717263,6.423866,6.12611,5.882137,5.638261,5.417067,5.226246,5.049558,4.889284,4.743879,4.611509,4.61707,3.027317,2.962022,2.324448,2.190969,2.187835,2.222452,1.852697,1.84018,1.826547,1.699123,1.639372,1.499352,1.965617,1.97513,1.938466,2.203237,2.247982,2.277558,2.301406,2.155758,2.144092,2.004098,2.004746,1.984371,2.015987,2.232325,2.272711,2.26246,2.262682,2.384417,2.405931,2.401435,2.130007,2.133661,2.117079,1.897184,1.886227,1.863038,1.890342,1.880888,1.964967,1.992896,1.995129,1.978873,1.950828,1.673113,1.607285,1.607981,1.6006,1.373813,1.302728,1.266213,1.276286,1.243132,1.24282,1.105672,1.054575,1.016832,0.902649,0.858356,0.611468,0.544779,0.469734,0.482092,0.528762,0.536049,0.566179,0.60128,0.628691,0.630513,0.658534,0.682072,0.641237,0.635036,0.599248,0.475662,0.370571,0.309867,0.292703,0.269977,0.234556,0.180253,0.15157,0.115649,0.139786,0.149174,0.151646,0.165528,0.171727,0.181998,0.180725,0.174101,0.176334,0.183406,0.177164,0.170311,0.162965,0.144006,0.130882,0.110483,0.105079,0.089079,0.074099,0.079351,0.083878,0.088061,0.081511,0.093147,0.101721,0.100636,0.098762,0.094347,0.108944,0.108907,0.108498,0.105679,0.111203,0.114569,0.112411,0.107542,0.0997,0.095031,0.092197,0.091795,0.10404,0.104539,0.105974,0.105604,0.105237,0.102462,0.099264,0.098353,0.095175,0.094301,0.093838,0.096728,0.078122,0.077737,0.076654,0.070992,0.07033,0.072302,0.072775,0.072707,0.055299,0.05516,0.05231,0.05218,0.059328,0.059343,0.070453,0.078279,0.07961,0.092207,0.09092,0.084315,0.077961,0.078223,0.078615,0.084178,0.092473,0.098994,0.097198,0.100148,0.101332,0.102537,0.102705,0.102921,0.100562,0.101609,0.094844,0.08675,0.083162,0.058067,0.058422,0.055886,0.050323,0.038596,0.035515,0.038717,0.045858,0.042045,0.048279,0.047739,0.051769,0.052313,0.059288,0.072501,0.075514,0.075266,0.075075,0.078673,0.144404,0.144403,0.142615,0.143383,0.140623,0.137936,0.141484,0.141865],