{"word":"battle","years":[1800,1801,1802,1803,1804,1805,1806,1807,1808,1809,1810,1811,1812,1813,1814,1815,1816,1817,1818,1819,1820,1821,1822,1823,1824,1825,1826,1827,1828,1829,1830,1831,1832,1833,1834,1835,1836,1837,1838,1839,1840,1841,1842,1843,1844,1845,1846,1847,1848,1849,1850,1851,1852,1853,1854,1855,1856,1857,1858,1859,1860,1861,1862,1863,1864,1865,1866,1867,1868,1869,1870,1871,1872,1873,1874,1875,1876,1877,1878,1879,1880,1881,1882,1883,1884,1885,1886,1887,1888,1889,1890,1891,1892,1893,1894,1895,1896,1897,1898,1899,1900,1901,1902,1903,1904,1905,1906,1907,1908,1909,1910,1911,1912,1913,1914,1915,1916,1917,1918,1919,1920,1921,1922,1923,1924,1925,1926,1927,1928,1929,1930,1931,1932,1933,1934,1935,1936,1937,1938,1939,1940,1941,1942,1943,1944,1945,1946,1947,1948,1949,1950,1951,1952,1953,1954,1955,1956,1957,1958,1959,1960,1961,1962,1963,1964,1965,1966,1967,1968,1969,1970,1971,1972,1973,1974,1975,1976,1977,1978,1979,1980,1981,1982,1983,1984,1985,1986,1987,1988,1989,1990,1991,1992,1993,1994,1995,1996,1997,1998,1999,2000,2001,2002,2003,2004,2005,2006,2007,2008],"level":[-9.7368,-9.931949,-10.02654,-10.088106,-9.62208,-9.636204,-9.766956,-9.897498,-9.716816,-9.506585,-9.551455,-9.637936,-9.575142,-9.445237,-9.286359,-9.209706,-9.305483,-9.474998,-9.651953,-9.840339,-9.811892,-9.790833,-9.567695,-9.678949,-9.871595,-9.785272,-9.827323,-9.711468,-9.763588,-9.805335,-9.881846,-9.874888,-10.138507,-9.833453,-9.950224,-9.922634,-9.794566,-9.873193,-9.84477,-9.741111,-9.698815,-9.6853,-9.637421,-9.638251,-9.643943,-9.671665,-9.687963,-9.571807,-9.618797,-9.728428,-9.779359,-9.816739,-9.808982,-9.833496,-9.760001,-9.725964,-9.789964,-9.828601,-9.881523,-9.83144,-9.742301,-9.473564,-9.145847,-9.108942,-9.115933,-9.193083,-9.330557,-9.555479,-9.717743,-9.832354,-9.927247,-10.125691,-10.270708,-10.189537,-10.276111,-10.146338,-10.124691,-10.121796,-10.049815,-9.983284,-9.949015,-9.922789,-9.940181,-10.006455,-10.018437,-9.977227,-9.967776,-9.907993,-9.898343,-9.991429,-10.020702,-10.151986,-10.203128,-10.187912,-10.175045,-10.171181,-10.193805,-10.170852,-10.065149,-10.070234,-10.154333,-10.278148,-10.249972,-10.340602,-10.403781,-10.467296,-10.531876,-10.539167,-10.553528,-10.547376,-10.439207,-10.441746,-10.676111,-10.758634,-10.688509,-10.678552,-10.638144,-10.535499,-10.479985,-10.607519,-10.76211,-10.854344,-10.8559,-10.906111,-10.877877,-10.855796,-10.780759,-10.830235,-10.839532,-10.80026,-10.879632,-10.926591,-10.950407,-10.984975,-10.962948,-10.960542,-10.966653,-10.908894,-10.976752,-10.979788,-10.891824,-10.737561,-10.478573,-10.36587,-10.372898,-10.538197,-10.727302,-10.877798,-10.992503,-11.041206,-10.969283,-10.968555,-10.973868,-11.024877,-11.051113,-11.075401,-11.079781,-11.074234,-11.083333,-11.056138,-11.015754,-10.998912,-11.023397,-11.022471,-10.993716,-10.953123,-10.925841,-10.899088,-10.828036,-10.881055,-10.926064,-10.987799,-11.066932,-11.105711,-11.111581,-11.136851,-11.162364,-11.172179,-11.223776,-11.208665,-11.186208,-11.166881,-11.149218,-11.127236,-11.091484,-11.064478,-11.066038,-11.022345,-10.99626,-11.017301,-11.0038,-10.988748,-10.980674,-10.955774,-10.936323,-10.927445,-10.90419,-10.88432,-10.843027,-10.801016,-10.757082,-10.745271,-10.713616,-10.656625,-10.589742,-10.533557,-10.50653,-10.530589,-10.512013],"drift":[-0.003727,-0.003727,-0.00372699,-0.00372699,-0.00372699,-0.00372699,-0.00372699,-0.00372699,-0.00372699,-0.00372699,-0.00372699,-0.00372699,-0.003727,-0.003727,-0.003727,-0.003727,-0.003727,-0.003727,-0.003727,-0.003727,-0.003727,-0.003727,-0.003727,-0.003727,-0.003727,-0.003727,-0.003727,-0.003727,-0.003727,-0.003727,-0.003727,-0.003727,-0.003727,-0.003727,-0.003727,-0.003727,-0.003727,-0.003727,-0.003727,-0.003727,-0.003727,-0.003727,-0.003727,-0.003727,-0.003727,-0.003727,-0.003727,-0.003727,-0.003727,-0.003727,-0.003727,-0.003727,-0.003727,-0.003727,-0.003727,-0.003727,-0.003727,-0.003727,-0.003727,-0.00372701,-0.00372701,-0.00372701,-0.00372701,-0.00372701,-0.00372701,-0.00372701,-0.00372701,-0.00372701,-0.00372701,-0.00372701,-0.00372701,-0.00372701,-0.00372701,-0.00372701,-0.00372701,-0.00372701,-0.00372701,-0.00372701,-0.00372701,-0.00372701,-0.00372701,-0.00372701,-0.00372701,-0.00372701,-0.00372701,-0.00372701,-0.00372701,-0.00372701,-0.00372701,-0.00372701,-0.00372701,-0.00372701,-0.00372701,-0.00372701,-0.00372701,-0.00372701,-0.00372701,-0.00372701,-0.00372701,-0.00372701,-0.00372701,-0.00372701,-0.00372701,-0.00372701,-0.00372701,-0.00372701,-0.00372701,-0.00372701,-0.00372701,-0.00372701,-0.00372701,-0.00372701,-0.00372701,-0.00372701,-0.003727,-0.003727,-0.003727,-0.003727,-0.003727,-0.003727,-0.003727,-0.003727,-0.003727,-0.003727,-0.003727,-0.003727,-0.00372699,-0.00372699,-0.00372699,-0.00372699,-0.00372699,-0.00372699,-0.00372699,-0.00372699,-0.00372699,-0.00372699,-0.00372698,-0.00372698,-0.00372698,-0.00372698,-0.00372698,-0.00372698,-0.00372698,-0.00372698,-0.00372698,-0.00372698,-0.00372698,-0.00372698,-0.00372698,-0.00372698,-0.00372697,-0.00372697,-0.00372697,-0.00372697,-0.00372697,-0.00372697,-0.00372697,-0.00372697,-0.00372697,-0.00372696,-0.00372696,-0.00372696,-0.00372696,-0.00372696,-0.00372696,-0.00372696,-0.00372696,-0.00372696,-0.00372696,-0.00372696,-0.00372695,-0.00372695,-0.00372695,-0.00372695,-0.00372695,-0.00372695,-0.00372695,-0.00372695,-0.00372695,-0.00372694,-0.00372694,-0.00372694,-0.00372694,-0.00372694,-0.00372694,-0.00372694,-0.00372694,-0.00372694,-0.00372694,-0.00372693,-0.00372693,-0.00372693,-0.00372693,-0.00372693,-0.00372693,-0.00372693,-0.00372693,-0.00372693,-0.00372693,-0.00372693,-0.00372693,-0.00372693,-0.00372693,-0.00372693,-0.00372693,-0.00372693,-0.00372693,-0.00372693,-0.00372693],"instab":[null,null,null,null,4.470027,4.057969,3.731736,3.469438,3.280201,3.125433,2.973874,2.839708,2.727146,2.629301,2.543148,2.46332,2.386701,2.315969,2.251219,2.191233,0.377623,0.367956,0.378396,0.379028,0.270697,0.275886,0.273089,0.26813,0.260472,0.237438,0.238648,0.238003,0.279257,0.32146,0.31832,0.314763,0.324016,0.320619,0.315765,0.305812,0.30602,0.305354,0.283841,0.282443,0.263651,0.26067,0.259448,0.258963,0.258318,0.262127,0.260356,0.258394,0.203668,0.136944,0.128092,0.129473,0.113774,0.107492,0.111563,0.103684,0.102222,0.129491,0.187069,0.186992,0.18688,0.188068,0.190699,0.202156,0.210202,0.209434,0.20935,0.219158,0.228675,0.235178,0.236823,0.243789,0.243826,0.243781,0.24427,0.24558,0.245886,0.232359,0.178526,0.177009,0.176191,0.178949,0.177583,0.165183,0.156977,0.156487,0.155781,0.14849,0.130661,0.12168,0.10858,0.093502,0.093667,0.093479,0.102406,0.099457,0.100661,0.113047,0.116814,0.117594,0.118335,0.116711,0.118173,0.113448,0.110582,0.10686,0.12105,0.116486,0.145103,0.149046,0.153693,0.153417,0.153945,0.160604,0.158646,0.160937,0.167411,0.162669,0.160089,0.159121,0.159847,0.159538,0.164311,0.165128,0.165159,0.167984,0.161228,0.15754,0.130668,0.124631,0.120657,0.12077,0.120498,0.119062,0.111691,0.107621,0.097407,0.096758,0.137827,0.140643,0.140826,0.1526,0.164174,0.17142,0.176824,0.176178,0.177825,0.177084,0.177066,0.177231,0.177062,0.177222,0.177049,0.173246,0.171174,0.171073,0.170603,0.166723,0.128424,0.113831,0.112028,0.106839,0.089533,0.074304,0.069478,0.064488,0.058964,0.061794,0.068468,0.067799,0.067434,0.067191,0.06778,0.067673,0.071276,0.070917,0.069193,0.068498,0.068418,0.068795,0.0696,0.069053,0.068355,0.070538,0.060054,0.058628,0.058001,0.055949,0.046766,0.043641,0.043869,0.042596,0.040628,0.040603,0.028905,0.029599,0.031542,0.032108,0.032088,0.033432,0.036092,0.038078,0.035597,0.041262,0.04068],