{"word":"biology","years":[1800,1801,1802,1803,1804,1805,1806,1807,1808,1809,1810,1811,1812,1813,1814,1815,1816,1817,1818,1819,1820,1821,1822,1823,1824,1825,1826,1827,1828,1829,1830,1831,1832,1833,1834,1835,1836,1837,1838,1839,1840,1841,1842,1843,1844,1845,1846,1847,1848,1849,1850,1851,1852,1853,1854,1855,1856,1857,1858,1859,1860,1861,1862,1863,1864,1865,1866,1867,1868,1869,1870,1871,1872,1873,1874,1875,1876,1877,1878,1879,1880,1881,1882,1883,1884,1885,1886,1887,1888,1889,1890,1891,1892,1893,1894,1895,1896,1897,1898,1899,1900,1901,1902,1903,1904,1905,1906,1907,1908,1909,1910,1911,1912,1913,1914,1915,1916,1917,1918,1919,1920,1921,1922,1923,1924,1925,1926,1927,1928,1929,1930,1931,1932,1933,1934,1935,1936,1937,1938,1939,1940,1941,1942,1943,1944,1945,1946,1947,1948,1949,1950,1951,1952,1953,1954,1955,1956,1957,1958,1959,1960,1961,1962,1963,1964,1965,1966,1967,1968,1969,1970,1971,1972,1973,1974,1975,1976,1977,1978,1979,1980,1981,1982,1983,1984,1985,1986,1987,1988,1989,1990,1991,1992,1993,1994,1995,1996,1997,1998,1999,2000,2001,2002,2003,2004,2005,2006,2007,2008],"level":[-18.862825,-18.822583,-18.763531,-18.688531,-18.589298,-18.455973,-18.281072,-18.212594,-18.084142,-18.022031,-18.000832,-18.047811,-18.093364,-18.171824,-18.18212,-18.116855,-18.109931,-18.025854,-18.017028,-17.913974,-17.844409,-17.903185,-18.008797,-18.263124,-18.424522,-18.491153,-18.52202,-18.532648,-18.521498,-18.510599,-18.411974,-18.326833,-18.198222,-18.189464,-18.174666,-18.110519,-18.175649,-18.18135,-18.13212,-18.048809,-17.919639,-17.831569,-17.707333,-17.501929,-17.367122,-17.207599,-17.162671,-17.020521,-16.879689,-16.705606,-16.525742,-16.333638,-16.183215,-16.051923,-15.95012,-15.907047,-15.825328,-15.774359,-15.748866,-15.697449,-15.653156,-15.604336,-15.626865,-15.619599,-15.603047,-15.564985,-15.524593,-15.453098,-15.365235,-15.284268,-15.194598,-15.118059,-15.031986,-14.927496,-14.815732,-14.692308,-14.570535,-14.461995,-14.362899,-14.270809,-14.176873,-14.095925,-14.016079,-13.923395,-13.869503,-13.806935,-13.742862,-13.682783,-13.608068,-13.534663,-13.460102,-13.383228,-13.322582,-13.26043,-13.209377,-13.156936,-13.104287,-13.080807,-13.053056,-13.042808,-13.025684,-13.027445,-13.020584,-13.007967,-13.010179,-13.005594,-12.994292,-12.978845,-12.95892,-12.939508,-12.917575,-12.902559,-12.88953,-12.875745,-12.872698,-12.867851,-12.857025,-12.843222,-12.821128,-12.79234,-12.757461,-12.716077,-12.668931,-12.619454,-12.569544,-12.520831,-12.48234,-12.448514,-12.417588,-12.394412,-12.376327,-12.360885,-12.345932,-12.334222,-12.320944,-12.3156,-12.312368,-12.303538,-12.296412,-12.299723,-12.299554,-12.306143,-12.304637,-12.309272,-12.309937,-12.306319,-12.291116,-12.268854,-12.239203,-12.218687,-12.197928,-12.177953,-12.153933,-12.132486,-12.104333,-12.071788,-12.03538,-11.999495,-11.957697,-11.917878,-11.881652,-11.847749,-11.811177,-11.772859,-11.738142,-11.704546,-11.676621,-11.64748,-11.624652,-11.608444,-11.590141,-11.572552,-11.560722,-11.550716,-11.548076,-11.542478,-11.531262,-11.527901,-11.528234,-11.533975,-11.539579,-11.536733,-11.528271,-11.518698,-11.511171,-11.499399,-11.486415,-11.477565,-11.468958,-11.463041,-11.460038,-11.462264,-11.462631,-11.462238,-11.467092,-11.472284,-11.475324,-11.477337,-11.481874,-11.484872,-11.48178,-11.478708,-11.472831,-11.464743,-11.45216,-11.440269,-11.424274,-11.4073,-11.390713],"drift":[0.04515944,0.04516099,0.04515817,0.04514598,0.0451168,0.04505991,0.04496225,0.04485719,0.04472588,0.04458912,0.04445969,0.04435899,0.04428653,0.04425262,0.04423584,0.04421246,0.04420079,0.0441766,0.04416351,0.04413192,0.04409234,0.04408508,0.04412483,0.04425832,0.04445641,0.04468939,0.0449461,0.04522026,0.04550513,0.04580086,0.04608001,0.04634688,0.04658792,0.04684084,0.04710382,0.04736145,0.04765441,0.04796413,0.04827346,0.04857178,0.04884478,0.04910546,0.04934255,0.04953062,0.0496919,0.04981869,0.04994701,0.05004637,0.05011722,0.05014913,0.05014031,0.05008689,0.05000195,0.04989149,0.04976472,0.04964005,0.04950531,0.0493701,0.0492424,0.04911401,0.04898714,0.04886032,0.04875592,0.04866455,0.04858327,0.0485053,0.04842987,0.0483472,0.04825212,0.04814676,0.04802836,0.047901,0.04776166,0.04760449,0.04742718,0.047226,0.0470014,0.04675747,0.0464971,0.04622242,0.04593275,0.04563208,0.04532066,0.04499437,0.04466528,0.04433057,0.04398966,0.04364369,0.04328797,0.04292279,0.04254767,0.04216176,0.04177006,0.04137195,0.0409708,0.04056604,0.0401575,0.03975419,0.03935465,0.03896425,0.03858071,0.03820984,0.03784882,0.03749573,0.0371551,0.03682471,0.03650233,0.03618657,0.03587591,0.03557043,0.03526922,0.03497438,0.03468643,0.03440505,0.03413352,0.03387118,0.03361608,0.03336721,0.03312188,0.0328779,0.0326333,0.03238595,0.03213397,0.03187654,0.03161344,0.03134497,0.03107426,0.03080268,0.03053107,0.03026176,0.02999628,0.02973537,0.02947911,0.02922842,0.02898275,0.0287445,0.02851426,0.02829021,0.0280728,0.02786525,0.0276664,0.02747831,0.02729837,0.02712847,0.0269673,0.02681346,0.02666326,0.02651445,0.02636465,0.02621669,0.02607045,0.02592612,0.02578239,0.02564002,0.02549686,0.02535148,0.02520264,0.02505043,0.02489297,0.02473082,0.02456506,0.02439637,0.02422385,0.02404691,0.02386661,0.02368326,0.02349858,0.02331212,0.02312582,0.02294168,0.02275901,0.02257796,0.02240029,0.0222265,0.02205887,0.02189641,0.02173731,0.02158398,0.02143753,0.02129961,0.02117015,0.02104644,0.02092669,0.0208105,0.02069848,0.02058927,0.02048245,0.02037928,0.0202798,0.02018484,0.02009528,0.02001272,0.01993657,0.01986655,0.0198043,0.0197499,0.01970266,0.01966224,0.01962942,0.01960371,0.01958318,0.01956784,0.0195568,0.01954936,0.01954411,0.01954127,0.01953953,0.01953861,0.01953861],"instab":[null,null,null,null,8.436666,7.70324,7.412462,6.863974,6.530405,6.187423,5.90029,5.625707,5.391893,5.19064,5.004142,4.879568,4.726547,4.638876,4.51382,4.420337,1.586669,1.583759,1.634749,1.834023,1.942682,1.952136,1.777423,1.750765,1.699175,1.710134,1.72292,1.713222,1.882451,1.812415,1.775509,1.868909,1.86053,1.825563,1.773787,1.753573,1.671752,1.668034,1.589729,1.524983,1.376636,1.490885,1.549231,1.544477,1.545469,1.485313,1.481326,1.499087,1.376572,1.3809,1.364146,1.27785,1.201086,1.143677,1.154166,1.135599,1.122527,1.126469,1.126712,1.054806,1.075751,0.891074,0.785956,0.786632,0.784438,0.780152,0.779143,0.706615,0.682807,0.646569,0.56058,0.539613,0.530916,0.53035,0.512297,0.512456,0.517236,0.423566,0.355607,0.385136,0.355361,0.352628,0.299502,0.306199,0.304504,0.303271,0.297141,0.297889,0.290927,0.290841,0.296149,0.29547,0.289173,0.294879,0.289886,0.309886,0.299097,0.321796,0.332087,0.2578,0.270571,0.28171,0.284611,0.284139,0.281858,0.281608,0.280912,0.256186,0.255816,0.245697,0.246752,0.248714,0.190404,0.191475,0.17052,0.166046,0.143491,0.133035,0.134115,0.131044,0.131159,0.149166,0.151501,0.149833,0.155779,0.154807,0.153856,0.15364,0.151446,0.150494,0.146677,0.135093,0.139111,0.126961,0.121583,0.127931,0.125019,0.144251,0.143988,0.150058,0.151649,0.144218,0.138636,0.134698,0.143056,0.140669,0.141911,0.14188,0.145667,0.145579,0.14157,0.142859,0.143958,0.144275,0.148323,0.152732,0.157571,0.143328,0.144277,0.141512,0.134481,0.113892,0.103011,0.096519,0.091267,0.093968,0.094163,0.088859,0.090143,0.079255,0.089021,0.102825,0.103368,0.102209,0.10039,0.103348,0.122479,0.129698,0.13005,0.124707,0.124849,0.116558,0.118504,0.110047,0.103697,0.104275,0.105701,0.102566,0.10252,0.099679,0.097391,0.094262,0.087161,0.086993,0.086264,0.089296,0.073642,0.067871,0.067827,0.067038,0.067829,0.067877,0.064491,0.068483,0.067227],