{"word":"biotechnology","years":[1800,1801,1802,1803,1804,1805,1806,1807,1808,1809,1810,1811,1812,1813,1814,1815,1816,1817,1818,1819,1820,1821,1822,1823,1824,1825,1826,1827,1828,1829,1830,1831,1832,1833,1834,1835,1836,1837,1838,1839,1840,1841,1842,1843,1844,1845,1846,1847,1848,1849,1850,1851,1852,1853,1854,1855,1856,1857,1858,1859,1860,1861,1862,1863,1864,1865,1866,1867,1868,1869,1870,1871,1872,1873,1874,1875,1876,1877,1878,1879,1880,1881,1882,1883,1884,1885,1886,1887,1888,1889,1890,1891,1892,1893,1894,1895,1896,1897,1898,1899,1900,1901,1902,1903,1904,1905,1906,1907,1908,1909,1910,1911,1912,1913,1914,1915,1916,1917,1918,1919,1920,1921,1922,1923,1924,1925,1926,1927,1928,1929,1930,1931,1932,1933,1934,1935,1936,1937,1938,1939,1940,1941,1942,1943,1944,1945,1946,1947,1948,1949,1950,1951,1952,1953,1954,1955,1956,1957,1958,1959,1960,1961,1962,1963,1964,1965,1966,1967,1968,1969,1970,1971,1972,1973,1974,1975,1976,1977,1978,1979,1980,1981,1982,1983,1984,1985,1986,1987,1988,1989,1990,1991,1992,1993,1994,1995,1996,1997,1998,1999,2000,2001,2002,2003,2004,2005,2006,2007,2008,2009,2010,2011,2012,2013,2014,2015,2016,2017,2018,2019],"level":[-19.033523,-19.080677,-19.120429,-19.16369,-19.207496,-19.248484,-19.288752,-19.32937,-19.367053,-19.403864,-19.438193,-19.466035,-19.477925,-19.47668,-19.474803,-19.461394,-19.440894,-19.409593,-19.356748,-19.270658,-19.156838,-19.361606,-19.542031,-19.682133,-19.796215,-19.87831,-19.932,-19.980119,-20.023207,-20.058899,-20.084664,-20.091458,-20.086095,-20.146212,-20.198728,-20.249426,-20.290112,-20.321576,-20.351802,-20.378607,-20.393689,-20.396432,-20.39349,-20.392229,-20.382045,-20.359652,-20.395572,-20.413775,-20.496156,-20.566821,-20.629747,-20.684673,-20.730836,-20.768728,-20.793,-20.799001,-20.795763,-20.777808,-20.753707,-20.725226,-20.684558,-20.626579,-20.566639,-20.511609,-20.453952,-20.377989,-20.277077,-20.138133,-20.296615,-20.418522,-20.510909,-20.581375,-20.633327,-20.66957,-20.69047,-20.691335,-20.671434,-20.62585,-20.552403,-20.450232,-20.309512,-20.381497,-20.396877,-20.353267,-20.478919,-20.546837,-20.56372,-20.62052,-20.636127,-20.690293,-20.789748,-20.861026,-20.903608,-20.913556,-20.893125,-20.842155,-20.750686,-20.790202,-20.782299,-20.72128,-20.88043,-21.057858,-21.190665,-21.286602,-21.354762,-21.392408,-21.404909,-21.39073,-21.426339,-21.43566,-21.42635,-21.393858,-21.33609,-21.244888,-21.288247,-21.300239,-21.287989,-21.252721,-21.19145,-21.109077,-21.071596,-20.983941,-20.963831,-20.884655,-20.833545,-20.812139,-20.737827,-20.687402,-20.568917,-20.374251,-20.093374,-19.910755,-19.746203,-19.659332,-19.530852,-19.378115,-19.147424,-18.912526,-18.733284,-18.61092,-18.582367,-18.479042,-18.435081,-18.468425,-18.456547,-18.458139,-18.332519,-18.284891,-18.306967,-18.280682,-18.369055,-18.468445,-18.493775,-18.389739,-18.28014,-18.183702,-18.086767,-17.957783,-17.762824,-17.604098,-17.338247,-17.124719,-16.96693,-16.803976,-16.717159,-16.625939,-16.576841,-16.520907,-16.441147,-16.335183,-16.250522,-16.14776,-16.046111,-15.919222,-15.790349,-15.648384,-15.457425,-15.308654,-15.108826,-14.912407,-14.690265,-14.429301,-14.158908,-13.886315,-13.629927,-13.414773,-13.230569,-13.092178,-12.991308,-12.920974,-12.869924,-12.82967,-12.806822,-12.800233,-12.806323,-12.813341,-12.829484,-12.835842,-12.840751,-12.841265,-12.84491,-12.85468,-12.869782,-12.892561,-12.922591,-12.958529,-12.995593,-13.036856,-13.083564,-13.136431,-13.18391,-13.229631,-13.269173,-13.316986,-13.36891,-13.395183,-13.400806,-13.413127,-13.41699,-13.409277],"drift":[-0.02828969,-0.02825049,-0.02818739,-0.02809296,-0.02796589,-0.02781175,-0.02763173,-0.02742473,-0.02719641,-0.02694811,-0.02668447,-0.02641843,-0.02618258,-0.02600372,-0.02588279,-0.02584352,-0.02590055,-0.02607644,-0.02641633,-0.02699001,-0.02785629,-0.02835495,-0.0285376,-0.02848843,-0.0282614,-0.0279225,-0.02753005,-0.02709482,-0.02662636,-0.02613905,-0.02565253,-0.02520519,-0.02482138,-0.02436422,-0.02384856,-0.0232771,-0.02266947,-0.02204357,-0.02140066,-0.02074652,-0.02010416,-0.01949787,-0.01893821,-0.01842052,-0.01796228,-0.01758789,-0.01717541,-0.01676079,-0.01620981,-0.01554568,-0.01478309,-0.01393708,-0.01302411,-0.01205947,-0.01106944,-0.01008995,-0.00913815,-0.00824265,-0.00741437,-0.00666067,-0.00600532,-0.00548293,-0.00509649,-0.004835,-0.00470336,-0.00473934,-0.00499487,-0.0055495,-0.00578634,-0.00578188,-0.00559746,-0.00527824,-0.00486203,-0.00438061,-0.00386487,-0.00335536,-0.00289417,-0.00253372,-0.00233116,-0.00234576,-0.00265764,-0.00282546,-0.0029672,-0.00320572,-0.0031898,-0.00303937,-0.00286018,-0.0025689,-0.00225053,-0.00182427,-0.00119515,-0.00042038,0.00044199,0.00132595,0.00217022,0.00291307,0.00347191,0.00412008,0.00476038,0.00528378,0.00614888,0.00739545,0.00893335,0.01068918,0.01260885,0.01463296,0.01671344,0.0187992,0.02099801,0.02325983,0.02555064,0.02782702,0.03004118,0.03212826,0.03437219,0.03671247,0.03910358,0.04150266,0.04386067,0.04613864,0.04843461,0.05064908,0.052927,0.05515038,0.05738216,0.0596887,0.06196484,0.06426497,0.06645243,0.06837346,0.06985291,0.07109803,0.07214896,0.07316929,0.07407469,0.07481662,0.07523465,0.0753209,0.07519121,0.07496349,0.0748322,0.07464172,0.07451498,0.07461238,0.07484014,0.07522672,0.07550859,0.07584839,0.07639168,0.07703909,0.07803023,0.07939004,0.08096746,0.08249695,0.08397012,0.08541738,0.08684071,0.08817646,0.08929032,0.09025989,0.09086459,0.09121439,0.09142584,0.09148867,0.0915612,0.09163444,0.09179607,0.09203222,0.09229387,0.09252712,0.09277671,0.09300555,0.09321644,0.09335735,0.09342446,0.0933907,0.09315419,0.09280212,0.09222764,0.09143666,0.09037407,0.08895699,0.08716289,0.08498347,0.08244787,0.07963651,0.07660786,0.07345082,0.0702368,0.06702258,0.06384156,0.06070954,0.05765621,0.05470899,0.05188811,0.04918964,0.04662693,0.04417432,0.04182371,0.03956107,0.03738822,0.03531336,0.03334326,0.03148979,0.02976415,0.02817504,0.0267215,0.02540923,0.02424682,0.02324465,0.02238945,0.02167578,0.02108932,0.02064604,0.02035355,0.02015796,0.02001594,0.01994112,0.01991576,0.01991576],"instab":[null,null,null,null,8.436557,7.703142,7.132489,6.668877,6.287102,5.963118,5.683106,5.436751,5.222716,5.037144,4.866373,4.713671,4.573816,4.444069,4.323917,4.215607,1.1455,1.202663,1.261067,1.287198,1.306565,1.316037,1.316572,1.316901,1.317121,1.317336,1.318008,1.317838,1.342611,1.343005,1.343231,1.343505,1.343405,1.343411,1.343379,1.342835,0.572013,0.507836,0.42252,0.373459,0.322309,0.37626,0.381405,0.42913,0.443044,0.449584,0.45203,0.456681,0.38167,0.380988,0.382997,0.380279,0.378926,0.380419,0.382666,0.381718,0.381132,0.387747,0.396405,0.39984,0.399694,0.324211,0.315633,1.111389,1.155949,1.181905,1.194995,1.202336,1.206496,1.208303,1.209865,1.211799,1.213129,1.213643,1.213292,1.213335,1.460577,1.492875,1.509494,1.610213,1.65104,1.671103,1.673797,1.253331,1.233081,1.218901,1.221955,1.224941,1.228184,1.228981,1.228303,1.228458,1.339143,1.353667,1.362828,1.563021,1.333368,1.346083,1.351697,1.207694,1.17762,1.161485,1.151799,1.165912,1.15912,1.151778,1.141264,1.134047,1.128419,1.256106,1.262702,1.263776,1.141538,1.128554,1.119469,0.821493,0.821828,0.829602,0.810398,0.80603,0.795856,0.808815,0.809572,0.818308,0.824049,0.828274,0.999011,1.008959,1.051232,0.945136,0.927125,0.939262,0.940409,0.97806,0.99613,1.016309,1.071066,1.054825,1.024806,1.087129,1.090961,1.206375,1.228871,1.207337,1.236955,1.246094,1.156294,1.234939,1.285854,1.283802,1.28833,1.279979,1.270347,1.219316,1.211254,1.16467,1.211111,1.237634,1.219492,1.236838,1.236686,1.129505,1.097455,1.089018,1.060739,1.015002,1.007889,0.912169,0.743658,0.743775,0.742399,0.755907,0.775737,0.771041,0.742332,0.683451,0.594637,0.52402,0.538279,0.482763,0.534001,0.544052,0.549958,0.523767,0.497952,0.505944,0.506682,0.518181,0.518869,0.541079,0.572491,0.573828,0.578283,0.583289,0.595665,0.605973,0.613361,0.606487,0.587438,0.541937,0.449393,0.384503,0.28109,0.201239,0.143219,0.123766,0.117874,0.10499,0.108706,0.11147,0.126488,0.127739,0.142327,0.142911,0.141801,0.147157],