{"word":"blockade","years":[1800,1801,1802,1803,1804,1805,1806,1807,1808,1809,1810,1811,1812,1813,1814,1815,1816,1817,1818,1819,1820,1821,1822,1823,1824,1825,1826,1827,1828,1829,1830,1831,1832,1833,1834,1835,1836,1837,1838,1839,1840,1841,1842,1843,1844,1845,1846,1847,1848,1849,1850,1851,1852,1853,1854,1855,1856,1857,1858,1859,1860,1861,1862,1863,1864,1865,1866,1867,1868,1869,1870,1871,1872,1873,1874,1875,1876,1877,1878,1879,1880,1881,1882,1883,1884,1885,1886,1887,1888,1889,1890,1891,1892,1893,1894,1895,1896,1897,1898,1899,1900,1901,1902,1903,1904,1905,1906,1907,1908,1909,1910,1911,1912,1913,1914,1915,1916,1917,1918,1919,1920,1921,1922,1923,1924,1925,1926,1927,1928,1929,1930,1931,1932,1933,1934,1935,1936,1937,1938,1939,1940,1941,1942,1943,1944,1945,1946,1947,1948,1949,1950,1951,1952,1953,1954,1955,1956,1957,1958,1959,1960,1961,1962,1963,1964,1965,1966,1967,1968,1969,1970,1971,1972,1973,1974,1975,1976,1977,1978,1979,1980,1981,1982,1983,1984,1985,1986,1987,1988,1989,1990,1991,1992,1993,1994,1995,1996,1997,1998,1999,2000,2001,2002,2003,2004,2005,2006,2007,2008,2009,2010,2011,2012,2013,2014,2015,2016,2017,2018,2019],"level":[-13.133548,-13.007796,-12.772465,-12.948515,-12.437876,-12.121605,-11.854954,-11.875834,-11.876813,-11.754419,-11.976823,-11.277164,-10.678937,-10.987908,-10.91766,-11.042591,-11.45454,-11.550836,-11.875439,-12.328657,-12.437712,-12.663269,-12.474951,-12.273083,-12.298768,-11.843725,-12.322666,-12.49538,-12.38021,-12.489783,-12.703377,-12.994506,-12.918395,-12.916275,-12.894411,-12.980215,-12.924829,-12.856423,-12.442315,-12.402665,-12.467661,-12.786792,-12.625925,-12.658041,-12.684743,-12.67387,-12.569295,-12.616868,-12.63498,-12.756527,-12.794248,-12.677584,-12.366519,-11.904428,-12.262266,-12.537549,-12.730252,-12.555657,-12.601843,-12.652132,-12.453444,-11.672248,-11.358046,-11.366572,-11.388503,-11.544432,-11.916078,-12.355234,-12.578573,-12.65645,-12.761838,-12.853366,-12.870946,-12.611171,-12.753884,-13.180074,-13.407054,-13.330987,-13.248378,-13.259346,-13.273301,-13.194144,-13.086046,-12.94939,-12.937505,-12.897217,-13.013186,-13.121501,-13.096826,-13.229062,-13.315309,-13.454728,-13.500147,-13.38148,-13.200415,-13.070119,-13.101814,-13.008724,-12.805527,-12.725964,-12.910771,-12.968787,-12.951398,-13.065851,-13.224354,-13.296576,-13.422142,-13.587677,-13.616113,-13.604469,-13.439854,-13.442213,-13.572985,-13.697033,-13.316252,-12.86952,-12.708594,-12.711594,-12.889651,-12.931439,-13.062536,-13.216431,-13.32226,-13.554057,-13.618975,-13.669659,-13.501837,-13.600302,-13.613206,-13.602387,-13.747077,-13.778099,-13.773463,-13.803496,-13.659857,-13.552306,-13.540411,-13.383825,-13.348927,-12.983888,-12.749783,-12.792074,-12.97913,-13.128268,-13.216966,-13.293586,-13.432012,-13.398492,-13.279788,-13.184174,-13.235672,-13.195264,-13.369593,-13.421717,-13.460714,-13.487294,-13.51079,-13.485173,-13.518195,-13.443867,-13.373815,-13.231417,-13.171596,-13.172384,-13.228048,-13.202081,-13.086574,-13.078984,-13.070961,-13.06583,-13.07942,-12.970664,-13.003914,-13.069327,-13.002382,-13.070616,-13.066657,-13.125823,-13.125884,-13.130387,-13.065016,-13.038443,-12.943973,-12.944117,-12.909248,-12.84513,-12.862242,-12.879984,-12.853674,-12.82399,-12.743745,-12.766023,-12.802912,-12.786292,-12.798255,-12.82298,-12.802991,-12.784609,-12.811012,-12.850591,-12.837107,-12.814802,-12.814637,-12.816005,-12.780882,-12.789025,-12.790932,-12.735397,-12.69656,-12.620204,-12.623004,-12.530636,-12.397641,-12.439522,-12.541053,-12.603453,-12.676796,-12.597056,-12.564059,-12.546883],"drift":[0.00267884,0.00267884,0.00267884,0.00267884,0.00267884,0.00267884,0.00267884,0.00267884,0.00267884,0.00267884,0.00267884,0.00267884,0.00267884,0.00267884,0.00267884,0.00267884,0.00267884,0.00267883,0.00267883,0.00267883,0.00267883,0.00267883,0.00267883,0.00267883,0.00267883,0.00267883,0.00267883,0.00267883,0.00267883,0.00267883,0.00267883,0.00267883,0.00267883,0.00267883,0.00267883,0.00267883,0.00267883,0.00267883,0.00267883,0.00267883,0.00267883,0.00267883,0.00267883,0.00267883,0.00267883,0.00267883,0.00267883,0.00267883,0.00267883,0.00267883,0.00267883,0.00267883,0.00267883,0.00267883,0.00267883,0.00267883,0.00267883,0.00267883,0.00267883,0.00267883,0.00267883,0.00267882,0.00267882,0.00267882,0.00267882,0.00267882,0.00267882,0.00267882,0.00267882,0.00267882,0.00267882,0.00267882,0.00267882,0.00267882,0.00267882,0.00267882,0.00267882,0.00267882,0.00267882,0.00267882,0.00267882,0.00267882,0.00267882,0.00267882,0.00267882,0.00267882,0.00267882,0.00267882,0.00267882,0.00267882,0.00267882,0.00267882,0.00267882,0.00267882,0.00267882,0.00267882,0.00267882,0.00267882,0.00267882,0.00267882,0.00267882,0.00267882,0.00267882,0.00267882,0.00267882,0.00267882,0.00267882,0.00267882,0.00267882,0.00267883,0.00267883,0.00267883,0.00267883,0.00267883,0.00267883,0.00267883,0.00267883,0.00267883,0.00267883,0.00267883,0.00267883,0.00267883,0.00267883,0.00267883,0.00267883,0.00267883,0.00267883,0.00267883,0.00267883,0.00267883,0.00267883,0.00267883,0.00267883,0.00267883,0.00267883,0.00267883,0.00267883,0.00267883,0.00267883,0.00267883,0.00267883,0.00267883,0.00267883,0.00267883,0.00267883,0.00267883,0.00267883,0.00267883,0.00267883,0.00267883,0.00267884,0.00267884,0.00267884,0.00267884,0.00267884,0.00267884,0.00267884,0.00267884,0.00267884,0.00267884,0.00267884,0.00267884,0.00267884,0.00267884,0.00267884,0.00267884,0.00267884,0.00267884,0.00267884,0.00267884,0.00267884,0.00267884,0.00267884,0.00267884,0.00267884,0.00267884,0.00267884,0.00267884,0.00267884,0.00267884,0.00267884,0.00267884,0.00267884,0.00267884,0.00267884,0.00267884,0.00267884,0.00267884,0.00267884,0.00267884,0.00267884,0.00267884,0.00267884,0.00267884,0.00267884,0.00267884,0.00267884,0.00267884,0.00267884,0.00267884,0.00267884,0.00267884,0.00267884,0.00267884,0.00267884,0.00267884,0.00267884,0.00267884,0.00267884,0.00267884,0.00267884,0.00267884,0.00267884,0.00267884,0.00267884,0.00267884,0.00267884,0.00267884,0.00267884,0.00267884],"instab":[null,null,null,null,5.987631,5.477808,5.080288,4.728491,4.442129,4.219372,4.003079,3.870838,3.761413,3.613927,3.490401,3.375716,3.268839,3.175411,3.086566,3.004566,0.707593,0.712461,0.704757,0.677632,0.637163,0.704632,0.721903,0.723267,0.729738,0.725885,0.689166,0.649613,0.564409,0.538663,0.541555,0.541517,0.510046,0.510109,0.547289,0.505727,0.505299,0.515663,0.519252,0.509419,0.50306,0.408887,0.359677,0.344999,0.33804,0.340633,0.33668,0.300658,0.308644,0.402541,0.429876,0.441362,0.457987,0.465059,0.424277,0.425887,0.425561,0.501851,0.514013,0.513714,0.512681,0.513928,0.52983,0.561534,0.569869,0.567834,0.567945,0.569117,0.563688,0.512596,0.497384,0.513323,0.512927,0.504004,0.507346,0.505674,0.505621,0.373461,0.336604,0.348905,0.348589,0.354182,0.34071,0.3004,0.290676,0.293194,0.29189,0.2942,0.293114,0.252076,0.264904,0.218002,0.183336,0.182442,0.195583,0.202917,0.22029,0.222652,0.221824,0.215687,0.224651,0.22119,0.220448,0.225176,0.221775,0.217911,0.233631,0.227066,0.228104,0.251037,0.269946,0.323663,0.329756,0.330044,0.330706,0.324125,0.316775,0.320394,0.319387,0.331919,0.327163,0.329502,0.343048,0.337928,0.337698,0.338169,0.334194,0.333445,0.331445,0.313702,0.295366,0.227926,0.210155,0.22325,0.213703,0.259115,0.280738,0.273074,0.282332,0.26914,0.270259,0.265611,0.260817,0.25673,0.259447,0.262845,0.255927,0.257184,0.270771,0.268907,0.265328,0.261253,0.261132,0.252127,0.250931,0.207722,0.166519,0.179791,0.172361,0.163186,0.163012,0.162271,0.15324,0.153133,0.148419,0.139707,0.138083,0.142099,0.117927,0.124561,0.127689,0.133094,0.131353,0.135567,0.131807,0.131513,0.133064,0.121179,0.125539,0.125771,0.121079,0.12361,0.114109,0.115234,0.11533,0.11533,0.117823,0.106333,0.108468,0.098923,0.091627,0.086039,0.085812,0.079688,0.080554,0.083077,0.079741,0.079862,0.067938,0.068026,0.069592,0.062322,0.062762,0.064229,0.064143,0.07237,0.063491,0.06698,0.089348,0.090169,0.100577,0.101576,0.112978,0.11668,0.116684,0.114015],