{"word":"cabergoline","years":[1800,1801,1802,1803,1804,1805,1806,1807,1808,1809,1810,1811,1812,1813,1814,1815,1816,1817,1818,1819,1820,1821,1822,1823,1824,1825,1826,1827,1828,1829,1830,1831,1832,1833,1834,1835,1836,1837,1838,1839,1840,1841,1842,1843,1844,1845,1846,1847,1848,1849,1850,1851,1852,1853,1854,1855,1856,1857,1858,1859,1860,1861,1862,1863,1864,1865,1866,1867,1868,1869,1870,1871,1872,1873,1874,1875,1876,1877,1878,1879,1880,1881,1882,1883,1884,1885,1886,1887,1888,1889,1890,1891,1892,1893,1894,1895,1896,1897,1898,1899,1900,1901,1902,1903,1904,1905,1906,1907,1908,1909,1910,1911,1912,1913,1914,1915,1916,1917,1918,1919,1920,1921,1922,1923,1924,1925,1926,1927,1928,1929,1930,1931,1932,1933,1934,1935,1936,1937,1938,1939,1940,1941,1942,1943,1944,1945,1946,1947,1948,1949,1950,1951,1952,1953,1954,1955,1956,1957,1958,1959,1960,1961,1962,1963,1964,1965,1966,1967,1968,1969,1970,1971,1972,1973,1974,1975,1976,1977,1978,1979,1980,1981,1982,1983,1984,1985,1986,1987,1988,1989,1990,1991,1992,1993,1994,1995,1996,1997,1998,1999,2000,2001,2002,2003,2004,2005,2006,2007,2008],"level":[-131.12644,-130.562936,-129.999428,-129.43591,-128.872379,-128.308829,-127.745255,-127.181655,-126.618022,-126.054352,-125.49064,-124.926882,-124.363074,-123.79921,-123.235286,-122.671297,-122.107239,-121.543108,-120.978897,-120.414604,-119.850223,-119.28575,-118.72118,-118.156508,-117.59173,-117.026842,-116.461837,-115.896713,-115.331465,-114.766087,-114.200575,-113.634925,-113.069132,-112.503191,-111.937098,-111.370847,-110.804436,-110.237858,-109.671109,-109.104185,-108.537081,-107.969793,-107.402315,-106.834643,-106.266773,-105.6987,-105.130419,-104.561926,-103.993216,-103.424284,-102.855127,-102.285738,-101.716114,-101.14625,-100.576142,-100.005784,-99.435173,-98.864303,-98.29317,-97.721769,-97.150097,-96.578147,-96.005915,-95.433398,-94.86059,-94.287486,-93.714083,-93.140375,-92.566357,-91.992026,-91.417377,-90.842404,-90.267104,-89.691471,-89.115502,-88.539191,-87.962534,-87.385526,-86.808163,-86.23044,-85.652352,-85.073895,-84.495064,-83.915855,-83.336263,-82.756283,-82.175911,-81.595142,-81.013972,-80.432395,-79.850408,-79.268005,-78.685183,-78.101936,-77.518259,-76.934149,-76.349601,-75.764609,-75.17917,-74.593278,-74.00693,-73.42012,-72.832844,-72.245098,-71.656876,-71.068174,-70.478987,-69.889312,-69.299142,-68.708474,-68.117304,-67.525625,-66.933434,-66.340727,-65.747498,-65.153742,-64.559457,-63.964635,-63.369274,-62.773369,-62.176914,-61.579905,-60.982338,-60.384208,-59.78551,-59.18624,-58.586394,-57.985965,-57.384951,-56.783346,-56.181146,-55.578346,-54.974941,-54.370927,-53.766299,-53.161053,-52.555184,-51.948687,-51.341558,-50.733793,-50.125385,-49.516332,-48.906628,-48.296269,-47.68525,-47.073566,-46.461213,-45.848186,-45.234481,-44.620093,-44.005018,-43.38925,-42.772785,-42.155619,-41.537747,-40.919164,-40.299866,-39.679848,-39.059105,-38.437633,-37.815428,-37.192484,-36.568797,-35.944363,-35.319176,-34.693232,-34.066528,-33.439057,-32.810815,-32.181798,-31.552001,-30.92142,-30.290049,-29.657885,-29.024923,-28.391157,-27.756584,-27.121199,-26.484997,-25.847973,-25.210123,-24.571443,-23.931928,-23.291572,-22.650372,-22.008323,-21.365409,-20.72385,-20.136116,-19.654267,-19.371135,-19.277757,-19.33898,-19.303297,-19.144668,-18.848206,-18.47778,-18.124011,-17.872134,-17.694729,-17.557745,-17.412663,-17.283279,-17.173825,-17.091869,-17.042125,-17.047935,-17.08037,-17.112159],"drift":[0.56350379,0.56350843,0.56351768,0.56353154,0.56355002,0.56357311,0.56360082,0.56363314,0.56367008,0.56371163,0.5637578,0.56380858,0.56386398,0.56392399,0.56398861,0.56405785,0.56413171,0.56421018,0.56429326,0.56438096,0.56447327,0.5645702,0.56467174,0.5647779,0.56488867,0.56500406,0.56512406,0.56524867,0.5653779,0.56551175,0.56565021,0.56579328,0.56594097,0.56609328,0.5662502,0.56641173,0.56657788,0.56674864,0.56692402,0.56710401,0.56728862,0.56747784,0.56767167,0.56787012,0.56807319,0.56828087,0.56849316,0.56871007,0.5689316,0.56915773,0.56938849,0.56962385,0.56986384,0.57010843,0.57035765,0.57061147,0.57086991,0.57113297,0.57140064,0.57167293,0.57194983,0.57223134,0.57251747,0.57280821,0.57310357,0.57340354,0.57370813,0.57401733,0.57433115,0.57464958,0.57497263,0.57530029,0.57563257,0.57596946,0.57631096,0.57665708,0.57700782,0.57736317,0.57772313,0.57808771,0.5784569,0.57883071,0.57920913,0.57959217,0.57997982,0.58037209,0.58076897,0.58117047,0.58157658,0.5819873,0.58240264,0.5828226,0.58324716,0.58367635,0.58411015,0.58454856,0.58499159,0.58543923,0.58589149,0.58634836,0.58680985,0.58727595,0.58774666,0.58822199,0.58870194,0.5891865,0.58967567,0.59016946,0.59066787,0.59117088,0.59167852,0.59219077,0.59270763,0.59322911,0.5937552,0.5942859,0.59482122,0.59536116,0.59590571,0.59645488,0.59700866,0.59756705,0.59813006,0.59869768,0.59926992,0.59984678,0.60042824,0.60101433,0.60160502,0.60220033,0.60280026,0.6034048,0.60401396,0.60462773,0.60524611,0.60586911,0.60649673,0.60712896,0.6077658,0.60840726,0.60905333,0.60970402,0.61035932,0.61101924,0.61168377,0.61235292,0.61302668,0.61370506,0.61438805,0.61507565,0.61576787,0.61646471,0.61716616,0.61787222,0.6185829,0.61929819,0.6200181,0.62074262,0.62147176,0.62220551,0.62294388,0.62368686,0.62443445,0.62518666,0.62594349,0.62670493,0.62747098,0.62824165,0.62901694,0.62979684,0.63058135,0.63137048,0.63216422,0.63296258,0.63376555,0.63457314,0.63538534,0.63620215,0.63702358,0.63784963,0.63868029,0.63951556,0.64035545,0.64119996,0.64204907,0.64290281,0.641321,0.58749604,0.48142792,0.28317145,0.09354258,-0.06008511,0.03580658,0.15869583,0.29617166,0.37001268,0.35338241,0.25199981,0.17756098,0.13720357,0.14497462,0.12936479,0.10941964,0.08193372,0.04963891,-0.00567904,-0.03231133,-0.03179118,-0.03179118],"instab":[null,null,null,null,null,null,null,null,null,null,null,null,null,null,null,null,null,null,null,null,null,null,null,null,null,null,null,null,null,null,null,null,null,null,null,null,null,null,null,null,null,null,null,null,null,null,null,null,null,null,null,null,null,null,null,null,null,null,null,null,null,null,null,null,null,null,null,null,null,null,null,null,null,null,null,null,null,null,null,null,null,null,null,null,null,null,null,null,null,null,null,null,null,null,null,null,null,null,null,null,null,null,null,null,null,null,null,null,null,null,null,null,null,null,null,null,null,null,null,null,null,null,null,null,null,null,null,null,null,null,null,null,null,null,null,null,null,null,null,null,null,null,null,null,null,null,null,null,null,null,null,null,null,null,null,null,null,null,null,null,null,null,null,null,null,null,null,null,null,null,null,null,null,null,null,null,null,null,null,null,null,null,null,null,null,null,null,null,null,null,9.950579,9.072365,8.293746,7.778817,7.34277,6.995147,6.692502,6.428902,6.166903,5.936008,5.725641,5.547815,5.381719,5.229994,5.088985,0.687938,0.674648,0.658637,0.65031],