{"word":"calmodul","years":[1800,1801,1802,1803,1804,1805,1806,1807,1808,1809,1810,1811,1812,1813,1814,1815,1816,1817,1818,1819,1820,1821,1822,1823,1824,1825,1826,1827,1828,1829,1830,1831,1832,1833,1834,1835,1836,1837,1838,1839,1840,1841,1842,1843,1844,1845,1846,1847,1848,1849,1850,1851,1852,1853,1854,1855,1856,1857,1858,1859,1860,1861,1862,1863,1864,1865,1866,1867,1868,1869,1870,1871,1872,1873,1874,1875,1876,1877,1878,1879,1880,1881,1882,1883,1884,1885,1886,1887,1888,1889,1890,1891,1892,1893,1894,1895,1896,1897,1898,1899,1900,1901,1902,1903,1904,1905,1906,1907,1908,1909,1910,1911,1912,1913,1914,1915,1916,1917,1918,1919,1920,1921,1922,1923,1924,1925,1926,1927,1928,1929,1930,1931,1932,1933,1934,1935,1936,1937,1938,1939,1940,1941,1942,1943,1944,1945,1946,1947,1948,1949,1950,1951,1952,1953,1954,1955,1956,1957,1958,1959,1960,1961,1962,1963,1964,1965,1966,1967,1968,1969,1970,1971,1972,1973,1974,1975,1976,1977,1978,1979,1980,1981,1982,1983,1984,1985,1986,1987,1988,1989,1990,1991,1992,1993,1994,1995,1996,1997,1998,1999,2000,2001,2002,2003,2004,2005,2006,2007,2008],"level":[-180.952753,-180.102383,-179.252005,-178.401612,-177.551195,-176.700747,-175.850259,-174.999725,-174.149135,-173.298484,-172.447761,-171.59696,-170.746073,-169.895093,-169.04401,-168.192818,-167.341508,-166.490073,-165.638505,-164.786796,-163.934938,-163.082924,-162.230745,-161.378394,-160.525863,-159.673144,-158.82023,-157.967111,-157.113782,-156.260233,-155.406457,-154.552447,-153.698193,-152.843689,-151.988927,-151.133899,-150.278597,-149.423013,-148.567139,-147.710967,-146.854491,-145.997701,-145.140591,-144.283151,-143.425375,-142.567255,-141.708782,-140.849949,-139.990748,-139.131172,-138.271212,-137.41086,-136.55011,-135.688952,-134.827379,-133.965384,-133.102958,-132.240094,-131.376784,-130.513019,-129.648793,-128.784097,-127.918924,-127.053265,-126.187113,-125.32046,-124.453298,-123.58562,-122.717417,-121.848682,-120.979407,-120.109584,-119.239205,-118.368262,-117.496748,-116.624655,-115.751975,-114.8787,-114.004822,-113.130333,-112.255226,-111.379493,-110.503126,-109.626117,-108.748458,-107.870142,-106.991161,-106.111506,-105.23117,-104.350145,-103.468424,-102.585998,-101.70286,-100.819002,-99.934416,-99.049094,-98.163028,-97.276211,-96.388635,-95.500292,-94.611173,-93.721272,-92.83058,-91.93909,-91.046794,-90.153683,-89.259751,-88.364989,-87.469389,-86.572944,-85.675646,-84.777487,-83.878459,-82.978554,-82.077765,-81.176083,-80.273501,-79.370011,-78.465606,-77.560276,-76.654015,-75.746815,-74.838668,-73.929566,-73.019501,-72.108465,-71.196451,-70.283451,-69.369457,-68.45446,-67.538454,-66.621431,-65.703382,-64.784299,-63.864176,-62.943004,-62.020775,-61.097481,-60.173115,-59.247669,-58.321135,-57.393505,-56.464772,-55.534927,-54.603962,-53.671871,-52.738644,-51.804275,-50.868755,-49.932076,-48.994231,-48.055212,-47.115011,-46.173621,-45.231032,-44.287239,-43.342232,-42.396004,-41.448547,-40.499853,-39.549915,-38.598724,-37.646273,-36.692554,-35.737559,-34.781281,-33.823711,-32.864841,-31.904665,-30.943173,-29.980359,-29.016214,-28.05073,-27.0839,-26.115716,-25.14617,-24.175254,-23.20296,-22.229281,-21.254209,-20.277725,-19.426379,-18.688099,-18.136059,-17.807982,-17.693145,-17.698217,-17.837714,-18.074963,-18.392435,-18.823372,-19.317255,-19.755161,-20.110597,-20.386521,-20.646573,-20.81139,-20.952889,-21.105295,-21.197649,-21.193093,-21.1816,-21.125133,-21.088587,-21.133632,-21.278887,-21.488317,-21.747603,-22.003484],"drift":[0.85036987,0.85037774,0.85039343,0.85041695,0.85044829,0.85048747,0.85053447,0.85058929,0.85065195,0.85072243,0.85080074,0.85088688,0.85098084,0.85108263,0.85119225,0.8513097,0.85143497,0.85156807,0.851709,0.85185775,0.85201433,0.85217874,0.85235098,0.85253104,0.85271893,0.85291465,0.85311819,0.85332957,0.85354877,0.85377579,0.85401065,0.85425333,0.85450384,0.85476217,0.85502834,0.85530233,0.85558414,0.85587379,0.85617126,0.85647656,0.85678969,0.85711064,0.85743942,0.85777603,0.85812047,0.85847273,0.85883282,0.85920074,0.85957648,0.85996005,0.86035145,0.86075068,0.86115773,0.86157261,0.86199532,0.86242585,0.86286422,0.86331041,0.86376442,0.86422627,0.86469594,0.86517344,0.86565876,0.86615192,0.8666529,0.86716171,0.86767834,0.8682028,0.86873509,0.86927521,0.86982315,0.87037892,0.87094252,0.87151395,0.8720932,0.87268028,0.87327519,0.87387792,0.87448849,0.87510687,0.87573309,0.87636713,0.87700901,0.8776587,0.87831623,0.87898158,0.87965476,0.88033577,0.8810246,0.88172126,0.88242575,0.88313807,0.88385821,0.88458618,0.88532198,0.88606561,0.88681706,0.88757634,0.88834344,0.88911838,0.88990114,0.89069173,0.89149014,0.89229639,0.89311046,0.89393236,0.89476208,0.89559963,0.89644501,0.89729822,0.89815925,0.89902811,0.8999048,0.90078932,0.90168166,0.90258183,0.90348983,0.90440565,0.9053293,0.90626078,0.90720009,0.90814722,0.90910218,0.91006497,0.91103558,0.91201403,0.9130003,0.91399439,0.91499632,0.91600607,0.91702365,0.91804905,0.91908229,0.92012335,0.92117223,0.92222895,0.92329349,0.92436586,0.92544606,0.92653408,0.92762993,0.92873361,0.92984512,0.93096445,0.93209161,0.9332266,0.93436941,0.93552005,0.93667852,0.93784482,0.93901894,0.94020089,0.94139067,0.94258828,0.94379371,0.94500697,0.94622806,0.94745697,0.94869371,0.94993828,0.95119068,0.9524509,0.95371895,0.95499483,0.95627853,0.95757006,0.95886942,0.96017661,0.96149162,0.96281447,0.96414513,0.96548363,0.96682995,0.9681841,0.96954608,0.97091588,0.97229352,0.97367898,0.97507226,0.97647338,0.85134671,0.73827439,0.55203611,0.3280784,0.11484475,-0.0050734,-0.1394946,-0.23724727,-0.31747466,-0.43093279,-0.49387296,-0.4379044,-0.35543574,-0.27592903,-0.26004637,-0.16482235,-0.14150183,-0.15240001,-0.09235134,0.00454912,0.01149612,0.05646169,0.03654038,-0.04504636,-0.14525223,-0.20942883,-0.25928185,-0.25588063,-0.25588063],"instab":[null,null,null,null,null,null,null,null,null,null,null,null,null,null,null,null,null,null,null,null,null,null,null,null,null,null,null,null,null,null,null,null,null,null,null,null,null,null,null,null,null,null,null,null,null,null,null,null,null,null,null,null,null,null,null,null,null,null,null,null,null,null,null,null,null,null,null,null,null,null,null,null,null,null,null,null,null,null,null,null,null,null,null,null,null,null,null,null,null,null,null,null,null,null,null,null,null,null,null,null,null,null,null,null,null,null,null,null,null,null,null,null,null,null,null,null,null,null,null,null,null,null,null,null,null,null,null,null,null,null,null,null,null,null,null,null,null,null,null,null,null,null,null,null,null,null,null,null,null,null,null,null,null,null,null,null,null,null,null,null,null,null,null,null,null,null,null,null,null,null,null,null,null,null,null,null,null,null,null,null,null,null,null,9.85347,8.961067,8.220872,7.702609,7.247532,6.866837,6.569652,6.291258,6.030111,5.818855,5.629904,5.490164,5.318201,5.189748,5.067459,4.935914,0.998077,0.882532,0.7484,0.761118,0.769274,0.765653,0.688587,0.688486,0.68573,0.671266],