{"word":"calothyrsus","years":[1800,1801,1802,1803,1804,1805,1806,1807,1808,1809,1810,1811,1812,1813,1814,1815,1816,1817,1818,1819,1820,1821,1822,1823,1824,1825,1826,1827,1828,1829,1830,1831,1832,1833,1834,1835,1836,1837,1838,1839,1840,1841,1842,1843,1844,1845,1846,1847,1848,1849,1850,1851,1852,1853,1854,1855,1856,1857,1858,1859,1860,1861,1862,1863,1864,1865,1866,1867,1868,1869,1870,1871,1872,1873,1874,1875,1876,1877,1878,1879,1880,1881,1882,1883,1884,1885,1886,1887,1888,1889,1890,1891,1892,1893,1894,1895,1896,1897,1898,1899,1900,1901,1902,1903,1904,1905,1906,1907,1908,1909,1910,1911,1912,1913,1914,1915,1916,1917,1918,1919,1920,1921,1922,1923,1924,1925,1926,1927,1928,1929,1930,1931,1932,1933,1934,1935,1936,1937,1938,1939,1940,1941,1942,1943,1944,1945,1946,1947,1948,1949,1950,1951,1952,1953,1954,1955,1956,1957,1958,1959,1960,1961,1962,1963,1964,1965,1966,1967,1968,1969,1970,1971,1972,1973,1974,1975,1976,1977,1978,1979,1980,1981,1982,1983,1984,1985,1986,1987,1988,1989,1990,1991,1992,1993,1994,1995,1996,1997,1998,1999,2000,2001,2002,2003,2004,2005,2006,2007,2008],"level":[-66.871685,-66.618025,-66.364365,-66.110704,-65.857042,-65.603379,-65.349714,-65.096047,-64.842378,-64.588707,-64.335032,-64.081354,-63.827673,-63.573988,-63.320299,-63.066605,-62.812906,-62.559202,-62.305493,-62.051777,-61.798056,-61.544328,-61.290594,-61.036852,-60.783103,-60.529346,-60.275581,-60.021808,-59.768026,-59.514235,-59.260434,-59.006624,-58.752804,-58.498973,-58.245132,-57.99128,-57.737417,-57.483542,-57.229655,-56.975755,-56.721844,-56.467919,-56.213981,-55.960029,-55.706064,-55.452084,-55.19809,-54.944081,-54.690056,-54.436017,-54.181961,-53.927889,-53.673801,-53.419696,-53.165574,-52.911434,-52.657277,-52.403102,-52.148908,-51.894695,-51.640464,-51.386213,-51.131942,-50.877652,-50.623341,-50.369009,-50.114656,-49.860282,-49.605887,-49.351469,-49.097029,-48.842567,-48.588081,-48.333573,-48.07904,-47.824484,-47.569904,-47.315299,-47.060669,-46.806014,-46.551334,-46.296628,-46.041895,-45.787136,-45.532351,-45.277538,-45.022698,-44.767829,-44.512933,-44.258009,-44.003055,-43.748073,-43.493061,-43.23802,-42.982948,-42.727846,-42.472714,-42.21755,-41.962356,-41.707129,-41.451871,-41.19658,-40.941256,-40.6859,-40.430511,-40.175087,-39.91963,-39.664139,-39.408613,-39.153052,-38.897457,-38.641825,-38.386158,-38.130454,-37.874714,-37.618938,-37.363124,-37.107272,-36.851383,-36.595456,-36.33949,-36.083486,-35.827442,-35.57136,-35.315237,-35.059074,-34.802871,-34.546628,-34.290343,-34.034017,-33.777649,-33.52124,-33.264788,-33.008293,-32.751755,-32.495175,-32.23855,-31.981882,-31.725169,-31.468412,-31.21161,-30.954763,-30.69787,-30.440932,-30.183947,-29.926915,-29.669837,-29.412712,-29.155539,-28.898319,-28.64105,-28.383733,-28.126367,-27.868952,-27.611488,-27.353974,-27.09641,-26.838796,-26.58113,-26.323414,-26.065647,-25.807827,-25.549956,-25.292033,-25.034057,-24.776028,-24.517945,-24.259809,-24.001619,-23.743375,-23.485076,-23.226723,-22.968314,-22.70985,-22.451329,-22.192753,-21.93412,-21.67543,-21.416683,-21.157879,-20.899017,-20.640096,-20.381117,-20.122084,-19.858376,-19.603271,-19.360273,-19.125544,-18.907294,-18.712279,-18.556538,-18.448051,-18.386772,-18.362521,-18.367863,-18.40059,-18.448947,-18.498898,-18.55016,-18.607054,-18.668437,-18.735825,-18.813124,-18.903163,-19.008625,-19.12723,-19.249884,-19.37639,-19.50279],"drift":[0.25365996,0.25366028,0.25366093,0.2536619,0.25366319,0.25366481,0.25366675,0.25366901,0.25367159,0.2536745,0.25367773,0.25368129,0.25368516,0.25368936,0.25369388,0.25369873,0.25370389,0.25370939,0.2537152,0.25372134,0.25372779,0.25373458,0.25374168,0.25374911,0.25375686,0.25376494,0.25377333,0.25378205,0.25379109,0.25380046,0.25381015,0.25382016,0.25383049,0.25384115,0.25385213,0.25386343,0.25387506,0.25388701,0.25389928,0.25391188,0.25392479,0.25393803,0.2539516,0.25396548,0.25397969,0.25399422,0.25400908,0.25402426,0.25403976,0.25405558,0.25407173,0.2540882,0.25410499,0.2541221,0.25413954,0.2541573,0.25417539,0.2541938,0.25421253,0.25423158,0.25425095,0.25427065,0.25429067,0.25431102,0.25433169,0.25435268,0.25437399,0.25439562,0.25441758,0.25443987,0.25446247,0.2544854,0.25450865,0.25453222,0.25455612,0.25458034,0.25460488,0.25462974,0.25465493,0.25468044,0.25470628,0.25473243,0.25475891,0.25478572,0.25481284,0.25484029,0.25486806,0.25489615,0.25492457,0.25495331,0.25498237,0.25501176,0.25504147,0.2550715,0.25510186,0.25513253,0.25516353,0.25519486,0.2552265,0.25525847,0.25529076,0.25532338,0.25535632,0.25538958,0.25542316,0.25545707,0.2554913,0.25552585,0.25556072,0.25559592,0.25563144,0.25566729,0.25570345,0.25573994,0.25577676,0.25581389,0.25585135,0.25588913,0.25592724,0.25596566,0.25600441,0.25604349,0.25608288,0.2561226,0.25616264,0.25620301,0.25624369,0.2562847,0.25632604,0.25636769,0.25640967,0.25645198,0.2564946,0.25653755,0.25658082,0.25662441,0.25666833,0.25671257,0.25675713,0.25680202,0.25684722,0.25689276,0.25693861,0.25698479,0.25703129,0.25707811,0.25712526,0.25717272,0.25722052,0.25726863,0.25731707,0.25736583,0.25741491,0.25746432,0.25751405,0.2575641,0.25761447,0.25766517,0.25771619,0.25776753,0.2578192,0.25787119,0.2579235,0.25797614,0.25802909,0.25808238,0.25813598,0.25818991,0.25824416,0.25829873,0.25835362,0.25840884,0.25846438,0.25852025,0.25857643,0.25863294,0.25868978,0.25874693,0.25880441,0.25886221,0.25892034,0.25897878,0.25903756,0.26368584,0.25509927,0.2430043,0.23471523,0.21823854,0.19498814,0.15572846,0.10848664,0.06129577,0.02426351,-0.00533824,-0.03270724,-0.04833336,-0.04995064,-0.05126915,-0.05689234,-0.06138514,-0.06739447,-0.07730453,-0.09004326,-0.105458,-0.11858951,-0.12265419,-0.12649921,-0.12639996,-0.12639996],"instab":[null,null,null,null,null,null,null,null,null,null,null,null,null,null,null,null,null,null,null,null,null,null,null,null,null,null,null,null,null,null,null,null,null,null,null,null,null,null,null,null,null,null,null,null,null,null,null,null,null,null,null,null,null,null,null,null,null,null,null,null,null,null,null,null,null,null,null,null,null,null,null,null,null,null,null,null,null,null,null,null,null,null,null,null,null,null,null,null,null,null,null,null,null,null,null,null,null,null,null,null,null,null,null,null,null,null,null,null,null,null,null,null,null,null,null,null,null,null,null,null,null,null,null,null,null,null,null,null,null,null,null,null,null,null,null,null,null,null,null,null,null,null,null,null,null,null,null,null,null,null,null,null,null,null,null,null,null,null,null,null,null,null,null,null,null,null,null,null,null,null,null,null,null,null,null,null,null,null,null,null,null,null,null,null,null,null,9.301891,8.49481,7.811843,7.350709,6.934957,6.574517,6.240566,5.953297,5.725403,5.506878,5.306831,5.134163,4.992765,4.849215,4.718741,4.602231,1.133418,1.102885,0.713735,0.734332,0.667542,0.658238,0.652215],