{"word":"calpastatin","years":[1800,1801,1802,1803,1804,1805,1806,1807,1808,1809,1810,1811,1812,1813,1814,1815,1816,1817,1818,1819,1820,1821,1822,1823,1824,1825,1826,1827,1828,1829,1830,1831,1832,1833,1834,1835,1836,1837,1838,1839,1840,1841,1842,1843,1844,1845,1846,1847,1848,1849,1850,1851,1852,1853,1854,1855,1856,1857,1858,1859,1860,1861,1862,1863,1864,1865,1866,1867,1868,1869,1870,1871,1872,1873,1874,1875,1876,1877,1878,1879,1880,1881,1882,1883,1884,1885,1886,1887,1888,1889,1890,1891,1892,1893,1894,1895,1896,1897,1898,1899,1900,1901,1902,1903,1904,1905,1906,1907,1908,1909,1910,1911,1912,1913,1914,1915,1916,1917,1918,1919,1920,1921,1922,1923,1924,1925,1926,1927,1928,1929,1930,1931,1932,1933,1934,1935,1936,1937,1938,1939,1940,1941,1942,1943,1944,1945,1946,1947,1948,1949,1950,1951,1952,1953,1954,1955,1956,1957,1958,1959,1960,1961,1962,1963,1964,1965,1966,1967,1968,1969,1970,1971,1972,1973,1974,1975,1976,1977,1978,1979,1980,1981,1982,1983,1984,1985,1986,1987,1988,1989,1990,1991,1992,1993,1994,1995,1996,1997,1998,1999,2000,2001,2002,2003,2004,2005,2006,2007,2008],"level":[-35.785019,-35.699408,-35.613797,-35.528186,-35.442575,-35.356964,-35.271353,-35.185742,-35.100131,-35.01452,-34.928909,-34.843298,-34.757687,-34.672076,-34.586465,-34.500855,-34.415244,-34.329633,-34.244022,-34.158411,-34.0728,-33.987189,-33.901578,-33.815967,-33.730356,-33.644745,-33.559134,-33.473523,-33.387912,-33.302301,-33.21669,-33.131079,-33.045468,-32.959857,-32.874246,-32.788635,-32.703024,-32.617413,-32.531802,-32.446191,-32.36058,-32.274969,-32.189358,-32.103747,-32.018136,-31.932526,-31.846915,-31.761304,-31.675693,-31.590082,-31.504471,-31.41886,-31.333249,-31.247638,-31.162027,-31.076416,-30.990805,-30.905194,-30.819583,-30.733972,-30.648361,-30.56275,-30.477139,-30.391528,-30.305917,-30.220306,-30.134695,-30.049084,-29.963473,-29.877862,-29.792251,-29.70664,-29.621029,-29.535418,-29.449807,-29.364197,-29.278586,-29.192975,-29.107364,-29.021753,-28.936142,-28.850531,-28.76492,-28.679309,-28.593698,-28.508087,-28.422476,-28.336865,-28.251254,-28.165643,-28.080032,-27.994421,-27.90881,-27.823199,-27.737588,-27.651977,-27.566366,-27.480755,-27.395144,-27.309533,-27.223922,-27.138311,-27.0527,-26.967089,-26.881478,-26.795868,-26.710257,-26.624646,-26.539035,-26.453424,-26.367813,-26.282202,-26.196591,-26.11098,-26.025369,-25.939758,-25.854147,-25.768536,-25.682925,-25.597314,-25.511703,-25.426092,-25.340481,-25.25487,-25.169259,-25.083648,-24.998037,-24.912426,-24.826815,-24.741204,-24.655593,-24.569982,-24.484371,-24.39876,-24.313149,-24.227538,-24.141927,-24.056317,-23.970706,-23.885095,-23.799484,-23.713873,-23.628262,-23.542651,-23.45704,-23.371429,-23.285818,-23.200207,-23.114596,-23.028985,-22.943374,-22.857763,-22.772152,-22.686541,-22.60093,-22.515319,-22.429708,-22.344097,-22.258486,-22.172875,-22.087264,-22.001653,-21.916042,-21.830431,-21.74482,-21.659209,-21.573598,-21.487987,-21.402376,-21.316766,-21.231155,-21.145544,-21.059933,-20.974322,-20.888711,-20.8031,-20.717489,-20.631878,-20.546267,-20.460656,-20.375045,-20.289434,-20.203823,-20.118212,-19.560342,-19.394007,-19.856789,-19.940889,-19.260975,-18.21186,-17.468276,-18.39509,-18.238649,-17.801527,-17.920822,-18.200671,-18.485514,-18.47924,-18.115134,-17.27167,-17.104206,-17.554484,-17.917609,-18.127648,-18.273465,-18.227875,-18.308349,-18.245016,-17.974675],"drift":[0.08562668,0.08562668,0.08562668,0.08562668,0.08562668,0.08562668,0.08562668,0.08562668,0.08562668,0.08562668,0.08562668,0.08562668,0.08562668,0.08562668,0.08562668,0.08562668,0.08562668,0.08562668,0.08562668,0.08562668,0.08562668,0.08562668,0.08562668,0.08562668,0.08562668,0.08562668,0.08562668,0.08562668,0.08562668,0.08562668,0.08562668,0.08562668,0.08562668,0.08562668,0.08562668,0.08562668,0.08562668,0.08562668,0.08562668,0.08562668,0.08562668,0.08562668,0.08562668,0.08562668,0.08562668,0.08562668,0.08562668,0.08562668,0.08562668,0.08562668,0.08562668,0.08562668,0.08562668,0.08562668,0.08562668,0.08562668,0.08562668,0.08562668,0.08562668,0.08562668,0.08562668,0.08562668,0.08562668,0.08562668,0.08562668,0.08562668,0.08562668,0.08562668,0.08562668,0.08562668,0.08562668,0.08562668,0.08562668,0.08562668,0.08562668,0.08562668,0.08562668,0.08562668,0.08562668,0.08562668,0.08562668,0.08562668,0.08562668,0.08562668,0.08562668,0.08562668,0.08562668,0.08562668,0.08562668,0.08562668,0.08562668,0.08562668,0.08562668,0.08562668,0.08562668,0.08562668,0.08562668,0.08562668,0.08562668,0.08562668,0.08562668,0.08562668,0.08562668,0.08562668,0.08562668,0.08562668,0.08562668,0.08562668,0.08562668,0.08562668,0.08562668,0.08562668,0.08562668,0.08562668,0.08562668,0.08562668,0.08562668,0.08562668,0.08562668,0.08562668,0.08562668,0.08562668,0.08562668,0.08562668,0.08562668,0.08562668,0.08562668,0.08562668,0.08562668,0.08562668,0.08562668,0.08562668,0.08562668,0.08562668,0.08562668,0.08562668,0.08562668,0.08562668,0.08562668,0.08562668,0.08562668,0.08562668,0.08562668,0.08562668,0.08562668,0.08562668,0.08562668,0.08562668,0.08562668,0.08562668,0.08562668,0.08562668,0.08562668,0.08562668,0.08562668,0.08562668,0.08562668,0.08562668,0.08562668,0.08562668,0.08562668,0.08562668,0.08562668,0.08562668,0.08562668,0.08562668,0.08562668,0.08562668,0.08562668,0.08562668,0.08562668,0.08562668,0.08562668,0.08562668,0.08562668,0.08562668,0.08562668,0.08562668,0.08562668,0.08562668,0.08562668,0.08562668,0.08562668,0.08562668,0.08562665,0.08562664,0.08562664,0.08562665,0.08562664,0.08562662,0.08562659,0.08562658,0.08562656,0.08562654,0.08562652,0.08562651,0.0856265,0.08562649,0.08562648,0.08562646,0.08562644,0.08562642,0.08562642,0.08562641,0.08562641,0.08562641,0.08562641,0.08562642,0.08562642],"instab":[null,null,null,null,null,null,null,null,null,null,null,null,null,null,null,null,null,null,null,null,null,null,null,null,null,null,null,null,null,null,null,null,null,null,null,null,null,null,null,null,null,null,null,null,null,null,null,null,null,null,null,null,null,null,null,null,null,null,null,null,null,null,null,null,null,null,null,null,null,null,null,null,null,null,null,null,null,null,null,null,null,null,null,null,null,null,null,null,null,null,null,null,null,null,null,null,null,null,null,null,null,null,null,null,null,null,null,null,null,null,null,null,null,null,null,null,null,null,null,null,null,null,null,null,null,null,null,null,null,null,null,null,null,null,null,null,null,null,null,null,null,null,null,null,null,null,null,null,null,null,null,null,null,null,null,null,null,null,null,null,null,null,null,null,null,null,null,null,null,null,null,null,null,null,null,null,null,null,null,null,null,null,null,null,null,null,null,8.963187,8.31459,7.852857,7.463031,6.98383,6.61681,6.338565,6.058244,5.80738,5.583648,5.389481,5.222066,5.10965,4.973444,4.833468,4.705028,1.237049,1.189681,1.18477,1.107353,1.09448,1.079719],