{"word":"calypsonian","years":[1800,1801,1802,1803,1804,1805,1806,1807,1808,1809,1810,1811,1812,1813,1814,1815,1816,1817,1818,1819,1820,1821,1822,1823,1824,1825,1826,1827,1828,1829,1830,1831,1832,1833,1834,1835,1836,1837,1838,1839,1840,1841,1842,1843,1844,1845,1846,1847,1848,1849,1850,1851,1852,1853,1854,1855,1856,1857,1858,1859,1860,1861,1862,1863,1864,1865,1866,1867,1868,1869,1870,1871,1872,1873,1874,1875,1876,1877,1878,1879,1880,1881,1882,1883,1884,1885,1886,1887,1888,1889,1890,1891,1892,1893,1894,1895,1896,1897,1898,1899,1900,1901,1902,1903,1904,1905,1906,1907,1908,1909,1910,1911,1912,1913,1914,1915,1916,1917,1918,1919,1920,1921,1922,1923,1924,1925,1926,1927,1928,1929,1930,1931,1932,1933,1934,1935,1936,1937,1938,1939,1940,1941,1942,1943,1944,1945,1946,1947,1948,1949,1950,1951,1952,1953,1954,1955,1956,1957,1958,1959,1960,1961,1962,1963,1964,1965,1966,1967,1968,1969,1970,1971,1972,1973,1974,1975,1976,1977,1978,1979,1980,1981,1982,1983,1984,1985,1986,1987,1988,1989,1990,1991,1992,1993,1994,1995,1996,1997,1998,1999,2000,2001,2002,2003,2004,2005,2006,2007,2008],"level":[-19.053082,-19.046476,-19.039869,-19.033263,-19.026657,-19.020051,-19.013445,-19.006839,-19.000233,-18.993626,-18.98702,-18.980414,-18.973808,-18.967202,-18.960596,-18.95399,-18.947383,-18.940777,-18.934171,-18.927565,-18.920959,-18.914353,-18.907747,-18.901141,-18.894534,-18.887928,-18.881322,-18.874716,-18.86811,-18.861504,-18.854898,-18.848291,-18.841685,-18.835079,-18.828473,-18.821867,-18.815261,-18.808655,-18.802048,-18.80018,-18.798311,-18.796443,-18.794574,-18.792706,-18.790837,-18.788969,-18.7871,-18.785232,-18.783363,-18.781495,-18.779626,-18.777758,-18.775889,-18.774021,-18.772152,-18.770284,-18.768415,-18.766546,-18.764678,-18.762809,-18.760941,-18.759072,-18.757204,-18.755335,-18.753467,-18.751598,-18.74973,-18.747861,-18.745993,-18.744124,-18.742256,-18.740387,-18.738519,-18.73665,-18.734782,-18.732913,-18.731045,-18.729176,-18.727307,-18.725439,-18.72357,-18.721702,-18.719833,-18.717965,-18.716096,-18.714228,-18.712359,-18.710491,-18.708622,-18.706754,-18.704885,-18.703017,-18.701148,-18.69928,-18.697411,-18.695543,-18.693674,-18.691805,-18.689937,-18.688068,-18.6862,-18.684331,-18.682463,-18.680594,-18.678726,-18.676857,-18.674989,-18.67312,-18.671252,-18.669383,-18.667515,-18.665646,-18.663778,-18.661909,-18.660041,-18.658172,-18.656303,-18.654435,-18.652566,-18.650698,-18.648829,-18.646961,-18.645092,-18.643224,-18.641355,-18.639487,-18.637618,-18.63575,-18.633881,-18.632013,-18.630144,-18.628276,-18.626407,-18.624538,-18.62267,-18.620801,-18.618933,-18.617064,-18.615196,-18.613327,-18.611459,-18.60959,-18.607722,-18.605853,-18.603985,-18.807077,-19.010169,-19.213261,-19.534691,-19.70256,-19.870429,-19.938604,-19.92855,-19.912642,-19.896734,-20.004238,-19.910902,-19.817566,-19.754086,-19.703115,-19.652144,-19.720697,-19.630048,-19.567384,-19.588187,-19.69911,-19.645947,-19.347455,-18.975125,-18.862188,-18.523744,-18.320857,-18.126289,-18.177767,-18.122383,-18.044824,-17.950238,-17.981624,-18.077194,-18.266347,-18.124304,-17.691547,-17.343144,-17.141698,-17.205744,-17.338694,-17.4261,-17.429135,-17.481688,-17.542992,-17.51435,-17.52579,-17.435765,-17.445124,-17.437402,-17.376841,-17.417074,-17.332366,-17.249262,-17.26882,-17.412738,-17.506508,-17.580251,-17.482436,-17.503125,-17.570732,-17.579736,-17.608876,-17.678616],"drift":[0.006608,0.006608,0.006608,0.006608,0.006608,0.006608,0.006608,0.006608,0.006608,0.006608,0.006608,0.006608,0.006608,0.006608,0.006608,0.006608,0.006608,0.006608,0.006608,0.006608,0.006608,0.006608,0.006608,0.006608,0.006608,0.006608,0.006608,0.006608,0.006608,0.006608,0.006608,0.006608,0.006608,0.006608,0.006608,0.006608,0.006608,0.006608,0.006608,0.006608,0.006608,0.006608,0.006608,0.006608,0.006608,0.006608,0.006608,0.006608,0.006608,0.006608,0.006608,0.006608,0.006608,0.006608,0.006608,0.006608,0.006608,0.006608,0.006608,0.006608,0.006608,0.006608,0.006608,0.006608,0.006608,0.006608,0.006608,0.006608,0.006608,0.006608,0.006608,0.006608,0.006608,0.006608,0.006608,0.006608,0.006608,0.006608,0.006608,0.006608,0.006608,0.006608,0.006608,0.006608,0.006608,0.006608,0.006608,0.006608,0.006608,0.006608,0.006608,0.006608,0.006608,0.006608,0.006608,0.006608,0.006608,0.006608,0.006608,0.006608,0.006608,0.006608,0.006608,0.006608,0.006608,0.006608,0.006608,0.006608,0.006608,0.006608,0.006608,0.006608,0.006608,0.006608,0.006608,0.006608,0.006608,0.006608,0.006608,0.006608,0.006608,0.006608,0.006608,0.006608,0.006608,0.006608,0.006608,0.006608,0.00660801,0.00660801,0.00660801,0.00660801,0.00660801,0.00660801,0.00660801,0.00660801,0.00660801,0.00660801,0.00660801,0.00660801,0.00660801,0.00660801,0.00660801,0.00660801,0.00660801,0.00660801,0.00660801,0.00660801,0.00660801,0.00660801,0.00660801,0.00660801,0.00660801,0.00660801,0.00660801,0.00660801,0.00660801,0.00660801,0.00660801,0.00660801,0.00660801,0.00660801,0.00660802,0.00660802,0.00660802,0.00660802,0.00660802,0.00660802,0.00660802,0.00660802,0.00660802,0.00660802,0.00660802,0.00660802,0.00660802,0.00660802,0.00660802,0.00660802,0.00660802,0.00660802,0.00660802,0.00660802,0.00660802,0.00660802,0.00660802,0.00660802,0.00660802,0.00660802,0.00660802,0.00660802,0.00660802,0.00660802,0.00660802,0.00660802,0.00660802,0.00660802,0.00660802,0.00660802,0.00660802,0.00660802,0.00660802,0.00660802,0.00660802,0.00660802,0.00660802,0.00660802,0.00660802,0.00660802,0.00660802],"instab":[null,null,null,null,null,null,null,null,null,null,null,null,null,null,null,null,null,null,null,null,null,null,null,null,null,null,null,null,null,null,null,null,null,null,null,null,null,null,null,null,null,null,null,null,null,null,null,null,null,null,null,null,null,null,null,null,null,null,null,null,null,null,null,null,null,null,null,null,null,null,null,null,null,null,null,null,null,null,null,null,null,null,null,null,null,null,null,null,null,null,null,null,null,null,null,null,null,null,null,null,null,null,null,null,null,null,null,null,null,null,null,null,null,null,null,null,null,null,null,null,null,null,null,null,null,null,null,null,null,null,null,null,null,null,null,null,null,null,null,null,null,null,null,null,null,null,null,null,null,null,null,24.400336,22.184339,22.184339,20.450032,19.156741,19.156741,18.013781,17.061784,17.061784,16.235075,15.55852,14.93127,14.371816,0.85166,0.844942,0.831679,0.831819,0.89961,0.888017,0.91183,0.900099,0.957414,0.953829,0.950076,0.885333,0.867863,0.866829,0.867637,0.983401,1.001796,1.021654,1.064096,1.107739,1.108928,1.08694,1.071947,1.071996,0.987735,0.983403,0.936841,0.942642,0.887416,0.874289,0.877201,0.884379,0.88482,0.885133,0.8957,0.763217,0.745744,0.685453,0.632344,0.527519,0.528091,0.522427,0.506112,0.504273,0.51608],