{"word":"calzas","years":[1800,1801,1802,1803,1804,1805,1806,1807,1808,1809,1810,1811,1812,1813,1814,1815,1816,1817,1818,1819,1820,1821,1822,1823,1824,1825,1826,1827,1828,1829,1830,1831,1832,1833,1834,1835,1836,1837,1838,1839,1840,1841,1842,1843,1844,1845,1846,1847,1848,1849,1850,1851,1852,1853,1854,1855,1856,1857,1858,1859,1860,1861,1862,1863,1864,1865,1866,1867,1868,1869,1870,1871,1872,1873,1874,1875,1876,1877,1878,1879,1880,1881,1882,1883,1884,1885,1886,1887,1888,1889,1890,1891,1892,1893,1894,1895,1896,1897,1898,1899,1900,1901,1902,1903,1904,1905,1906,1907,1908,1909,1910,1911,1912,1913,1914,1915,1916,1917,1918,1919,1920,1921,1922,1923,1924,1925,1926,1927,1928,1929,1930,1931,1932,1933,1934,1935,1936,1937,1938,1939,1940,1941,1942,1943,1944,1945,1946,1947,1948,1949,1950,1951,1952,1953,1954,1955,1956,1957,1958,1959,1960,1961,1962,1963,1964,1965,1966,1967,1968,1969,1970,1971,1972,1973,1974,1975,1976,1977,1978,1979,1980,1981,1982,1983,1984,1985,1986,1987,1988,1989,1990,1991,1992,1993,1994,1995,1996,1997,1998,1999,2000,2001,2002,2003,2004,2005,2006,2007,2008],"level":[-18.204362,-18.218776,-18.23319,-18.247604,-18.262017,-18.276429,-18.290839,-18.305248,-18.319655,-18.33406,-18.348462,-18.362861,-18.377257,-18.391649,-18.406038,-18.420422,-18.434801,-18.449176,-18.463545,-18.477909,-18.492267,-18.506618,-18.520964,-18.535302,-18.549633,-18.563957,-18.578272,-18.59258,-18.606879,-18.621169,-18.63545,-18.649721,-18.663983,-18.678235,-18.692476,-18.706706,-18.720925,-18.735133,-18.749329,-18.763513,-18.777684,-18.791842,-18.805989,-18.820125,-18.834252,-18.848369,-18.862477,-18.876576,-18.890667,-18.904747,-18.918818,-18.932876,-18.946923,-18.960958,-18.974981,-18.988995,-19.003004,-19.017013,-19.031028,-19.045052,-19.059084,-19.073122,-19.087164,-19.101205,-19.11524,-19.129262,-19.143264,-19.157239,-19.171179,-19.185076,-19.198924,-19.212716,-19.226446,-19.240104,-19.253684,-19.267181,-19.280587,-19.293899,-19.307113,-19.320223,-19.333227,-19.346121,-19.358902,-19.371564,-19.384101,-19.39651,-19.40879,-19.420939,-19.432955,-19.444834,-19.456574,-19.468168,-19.479615,-19.49091,-19.502047,-19.513027,-19.523846,-19.534508,-19.545007,-19.55534,-19.5655,-19.575485,-19.585289,-19.594913,-19.604358,-19.613624,-19.622709,-19.631613,-19.64033,-19.648857,-19.657189,-19.665329,-19.673275,-19.681029,-19.68859,-19.69596,-19.703138,-19.710123,-19.716916,-19.72352,-19.729934,-19.736158,-19.742189,-19.74803,-19.753681,-19.759148,-19.764434,-19.769547,-19.774494,-19.77928,-19.783915,-19.788406,-19.792763,-19.796994,-19.80111,-19.805118,-19.809029,-19.812849,-19.816588,-19.82025,-19.823839,-19.827355,-19.830798,-19.834169,-19.837466,-19.840689,-19.843833,-19.846899,-19.849886,-19.852791,-19.855617,-19.85836,-19.86102,-19.863593,-19.866074,-19.868462,-19.870755,-19.872953,-19.875053,-19.877058,-19.878969,-19.880792,-19.882535,-19.884207,-19.885815,-19.887369,-19.888874,-19.890342,-19.89178,-19.893197,-19.8946,-19.895993,-19.897385,-19.898785,-19.900197,-19.901633,-19.903097,-19.904595,-19.906132,-19.907709,-19.909327,-19.91099,-19.912697,-19.914443,-19.916226,-19.918043,-19.91989,-19.921765,-19.923665,-19.925589,-19.92754,-19.929513,-19.93151,-19.933529,-19.935568,-19.937626,-19.939704,-19.941801,-19.943912,-19.946037,-19.948174,-19.950322,-19.952476,-19.954634,-19.956792,-19.958949,-19.961104,-19.963258,-19.965412],"drift":[-0.01441384,-0.01441384,-0.01441351,-0.01441285,-0.01441187,-0.01441056,-0.01440893,-0.01440696,-0.01440467,-0.01440205,-0.01439911,-0.01439584,-0.01439224,-0.01438831,-0.01438405,-0.01437947,-0.01437456,-0.01436933,-0.01436376,-0.01435787,-0.01435166,-0.01434511,-0.01433824,-0.01433104,-0.01432351,-0.01431566,-0.01430748,-0.01429897,-0.01429013,-0.01428097,-0.01427148,-0.01426166,-0.01425152,-0.01424104,-0.01423024,-0.01421912,-0.01420766,-0.01419588,-0.01418374,-0.01417124,-0.01415837,-0.01414681,-0.01413657,-0.01412668,-0.01411714,-0.01410796,-0.01409914,-0.01409067,-0.01408049,-0.01407025,-0.01405837,-0.01404661,-0.01403497,-0.01402345,-0.01401423,-0.01400967,-0.01400977,-0.01401547,-0.01402378,-0.0140321,-0.01403799,-0.01404146,-0.01404007,-0.01403381,-0.01402146,-0.01400153,-0.01397399,-0.01393886,-0.01389613,-0.01384713,-0.01379197,-0.01372872,-0.01365738,-0.01357925,-0.01349565,-0.01340599,-0.01331179,-0.01321303,-0.01310973,-0.01300322,-0.01289351,-0.0127806,-0.0126615,-0.01253687,-0.01240884,-0.0122794,-0.01214856,-0.01201567,-0.01187922,-0.01173872,-0.01159442,-0.01144658,-0.01129369,-0.01113765,-0.01097903,-0.01081956,-0.01066119,-0.01049851,-0.01033227,-0.01016035,-0.0099839,-0.00980421,-0.00962375,-0.00944496,-0.00926595,-0.00908535,-0.00890316,-0.00871691,-0.00852593,-0.00833274,-0.0081396,-0.00794651,-0.00775348,-0.0075617,-0.0073699,-0.0071776,-0.00698481,-0.00679344,-0.00660414,-0.00641421,-0.00622335,-0.00603157,-0.00584076,-0.00565194,-0.00546686,-0.00528707,-0.00511419,-0.00494703,-0.0047874,-0.00463587,-0.00449202,-0.0043577,-0.00423255,-0.00411657,-0.00400957,-0.00391154,-0.0038214,-0.00373916,-0.00366231,-0.00358946,-0.00351594,-0.00344339,-0.00337051,-0.00329729,-0.00322194,-0.00314446,-0.00306583,-0.00298642,-0.00290549,-0.00282515,-0.00274352,-0.00265898,-0.00257258,-0.00248141,-0.00238774,-0.00229266,-0.0021974,-0.00210093,-0.00200472,-0.00191154,-0.00182425,-0.00174393,-0.00167273,-0.00160948,-0.00155418,-0.00150658,-0.00146858,-0.00143929,-0.00141795,-0.00140324,-0.00139419,-0.00139321,-0.0014,-0.0014137,-0.00143609,-0.00146466,-0.0014989,-0.00153696,-0.0015769,-0.00161881,-0.00166317,-0.00170593,-0.00174598,-0.0017823,-0.00181711,-0.00184669,-0.00187411,-0.00189988,-0.00192457,-0.00195044,-0.00197367,-0.00199685,-0.00201827,-0.00203886,-0.00205861,-0.00207785,-0.00209615,-0.00211135,-0.00212455,-0.00213659,-0.00214719,-0.00215407,-0.00215779,-0.00215806,-0.00215679,-0.00215505,-0.0021541,-0.00215362,-0.00215362],"instab":[null,null,null,null,null,null,null,null,null,null,null,null,null,null,null,null,null,null,null,null,null,null,null,null,null,null,null,null,null,null,null,null,null,null,null,null,null,null,null,null,null,null,null,null,null,null,null,null,145.282528,132.57407,122.80357,122.80357,122.80357,114.915161,108.369573,108.369573,102.801965,0.92442,0.949664,0.939142,0.942201,0.913527,0.945219,0.901335,0.862977,0.845736,0.845736,0.851655,0.855436,0.84945,0.810718,0.810718,0.824937,0.817061,0.777499,0.787384,0.816137,0.729451,0.653369,0.590505,0.590505,0.660903,0.635495,0.655655,0.646144,0.674875,0.67773,0.705378,0.686473,0.685496,0.655942,0.667135,0.665119,0.643138,0.655611,0.650266,0.89004,0.865206,0.875538,0.860306,0.846676,0.821461,0.838986,0.84765,0.840465,0.840465,0.87184,0.861141,0.89611,0.916967,0.943352,0.957709,0.941474,0.957635,0.944237,0.954489,0.757377,0.75467,0.795412,0.787578,0.800638,0.777592,0.736892,0.715078,0.697918,0.679578,0.649304,0.647701,0.604379,0.581527,0.574564,0.56961,0.580142,0.562197,0.574536,0.58635,0.577638,0.651115,0.601652,0.769295,0.775414,0.747538,0.759847,0.734564,0.729493,0.731808,0.738092,0.700512,0.772351,0.781624,0.748019,0.784258,0.78225,0.861657,0.857889,0.870109,0.845881,0.823772,0.85491,0.728748,0.718519,0.707042,0.718194,0.704774,0.694928,0.698684,0.721411,0.730408,0.730538,0.71521,0.717329,0.718837,0.669366,0.64495,0.701888,0.695524,0.714194,0.717489,0.658024,0.595265,0.664894,0.620075,0.614613,0.675844,0.723279,0.800837,0.808178,0.814982,0.847529,0.900362,0.920009,0.926128,0.933175,0.919244,0.888795,0.88723,0.886459,0.878788,0.884147,0.883238,0.822197,0.819219,0.814883,0.805457,0.725857,0.671206,0.672349,0.670921,0.639529],