{"word":"canalicules","years":[1800,1801,1802,1803,1804,1805,1806,1807,1808,1809,1810,1811,1812,1813,1814,1815,1816,1817,1818,1819,1820,1821,1822,1823,1824,1825,1826,1827,1828,1829,1830,1831,1832,1833,1834,1835,1836,1837,1838,1839,1840,1841,1842,1843,1844,1845,1846,1847,1848,1849,1850,1851,1852,1853,1854,1855,1856,1857,1858,1859,1860,1861,1862,1863,1864,1865,1866,1867,1868,1869,1870,1871,1872,1873,1874,1875,1876,1877,1878,1879,1880,1881,1882,1883,1884,1885,1886,1887,1888,1889,1890,1891,1892,1893,1894,1895,1896,1897,1898,1899,1900,1901,1902,1903,1904,1905,1906,1907,1908,1909,1910,1911,1912,1913,1914,1915,1916,1917,1918,1919,1920,1921,1922,1923,1924,1925,1926,1927,1928,1929,1930,1931,1932,1933,1934,1935,1936,1937,1938,1939,1940,1941,1942,1943,1944,1945,1946,1947,1948,1949,1950,1951,1952,1953,1954,1955,1956,1957,1958,1959,1960,1961,1962,1963,1964,1965,1966,1967,1968,1969,1970,1971,1972,1973,1974,1975,1976,1977,1978,1979,1980,1981,1982,1983,1984,1985,1986,1987,1988,1989,1990,1991,1992,1993,1994,1995,1996,1997,1998,1999,2000,2001,2002,2003,2004,2005,2006,2007,2008],"level":[-17.533011,-17.560211,-17.58741,-17.61457,-17.641651,-17.668613,-17.695418,-17.722026,-17.748397,-17.774491,-17.80027,-17.825694,-17.850723,-17.875319,-17.89944,-17.923049,-17.946106,-17.96857,-17.990404,-18.011567,-18.032019,-18.051722,-18.070635,-18.088721,-18.105938,-18.122247,-18.13761,-18.151986,-18.165337,-18.177622,-18.188802,-18.198838,-18.207691,-18.21532,-18.221687,-18.226752,-18.230475,-18.232817,-18.233739,-18.233201,-18.231164,-18.227588,-18.222584,-18.216264,-18.208738,-18.200118,-18.190514,-18.180202,-18.169456,-18.158392,-18.147127,-18.135778,-18.124461,-18.11338,-18.10274,-18.09276,-18.08378,-18.075912,-18.069219,-18.063765,-18.059613,-18.056828,-18.055554,-18.055934,-18.058115,-18.062055,-18.067677,-18.07499,-18.084008,-18.09474,-18.107198,-18.121393,-18.137307,-18.154987,-18.174305,-18.195336,-18.218299,-18.243512,-18.271298,-18.301976,-18.335448,-18.371616,-18.410133,-18.45086,-18.493672,-18.538451,-18.585029,-18.633237,-18.682904,-18.733863,-18.785731,-18.838129,-18.890582,-18.942602,-18.993697,-19.043472,-19.091545,-19.137533,-19.181044,-19.221644,-19.258893,-19.292515,-19.322336,-19.348274,-19.370343,-19.388543,-19.402875,-19.41334,-19.419938,-19.42267,-19.421586,-19.416875,-19.408728,-19.397335,-19.382721,-19.36481,-19.343678,-19.319538,-19.292607,-19.263098,-19.231227,-19.197218,-19.161296,-19.123689,-19.084625,-19.044329,-19.00303,-18.961124,-18.918977,-18.877043,-18.83581,-18.795858,-18.75747,-18.720713,-18.685658,-18.652375,-18.620695,-18.590608,-18.562177,-18.535639,-18.510974,-18.488165,-18.467436,-18.448974,-18.432832,-18.419213,-18.408073,-18.399487,-18.393575,-18.390376,-18.389696,-18.391443,-18.395716,-18.402699,-18.412515,-18.425129,-18.440606,-18.459007,-18.480381,-18.504583,-18.531425,-18.560747,-18.592352,-18.626122,-18.661869,-18.699384,-18.738457,-18.779027,-18.82113,-18.864792,-18.909937,-18.956466,-19.004322,-19.053453,-19.10387,-19.155575,-19.20854,-19.262823,-19.318559,-19.375993,-19.435387,-19.496827,-19.560357,-19.625881,-19.693288,-19.762522,-19.833595,-19.906483,-19.981051,-20.057207,-20.134836,-20.21385,-20.294099,-20.375408,-20.45767,-20.540719,-20.624262,-20.708133,-20.792182,-20.876202,-20.960023,-21.043689,-21.127281,-21.210863,-21.29425,-21.377406,-21.460324,-21.543131,-21.625939],"drift":[-0.02719937,-0.02719937,-0.02715991,-0.027081,-0.02696263,-0.02680481,-0.02660753,-0.02637079,-0.0260946,-0.02577895,-0.02542385,-0.02502929,-0.02459528,-0.02412181,-0.02360889,-0.02305651,-0.02246467,-0.02183338,-0.02116264,-0.02045244,-0.01970278,-0.01891367,-0.0180851,-0.01721708,-0.0163096,-0.01536266,-0.01437627,-0.01335043,-0.01228513,-0.01118037,-0.01003616,-0.00885249,-0.00762937,-0.00636679,-0.00506476,-0.00372327,-0.00234232,-0.00092192,0.00053793,0.00203724,0.00357601,0.00500369,0.00632028,0.00752578,0.00862019,0.00960352,0.01031223,0.01074632,0.01106384,0.01126478,0.01134914,0.01131693,0.01108061,0.01064017,0.00998028,0.00897992,0.00786816,0.00669282,0.0054539,0.0041514,0.00278533,0.00127457,-0.0003809,-0.00218105,-0.00393982,-0.00562128,-0.00731384,-0.00901748,-0.01073223,-0.01245806,-0.01419499,-0.0159142,-0.01767924,-0.01931856,-0.02103131,-0.02296222,-0.02521364,-0.02778555,-0.03067795,-0.03347222,-0.03616835,-0.03851667,-0.04072667,-0.04281186,-0.04477958,-0.0465781,-0.04820743,-0.04966756,-0.0509585,-0.05186836,-0.05239714,-0.05245364,-0.05201954,-0.05109485,-0.0497747,-0.04807375,-0.04598707,-0.04351181,-0.04059922,-0.03724929,-0.033622,-0.0298205,-0.02593862,-0.02206898,-0.01820009,-0.01433196,-0.01046457,-0.00659795,-0.00273207,0.00108413,0.00471039,0.0081467,0.01139307,0.0146146,0.01791074,0.02113241,0.0241393,0.02693144,0.0295088,0.03187141,0.03400893,0.03592138,0.03760662,0.03906464,0.04029545,0.04129905,0.04190623,0.04214672,0.04193412,0.04123259,0.03995188,0.03838865,0.03675655,0.03505475,0.03328323,0.0316803,0.03008656,0.02843094,0.02653877,0.02466472,0.02280878,0.0207293,0.01846143,0.01614213,0.01361921,0.01114026,0.00858582,0.00591175,0.00319944,0.00067982,-0.00174678,-0.00427376,-0.00698249,-0.00981586,-0.01261437,-0.01547655,-0.01840198,-0.02137347,-0.02420248,-0.0268412,-0.02932264,-0.03160494,-0.03376939,-0.03574753,-0.0375144,-0.03907285,-0.04057033,-0.04210312,-0.04366227,-0.04514504,-0.04652844,-0.04785644,-0.04913035,-0.05041697,-0.05170574,-0.05296476,-0.05428332,-0.05573598,-0.05743396,-0.05939413,-0.06144007,-0.06353003,-0.06552388,-0.06740659,-0.06923357,-0.07107336,-0.07288804,-0.07456799,-0.07615568,-0.07762964,-0.07901362,-0.08024938,-0.08130826,-0.08226195,-0.08304912,-0.08354282,-0.08387089,-0.08404894,-0.0840201,-0.08382124,-0.08366606,-0.08359214,-0.08358201,-0.08338716,-0.08315569,-0.0829177,-0.08280781,-0.08280781,-0.08280781],"instab":[null,null,null,null,null,null,null,null,null,null,null,null,null,null,null,null,null,null,null,null,null,null,null,null,null,null,null,null,null,null,null,null,null,null,null,null,null,null,null,null,null,null,null,null,null,null,null,null,null,null,null,null,null,148.96298,136.093117,125.877412,117.768935,117.768935,117.768935,117.768935,1.333894,1.333894,1.333894,1.287605,1.243822,1.365584,1.365584,1.164714,1.164714,1.164714,1.104242,1.151724,1.140294,1.337194,1.385567,1.101363,1.126146,1.126146,1.633488,1.633488,1.671454,1.793951,1.724217,1.646644,1.648178,1.69981,1.69981,1.69981,1.669393,1.669393,1.66979,1.669034,1.690547,1.654533,1.630513,1.624893,1.557521,1.497236,1.058944,1.070804,0.91408,0.707094,0.706723,0.758013,0.776272,0.776272,0.776272,0.776272,0.649058,0.623835,0.642124,0.665601,1.028099,1.033042,1.046641,1.053252,1.097004,1.149471,1.149471,1.054724,1.055537,1.027224,1.045221,1.117114,1.117114,1.089806,1.075351,1.0244,1.023902,0.987576,1.233519,1.235935,1.164281,1.196649,1.146011,1.304975,1.314594,1.382528,1.408976,1.460396,1.578029,1.572995,1.533439,1.547509,1.558179,1.595353,1.586716,1.588281,1.621705,1.666837,1.562732,1.481772,1.489292,1.480625,1.417961,1.371866,1.364674,1.360954,1.25057,1.22628,1.12553,1.14657,1.109719,1.070863,0.94406,0.966833,0.980291,0.962447,0.880117,0.85176,0.76358,0.752356,0.746037,0.667767,0.646552,0.661791,0.664574,0.55364,0.557151,0.708778,0.718573,0.742616,0.737523,0.749017,0.758631,0.68824,0.681207,0.695,0.667672,0.671722,0.667777,0.667466,0.677466,0.682873,0.707208,0.753225,0.744934,0.725092,0.734569,0.740326,0.731073,0.680584,0.869472,0.904258,0.893763,0.911206,0.895121,0.935633,0.961037],