{"word":"canadiens","years":[1800,1801,1802,1803,1804,1805,1806,1807,1808,1809,1810,1811,1812,1813,1814,1815,1816,1817,1818,1819,1820,1821,1822,1823,1824,1825,1826,1827,1828,1829,1830,1831,1832,1833,1834,1835,1836,1837,1838,1839,1840,1841,1842,1843,1844,1845,1846,1847,1848,1849,1850,1851,1852,1853,1854,1855,1856,1857,1858,1859,1860,1861,1862,1863,1864,1865,1866,1867,1868,1869,1870,1871,1872,1873,1874,1875,1876,1877,1878,1879,1880,1881,1882,1883,1884,1885,1886,1887,1888,1889,1890,1891,1892,1893,1894,1895,1896,1897,1898,1899,1900,1901,1902,1903,1904,1905,1906,1907,1908,1909,1910,1911,1912,1913,1914,1915,1916,1917,1918,1919,1920,1921,1922,1923,1924,1925,1926,1927,1928,1929,1930,1931,1932,1933,1934,1935,1936,1937,1938,1939,1940,1941,1942,1943,1944,1945,1946,1947,1948,1949,1950,1951,1952,1953,1954,1955,1956,1957,1958,1959,1960,1961,1962,1963,1964,1965,1966,1967,1968,1969,1970,1971,1972,1973,1974,1975,1976,1977,1978,1979,1980,1981,1982,1983,1984,1985,1986,1987,1988,1989,1990,1991,1992,1993,1994,1995,1996,1997,1998,1999,2000,2001,2002,2003,2004,2005,2006,2007,2008],"level":[-16.290041,-16.354441,-16.418841,-16.483209,-16.547512,-16.61172,-16.6758,-16.739719,-16.803446,-16.866949,-16.930196,-16.993154,-17.055792,-17.118078,-17.179979,-17.241463,-17.302499,-17.363055,-17.423098,-17.482596,-17.541518,-17.599831,-17.657503,-17.714503,-17.770797,-17.826355,-17.881144,-17.935132,-17.988288,-18.040578,-18.091971,-18.142435,-18.191938,-18.240448,-18.287933,-18.33436,-18.379699,-18.423916,-18.466979,-18.508858,-18.549519,-18.58893,-18.627061,-18.663877,-18.699348,-18.733442,-18.766126,-18.797355,-18.827085,-18.855271,-18.881927,-18.907071,-18.930716,-18.952879,-18.973575,-18.99282,-19.01063,-19.026942,-19.041697,-19.054892,-19.06657,-19.076771,-19.085605,-19.093313,-19.100136,-19.106413,-19.112485,-19.11869,-19.125127,-19.131896,-19.139116,-19.146909,-19.155397,-19.164699,-19.175103,-19.186761,-19.199875,-19.214391,-19.230255,-19.247412,-19.265573,-19.284449,-19.303751,-19.323188,-19.342472,-19.361313,-19.379422,-19.396509,-19.412285,-19.426461,-19.438936,-19.449611,-19.458563,-19.465871,-19.471614,-19.475869,-19.478438,-19.479121,-19.477968,-19.47527,-19.471319,-19.466702,-19.461807,-19.456846,-19.451387,-19.444894,-19.437169,-19.428342,-19.418542,-19.407834,-19.396281,-19.383909,-19.370744,-19.356564,-19.341204,-19.32471,-19.306967,-19.28795,-19.267636,-19.2461,-19.223313,-19.199434,-19.175024,-19.150773,-19.126865,-19.103401,-19.080241,-19.057377,-19.03457,-19.01147,-18.987599,-18.962574,-18.935903,-18.907518,-18.877239,-18.845017,-18.811079,-18.775417,-18.738044,-18.698896,-18.65805,-18.61523,-18.56988,-18.52194,-18.471367,-18.418103,-18.361955,-18.30279,-18.240292,-18.174232,-18.104619,-18.03206,-17.957075,-17.880255,-17.802415,-17.724357,-17.646809,-17.570271,-17.495156,-17.421867,-17.350663,-17.281648,-17.214825,-17.150235,-17.088049,-17.028545,-16.972031,-16.91885,-16.869173,-16.823082,-16.780532,-16.741517,-16.70615,-16.674573,-16.647029,-16.623714,-16.604929,-16.590955,-16.581927,-16.577871,-16.578765,-16.584541,-16.595122,-16.610333,-16.630061,-16.6541,-16.682225,-16.714334,-16.750324,-16.790099,-16.833535,-16.880382,-16.930471,-16.983578,-17.039397,-17.097562,-17.157745,-17.219626,-17.282815,-17.34692,-17.411531,-17.476266,-17.540917,-17.605357,-17.669564,-17.73354,-17.797367,-17.861178,-17.92507],"drift":[-0.06439993,-0.06439993,-0.06436789,-0.06430381,-0.0642077,-0.06407956,-0.06391937,-0.06372716,-0.0635029,-0.06324661,-0.06295828,-0.06263792,-0.06228552,-0.06190108,-0.06148461,-0.0610361,-0.06055555,-0.06004297,-0.05949836,-0.0589217,-0.05831301,-0.05767229,-0.05699953,-0.05629473,-0.05555789,-0.05478902,-0.05398812,-0.05315517,-0.05229019,-0.05139318,-0.05046413,-0.04950304,-0.04850992,-0.04748475,-0.04642756,-0.04533833,-0.04421706,-0.04306375,-0.04187841,-0.04066103,-0.03941162,-0.03813017,-0.03681668,-0.03547116,-0.0340936,-0.03268401,-0.03122945,-0.02972994,-0.02818547,-0.02665655,-0.02514317,-0.02364534,-0.02216305,-0.02069631,-0.01924512,-0.01780946,-0.01631257,-0.01475444,-0.01319519,-0.01167742,-0.01020114,-0.00883415,-0.00770812,-0.00682306,-0.00627754,-0.00607155,-0.00620508,-0.00643735,-0.00676836,-0.00722034,-0.0077933,-0.00848724,-0.00930215,-0.01040406,-0.01165793,-0.01311415,-0.01451611,-0.01586382,-0.01715727,-0.01816134,-0.01887604,-0.01930135,-0.01943728,-0.01928382,-0.01884099,-0.01810877,-0.01708718,-0.0157762,-0.01417584,-0.01247526,-0.01067447,-0.00895208,-0.00730812,-0.00574257,-0.00425544,-0.00256901,-0.00068331,0.00115336,0.00269795,0.00395047,0.00461714,0.00489512,0.004961,0.00545917,0.00649279,0.00772478,0.0088272,0.00980008,0.01070857,0.01155268,0.01237149,0.01316499,0.01418055,0.01536031,0.01649327,0.01774363,0.01901711,0.02031372,0.02153548,0.02278787,0.02387845,0.02440979,0.02425139,0.02390803,0.02346392,0.02316,0.0228638,0.02280729,0.02309938,0.02387128,0.02502503,0.02667144,0.02838482,0.03027912,0.03222161,0.03393799,0.03566236,0.03737251,0.03914823,0.04084622,0.04281973,0.04535043,0.04794021,0.05057293,0.05326397,0.05614793,0.05916508,0.06249765,0.06606059,0.06961254,0.07255907,0.07498446,0.07682011,0.07784051,0.07805764,0.07754755,0.07653826,0.07511516,0.07328906,0.07120396,0.06901454,0.06682314,0.06458972,0.06218614,0.05950433,0.05651347,0.05318172,0.04967623,0.04609166,0.04254968,0.03901472,0.03536758,0.03157692,0.0275435,0.02331553,0.01878426,0.01397447,0.00902817,0.00405525,-0.00089334,-0.00577629,-0.01058087,-0.01521092,-0.01972853,-0.02403831,-0.02812546,-0.03210861,-0.03599039,-0.03977469,-0.04343602,-0.04684711,-0.05008935,-0.05310652,-0.0558189,-0.05816532,-0.06018313,-0.06188081,-0.0631882,-0.06410523,-0.06461085,-0.06473533,-0.06465125,-0.06443945,-0.06420725,-0.06397589,-0.06382724,-0.06381044,-0.06389238,-0.06389238],"instab":[null,null,null,null,null,null,null,null,null,null,null,null,null,null,null,null,null,null,null,null,null,null,null,null,null,null,null,null,null,null,null,null,null,null,null,null,null,null,null,null,null,null,null,null,null,null,null,null,null,null,null,null,null,null,null,null,null,null,158.645593,158.645593,144.831697,134.105456,134.105456,125.44311,118.252285,0.30766,0.486753,0.486753,0.471035,0.471035,0.471035,0.471035,0.498571,0.507816,0.493173,0.533375,0.533375,0.547824,0.554045,0.554045,0.573142,0.573335,0.573335,0.596413,0.644171,0.644171,0.586795,0.586795,0.931035,0.931035,0.887583,0.887583,0.947028,0.981296,1.188923,null,1.191341,1.079647,1.096391,0.981327,1.144944,1.147702,1.37103,1.293964,1.339157,1.330255,1.330255,1.28083,1.261244,1.20866,1.241649,1.210376,1.173156,1.160068,1.119165,1.086444,1.083708,1.069195,1.037494,1.040758,1.039587,1.00315,0.974361,0.981727,0.918885,0.868025,0.855329,0.853149,0.827795,0.84973,0.825939,0.905553,0.908339,0.89414,0.903264,0.937038,0.912049,0.912637,0.912678,0.950928,0.912302,1.042074,0.904924,0.901137,0.888078,0.878092,0.875762,0.877362,0.892183,0.974117,1.000392,0.921046,0.916409,0.923259,0.914094,0.925923,0.93131,0.929724,0.925902,0.885924,0.867921,0.714525,0.735987,0.748586,0.742439,0.741096,0.735869,0.729032,0.694437,0.515025,0.531482,0.540996,0.553442,0.538769,0.528103,0.438667,0.425937,0.423824,0.389932,0.357645,0.347789,0.346658,0.352289,0.345665,0.350961,0.387062,0.341878,0.326696,0.305479,0.315606,0.317918,0.318615,0.313686,0.306328,0.307629,0.305018,0.269055,0.24956,0.246528,0.247029,0.279874,0.270487,0.26302,0.260629,0.261105,0.23755,0.264769,0.345269,0.346331],