{"word":"canicola","years":[1800,1801,1802,1803,1804,1805,1806,1807,1808,1809,1810,1811,1812,1813,1814,1815,1816,1817,1818,1819,1820,1821,1822,1823,1824,1825,1826,1827,1828,1829,1830,1831,1832,1833,1834,1835,1836,1837,1838,1839,1840,1841,1842,1843,1844,1845,1846,1847,1848,1849,1850,1851,1852,1853,1854,1855,1856,1857,1858,1859,1860,1861,1862,1863,1864,1865,1866,1867,1868,1869,1870,1871,1872,1873,1874,1875,1876,1877,1878,1879,1880,1881,1882,1883,1884,1885,1886,1887,1888,1889,1890,1891,1892,1893,1894,1895,1896,1897,1898,1899,1900,1901,1902,1903,1904,1905,1906,1907,1908,1909,1910,1911,1912,1913,1914,1915,1916,1917,1918,1919,1920,1921,1922,1923,1924,1925,1926,1927,1928,1929,1930,1931,1932,1933,1934,1935,1936,1937,1938,1939,1940,1941,1942,1943,1944,1945,1946,1947,1948,1949,1950,1951,1952,1953,1954,1955,1956,1957,1958,1959,1960,1961,1962,1963,1964,1965,1966,1967,1968,1969,1970,1971,1972,1973,1974,1975,1976,1977,1978,1979,1980,1981,1982,1983,1984,1985,1986,1987,1988,1989,1990,1991,1992,1993,1994,1995,1996,1997,1998,1999,2000,2001,2002,2003,2004,2005,2006,2007,2008],"level":[-19.082449,-19.085762,-19.089074,-19.092386,-19.095698,-19.099011,-19.102323,-19.105635,-19.108947,-19.112259,-19.115572,-19.118884,-19.122196,-19.125508,-19.128821,-19.132133,-19.135445,-19.138757,-19.142069,-19.145382,-19.148694,-19.152006,-19.155318,-19.15863,-19.161943,-19.165255,-19.156067,-19.146879,-19.137691,-19.128503,-19.119315,-19.110127,-19.100939,-19.091751,-19.082563,-19.073375,-19.064187,-19.054999,-19.045811,-19.036623,-19.027435,-19.018247,-19.009059,-18.999871,-18.990683,-18.981496,-18.972308,-18.96312,-18.953932,-18.944744,-18.935556,-18.926368,-18.91718,-18.907992,-18.898804,-18.889616,-18.880428,-18.87124,-18.862052,-18.852864,-18.843676,-18.834488,-18.8253,-18.816112,-18.806924,-18.797736,-18.788548,-18.77936,-18.770172,-18.760984,-18.751796,-18.742608,-18.73342,-18.724232,-18.715044,-18.705856,-18.696669,-18.687481,-18.678293,-18.669105,-18.659917,-18.650729,-18.641541,-18.632353,-18.623165,-18.613977,-18.604789,-18.595601,-18.586413,-18.577225,-18.568037,-18.558849,-18.549661,-18.540473,-18.531285,-18.522097,-18.512909,-18.503721,-18.494533,-18.485345,-18.476157,-18.466969,-18.457781,-18.448593,-18.439406,-18.430218,-18.42103,-18.411842,-18.402654,-18.393466,-18.384278,-18.37509,-18.365902,-18.356714,-18.347526,-18.338338,-18.32915,-18.319962,-18.310774,-18.301586,-18.292398,-18.28321,-18.274022,-18.264834,-18.255646,-18.246458,-18.23727,-18.228082,-18.218895,-18.269971,-18.321047,-18.537377,-18.753706,-18.970036,-19.186366,-19.402696,-19.670965,-18.793505,-18.557386,-18.381963,-17.77463,-17.227215,-16.21244,-16.067483,-16.259498,-16.546021,-16.665193,-16.932521,-16.930252,-16.808491,-16.723569,-16.587611,-16.468625,-16.412039,-16.354982,-16.073516,-15.831782,-15.813649,-15.870541,-16.396872,-16.354389,-16.141834,-16.255335,-16.073892,-16.632186,-16.589808,-16.577718,-16.630738,-16.846675,-16.972965,-17.138438,-17.0935,-17.165199,-16.908377,-16.985591,-17.059456,-17.244316,-17.4584,-17.538425,-17.509547,-17.441769,-17.61854,-17.785831,-18.043783,-18.002775,-18.010015,-17.982378,-17.965312,-18.190017,-18.351578,-18.188824,-18.296584,-18.321013,-18.270503,-18.076931,-18.1819,-18.575606,-18.424557,-18.363961,-18.370336,-18.717148,-18.911349,-19.02397,-19.074998,-18.93026,-19.143939,-19.178972,-19.35625,-19.770857],"drift":[-0.00330964,-0.00330964,-0.00330964,-0.00330964,-0.00330964,-0.00330964,-0.00330964,-0.00330964,-0.00330964,-0.00330964,-0.00330964,-0.00330964,-0.00330964,-0.00330964,-0.00330964,-0.00330964,-0.00330964,-0.00330964,-0.00330964,-0.00330964,-0.00330964,-0.00330964,-0.00330964,-0.00330964,-0.00330964,-0.00330964,-0.00330964,-0.00330964,-0.00330964,-0.00330964,-0.00330964,-0.00330964,-0.00330964,-0.00330964,-0.00330964,-0.00330964,-0.00330964,-0.00330964,-0.00330964,-0.00330964,-0.00330964,-0.00330964,-0.00330964,-0.00330964,-0.00330964,-0.00330964,-0.00330964,-0.00330964,-0.00330964,-0.00330964,-0.00330964,-0.00330964,-0.00330964,-0.00330964,-0.00330964,-0.00330964,-0.00330964,-0.00330964,-0.00330964,-0.00330964,-0.00330964,-0.00330964,-0.00330964,-0.00330964,-0.00330964,-0.00330964,-0.00330964,-0.00330964,-0.00330964,-0.00330964,-0.00330964,-0.00330964,-0.00330964,-0.00330964,-0.00330964,-0.00330964,-0.00330964,-0.00330964,-0.00330964,-0.00330964,-0.00330964,-0.00330964,-0.00330964,-0.00330964,-0.00330964,-0.00330964,-0.00330964,-0.00330964,-0.00330964,-0.00330964,-0.00330964,-0.00330964,-0.00330964,-0.00330964,-0.00330964,-0.00330964,-0.00330964,-0.00330964,-0.00330965,-0.00330965,-0.00330965,-0.00330965,-0.00330965,-0.00330965,-0.00330965,-0.00330965,-0.00330965,-0.00330965,-0.00330965,-0.00330965,-0.00330965,-0.00330965,-0.00330965,-0.00330965,-0.00330965,-0.00330965,-0.00330965,-0.00330965,-0.00330965,-0.00330965,-0.00330965,-0.00330965,-0.00330965,-0.00330965,-0.00330965,-0.00330965,-0.00330965,-0.00330965,-0.00330965,-0.00330965,-0.00330965,-0.00330965,-0.00330965,-0.00330965,-0.00330965,-0.00330965,-0.00330965,-0.00330965,-0.00330965,-0.00330965,-0.00330965,-0.00330965,-0.00330965,-0.00330965,-0.00330966,-0.00330966,-0.00330966,-0.00330966,-0.00330966,-0.00330966,-0.00330966,-0.00330966,-0.00330966,-0.00330966,-0.00330966,-0.00330966,-0.00330966,-0.00330966,-0.00330966,-0.00330966,-0.00330966,-0.00330966,-0.00330967,-0.00330967,-0.00330967,-0.00330967,-0.00330967,-0.00330967,-0.00330967,-0.00330967,-0.00330967,-0.00330967,-0.00330967,-0.00330967,-0.00330967,-0.00330967,-0.00330967,-0.00330967,-0.00330967,-0.00330967,-0.00330967,-0.00330967,-0.00330968,-0.00330968,-0.00330968,-0.00330968,-0.00330968,-0.00330968,-0.00330968,-0.00330968,-0.00330968,-0.00330968,-0.00330968,-0.00330968,-0.00330968,-0.00330968,-0.00330968,-0.00330968,-0.00330968,-0.00330968,-0.00330968,-0.00330968,-0.00330968,-0.00330968,-0.00330968,-0.00330968,-0.00330968,-0.00330968,-0.00330968],"instab":[null,null,null,null,null,null,null,null,null,null,null,null,null,null,null,null,null,null,null,null,null,null,null,null,null,null,null,null,null,null,null,null,null,null,null,null,null,null,null,null,null,null,null,null,null,null,null,null,null,null,null,null,null,null,null,null,null,null,null,null,null,null,null,null,null,null,null,null,null,null,null,null,null,null,null,null,null,null,null,null,null,null,null,null,null,null,null,null,null,null,null,null,null,null,null,null,null,null,null,null,null,null,null,null,null,null,null,null,null,null,null,null,null,null,null,null,null,null,null,null,null,null,null,null,null,null,null,null,null,null,null,null,null,null,null,null,null,35.823516,32.65523,30.23169,28.230167,26.599673,25.172222,23.998256,22.993103,22.112661,21.31508,20.608498,0.957548,0.925191,0.924246,0.894986,0.868361,0.844135,0.823444,0.761981,0.68006,0.582147,0.580505,0.661535,0.635374,0.637407,0.431121,0.45726,0.538175,0.524947,0.524998,0.506169,0.514095,0.5132,0.519778,0.518552,0.519199,0.541339,0.541527,0.529698,0.513427,0.516323,0.509212,0.444136,0.451824,0.429729,0.424876,0.382252,0.282992,0.280469,0.280484,0.287806,0.286657,0.298054,0.314794,0.311905,0.305868,0.258936,0.293788,0.295246,0.356015,0.359326,0.361261,0.367248,0.380442,0.38237,0.382586,0.364866,0.384453,0.393685,0.393906,0.388449,0.424778],