{"word":"canners","years":[1800,1801,1802,1803,1804,1805,1806,1807,1808,1809,1810,1811,1812,1813,1814,1815,1816,1817,1818,1819,1820,1821,1822,1823,1824,1825,1826,1827,1828,1829,1830,1831,1832,1833,1834,1835,1836,1837,1838,1839,1840,1841,1842,1843,1844,1845,1846,1847,1848,1849,1850,1851,1852,1853,1854,1855,1856,1857,1858,1859,1860,1861,1862,1863,1864,1865,1866,1867,1868,1869,1870,1871,1872,1873,1874,1875,1876,1877,1878,1879,1880,1881,1882,1883,1884,1885,1886,1887,1888,1889,1890,1891,1892,1893,1894,1895,1896,1897,1898,1899,1900,1901,1902,1903,1904,1905,1906,1907,1908,1909,1910,1911,1912,1913,1914,1915,1916,1917,1918,1919,1920,1921,1922,1923,1924,1925,1926,1927,1928,1929,1930,1931,1932,1933,1934,1935,1936,1937,1938,1939,1940,1941,1942,1943,1944,1945,1946,1947,1948,1949,1950,1951,1952,1953,1954,1955,1956,1957,1958,1959,1960,1961,1962,1963,1964,1965,1966,1967,1968,1969,1970,1971,1972,1973,1974,1975,1976,1977,1978,1979,1980,1981,1982,1983,1984,1985,1986,1987,1988,1989,1990,1991,1992,1993,1994,1995,1996,1997,1998,1999,2000,2001,2002,2003,2004,2005,2006,2007,2008],"level":[-17.07201,-17.13136,-17.19071,-17.25006,-17.309411,-17.368761,-17.431219,-17.493633,-17.555954,-17.61814,-17.680142,-17.741917,-17.803418,-17.8646,-17.925418,-17.985825,-18.045776,-18.105226,-18.164128,-18.222438,-18.28011,-18.337098,-18.393356,-18.448839,-18.503502,-18.557298,-18.610183,-18.66211,-18.713035,-18.76291,-18.811692,-18.859334,-18.90579,-18.951016,-18.994965,-19.037592,-19.078851,-19.118697,-19.157084,-19.193967,-19.229299,-19.263036,-19.295132,-19.325541,-19.354217,-19.381116,-19.406191,-19.429396,-19.450687,-19.470018,-19.487342,-19.502616,-19.515791,-19.526825,-19.53567,-19.542281,-19.546612,-19.548619,-19.548254,-19.545474,-19.540232,-19.532482,-19.522179,-19.509278,-19.493732,-19.475497,-19.454526,-19.430775,-19.404196,-19.374746,-19.342378,-19.307046,-19.268706,-19.227311,-19.180585,-19.130746,-19.077781,-19.021678,-18.973443,-18.921882,-18.866821,-18.743582,-18.61744,-18.486715,-18.319416,-18.199062,-18.083201,-17.970111,-17.884856,-17.832975,-17.773265,-17.7093,-17.690845,-17.678561,-17.647331,-17.606633,-17.567962,-17.527589,-17.502188,-17.422357,-17.364237,-17.304776,-17.232359,-17.131042,-17.008431,-16.860575,-16.750342,-16.628095,-16.495435,-16.319815,-16.186487,-16.059788,-15.931289,-15.815603,-15.730709,-15.678073,-15.606103,-15.524841,-15.456057,-15.374251,-15.302556,-15.228736,-15.167711,-15.105999,-15.044633,-15.036037,-15.026175,-15.032943,-15.028294,-15.011564,-15.01208,-15.019549,-15.015776,-15.006526,-14.966487,-14.9118,-14.877742,-14.846958,-14.848027,-14.847604,-14.830399,-14.808665,-14.791885,-14.80967,-14.832321,-14.853622,-14.894441,-14.902604,-14.89301,-14.896259,-14.981238,-15.068309,-15.157444,-15.218799,-15.252705,-15.297269,-15.329783,-15.329187,-15.338586,-15.381406,-15.452984,-15.518137,-15.575965,-15.611074,-15.654803,-15.717776,-15.777418,-15.822229,-15.865642,-15.88484,-15.913867,-15.949464,-15.984415,-16.009324,-16.02399,-16.038551,-16.077412,-16.118382,-16.153795,-16.193543,-16.226996,-16.273779,-16.319921,-16.367482,-16.399749,-16.42111,-16.413714,-16.435639,-16.473567,-16.504302,-16.529219,-16.553287,-16.625037,-16.680582,-16.734365,-16.805111,-16.851863,-16.920327,-16.980882,-17.028543,-17.065103,-17.097991,-17.127224,-17.156931,-17.187755,-17.213813,-17.249166,-17.258803,-17.261511],"drift":[-0.05935,-0.05935,-0.05934999,-0.05934999,-0.05934998,-0.05934997,-0.05930437,-0.05921317,-0.05907639,-0.05889402,-0.05866607,-0.05839252,-0.05807338,-0.05770865,-0.05729833,-0.05684243,-0.05634093,-0.05579385,-0.05520117,-0.05456291,-0.05387905,-0.05314961,-0.05237458,-0.05155396,-0.05068774,-0.04977594,-0.04881855,-0.04781557,-0.046767,-0.04567284,-0.04453309,-0.04334776,-0.04211683,-0.04084031,-0.03951821,-0.03815051,-0.03673723,-0.03527835,-0.03377389,-0.03222383,-0.03062819,-0.02898696,-0.02730013,-0.02556772,-0.02378972,-0.02196613,-0.02009695,-0.01818218,-0.01622182,-0.01421587,-0.01216434,-0.01006721,-0.00792449,-0.00573619,-0.00350229,-0.00122281,0.00110227,0.00347293,0.00588919,0.00835103,0.01085846,0.01341148,0.0160101,0.0186543,0.02134409,0.02407947,0.02686044,0.029687,0.03255914,0.03547688,0.03844021,0.04144913,0.04450363,0.04760373,0.0507167,0.05384254,0.05698125,0.06013284,0.06345891,0.06695947,0.0706345,0.0735381,0.07567027,0.07699506,0.07699556,0.07636018,0.07514554,0.07337444,0.07142912,0.06977046,0.06825934,0.0668112,0.0660722,0.06612201,0.0666835,0.06762607,0.06899327,0.07078018,0.07323258,0.07558821,0.07820001,0.08108661,0.08410036,0.08686162,0.08909863,0.09047395,0.09155952,0.09219505,0.09223716,0.09105647,0.08925587,0.08690617,0.08394651,0.08052138,0.07703213,0.07390065,0.07079748,0.06754085,0.064266,0.06073392,0.05704109,0.05310219,0.04904711,0.04480631,0.04032265,0.03630427,0.03267365,0.02962145,0.02693547,0.02439916,0.02222822,0.0204928,0.01900257,0.01765536,0.0159799,0.01373679,0.01119568,0.00836732,0.00567733,0.0030644,0.0002441,-0.00289137,-0.0063153,-0.00957104,-0.01263496,-0.01557179,-0.01813837,-0.02085124,-0.02401059,-0.02747441,-0.03009491,-0.03187987,-0.03282518,-0.0333521,-0.03387091,-0.0342329,-0.0346201,-0.03552374,-0.0368105,-0.03800913,-0.03871547,-0.03903411,-0.03907714,-0.03917836,-0.03921284,-0.03889888,-0.03828071,-0.03756679,-0.03676714,-0.03622513,-0.03578869,-0.03535505,-0.03492734,-0.03464655,-0.03465878,-0.03496573,-0.03521556,-0.035381,-0.03554598,-0.03564932,-0.03578488,-0.03575916,-0.03558116,-0.03522749,-0.03491723,-0.03480578,-0.03531321,-0.03601698,-0.03669272,-0.03745584,-0.03840284,-0.03956005,-0.0402452,-0.04070598,-0.04097498,-0.0408074,-0.04055264,-0.03988855,-0.0389214,-0.03782608,-0.03674933,-0.03572921,-0.03480434,-0.03395423,-0.03315003,-0.03244982,-0.03170705,-0.03128793,-0.03128793],"instab":[null,null,null,null,null,null,null,null,null,null,null,null,null,null,null,null,null,null,null,null,null,null,null,null,null,null,null,null,null,null,null,null,null,null,null,null,null,null,null,null,null,null,null,null,null,null,null,null,null,null,null,null,null,null,null,null,null,null,null,null,null,null,null,null,null,null,null,null,null,null,null,null,null,null,null,null,null,null,null,null,null,null,null,100.286618,91.420793,84.643318,79.185722,74.646505,70.812355,67.544887,64.686985,62.140536,59.894322,0.748155,0.740177,0.71895,0.701108,0.693276,0.743293,0.732833,0.682294,0.668674,0.642499,0.643426,0.500985,0.567694,0.563304,0.537746,0.525069,0.609513,0.611318,0.588634,0.590659,0.574985,0.567925,0.597748,0.604417,0.604024,0.539192,0.526854,0.530165,0.525993,0.51691,0.518273,0.541279,0.497125,0.49827,0.525571,0.529364,0.430864,0.422929,0.433266,0.421349,0.403793,0.376079,0.393795,0.393694,0.421749,0.416823,0.422403,0.422317,0.420429,0.450783,0.451025,0.393305,0.390304,0.430546,0.417983,0.417443,0.54853,0.558678,0.556766,0.592264,0.593689,0.596118,0.579733,0.588386,0.577992,0.612303,0.616732,0.621041,0.622606,0.608075,0.613099,0.620764,0.618479,0.591559,0.586955,0.585875,0.466506,0.46573,0.459623,0.410694,0.378435,0.377883,0.39634,0.367343,0.359666,0.31646,0.299238,0.294894,0.285265,0.25378,0.263346,0.253098,0.265532,0.316789,0.325434,0.310052,0.303726,0.300845,0.363414,0.388299,0.390008,0.39114,0.398682,0.408655,0.413197,0.418859,0.419792,0.414343,0.414471,0.415889,0.409999,0.408414,0.399573,0.366989,0.356366,0.395702],