{"word":"canoeing","years":[1800,1801,1802,1803,1804,1805,1806,1807,1808,1809,1810,1811,1812,1813,1814,1815,1816,1817,1818,1819,1820,1821,1822,1823,1824,1825,1826,1827,1828,1829,1830,1831,1832,1833,1834,1835,1836,1837,1838,1839,1840,1841,1842,1843,1844,1845,1846,1847,1848,1849,1850,1851,1852,1853,1854,1855,1856,1857,1858,1859,1860,1861,1862,1863,1864,1865,1866,1867,1868,1869,1870,1871,1872,1873,1874,1875,1876,1877,1878,1879,1880,1881,1882,1883,1884,1885,1886,1887,1888,1889,1890,1891,1892,1893,1894,1895,1896,1897,1898,1899,1900,1901,1902,1903,1904,1905,1906,1907,1908,1909,1910,1911,1912,1913,1914,1915,1916,1917,1918,1919,1920,1921,1922,1923,1924,1925,1926,1927,1928,1929,1930,1931,1932,1933,1934,1935,1936,1937,1938,1939,1940,1941,1942,1943,1944,1945,1946,1947,1948,1949,1950,1951,1952,1953,1954,1955,1956,1957,1958,1959,1960,1961,1962,1963,1964,1965,1966,1967,1968,1969,1970,1971,1972,1973,1974,1975,1976,1977,1978,1979,1980,1981,1982,1983,1984,1985,1986,1987,1988,1989,1990,1991,1992,1993,1994,1995,1996,1997,1998,1999,2000,2001,2002,2003,2004,2005,2006,2007,2008],"level":[-18.009644,-17.986254,-17.962861,-17.939617,-17.916669,-17.894165,-17.872255,-17.851086,-17.830806,-17.811565,-17.793509,-17.776788,-17.76155,-17.747942,-17.736114,-17.726213,-17.718387,-17.712786,-17.709557,-17.708848,-17.710808,-17.715585,-17.723327,-17.734183,-17.748301,-17.765828,-17.786914,-17.811707,-17.840354,-17.873004,-17.909818,-17.95035,-17.994188,-18.039914,-18.086628,-18.133419,-18.179356,-18.224503,-18.268902,-18.312597,-18.355632,-18.39806,-18.439374,-18.479075,-18.516665,-18.551646,-18.583647,-18.612298,-18.637227,-18.658064,-18.674437,-18.685975,-18.692332,-18.691834,-18.684451,-18.6702,-18.649735,-18.623216,-18.590045,-18.54964,-18.501396,-18.445856,-18.382561,-18.311465,-18.23248,-18.147282,-18.057516,-17.964619,-17.870616,-17.776423,-17.683142,-17.592454,-17.504001,-17.416982,-17.330794,-17.245087,-17.159505,-17.075527,-16.993553,-16.914334,-16.839361,-16.768958,-16.702668,-16.640729,-16.583429,-16.530973,-16.483035,-16.439653,-16.400457,-16.364984,-16.332107,-16.301283,-16.271534,-16.241972,-16.212255,-16.182049,-16.151463,-16.120638,-16.089259,-16.056315,-16.021061,-15.983191,-15.943193,-15.901331,-15.857621,-15.812217,-15.765714,-15.718571,-15.670985,-15.623569,-15.576416,-15.529966,-15.484669,-15.441217,-15.40026,-15.362579,-15.329231,-15.300828,-15.277904,-15.26045,-15.248217,-15.240642,-15.237121,-15.237203,-15.240397,-15.246141,-15.25391,-15.263229,-15.27337,-15.283923,-15.294617,-15.305349,-15.31579,-15.325873,-15.336452,-15.34738,-15.358596,-15.370061,-15.38206,-15.394617,-15.408208,-15.42282,-15.438374,-15.454522,-15.470955,-15.487542,-15.503969,-15.519682,-15.534185,-15.547117,-15.558299,-15.568203,-15.577298,-15.585704,-15.593794,-15.602349,-15.610832,-15.618871,-15.625605,-15.630215,-15.631914,-15.630287,-15.624622,-15.614049,-15.597794,-15.575478,-15.546831,-15.511858,-15.470902,-15.424577,-15.373514,-15.318108,-15.259072,-15.19777,-15.136127,-15.075612,-15.017073,-14.961629,-14.909828,-14.861474,-14.816403,-14.774361,-14.734995,-14.697926,-14.663227,-14.631023,-14.601378,-14.574646,-14.55086,-14.529913,-14.511789,-14.496182,-14.483172,-14.473169,-14.466405,-14.463475,-14.464781,-14.470559,-14.480975,-14.495863,-14.51498,-14.537763,-14.563611,-14.591833,-14.621882,-14.653403,-14.686118,-14.719609,-14.753434],"drift":[0.02338982,0.02338983,0.02324157,0.02294504,0.02250026,0.02190721,0.0211659,0.02027632,0.01923849,0.01805239,0.01671802,0.0152354,0.01360451,0.01182535,0.00989794,0.00782226,0.00559832,0.00322611,0.00070565,-0.00196308,-0.00478008,-0.00774534,-0.01085886,-0.01412064,-0.01753069,-0.021089,-0.02479557,-0.0286504,-0.0326535,-0.03680486,-0.04052317,-0.04380841,-0.04570723,-0.04669511,-0.04677204,-0.04593803,-0.04514737,-0.04440004,-0.04369605,-0.0430354,-0.0424181,-0.04130315,-0.03969057,-0.03758036,-0.0349725,-0.03199344,-0.02864316,-0.02492167,-0.02082897,-0.01636506,-0.01152993,-0.00632359,0.00049953,0.00738202,0.01423788,0.02046167,0.02653107,0.03318294,0.04041729,0.04823412,0.0555484,0.06329631,0.07109715,0.07895092,0.08516376,0.08973567,0.09285479,0.09398374,0.09416936,0.09324692,0.09069536,0.08846903,0.08703156,0.08619567,0.08571401,0.08555195,0.08396882,0.08195883,0.07918846,0.07496604,0.07041138,0.06628606,0.06193255,0.05729566,0.05246322,0.04793741,0.04338915,0.03920602,0.03549605,0.03288889,0.03084372,0.02976809,0.02956949,0.02972336,0.03020375,0.03058347,0.03083175,0.03139963,0.0329595,0.03526037,0.03785992,0.0399929,0.04186165,0.04370665,0.04539109,0.04649343,0.04713858,0.04757361,0.04741404,0.04714397,0.0464406,0.0452821,0.04343834,0.04094117,0.03765941,0.03333513,0.028392,0.02292397,0.01745872,0.0122452,0.00758742,0.00353006,-7.186e-05,-0.0031818,-0.00573324,-0.00775925,-0.00930368,-0.0101323,-0.01054727,-0.01069136,-0.01072572,-0.01044027,-0.01009959,-0.01057612,-0.01092665,-0.01121556,-0.01147048,-0.0120003,-0.01256635,-0.01359102,-0.01461001,-0.01554668,-0.01614182,-0.01643048,-0.01658024,-0.01641549,-0.01570276,-0.01449577,-0.01292833,-0.01119107,-0.00991363,-0.0090977,-0.00841383,-0.00810615,-0.00854391,-0.00847529,-0.00802158,-0.00671655,-0.00459378,-0.00169003,0.00164211,0.00568297,0.01058908,0.01626291,0.02232156,0.02864646,0.03496631,0.04094333,0.0463122,0.05105389,0.05539087,0.05900767,0.06126225,0.06161283,0.06049663,0.05851564,0.05543329,0.05180392,0.04835818,0.04507649,0.04204934,0.0393735,0.03706791,0.03469619,0.03220224,0.02963771,0.02673185,0.02378803,0.020947,0.01813056,0.01560484,0.01300215,0.00999771,0.00675158,0.00292218,-0.00131174,-0.00578114,-0.01041215,-0.01488291,-0.01910587,-0.02277032,-0.02583359,-0.02821077,-0.03004166,-0.03151434,-0.03270702,-0.03348163,-0.03381756,-0.03381756],"instab":[null,null,null,null,null,null,null,null,null,null,null,null,null,null,null,null,null,null,null,null,null,null,null,null,null,null,null,null,null,null,null,null,null,null,null,null,null,null,null,null,113.662793,113.662793,113.662793,113.662793,103.755479,103.755479,103.755479,103.755479,103.755479,0.663411,0.663411,0.87189,1.042988,0.952181,0.869361,0.84067,0.815646,0.815646,0.815646,0.79491,0.860457,0.813659,0.813659,0.818376,0.856169,0.857145,0.817657,0.845979,0.813052,0.78777,0.83998,0.821045,0.683918,0.700785,0.697761,0.783876,0.795918,0.775565,0.762674,0.765811,0.737064,0.760202,0.741056,0.706236,0.68758,0.674679,0.674327,0.615942,0.616919,0.636351,0.51466,0.51368,0.520808,0.518371,0.521295,0.448118,0.39753,0.410046,0.40814,0.343113,0.32756,0.320244,0.331361,0.331228,0.323026,0.323457,0.330388,0.331412,0.346036,0.31652,0.315891,0.310084,0.286301,0.285543,0.274888,0.286367,0.27762,0.271628,0.25862,0.239077,0.212113,0.224035,0.221746,0.224723,0.225751,0.223249,0.212069,0.223327,0.194102,0.19316,0.195606,0.199293,0.224514,0.301816,0.301729,0.283073,0.282662,0.275893,0.277605,0.298579,0.298208,0.295528,0.294544,0.295174,0.294588,0.293905,0.294529,0.285101,0.284048,0.294971,0.295552,0.303514,0.273199,0.204404,0.305646,0.308935,0.307902,0.308393,0.30212,0.299232,0.302699,0.3017,0.301531,0.303993,0.303319,0.302426,0.301268,0.299795,0.303599,0.298928,0.298664,0.294526,0.292688,0.325369,0.28584,0.280663,0.295706,0.303191,0.304005,0.29012,0.293393,0.298977,0.320083,0.313042,0.313536,0.321079,0.320519,0.321016,0.322726,0.311972,0.327055,0.331598,0.331894,0.297511,0.251184,0.252507,0.216583,0.177467,0.176771,0.17846,0.180655,0.181093,0.169619,0.176753,0.176908,0.174412,0.162213,0.16086,0.166148],