{"word":"capcom","years":[1800,1801,1802,1803,1804,1805,1806,1807,1808,1809,1810,1811,1812,1813,1814,1815,1816,1817,1818,1819,1820,1821,1822,1823,1824,1825,1826,1827,1828,1829,1830,1831,1832,1833,1834,1835,1836,1837,1838,1839,1840,1841,1842,1843,1844,1845,1846,1847,1848,1849,1850,1851,1852,1853,1854,1855,1856,1857,1858,1859,1860,1861,1862,1863,1864,1865,1866,1867,1868,1869,1870,1871,1872,1873,1874,1875,1876,1877,1878,1879,1880,1881,1882,1883,1884,1885,1886,1887,1888,1889,1890,1891,1892,1893,1894,1895,1896,1897,1898,1899,1900,1901,1902,1903,1904,1905,1906,1907,1908,1909,1910,1911,1912,1913,1914,1915,1916,1917,1918,1919,1920,1921,1922,1923,1924,1925,1926,1927,1928,1929,1930,1931,1932,1933,1934,1935,1936,1937,1938,1939,1940,1941,1942,1943,1944,1945,1946,1947,1948,1949,1950,1951,1952,1953,1954,1955,1956,1957,1958,1959,1960,1961,1962,1963,1964,1965,1966,1967,1968,1969,1970,1971,1972,1973,1974,1975,1976,1977,1978,1979,1980,1981,1982,1983,1984,1985,1986,1987,1988,1989,1990,1991,1992,1993,1994,1995,1996,1997,1998,1999,2000,2001,2002,2003,2004,2005,2006,2007,2008],"level":[-19.281626,-19.280854,-19.280082,-19.27931,-19.278538,-19.277766,-19.276994,-19.276222,-19.27545,-19.274678,-19.273906,-19.273133,-19.272361,-19.271589,-19.270817,-19.270045,-19.269273,-19.268501,-19.267729,-19.266957,-19.266185,-19.265413,-19.264641,-19.263869,-19.263097,-19.262325,-19.261553,-19.260781,-19.260009,-19.259237,-19.258465,-19.257693,-19.256921,-19.256149,-19.255377,-19.254605,-19.253833,-19.25306,-19.252288,-19.251516,-19.250744,-19.249972,-19.2492,-19.247858,-19.246515,-19.245172,-19.243829,-19.242486,-19.241144,-19.239801,-19.238458,-19.237115,-19.235772,-19.23443,-19.233087,-19.231744,-19.230401,-19.229059,-19.227716,-19.226373,-19.22503,-19.223687,-19.222345,-19.221002,-19.219659,-19.218316,-19.216973,-19.215631,-19.214288,-19.212945,-19.211602,-19.21026,-19.208917,-19.207574,-19.206231,-19.204888,-19.203546,-19.202203,-19.20086,-19.199517,-19.198174,-19.196832,-19.195489,-19.194146,-19.192803,-19.191461,-19.190118,-19.188775,-19.187432,-19.186089,-19.184747,-19.183404,-19.182061,-19.180718,-19.179375,-19.178033,-19.17669,-19.175347,-19.174004,-19.172662,-19.171319,-19.169976,-19.168633,-19.16729,-19.165948,-19.164605,-19.163262,-19.161919,-19.160576,-19.159234,-19.157891,-19.156548,-19.155205,-19.153863,-19.15252,-19.151177,-19.149834,-19.148491,-19.147149,-19.145806,-19.144463,-19.14312,-19.141777,-19.140435,-19.139092,-19.137749,-19.136406,-19.135064,-19.133721,-19.132378,-19.131035,-19.129692,-19.12835,-19.127007,-19.125664,-19.124321,-19.122979,-19.121636,-19.120293,-19.11895,-19.117607,-19.116265,-19.114922,-19.113579,-19.112236,-19.110893,-19.109551,-19.108208,-19.106865,-19.105522,-19.10418,-19.102837,-19.101494,-19.100151,-19.098808,-19.097466,-19.096123,-19.09478,-19.093437,-19.092094,-19.090752,-19.089409,-19.088066,-19.086723,-19.085381,-19.084038,-19.082695,-19.081352,-19.080009,-19.007496,-18.962552,-18.995196,-19.02897,-19.062745,-19.190445,-19.339049,-19.48274,-19.586966,-19.623518,-19.660071,-19.768624,-19.827671,-19.839451,-19.85123,-19.838624,-19.791847,-19.720254,-19.623727,-19.599493,-19.606587,-19.633203,-19.66068,-19.628233,-19.507012,-19.411164,-19.336519,-19.305725,-19.216756,-19.142574,-19.081625,-19.044144,-19.019965,-19.001307,-18.964391,-18.964672,-18.990108,-19.03088,-19.087558,-19.120833],"drift":[0.00077304,0.00077304,0.00077304,0.00077304,0.00077304,0.00077304,0.00077304,0.00077304,0.00077304,0.00077304,0.00077304,0.00077304,0.00077304,0.00077304,0.00077304,0.00077304,0.00077304,0.00077304,0.00077304,0.00077304,0.00077304,0.00077304,0.00077304,0.00077304,0.00077304,0.00077304,0.00077304,0.00077304,0.00077304,0.00077304,0.00077304,0.00077304,0.00077304,0.00077304,0.00077304,0.00077304,0.00077304,0.00077304,0.00077304,0.00077304,0.00077304,0.00077304,0.00077304,0.00077304,0.00077304,0.00077304,0.00077304,0.00077304,0.00077304,0.00077304,0.00077304,0.00077304,0.00077304,0.00077304,0.00077304,0.00077304,0.00077304,0.00077304,0.00077304,0.00077304,0.00077304,0.00077304,0.00077304,0.00077304,0.00077304,0.00077304,0.00077304,0.00077304,0.00077304,0.00077304,0.00077304,0.00077304,0.00077304,0.00077304,0.00077304,0.00077304,0.00077304,0.00077304,0.00077304,0.00077304,0.00077304,0.00077304,0.00077304,0.00077304,0.00077304,0.00077304,0.00077304,0.00077304,0.00077304,0.00077304,0.00077304,0.00077304,0.00077304,0.00077304,0.00077304,0.00077304,0.00077304,0.00077304,0.00077304,0.00077304,0.00077304,0.00077304,0.00077304,0.00077304,0.00077304,0.00077304,0.00077304,0.00077304,0.00077304,0.00077304,0.00077304,0.00077304,0.00077304,0.00077304,0.00077304,0.00077304,0.00077304,0.00077304,0.00077304,0.00077304,0.00077304,0.00077304,0.00077304,0.00077304,0.00077304,0.00077304,0.00077304,0.00077304,0.00077304,0.00077304,0.00077304,0.00077304,0.00077304,0.00077304,0.00077304,0.00077304,0.00077304,0.00077304,0.00077304,0.00077304,0.00077304,0.00077304,0.00077304,0.00077304,0.00077304,0.00077304,0.00077304,0.00077304,0.00077304,0.00077304,0.00077304,0.00077304,0.00077304,0.00077304,0.00077304,0.00077304,0.00077304,0.00077304,0.00077304,0.00077304,0.00077304,0.00077304,0.00077304,0.00077304,0.00077304,0.00077304,0.00077304,0.00077304,0.00077304,0.00077304,0.00077304,0.00077304,0.00077304,0.00077304,0.00077304,0.00077304,0.00077304,0.00077304,0.00077304,0.00077304,0.00077304,0.00077304,0.00077304,0.00077304,0.00077304,0.00077304,0.00077304,0.00077304,0.00077304,0.00077304,0.00077304,0.00077304,0.00077304,0.00077304,0.00077304,0.00077304,0.00077304,0.00077304,0.00077304,0.00077304,0.00077304,0.00077304,0.00077304,0.00077304,0.00077304,0.00077304,0.00077304,0.00077304,0.00077304],"instab":[null,null,null,null,null,null,null,null,null,null,null,null,null,null,null,null,null,null,null,null,null,null,null,null,null,null,null,null,null,null,null,null,null,null,null,null,null,null,null,null,null,null,null,null,null,null,null,null,null,null,null,null,null,null,null,null,null,null,null,null,null,null,null,null,null,null,null,null,null,null,null,null,null,null,null,null,null,null,null,null,null,null,null,null,null,null,null,null,null,null,null,null,null,null,null,null,null,null,null,null,null,null,null,null,null,null,null,null,null,null,null,null,null,null,null,null,null,null,null,null,null,null,null,null,null,null,null,null,null,null,null,null,null,null,null,null,null,null,null,null,null,null,null,null,null,null,null,null,null,null,null,null,null,null,null,null,null,null,null,null,null,null,null,null,null,null,null,null,null,null,null,null,null,24.395357,22.464218,20.968817,19.77655,18.781939,18.781939,17.772243,17.022801,16.344311,16.344311,15.715978,15.156535,14.64398,14.177871,13.729519,1.654701,1.529351,1.372405,1.4126,1.425924,1.367334,1.4149,1.466635,1.429469,1.344148,1.317787,1.28533,1.201281,1.132793,1.110214,1.109758,1.085402,1.07546,1.069651,0.99672,1.020385],