{"word":"capitalism","years":[1800,1801,1802,1803,1804,1805,1806,1807,1808,1809,1810,1811,1812,1813,1814,1815,1816,1817,1818,1819,1820,1821,1822,1823,1824,1825,1826,1827,1828,1829,1830,1831,1832,1833,1834,1835,1836,1837,1838,1839,1840,1841,1842,1843,1844,1845,1846,1847,1848,1849,1850,1851,1852,1853,1854,1855,1856,1857,1858,1859,1860,1861,1862,1863,1864,1865,1866,1867,1868,1869,1870,1871,1872,1873,1874,1875,1876,1877,1878,1879,1880,1881,1882,1883,1884,1885,1886,1887,1888,1889,1890,1891,1892,1893,1894,1895,1896,1897,1898,1899,1900,1901,1902,1903,1904,1905,1906,1907,1908,1909,1910,1911,1912,1913,1914,1915,1916,1917,1918,1919,1920,1921,1922,1923,1924,1925,1926,1927,1928,1929,1930,1931,1932,1933,1934,1935,1936,1937,1938,1939,1940,1941,1942,1943,1944,1945,1946,1947,1948,1949,1950,1951,1952,1953,1954,1955,1956,1957,1958,1959,1960,1961,1962,1963,1964,1965,1966,1967,1968,1969,1970,1971,1972,1973,1974,1975,1976,1977,1978,1979,1980,1981,1982,1983,1984,1985,1986,1987,1988,1989,1990,1991,1992,1993,1994,1995,1996,1997,1998,1999,2000,2001,2002,2003,2004,2005,2006,2007,2008],"level":[-17.338631,-17.377274,-17.439102,-17.500202,-17.549428,-17.595176,-17.638714,-17.679691,-17.706713,-17.720128,-17.730961,-17.739544,-17.74621,-17.751293,-17.755124,-17.758038,-17.760365,-17.76244,-17.764596,-17.767164,-17.765007,-17.783426,-17.797036,-17.811877,-17.828035,-17.845594,-17.864638,-17.885252,-17.90752,-17.931527,-17.957357,-17.985094,-18.014824,-18.067678,-18.111361,-18.156302,-18.202258,-18.248988,-18.296249,-18.352612,-18.408746,-18.464132,-18.518251,-18.570584,-18.620613,-18.667819,-18.695446,-18.719722,-18.740639,-18.758189,-18.77307,-18.778007,-18.779712,-18.77836,-18.774127,-18.785116,-18.773687,-18.770951,-18.779291,-18.782551,-18.790305,-18.7738,-18.752121,-18.722613,-18.687594,-18.646933,-18.600499,-18.53682,-18.476551,-18.407915,-18.318276,-18.23837,-18.145766,-18.04836,-17.950334,-17.913932,-17.834311,-17.724136,-17.606699,-17.477998,-17.324277,-17.133015,-16.9575,-16.746,-16.551383,-16.358332,-16.168969,-15.991009,-15.844716,-15.70126,-15.549501,-15.394838,-15.247379,-15.117425,-14.996681,-14.882382,-14.780735,-14.671927,-14.570369,-14.469829,-14.366511,-14.260624,-14.151359,-14.041509,-13.929696,-13.826842,-13.710757,-13.603085,-13.502182,-13.405679,-13.313014,-13.224051,-13.136621,-13.055935,-12.977409,-12.902006,-12.827196,-12.752177,-12.675465,-12.604016,-12.535103,-12.472437,-12.414973,-12.35798,-12.298535,-12.228744,-12.152627,-12.07405,-11.992056,-11.905529,-11.814675,-11.72279,-11.628688,-11.538439,-11.456006,-11.388738,-11.340593,-11.299433,-11.264213,-11.236121,-11.215919,-11.20023,-11.184866,-11.175075,-11.174356,-11.177266,-11.18251,-11.189201,-11.201056,-11.211342,-11.221652,-11.233023,-11.244768,-11.255128,-11.262835,-11.267281,-11.266821,-11.262541,-11.254769,-11.243107,-11.227527,-11.214335,-11.198801,-11.182451,-11.16525,-11.148265,-11.128326,-11.107653,-11.087093,-11.066086,-11.044381,-11.024216,-11.003656,-10.984805,-10.967535,-10.951318,-10.937752,-10.924397,-10.914173,-10.90796,-10.903673,-10.901706,-10.902133,-10.904851,-10.908541,-10.912613,-10.917643,-10.923405,-10.928425,-10.934325,-10.940609,-10.947747,-10.955703,-10.963814,-10.972259,-10.980948,-10.990059,-11.001017,-11.012487,-11.025453,-11.03977,-11.056933,-11.075626,-11.096618,-11.118157,-11.139584,-11.161087,-11.183775,-11.206564],"drift":[-0.03864266,-0.03864266,-0.03791364,-0.03645561,-0.03459601,-0.03238578,-0.0298249,-0.02691339,-0.02399844,-0.02141627,-0.01916687,-0.01725026,-0.01566643,-0.01441538,-0.0134971,-0.01291161,-0.0126589,-0.01273896,-0.01315181,-0.01389744,-0.01514785,-0.01629539,-0.01752738,-0.01884382,-0.02024472,-0.02173007,-0.02329987,-0.02495413,-0.02669284,-0.028516,-0.03042361,-0.03241568,-0.0344922,-0.03599139,-0.03724873,-0.03826422,-0.03903786,-0.03956966,-0.0398596,-0.03963065,-0.03888279,-0.03761604,-0.03583039,-0.03352584,-0.0307024,-0.02736005,-0.02400931,-0.02065018,-0.01728266,-0.01390675,-0.01050018,-0.00726854,-0.00421183,-0.00133006,0.00137679,0.00447245,0.00734936,0.01037133,0.01398164,0.01813407,0.0231005,0.02827429,0.03365544,0.03916701,0.044809,0.05058141,0.05648424,0.06216083,0.0678969,0.07360973,0.07881857,0.08399321,0.08889711,0.09353347,0.09802858,0.10446138,0.11167521,0.11893621,0.12624437,0.13347526,0.14006959,0.14505432,0.14908128,0.15114564,0.15184319,0.15124505,0.14944838,0.14675526,0.14407666,0.14141757,0.13843334,0.1349388,0.1310506,0.12719687,0.12354606,0.12018596,0.11740879,0.11490205,0.11281489,0.11111368,0.10965758,0.10832003,0.10695275,0.10549437,0.10383733,0.10221121,0.10014886,0.09784997,0.0954551,0.09302726,0.09061081,0.0882462,0.08590722,0.08373241,0.08172131,0.07990889,0.07825677,0.07670648,0.07515599,0.07372207,0.07243937,0.07146395,0.07092871,0.07083165,0.07109262,0.07139452,0.07154791,0.07148031,0.07108212,0.0701983,0.06866503,0.06640169,0.06326738,0.05928471,0.05457417,0.04946452,0.04439637,0.03942998,0.03459595,0.02996642,0.02564391,0.02163439,0.01782203,0.0142622,0.0111282,0.00843558,0.00617307,0.00431506,0.00296548,0.00203253,0.00148768,0.00134713,0.00161823,0.00226596,0.00322725,0.0044298,0.00575718,0.00713102,0.00848469,0.00973847,0.01080858,0.01180374,0.01268161,0.01344413,0.01408854,0.01464189,0.01502865,0.01523796,0.01527992,0.01514182,0.01479735,0.01428412,0.01357354,0.01269705,0.01167677,0.01051372,0.00925471,0.00786678,0.00640472,0.00494872,0.0035135,0.0021269,0.0008206,-0.00037441,-0.0014652,-0.002474,-0.00340243,-0.00425669,-0.00508694,-0.00589164,-0.00668401,-0.00746208,-0.00822463,-0.00899074,-0.00977403,-0.01059144,-0.01145538,-0.01233496,-0.01324174,-0.0141572,-0.01506762,-0.01591217,-0.01666926,-0.01729046,-0.01777805,-0.01815092,-0.01841838,-0.01855162,-0.01855162],"instab":[null,null,null,null,null,null,null,null,10.801304,10.801304,10.801304,10.801304,10.801304,10.801304,10.801304,10.801304,10.801304,10.801304,10.801304,9.736517,8.89584,5.010191,5.010191,1.255826,1.403681,1.403681,1.403681,null,null,null,null,null,null,1.86669,1.86669,1.86669,1.86669,1.86669,1.699546,1.263932,null,null,null,null,null,null,null,null,null,1.171249,1.050943,1.050943,0.946794,null,1.127009,1.120754,1.105864,1.065112,1.07153,1.007581,1.036836,1.036836,0.984081,0.984081,0.984081,0.868164,0.828971,0.839024,0.803345,0.820048,0.883787,0.85446,0.824737,0.801876,1.172358,1.347115,1.390621,1.427535,1.424462,1.432126,1.416326,1.468922,1.50059,1.529669,1.490322,1.452702,1.455635,1.487416,1.49175,1.500131,1.490466,1.486359,1.489109,1.489569,1.23141,1.031306,1.004403,0.979956,0.990692,0.990795,0.962687,0.85643,0.815953,0.680898,0.661288,0.669488,0.632926,0.450802,0.452543,0.430704,0.428177,0.41966,0.374105,0.370567,0.370595,0.362404,0.313089,0.313438,0.314811,0.301352,0.296651,0.288841,0.291353,0.29744,0.307336,0.255663,0.220161,0.202575,0.198183,0.196784,0.204631,0.207491,0.225684,0.25761,0.312171,0.350563,0.347349,0.344655,0.345782,0.346973,0.353279,0.370717,0.369242,0.362411,0.334952,0.336957,0.34558,0.345885,0.359021,0.3631,0.361264,0.361143,0.348214,0.322212,0.249836,0.125558,0.12662,0.133111,0.138573,0.144865,0.189477,0.177488,0.188091,0.193088,0.198825,0.19158,0.187237,0.193011,0.172031,0.163148,0.164277,0.159136,0.150957,0.137263,0.122973,0.101223,0.095621,0.090771,0.085892,0.086807,0.066424,0.068927,0.071549,0.080192,0.085749,0.087753,0.089985,0.094339,0.093479,0.093833,0.085457,0.085115,0.078489,0.073667,0.071891,0.063491,0.066444,0.057486,0.045768,0.046813,0.053448,0.053439,0.054994,0.053667,0.052125,0.052114,0.051572,0.044473,0.071613],