{"word":"carabinero","years":[1800,1801,1802,1803,1804,1805,1806,1807,1808,1809,1810,1811,1812,1813,1814,1815,1816,1817,1818,1819,1820,1821,1822,1823,1824,1825,1826,1827,1828,1829,1830,1831,1832,1833,1834,1835,1836,1837,1838,1839,1840,1841,1842,1843,1844,1845,1846,1847,1848,1849,1850,1851,1852,1853,1854,1855,1856,1857,1858,1859,1860,1861,1862,1863,1864,1865,1866,1867,1868,1869,1870,1871,1872,1873,1874,1875,1876,1877,1878,1879,1880,1881,1882,1883,1884,1885,1886,1887,1888,1889,1890,1891,1892,1893,1894,1895,1896,1897,1898,1899,1900,1901,1902,1903,1904,1905,1906,1907,1908,1909,1910,1911,1912,1913,1914,1915,1916,1917,1918,1919,1920,1921,1922,1923,1924,1925,1926,1927,1928,1929,1930,1931,1932,1933,1934,1935,1936,1937,1938,1939,1940,1941,1942,1943,1944,1945,1946,1947,1948,1949,1950,1951,1952,1953,1954,1955,1956,1957,1958,1959,1960,1961,1962,1963,1964,1965,1966,1967,1968,1969,1970,1971,1972,1973,1974,1975,1976,1977,1978,1979,1980,1981,1982,1983,1984,1985,1986,1987,1988,1989,1990,1991,1992,1993,1994,1995,1996,1997,1998,1999,2000,2001,2002,2003,2004,2005,2006,2007,2008],"level":[-17.901149,-17.909352,-17.924133,-17.938913,-17.953694,-17.968474,-17.983255,-17.998035,-18.012816,-18.027596,-18.042377,-18.057157,-18.071938,-18.086718,-18.101498,-18.116279,-18.131059,-18.14584,-18.16062,-18.175401,-18.190181,-18.204962,-18.219742,-18.234522,-18.249303,-18.264083,-18.278864,-18.293644,-18.308425,-18.323205,-18.337985,-18.352766,-18.367546,-18.382327,-18.397107,-18.411888,-18.426668,-18.443533,-18.460397,-18.477262,-18.494126,-18.510991,-18.527856,-18.54472,-18.561585,-18.569755,-18.602126,-18.63607,-18.670014,-18.703957,-18.740203,-18.776003,-18.802774,-18.820401,-18.832963,-18.845469,-18.857975,-18.87048,-18.882986,-18.887435,-18.891884,-18.899969,-18.908054,-18.91614,-18.924225,-18.93231,-18.940396,-18.948481,-18.956566,-18.964651,-18.972737,-18.980822,-18.988907,-18.996992,-19.005078,-19.013163,-19.021248,-19.033186,-19.045124,-19.057061,-19.079869,-19.102677,-19.125485,-19.148293,-19.165354,-19.182416,-19.18986,-19.197305,-19.195932,-19.194559,-19.193186,-19.191814,-19.190441,-19.189068,-19.188264,-19.187459,-19.186655,-19.201653,-19.205405,-19.209156,-19.212908,-19.216659,-19.220411,-19.224162,-19.214882,-19.19976,-19.194808,-19.189856,-19.184903,-19.192806,-19.200709,-19.218189,-19.242723,-19.26594,-19.275858,-19.285776,-19.2837,-19.281625,-19.278513,-19.275401,-19.272289,-19.26648,-19.248444,-19.230409,-19.200335,-19.184284,-19.168232,-19.148707,-19.120813,-19.090065,-19.050889,-19.011714,-18.985051,-18.958388,-18.931996,-18.904244,-18.890404,-18.880751,-18.869339,-18.849755,-18.851878,-18.866874,-18.891996,-18.91708,-18.959721,-18.99109,-19.030987,-19.067225,-19.098776,-19.128869,-19.15076,-19.17265,-19.189458,-19.201235,-19.210255,-19.216174,-19.222803,-19.231915,-19.238199,-19.247189,-19.256674,-19.265509,-19.284932,-19.296811,-19.309597,-19.316335,-19.324443,-19.310631,-19.300331,-19.291689,-19.291602,-19.289897,-19.282478,-19.286645,-19.297986,-19.31744,-19.340217,-19.367018,-19.40001,-19.422297,-19.440076,-19.452362,-19.462686,-19.476142,-19.488499,-19.481373,-19.490977,-19.500398,-19.507853,-19.521802,-19.531766,-19.541817,-19.552714,-19.559741,-19.565696,-19.576407,-19.579919,-19.576481,-19.569404,-19.5604,-19.560196,-19.568291,-19.571327,-19.574334,-19.580523,-19.589044,-19.588344,-19.598919,-19.607451],"drift":[-0.00820346,-0.00820346,-0.00820346,-0.00820346,-0.00820346,-0.00820346,-0.00820346,-0.00820346,-0.00820346,-0.00820346,-0.00820346,-0.00820346,-0.00820346,-0.00820346,-0.00820345,-0.00820345,-0.00820345,-0.00820345,-0.00820345,-0.00820345,-0.00820346,-0.00820346,-0.00820346,-0.00820346,-0.00820346,-0.00820346,-0.00820346,-0.00820346,-0.00820346,-0.00820346,-0.00820346,-0.00820346,-0.00820346,-0.00820346,-0.00820346,-0.00820346,-0.00820346,-0.00820346,-0.00820346,-0.00820346,-0.00820346,-0.00820346,-0.00820346,-0.00820346,-0.00820346,-0.00820345,-0.00820345,-0.00820345,-0.00820345,-0.00820345,-0.00820345,-0.00820345,-0.00820344,-0.00820344,-0.00820344,-0.00820344,-0.00820344,-0.00820344,-0.00820343,-0.00820343,-0.00820343,-0.00820343,-0.00820343,-0.00820343,-0.00820342,-0.00820342,-0.00820342,-0.00820342,-0.00820342,-0.00820342,-0.00820341,-0.00820341,-0.00820341,-0.00820341,-0.00820341,-0.00820341,-0.0082034,-0.0082034,-0.0082034,-0.0082034,-0.0082034,-0.0082034,-0.00820339,-0.00820339,-0.00820339,-0.00820339,-0.00820339,-0.00820338,-0.00820338,-0.00820338,-0.00820338,-0.00820338,-0.00820337,-0.00820337,-0.00820337,-0.00820337,-0.00820337,-0.00820337,-0.00820336,-0.00820336,-0.00820336,-0.00820336,-0.00820336,-0.00820336,-0.00820335,-0.00820335,-0.00820335,-0.00820335,-0.00820335,-0.00820335,-0.00820335,-0.00820335,-0.00820334,-0.00820334,-0.00820334,-0.00820334,-0.00820334,-0.00820334,-0.00820334,-0.00820333,-0.00820333,-0.00820333,-0.00820333,-0.00820333,-0.00820333,-0.00820333,-0.00820333,-0.00820333,-0.00820333,-0.00820332,-0.00820332,-0.00820332,-0.00820332,-0.00820332,-0.00820332,-0.00820333,-0.00820333,-0.00820333,-0.00820333,-0.00820333,-0.00820333,-0.00820333,-0.00820333,-0.00820333,-0.00820333,-0.00820333,-0.00820333,-0.00820333,-0.00820333,-0.00820333,-0.00820333,-0.00820333,-0.00820333,-0.00820333,-0.00820333,-0.00820333,-0.00820333,-0.00820333,-0.00820333,-0.00820333,-0.00820333,-0.00820333,-0.00820333,-0.00820333,-0.00820333,-0.00820333,-0.00820333,-0.00820333,-0.00820333,-0.00820333,-0.00820333,-0.00820333,-0.00820333,-0.00820333,-0.00820333,-0.00820333,-0.00820333,-0.00820333,-0.00820333,-0.00820333,-0.00820333,-0.00820333,-0.00820333,-0.00820333,-0.00820333,-0.00820333,-0.00820333,-0.00820333,-0.00820333,-0.00820333,-0.00820333,-0.00820333,-0.00820332,-0.00820332,-0.00820332,-0.00820332,-0.00820332,-0.00820332,-0.00820332,-0.00820332,-0.00820332,-0.00820332,-0.00820332,-0.00820332,-0.00820332,-0.00820332,-0.00820332,-0.00820332,-0.00820332],"instab":[null,null,null,null,null,null,null,null,null,null,null,null,null,null,null,null,null,null,null,null,null,null,null,null,null,null,null,null,null,null,null,null,null,null,null,null,null,null,null,null,null,null,null,null,null,null,null,null,null,134.356895,122.718142,113.705584,106.408926,100.33008,95.165208,95.165208,1.29173,1.29173,1.22246,1.22246,1.204118,1.204118,1.204118,1.204118,1.233492,0.626113,0.667898,0.667898,0.667898,0.720975,0.787061,0.721451,null,null,null,null,null,null,null,null,null,null,null,null,null,null,null,1.122764,1.122764,1.122764,1.122764,1.122764,1.122764,1.036624,1.036624,1.036624,1.279945,1.292521,1.292521,1.268273,1.268273,1.268273,1.268273,1.294572,1.183006,1.28911,1.28911,1.353296,1.333042,1.333042,1.246652,1.166154,1.14293,1.314466,1.314466,1.326441,1.221518,1.155267,1.155267,1.155267,1.096488,1.088888,1.088888,1.068387,1.2205,1.186683,1.13146,1.091598,0.974414,0.93829,0.912655,1.074607,1.118943,1.024726,0.982989,1.00757,0.971625,0.97465,0.975005,1.090669,1.104353,1.031532,1.023331,0.985764,1.073758,1.041725,1.082443,1.107911,1.127718,1.173706,1.173706,1.127671,1.113635,1.115852,1.119637,1.031101,1.019539,1.02165,1.014268,0.810688,0.728597,0.742047,0.760401,0.632691,0.559245,0.532839,0.692163,0.714938,0.728729,0.753028,0.732989,0.725211,0.782477,0.796692,0.807314,0.80757,0.807261,0.803753,0.872035,0.885547,0.89923,0.864444,0.844503,0.845231,0.949622,1.045899,0.904035,0.898967,0.906517,0.884295,0.884085,0.876582,0.825044,0.802234,0.788764,0.798423,0.800402,0.787331,0.74021,0.782115,0.800411,0.80716,0.804128,0.808174,0.650969,0.547074,0.616121,0.61671,0.598704],