{"word":"cardiomyoplasty","years":[1800,1801,1802,1803,1804,1805,1806,1807,1808,1809,1810,1811,1812,1813,1814,1815,1816,1817,1818,1819,1820,1821,1822,1823,1824,1825,1826,1827,1828,1829,1830,1831,1832,1833,1834,1835,1836,1837,1838,1839,1840,1841,1842,1843,1844,1845,1846,1847,1848,1849,1850,1851,1852,1853,1854,1855,1856,1857,1858,1859,1860,1861,1862,1863,1864,1865,1866,1867,1868,1869,1870,1871,1872,1873,1874,1875,1876,1877,1878,1879,1880,1881,1882,1883,1884,1885,1886,1887,1888,1889,1890,1891,1892,1893,1894,1895,1896,1897,1898,1899,1900,1901,1902,1903,1904,1905,1906,1907,1908,1909,1910,1911,1912,1913,1914,1915,1916,1917,1918,1919,1920,1921,1922,1923,1924,1925,1926,1927,1928,1929,1930,1931,1932,1933,1934,1935,1936,1937,1938,1939,1940,1941,1942,1943,1944,1945,1946,1947,1948,1949,1950,1951,1952,1953,1954,1955,1956,1957,1958,1959,1960,1961,1962,1963,1964,1965,1966,1967,1968,1969,1970,1971,1972,1973,1974,1975,1976,1977,1978,1979,1980,1981,1982,1983,1984,1985,1986,1987,1988,1989,1990,1991,1992,1993,1994,1995,1996,1997,1998,1999,2000,2001,2002,2003,2004,2005,2006,2007,2008],"level":[-61.244676,-61.025476,-60.806275,-60.587074,-60.367872,-60.148669,-59.929464,-59.710257,-59.491048,-59.271836,-59.05262,-58.833402,-58.61418,-58.394954,-58.175723,-57.956488,-57.737247,-57.518002,-57.29875,-57.079493,-56.860229,-56.640958,-56.42168,-56.202395,-55.983102,-55.763801,-55.544492,-55.325174,-55.105847,-54.88651,-54.667164,-54.447807,-54.22844,-54.009063,-53.789674,-53.570274,-53.350862,-53.131437,-52.912001,-52.692551,-52.473089,-52.253613,-52.034123,-51.814619,-51.595101,-51.375568,-51.156019,-50.936456,-50.716876,-50.49728,-50.277668,-50.058039,-49.838393,-49.618729,-49.399047,-49.179347,-48.959629,-48.739892,-48.520136,-48.30036,-48.080564,-47.860748,-47.640912,-47.421055,-47.201176,-46.981276,-46.761354,-46.54141,-46.321443,-46.101454,-45.881441,-45.661405,-45.441345,-45.22126,-45.001151,-44.781017,-44.560858,-44.340673,-44.120463,-43.900226,-43.679962,-43.459672,-43.239354,-43.019009,-42.798636,-42.578234,-42.357804,-42.137345,-41.916857,-41.696339,-41.475791,-41.255213,-41.034604,-40.813964,-40.593293,-40.372591,-40.151856,-39.931089,-39.710289,-39.489457,-39.268591,-39.047691,-38.826758,-38.60579,-38.384787,-38.16375,-37.942677,-37.721568,-37.500424,-37.279243,-37.058025,-36.83677,-36.615478,-36.394149,-36.172781,-35.951375,-35.72993,-35.508446,-35.286923,-35.06536,-34.843757,-34.622114,-34.40043,-34.178705,-33.956938,-33.73513,-33.51328,-33.291387,-33.069452,-32.847473,-32.625451,-32.403386,-32.181276,-31.959122,-31.736923,-31.514679,-31.292389,-31.070054,-30.847672,-30.625245,-30.40277,-30.180248,-29.957679,-29.735062,-29.512397,-29.289684,-29.066921,-28.84411,-28.621249,-28.398338,-28.175377,-27.952366,-27.729304,-27.50619,-27.283026,-27.059809,-26.83654,-26.613219,-26.389845,-26.166417,-25.942936,-25.719402,-25.495813,-25.272169,-25.048471,-24.824718,-24.600909,-24.377044,-24.153123,-23.929145,-23.705111,-23.481019,-23.25687,-23.032663,-22.808398,-22.584074,-22.359691,-22.135249,-21.910747,-21.686186,-21.461564,-21.236882,-21.012139,-20.787334,-20.562468,-20.33754,-20.11255,-19.887496,-19.654338,-19.418481,-19.187624,-18.961102,-18.741606,-18.523542,-18.315219,-18.128436,-17.973663,-17.851637,-17.76371,-17.710346,-17.687361,-17.687919,-17.706777,-17.741266,-17.7876,-17.848475,-17.924725,-18.01234,-18.105617],"drift":[0.21919996,0.21920029,0.21920097,0.21920198,0.21920333,0.21920501,0.21920703,0.21920939,0.21921208,0.21921511,0.21921848,0.21922218,0.21922622,0.2192306,0.21923531,0.21924036,0.21924574,0.21925147,0.21925753,0.21926392,0.21927065,0.21927772,0.21928513,0.21929287,0.21930095,0.21930936,0.21931811,0.2193272,0.21933662,0.21934638,0.21935648,0.21936691,0.21937768,0.21938879,0.21940023,0.21941201,0.21942413,0.21943658,0.21944937,0.2194625,0.21947596,0.21948976,0.2195039,0.21951837,0.21953318,0.21954832,0.2195638,0.21957962,0.21959578,0.21961227,0.2196291,0.21964626,0.21966376,0.2196816,0.21969977,0.21971828,0.21973713,0.21975631,0.21977583,0.21979569,0.21981588,0.21983641,0.21985728,0.21987848,0.21990002,0.2199219,0.21994411,0.21996666,0.21998954,0.22001277,0.22003632,0.22006022,0.22008445,0.22010902,0.22013392,0.22015917,0.22018474,0.22021066,0.22023691,0.2202635,0.22029042,0.22031768,0.22034528,0.22037321,0.22040148,0.22043009,0.22045903,0.22048831,0.22051793,0.22054788,0.22057817,0.22060879,0.22063975,0.22067105,0.22070269,0.22073466,0.22076697,0.22079961,0.2208326,0.22086591,0.22089957,0.22093356,0.22096789,0.22100255,0.22103755,0.22107289,0.22110856,0.22114457,0.22118092,0.2212176,0.22125462,0.22129198,0.22132967,0.2213677,0.22140607,0.22144477,0.22148381,0.22152318,0.2215629,0.22160294,0.22164333,0.22168405,0.22172511,0.2217665,0.22180824,0.2218503,0.22189271,0.22193545,0.22197853,0.22202194,0.22206569,0.22210978,0.2221542,0.22219896,0.22224406,0.22228949,0.22233526,0.22238137,0.22242781,0.22247459,0.2225217,0.22256916,0.22261695,0.22266507,0.22271353,0.22276233,0.22281147,0.22286094,0.22291075,0.22296089,0.22301137,0.22306219,0.22311334,0.22316483,0.22321666,0.22326883,0.22332133,0.22337416,0.22342734,0.22348085,0.22353469,0.22358888,0.22364339,0.22369825,0.22375344,0.22380897,0.22386484,0.22392104,0.22397758,0.22403445,0.22409167,0.22414921,0.2242071,0.22426532,0.22432388,0.22438277,0.224442,0.22450157,0.22456148,0.22462172,0.22468229,0.22474321,0.22480446,0.22486604,0.22492797,0.22499023,0.22505282,0.23315865,0.23585661,0.23085705,0.2265218,0.21949596,0.21806489,0.2083228,0.18678302,0.15477284,0.12202605,0.08792692,0.05336426,0.02298457,-0.00055839,-0.0188573,-0.0344889,-0.04633423,-0.06087525,-0.07624951,-0.08761512,-0.09327691,-0.09327691],"instab":[null,null,null,null,null,null,null,null,null,null,null,null,null,null,null,null,null,null,null,null,null,null,null,null,null,null,null,null,null,null,null,null,null,null,null,null,null,null,null,null,null,null,null,null,null,null,null,null,null,null,null,null,null,null,null,null,null,null,null,null,null,null,null,null,null,null,null,null,null,null,null,null,null,null,null,null,null,null,null,null,null,null,null,null,null,null,null,null,null,null,null,null,null,null,null,null,null,null,null,null,null,null,null,null,null,null,null,null,null,null,null,null,null,null,null,null,null,null,null,null,null,null,null,null,null,null,null,null,null,null,null,null,null,null,null,null,null,null,null,null,null,null,null,null,null,null,null,null,null,null,null,null,null,null,null,null,null,null,null,null,null,null,null,null,null,null,null,null,null,null,null,null,null,null,null,null,null,null,null,null,null,null,null,null,null,null,null,null,null,null,9.287225,8.488406,7.748823,7.231434,6.832323,6.526006,6.197461,5.917251,5.678732,5.460079,5.261558,5.083327,4.926092,4.779233,4.653639,4.54094,1.519327,1.415336,1.111315],