{"word":"caseinsensitive","years":[1800,1801,1802,1803,1804,1805,1806,1807,1808,1809,1810,1811,1812,1813,1814,1815,1816,1817,1818,1819,1820,1821,1822,1823,1824,1825,1826,1827,1828,1829,1830,1831,1832,1833,1834,1835,1836,1837,1838,1839,1840,1841,1842,1843,1844,1845,1846,1847,1848,1849,1850,1851,1852,1853,1854,1855,1856,1857,1858,1859,1860,1861,1862,1863,1864,1865,1866,1867,1868,1869,1870,1871,1872,1873,1874,1875,1876,1877,1878,1879,1880,1881,1882,1883,1884,1885,1886,1887,1888,1889,1890,1891,1892,1893,1894,1895,1896,1897,1898,1899,1900,1901,1902,1903,1904,1905,1906,1907,1908,1909,1910,1911,1912,1913,1914,1915,1916,1917,1918,1919,1920,1921,1922,1923,1924,1925,1926,1927,1928,1929,1930,1931,1932,1933,1934,1935,1936,1937,1938,1939,1940,1941,1942,1943,1944,1945,1946,1947,1948,1949,1950,1951,1952,1953,1954,1955,1956,1957,1958,1959,1960,1961,1962,1963,1964,1965,1966,1967,1968,1969,1970,1971,1972,1973,1974,1975,1976,1977,1978,1979,1980,1981,1982,1983,1984,1985,1986,1987,1988,1989,1990,1991,1992,1993,1994,1995,1996,1997,1998,1999,2000,2001,2002,2003,2004,2005,2006,2007,2008],"level":[-35.291868,-35.21545,-35.139032,-35.062614,-34.986196,-34.909778,-34.83336,-34.756942,-34.680524,-34.604106,-34.527688,-34.45127,-34.374852,-34.298434,-34.222016,-34.145598,-34.06918,-33.992762,-33.916344,-33.839926,-33.763508,-33.68709,-33.610672,-33.534254,-33.457836,-33.381418,-33.305,-33.228582,-33.152164,-33.075746,-32.999328,-32.92291,-32.846492,-32.770074,-32.693656,-32.617238,-32.54082,-32.464402,-32.387984,-32.311566,-32.235148,-32.15873,-32.082312,-32.005894,-31.929476,-31.853058,-31.77664,-31.700222,-31.623804,-31.547386,-31.470968,-31.39455,-31.318132,-31.241714,-31.165296,-31.088878,-31.01246,-30.936042,-30.859624,-30.783206,-30.706788,-30.63037,-30.553952,-30.477534,-30.401116,-30.324698,-30.24828,-30.171862,-30.095444,-30.019026,-29.942608,-29.86619,-29.789772,-29.713354,-29.636936,-29.560518,-29.4841,-29.407682,-29.331264,-29.254846,-29.178428,-29.10201,-29.025592,-28.949174,-28.872756,-28.796338,-28.71992,-28.643502,-28.567084,-28.490666,-28.414248,-28.33783,-28.261412,-28.184994,-28.108576,-28.032158,-27.95574,-27.879322,-27.802904,-27.726486,-27.650068,-27.57365,-27.497232,-27.420814,-27.344396,-27.267978,-27.19156,-27.115142,-27.038724,-26.962306,-26.885888,-26.80947,-26.733052,-26.656634,-26.580216,-26.503798,-26.42738,-26.350962,-26.274544,-26.198126,-26.121708,-26.04529,-25.968872,-25.892454,-25.816036,-25.739618,-25.6632,-25.586782,-25.510364,-25.433946,-25.357528,-25.28111,-25.204692,-25.128274,-25.051856,-24.975438,-24.89902,-24.822602,-24.746184,-24.669766,-24.593348,-24.51693,-24.440512,-24.364094,-24.287676,-24.211258,-24.13484,-24.058422,-23.982004,-23.905586,-23.829168,-23.75275,-23.676332,-23.599914,-23.523496,-23.447078,-23.37066,-23.294242,-23.217824,-23.141406,-23.064988,-22.98857,-22.912152,-22.835734,-22.759316,-22.682898,-22.60648,-22.530062,-22.453644,-22.377226,-22.300808,-22.22439,-22.147972,-22.071554,-21.995136,-21.918718,-21.8423,-21.765882,-21.689464,-21.613046,-21.536628,-21.46021,-21.383792,-21.261871,-21.139948,-21.507217,-21.379424,-21.251632,-22.141041,-21.686339,-20.808033,-20.782364,-20.010154,-19.623604,-19.607448,-19.185999,-19.507363,-19.293892,-18.60159,-18.728281,-19.121991,-18.985763,-18.37158,-18.238875,-18.743345,-18.886892,-18.99166,-19.406011,-19.395519],"drift":[0.07642476,0.07642476,0.07642476,0.07642476,0.07642476,0.07642476,0.07642476,0.07642476,0.07642476,0.07642476,0.07642476,0.07642476,0.07642476,0.07642476,0.07642476,0.07642476,0.07642476,0.07642476,0.07642476,0.07642476,0.07642476,0.07642476,0.07642476,0.07642476,0.07642476,0.07642476,0.07642476,0.07642476,0.07642476,0.07642476,0.07642476,0.07642476,0.07642476,0.07642476,0.07642476,0.07642476,0.07642476,0.07642476,0.07642476,0.07642476,0.07642476,0.07642476,0.07642476,0.07642476,0.07642476,0.07642476,0.07642476,0.07642476,0.07642476,0.07642476,0.07642476,0.07642476,0.07642476,0.07642476,0.07642476,0.07642476,0.07642476,0.07642476,0.07642476,0.07642476,0.07642476,0.07642476,0.07642476,0.07642476,0.07642476,0.07642476,0.07642476,0.07642476,0.07642476,0.07642476,0.07642476,0.07642476,0.07642476,0.07642476,0.07642476,0.07642476,0.07642476,0.07642476,0.07642476,0.07642476,0.07642476,0.07642476,0.07642476,0.07642476,0.07642476,0.07642476,0.07642476,0.07642476,0.07642476,0.07642476,0.07642476,0.07642476,0.07642476,0.07642476,0.07642476,0.07642476,0.07642476,0.07642476,0.07642476,0.07642476,0.07642476,0.07642476,0.07642476,0.07642476,0.07642476,0.07642476,0.07642476,0.07642476,0.07642476,0.07642476,0.07642476,0.07642476,0.07642476,0.07642476,0.07642476,0.07642476,0.07642476,0.07642476,0.07642476,0.07642476,0.07642476,0.07642476,0.07642476,0.07642476,0.07642476,0.07642476,0.07642476,0.07642476,0.07642476,0.07642476,0.07642476,0.07642476,0.07642476,0.07642476,0.07642476,0.07642476,0.07642476,0.07642476,0.07642476,0.07642476,0.07642476,0.07642476,0.07642476,0.07642476,0.07642476,0.07642476,0.07642476,0.07642476,0.07642476,0.07642476,0.07642476,0.07642476,0.07642476,0.07642476,0.07642476,0.07642476,0.07642476,0.07642476,0.07642476,0.07642476,0.07642476,0.07642476,0.07642476,0.07642476,0.07642476,0.07642476,0.07642476,0.07642476,0.07642476,0.07642476,0.07642476,0.07642476,0.07642476,0.07642476,0.07642476,0.07642476,0.07642476,0.07642476,0.07642476,0.07642476,0.07642476,0.07642476,0.07642476,0.07642475,0.07642475,0.07642475,0.07642475,0.07642475,0.07642475,0.07642475,0.07642475,0.07642475,0.07642475,0.07642475,0.07642475,0.07642475,0.07642475,0.07642475,0.07642475,0.07642475,0.07642475,0.07642475,0.07642475,0.07642475,0.07642475,0.07642475,0.07642475,0.07642475,0.07642475],"instab":[null,null,null,null,null,null,null,null,null,null,null,null,null,null,null,null,null,null,null,null,null,null,null,null,null,null,null,null,null,null,null,null,null,null,null,null,null,null,null,null,null,null,null,null,null,null,null,null,null,null,null,null,null,null,null,null,null,null,null,null,null,null,null,null,null,null,null,null,null,null,null,null,null,null,null,null,null,null,null,null,null,null,null,null,null,null,null,null,null,null,null,null,null,null,null,null,null,null,null,null,null,null,null,null,null,null,null,null,null,null,null,null,null,null,null,null,null,null,null,null,null,null,null,null,null,null,null,null,null,null,null,null,null,null,null,null,null,null,null,null,null,null,null,null,null,null,null,null,null,null,null,null,null,null,null,null,null,null,null,null,null,null,null,null,null,null,null,null,null,null,null,null,null,null,null,null,null,null,null,null,null,null,null,null,null,null,null,null,9.515033,8.749509,8.165204,7.627679,7.21781,6.84899,6.520458,6.24552,5.987822,5.76902,5.582394,5.398729,5.229855,5.08152,0.501723,0.488297,0.507107,0.496822,0.486957,0.495799,0.448494],