{"word":"casebase","years":[1800,1801,1802,1803,1804,1805,1806,1807,1808,1809,1810,1811,1812,1813,1814,1815,1816,1817,1818,1819,1820,1821,1822,1823,1824,1825,1826,1827,1828,1829,1830,1831,1832,1833,1834,1835,1836,1837,1838,1839,1840,1841,1842,1843,1844,1845,1846,1847,1848,1849,1850,1851,1852,1853,1854,1855,1856,1857,1858,1859,1860,1861,1862,1863,1864,1865,1866,1867,1868,1869,1870,1871,1872,1873,1874,1875,1876,1877,1878,1879,1880,1881,1882,1883,1884,1885,1886,1887,1888,1889,1890,1891,1892,1893,1894,1895,1896,1897,1898,1899,1900,1901,1902,1903,1904,1905,1906,1907,1908,1909,1910,1911,1912,1913,1914,1915,1916,1917,1918,1919,1920,1921,1922,1923,1924,1925,1926,1927,1928,1929,1930,1931,1932,1933,1934,1935,1936,1937,1938,1939,1940,1941,1942,1943,1944,1945,1946,1947,1948,1949,1950,1951,1952,1953,1954,1955,1956,1957,1958,1959,1960,1961,1962,1963,1964,1965,1966,1967,1968,1969,1970,1971,1972,1973,1974,1975,1976,1977,1978,1979,1980,1981,1982,1983,1984,1985,1986,1987,1988,1989,1990,1991,1992,1993,1994,1995,1996,1997,1998,1999,2000,2001,2002,2003,2004,2005,2006,2007,2008],"level":[-78.948712,-78.650517,-78.352321,-78.054123,-77.755922,-77.457716,-77.159506,-76.861289,-76.563064,-76.264831,-75.966588,-75.668335,-75.37007,-75.071792,-74.773501,-74.475194,-74.176872,-73.878533,-73.580175,-73.281799,-72.983402,-72.684984,-72.386544,-72.088081,-71.789593,-71.491079,-71.192539,-70.893971,-70.595375,-70.296749,-69.998092,-69.699403,-69.400682,-69.101926,-68.803135,-68.504309,-68.205445,-67.906542,-67.607601,-67.308619,-67.009596,-66.71053,-66.411421,-66.112267,-65.813067,-65.513821,-65.214527,-64.915184,-64.615791,-64.316348,-64.016852,-63.717303,-63.4177,-63.118041,-62.818327,-62.518555,-62.218724,-61.918835,-61.618884,-61.318872,-61.018798,-60.718659,-60.418456,-60.118187,-59.817851,-59.517448,-59.216975,-58.916432,-58.615818,-58.315132,-58.014372,-57.713538,-57.412629,-57.111643,-56.81058,-56.509438,-56.208216,-55.906914,-55.60553,-55.304063,-55.002513,-54.700877,-54.399155,-54.097346,-53.79545,-53.493463,-53.191387,-52.889219,-52.586959,-52.284606,-51.982158,-51.679614,-51.376974,-51.074236,-50.771399,-50.468463,-50.165425,-49.862286,-49.559043,-49.255697,-48.952245,-48.648688,-48.345023,-48.041249,-47.737367,-47.433373,-47.129269,-46.825052,-46.520721,-46.216275,-45.911714,-45.607036,-45.30224,-44.997325,-44.69229,-44.387134,-44.081856,-43.776455,-43.470929,-43.165278,-42.859501,-42.553597,-42.247563,-41.941401,-41.635107,-41.328683,-41.022125,-40.715433,-40.408607,-40.101645,-39.794545,-39.487308,-39.179932,-38.872415,-38.564757,-38.256957,-37.949014,-37.640926,-37.332692,-37.024312,-36.715785,-36.407108,-36.098282,-35.789306,-35.480177,-35.170896,-34.86146,-34.55187,-34.242123,-33.932219,-33.622157,-33.311936,-33.001554,-32.691011,-32.380305,-32.069436,-31.758403,-31.447203,-31.135837,-30.824303,-30.512601,-30.200728,-29.888685,-29.576469,-29.26408,-28.951518,-28.63878,-28.325865,-28.012774,-27.699503,-27.386054,-27.072424,-26.758612,-26.444618,-26.13044,-25.816077,-25.501529,-25.186793,-24.87187,-24.556757,-24.241455,-23.925961,-23.610275,-23.294396,-22.978322,-22.662053,-22.345588,-22.028925,-21.712063,-21.396174,-21.082427,-20.771995,-20.464249,-20.161533,-19.873132,-19.630495,-19.428023,-19.267917,-19.154288,-19.082859,-19.048869,-19.044879,-19.065925,-19.112266,-19.202859,-19.355199,-19.56784,-19.814784,-20.074384],"drift":[0.29819483,0.2981959,0.29819802,0.29820121,0.29820546,0.29821078,0.29821715,0.29822459,0.29823309,0.29824265,0.29825327,0.29826496,0.29827771,0.29829151,0.29830638,0.29832232,0.29833931,0.29835737,0.29837648,0.29839666,0.29841791,0.29844021,0.29846358,0.298488,0.29851349,0.29854004,0.29856766,0.29859633,0.29862607,0.29865687,0.29868873,0.29872165,0.29875564,0.29879068,0.29882679,0.29886396,0.29890219,0.29894149,0.29898184,0.29902326,0.29906574,0.29910928,0.29915388,0.29919955,0.29924628,0.29929406,0.29934292,0.29939283,0.2994438,0.29949584,0.29954894,0.2996031,0.29965832,0.2997146,0.29977195,0.29983036,0.29988983,0.29995036,0.30001195,0.30007461,0.30013833,0.30020311,0.30026895,0.30033585,0.30040381,0.30047284,0.30054293,0.30061408,0.30068629,0.30075957,0.3008339,0.3009093,0.30098576,0.30106328,0.30114187,0.30122151,0.30130222,0.30138399,0.30146682,0.30155071,0.30163567,0.30172169,0.30180876,0.30189691,0.30198611,0.30207637,0.3021677,0.30226009,0.30235354,0.30244805,0.30254362,0.30264026,0.30273796,0.30283672,0.30293654,0.30303742,0.30313937,0.30324237,0.30334644,0.30345157,0.30355777,0.30366502,0.30377334,0.30388272,0.30399316,0.30410466,0.30421722,0.30433085,0.30444554,0.30456129,0.3046781,0.30479597,0.30491491,0.30503491,0.30515596,0.30527809,0.30540127,0.30552551,0.30565082,0.30577719,0.30590462,0.30603311,0.30616267,0.30629328,0.30642496,0.3065577,0.3066915,0.30682637,0.30696229,0.30709928,0.30723733,0.30737644,0.30751661,0.30765785,0.30780015,0.30794351,0.30808793,0.30823341,0.30837995,0.30852756,0.30867623,0.30882596,0.30897675,0.3091286,0.30928152,0.3094355,0.30959054,0.30974664,0.3099038,0.31006203,0.31022132,0.31038166,0.31054308,0.31070555,0.31086908,0.31103368,0.31119934,0.31136606,0.31153384,0.31170269,0.31187259,0.31204356,0.31221559,0.31238868,0.31256284,0.31273805,0.31291433,0.31309167,0.31327007,0.31344953,0.31363006,0.31381164,0.31399429,0.314178,0.31436278,0.31454861,0.31473551,0.31492346,0.31511248,0.31530257,0.31549371,0.31568592,0.31587918,0.31607351,0.31626891,0.31646536,0.31666287,0.31686145,0.31588926,0.31374631,0.3104326,0.30774489,0.30271329,0.28839204,0.24263834,0.20247219,0.16010457,0.11363011,0.07143045,0.0339919,0.00399163,-0.02104647,-0.046346,-0.09059793,-0.15233965,-0.21263413,-0.24693766,-0.25959607,-0.25959607],"instab":[null,null,null,null,null,null,null,null,null,null,null,null,null,null,null,null,null,null,null,null,null,null,null,null,null,null,null,null,null,null,null,null,null,null,null,null,null,null,null,null,null,null,null,null,null,null,null,null,null,null,null,null,null,null,null,null,null,null,null,null,null,null,null,null,null,null,null,null,null,null,null,null,null,null,null,null,null,null,null,null,null,null,null,null,null,null,null,null,null,null,null,null,null,null,null,null,null,null,null,null,null,null,null,null,null,null,null,null,null,null,null,null,null,null,null,null,null,null,null,null,null,null,null,null,null,null,null,null,null,null,null,null,null,null,null,null,null,null,null,null,null,null,null,null,null,null,null,null,null,null,null,null,null,null,null,null,null,null,null,null,null,null,null,null,null,null,null,null,null,null,null,null,null,null,null,null,null,null,null,null,null,null,null,null,null,null,null,null,null,null,null,null,null,9.90105,9.392227,8.60635,8.013599,7.55331,7.141869,6.794954,6.488272,6.219591,5.976654,5.786014,5.634104,5.482121,5.319041,1.228822,1.219897],