{"word":"casomorphin","years":[1800,1801,1802,1803,1804,1805,1806,1807,1808,1809,1810,1811,1812,1813,1814,1815,1816,1817,1818,1819,1820,1821,1822,1823,1824,1825,1826,1827,1828,1829,1830,1831,1832,1833,1834,1835,1836,1837,1838,1839,1840,1841,1842,1843,1844,1845,1846,1847,1848,1849,1850,1851,1852,1853,1854,1855,1856,1857,1858,1859,1860,1861,1862,1863,1864,1865,1866,1867,1868,1869,1870,1871,1872,1873,1874,1875,1876,1877,1878,1879,1880,1881,1882,1883,1884,1885,1886,1887,1888,1889,1890,1891,1892,1893,1894,1895,1896,1897,1898,1899,1900,1901,1902,1903,1904,1905,1906,1907,1908,1909,1910,1911,1912,1913,1914,1915,1916,1917,1918,1919,1920,1921,1922,1923,1924,1925,1926,1927,1928,1929,1930,1931,1932,1933,1934,1935,1936,1937,1938,1939,1940,1941,1942,1943,1944,1945,1946,1947,1948,1949,1950,1951,1952,1953,1954,1955,1956,1957,1958,1959,1960,1961,1962,1963,1964,1965,1966,1967,1968,1969,1970,1971,1972,1973,1974,1975,1976,1977,1978,1979,1980,1981,1982,1983,1984,1985,1986,1987,1988,1989,1990,1991,1992,1993,1994,1995,1996,1997,1998,1999,2000,2001,2002,2003,2004,2005,2006,2007,2008],"level":[-28.76068,-28.71775,-28.674821,-28.631892,-28.588963,-28.546034,-28.503104,-28.460175,-28.417246,-28.374317,-28.331387,-28.288458,-28.245529,-28.2026,-28.159671,-28.116741,-28.073812,-28.030883,-27.987954,-27.945024,-27.902095,-27.859166,-27.816237,-27.773308,-27.730378,-27.687449,-27.64452,-27.601591,-27.558662,-27.515732,-27.472803,-27.429874,-27.386945,-27.344015,-27.301086,-27.258157,-27.215228,-27.172299,-27.129369,-27.08644,-27.043511,-27.000582,-26.957652,-26.914723,-26.871794,-26.828865,-26.785936,-26.743006,-26.700077,-26.657148,-26.614219,-26.57129,-26.52836,-26.485431,-26.442502,-26.399573,-26.356643,-26.313714,-26.270785,-26.227856,-26.184927,-26.141997,-26.099068,-26.056139,-26.01321,-25.97028,-25.927351,-25.884422,-25.841493,-25.798564,-25.755634,-25.712705,-25.669776,-25.626847,-25.583918,-25.540988,-25.498059,-25.45513,-25.412201,-25.369271,-25.326342,-25.283413,-25.240484,-25.197555,-25.154625,-25.111696,-25.068767,-25.025838,-24.982908,-24.939979,-24.89705,-24.854121,-24.811192,-24.768262,-24.725333,-24.682404,-24.639475,-24.596546,-24.553616,-24.510687,-24.467758,-24.424829,-24.381899,-24.33897,-24.296041,-24.253112,-24.210183,-24.167253,-24.124324,-24.081395,-24.038466,-23.995536,-23.952607,-23.909678,-23.866749,-23.82382,-23.78089,-23.737961,-23.695032,-23.652103,-23.609174,-23.566244,-23.523315,-23.480386,-23.437457,-23.394527,-23.351598,-23.308669,-23.26574,-23.222811,-23.179881,-23.136952,-23.094023,-23.051094,-23.008164,-22.965235,-22.922306,-22.879377,-22.836448,-22.793518,-22.750589,-22.70766,-22.664731,-22.621802,-22.578872,-22.535943,-22.493014,-22.450085,-22.407155,-22.364226,-22.321297,-22.278368,-22.235439,-22.192509,-22.14958,-22.106651,-22.063722,-22.020792,-21.977863,-21.934934,-21.892005,-21.849076,-21.806146,-21.763217,-21.720288,-21.677359,-21.634429,-21.5915,-21.548571,-21.505642,-21.462713,-21.419783,-21.376854,-21.333925,-21.290996,-21.248067,-21.205137,-21.162208,-21.119279,-21.07635,-21.172692,-21.269034,-21.263378,-20.337104,-19.626734,-19.356919,-18.870064,-18.551918,-18.273448,-18.889759,-18.976708,-18.598804,-18.811246,-19.108937,-19.650633,-20.423778,-20.616503,-19.977193,-19.771966,-19.743883,-19.594736,-19.845305,-19.446988,-19.600613,-19.631122,-20.155557,-19.859573,-19.401717,-19.829254],"drift":[0.04293956,0.04293956,0.04293956,0.04293956,0.04293956,0.04293956,0.04293956,0.04293956,0.04293956,0.04293956,0.04293956,0.04293956,0.04293956,0.04293956,0.04293956,0.04293956,0.04293956,0.04293956,0.04293956,0.04293956,0.04293956,0.04293956,0.04293956,0.04293956,0.04293956,0.04293956,0.04293956,0.04293956,0.04293956,0.04293956,0.04293956,0.04293956,0.04293956,0.04293956,0.04293956,0.04293956,0.04293956,0.04293956,0.04293956,0.04293956,0.04293956,0.04293956,0.04293956,0.04293956,0.04293956,0.04293956,0.04293956,0.04293956,0.04293956,0.04293956,0.04293956,0.04293956,0.04293956,0.04293956,0.04293956,0.04293956,0.04293956,0.04293956,0.04293956,0.04293956,0.04293956,0.04293956,0.04293956,0.04293956,0.04293956,0.04293956,0.04293956,0.04293956,0.04293956,0.04293956,0.04293956,0.04293956,0.04293956,0.04293956,0.04293956,0.04293956,0.04293956,0.04293956,0.04293956,0.04293956,0.04293956,0.04293956,0.04293956,0.04293956,0.04293956,0.04293956,0.04293956,0.04293956,0.04293956,0.04293956,0.04293956,0.04293956,0.04293956,0.04293956,0.04293956,0.04293956,0.04293956,0.04293956,0.04293956,0.04293956,0.04293956,0.04293956,0.04293956,0.04293956,0.04293956,0.04293956,0.04293956,0.04293956,0.04293956,0.04293956,0.04293956,0.04293956,0.04293956,0.04293956,0.04293956,0.04293956,0.04293956,0.04293956,0.04293956,0.04293956,0.04293956,0.04293956,0.04293956,0.04293956,0.04293956,0.04293956,0.04293956,0.04293956,0.04293956,0.04293956,0.04293956,0.04293956,0.04293956,0.04293956,0.04293956,0.04293956,0.04293956,0.04293956,0.04293956,0.04293956,0.04293956,0.04293956,0.04293956,0.04293956,0.04293956,0.04293956,0.04293956,0.04293956,0.04293956,0.04293956,0.04293956,0.04293956,0.04293956,0.04293956,0.04293956,0.04293956,0.04293956,0.04293956,0.04293956,0.04293956,0.04293956,0.04293956,0.04293956,0.04293956,0.04293956,0.04293956,0.04293956,0.04293956,0.04293956,0.04293956,0.04293956,0.04293956,0.04293956,0.04293956,0.04293956,0.04293956,0.04293956,0.04293956,0.04293956,0.04293956,0.04293956,0.04293956,0.04293957,0.04293956,0.04293955,0.04293954,0.04293952,0.0429395,0.04293948,0.04293947,0.04293946,0.04293944,0.04293942,0.04293941,0.04293941,0.04293941,0.04293941,0.04293941,0.0429394,0.0429394,0.04293939,0.04293939,0.04293938,0.04293938,0.04293938,0.04293938,0.04293938,0.04293938,0.04293938],"instab":[null,null,null,null,null,null,null,null,null,null,null,null,null,null,null,null,null,null,null,null,null,null,null,null,null,null,null,null,null,null,null,null,null,null,null,null,null,null,null,null,null,null,null,null,null,null,null,null,null,null,null,null,null,null,null,null,null,null,null,null,null,null,null,null,null,null,null,null,null,null,null,null,null,null,null,null,null,null,null,null,null,null,null,null,null,null,null,null,null,null,null,null,null,null,null,null,null,null,null,null,null,null,null,null,null,null,null,null,null,null,null,null,null,null,null,null,null,null,null,null,null,null,null,null,null,null,null,null,null,null,null,null,null,null,null,null,null,null,null,null,null,null,null,null,null,null,null,null,null,null,null,null,null,null,null,null,null,null,null,null,null,null,null,null,null,null,null,null,null,null,null,null,null,null,null,null,null,null,null,null,null,null,null,null,9.717913,8.805474,8.14663,7.598148,7.168604,6.758764,6.421254,6.165807,5.910408,5.684784,5.480201,5.294811,5.128347,5.014408,4.887311,0.967668,0.948445,0.967406,0.990758,0.875664,0.82397,0.867627,0.863028,0.925474,0.925364],