{"word":"castanospermine","years":[1800,1801,1802,1803,1804,1805,1806,1807,1808,1809,1810,1811,1812,1813,1814,1815,1816,1817,1818,1819,1820,1821,1822,1823,1824,1825,1826,1827,1828,1829,1830,1831,1832,1833,1834,1835,1836,1837,1838,1839,1840,1841,1842,1843,1844,1845,1846,1847,1848,1849,1850,1851,1852,1853,1854,1855,1856,1857,1858,1859,1860,1861,1862,1863,1864,1865,1866,1867,1868,1869,1870,1871,1872,1873,1874,1875,1876,1877,1878,1879,1880,1881,1882,1883,1884,1885,1886,1887,1888,1889,1890,1891,1892,1893,1894,1895,1896,1897,1898,1899,1900,1901,1902,1903,1904,1905,1906,1907,1908,1909,1910,1911,1912,1913,1914,1915,1916,1917,1918,1919,1920,1921,1922,1923,1924,1925,1926,1927,1928,1929,1930,1931,1932,1933,1934,1935,1936,1937,1938,1939,1940,1941,1942,1943,1944,1945,1946,1947,1948,1949,1950,1951,1952,1953,1954,1955,1956,1957,1958,1959,1960,1961,1962,1963,1964,1965,1966,1967,1968,1969,1970,1971,1972,1973,1974,1975,1976,1977,1978,1979,1980,1981,1982,1983,1984,1985,1986,1987,1988,1989,1990,1991,1992,1993,1994,1995,1996,1997,1998,1999,2000,2001,2002,2003,2004,2005,2006,2007,2008],"level":[-111.230003,-110.746912,-110.26382,-109.780723,-109.297619,-108.814507,-108.331383,-107.848247,-107.365095,-106.881925,-106.398736,-105.915525,-105.43229,-104.949028,-104.465738,-103.982416,-103.499062,-103.015673,-102.532247,-102.048781,-101.565273,-101.081721,-100.598124,-100.114478,-99.630781,-99.147032,-98.663228,-98.179366,-97.695446,-97.211464,-96.727418,-96.243306,-95.759127,-95.274877,-94.790554,-94.306157,-93.821683,-93.33713,-92.852496,-92.367778,-91.882975,-91.398084,-90.913103,-90.428029,-89.942861,-89.457597,-88.972234,-88.486769,-88.001202,-87.515529,-87.029749,-86.543858,-86.057856,-85.57174,-85.085507,-84.599156,-84.112684,-83.626089,-83.139368,-82.652521,-82.165544,-81.678435,-81.191192,-80.703813,-80.216296,-79.728638,-79.240837,-78.752892,-78.264799,-77.776557,-77.288164,-76.799617,-76.310914,-75.822053,-75.333031,-74.843848,-74.354499,-73.864984,-73.375299,-72.885443,-72.395414,-71.905209,-71.414827,-70.924264,-70.433519,-69.942589,-69.451473,-68.960168,-68.468672,-67.976983,-67.485099,-66.993017,-66.500735,-66.008251,-65.515562,-65.022668,-64.529565,-64.036251,-63.542724,-63.048982,-62.555022,-62.060843,-61.566442,-61.071817,-60.576966,-60.081887,-59.586577,-59.091035,-58.595257,-58.099243,-57.602989,-57.106493,-56.609754,-56.112769,-55.615535,-55.118052,-54.620316,-54.122325,-53.624077,-53.125571,-52.626803,-52.127771,-51.628474,-51.128909,-50.629074,-50.128966,-49.628584,-49.127926,-48.626989,-48.12577,-47.624269,-47.122481,-46.620407,-46.118042,-45.615386,-45.112435,-44.609188,-44.105642,-43.601795,-43.097646,-42.593191,-42.088429,-41.583357,-41.077973,-40.572276,-40.066262,-39.55993,-39.053277,-38.546302,-38.039002,-37.531374,-37.023417,-36.515129,-36.006507,-35.497548,-34.988252,-34.478616,-33.968637,-33.458313,-32.947642,-32.436622,-31.925251,-31.413527,-30.901446,-30.389008,-29.87621,-29.363049,-28.849524,-28.335633,-27.821372,-27.30674,-26.791735,-26.276355,-25.760597,-25.244459,-24.727939,-24.211035,-23.693745,-23.176065,-22.657995,-22.139532,-21.620674,-21.101418,-20.581763,-20.061706,-19.533966,-19.038446,-18.673313,-18.380178,-18.16322,-18.056582,-18.059362,-18.144526,-18.292848,-18.484456,-18.666289,-18.799248,-18.918599,-19.045186,-19.184767,-19.342828,-19.496345,-19.61378,-19.705218,-19.763749,-19.782631,-19.767033,-19.735223,-19.719481],"drift":[0.4830908,0.483093,0.4830974,0.483104,0.48311279,0.48312378,0.48313696,0.48315234,0.48316991,0.48318968,0.48321165,0.48323581,0.48326217,0.48329072,0.48332147,0.48335441,0.48338955,0.48342688,0.48346641,0.48350814,0.48355206,0.48359818,0.48364649,0.483697,0.4837497,0.4838046,0.4838617,0.48392099,0.48398247,0.48404615,0.48411203,0.4841801,0.48425037,0.48432284,0.4843975,0.48447435,0.4845534,0.48463465,0.48471809,0.48480373,0.48489156,0.48498159,0.48507381,0.48516823,0.48526485,0.48536366,0.48546467,0.48556787,0.48567327,0.48578086,0.48589065,0.48600263,0.48611681,0.48623319,0.48635176,0.48647253,0.48659549,0.48672065,0.486848,0.48697755,0.4871093,0.48724324,0.48737937,0.48751771,0.48765823,0.48780096,0.48794587,0.48809299,0.4882423,0.4883938,0.4885475,0.4887034,0.48886149,0.48902178,0.48918426,0.48934894,0.48951582,0.48968489,0.48985615,0.49002961,0.49020527,0.49038312,0.49056317,0.49074541,0.49092985,0.49111649,0.49130532,0.49149634,0.49168957,0.49188498,0.4920826,0.4922824,0.49248441,0.49268861,0.492895,0.49310359,0.49331438,0.49352736,0.49374254,0.49395991,0.49417948,0.49440124,0.4946252,0.49485136,0.49507971,0.49531026,0.495543,0.49577794,0.49601507,0.4962544,0.49649592,0.49673964,0.49698556,0.49723367,0.49748398,0.49773648,0.49799118,0.49824807,0.49850716,0.49876844,0.49903192,0.4992976,0.49956547,0.49983554,0.5001078,0.50038226,0.50065891,0.50093776,0.50121881,0.50150205,0.50178748,0.50207512,0.50236494,0.50265697,0.50295119,0.5032476,0.50354621,0.50384702,0.50415002,0.50445521,0.5047626,0.50507219,0.50538398,0.50569795,0.50601413,0.5063325,0.50665307,0.50697583,0.50730078,0.50762794,0.50795728,0.50828883,0.50862257,0.5089585,0.50929663,0.50963696,0.50997948,0.5103242,0.51067111,0.51102022,0.51137152,0.51172502,0.51208072,0.51243861,0.51279869,0.51316098,0.51352545,0.51389213,0.51426099,0.51463206,0.51500532,0.51538077,0.51575843,0.51613827,0.51652031,0.51690455,0.51729099,0.51767961,0.51807044,0.51846346,0.51885867,0.51925609,0.51965569,0.5200575,0.52046149,0.48197895,0.37119066,0.29275113,0.21226174,0.10669399,0.00142791,-0.08137216,-0.14392176,-0.18297667,-0.17594303,-0.13745673,-0.12298549,-0.12792411,-0.14000395,-0.15433802,-0.14879429,-0.11803121,-0.09045322,-0.05761783,-0.01990563,0.0123439,0.02721512,0.0175519,0.0175519],"instab":[null,null,null,null,null,null,null,null,null,null,null,null,null,null,null,null,null,null,null,null,null,null,null,null,null,null,null,null,null,null,null,null,null,null,null,null,null,null,null,null,null,null,null,null,null,null,null,null,null,null,null,null,null,null,null,null,null,null,null,null,null,null,null,null,null,null,null,null,null,null,null,null,null,null,null,null,null,null,null,null,null,null,null,null,null,null,null,null,null,null,null,null,null,null,null,null,null,null,null,null,null,null,null,null,null,null,null,null,null,null,null,null,null,null,null,null,null,null,null,null,null,null,null,null,null,null,null,null,null,null,null,null,null,null,null,null,null,null,null,null,null,null,null,null,null,null,null,null,null,null,null,null,null,null,null,null,null,null,null,null,null,null,null,null,null,null,null,null,null,null,null,null,null,null,null,null,null,null,null,null,null,null,null,null,null,null,null,null,9.306309,8.53309,7.892069,7.350308,6.916071,6.564119,6.242201,5.959774,5.757088,5.570765,5.391273,5.232068,5.076172,4.927881,4.806372,4.689073,1.042425,1.021002,0.864766,0.604956,0.5629],