{"word":"castellation","years":[1800,1801,1802,1803,1804,1805,1806,1807,1808,1809,1810,1811,1812,1813,1814,1815,1816,1817,1818,1819,1820,1821,1822,1823,1824,1825,1826,1827,1828,1829,1830,1831,1832,1833,1834,1835,1836,1837,1838,1839,1840,1841,1842,1843,1844,1845,1846,1847,1848,1849,1850,1851,1852,1853,1854,1855,1856,1857,1858,1859,1860,1861,1862,1863,1864,1865,1866,1867,1868,1869,1870,1871,1872,1873,1874,1875,1876,1877,1878,1879,1880,1881,1882,1883,1884,1885,1886,1887,1888,1889,1890,1891,1892,1893,1894,1895,1896,1897,1898,1899,1900,1901,1902,1903,1904,1905,1906,1907,1908,1909,1910,1911,1912,1913,1914,1915,1916,1917,1918,1919,1920,1921,1922,1923,1924,1925,1926,1927,1928,1929,1930,1931,1932,1933,1934,1935,1936,1937,1938,1939,1940,1941,1942,1943,1944,1945,1946,1947,1948,1949,1950,1951,1952,1953,1954,1955,1956,1957,1958,1959,1960,1961,1962,1963,1964,1965,1966,1967,1968,1969,1970,1971,1972,1973,1974,1975,1976,1977,1978,1979,1980,1981,1982,1983,1984,1985,1986,1987,1988,1989,1990,1991,1992,1993,1994,1995,1996,1997,1998,1999,2000,2001,2002,2003,2004,2005,2006,2007,2008],"level":[-16.279938,-16.336287,-16.392635,-16.449016,-16.505461,-16.562003,-16.618675,-16.675509,-16.732537,-16.789791,-16.847304,-16.905109,-16.963237,-17.02172,-17.080593,-17.139885,-17.199631,-17.259862,-17.320611,-17.38191,-17.443624,-17.505618,-17.567794,-17.630053,-17.692296,-17.754426,-17.816344,-17.877946,-17.939086,-17.999617,-18.059368,-18.118167,-18.175843,-18.232225,-18.287141,-18.34042,-18.391985,-18.441869,-18.490207,-18.537136,-18.582794,-18.627222,-18.670412,-18.712442,-18.7534,-18.793268,-18.831983,-18.869482,-18.905724,-18.940684,-18.97441,-19.006949,-19.038366,-19.068727,-19.098027,-19.126254,-19.153435,-19.179595,-19.204719,-19.228792,-19.251854,-19.273948,-19.295116,-19.3154,-19.33484,-19.353479,-19.371359,-19.388521,-19.405007,-19.420859,-19.436119,-19.450827,-19.465027,-19.47876,-19.492067,-19.50499,-19.517572,-19.529837,-19.541762,-19.553323,-19.564531,-19.575399,-19.585937,-19.596158,-19.606073,-19.615693,-19.625031,-19.634103,-19.642923,-19.651465,-19.659699,-19.667586,-19.675083,-19.682149,-19.688744,-19.694826,-19.700355,-19.705291,-19.709595,-19.713243,-19.716209,-19.718413,-19.719821,-19.720433,-19.720255,-19.719389,-19.717934,-19.715851,-19.713102,-19.709646,-19.705446,-19.700392,-19.694481,-19.687646,-19.679783,-19.670791,-19.660574,-19.649037,-19.636122,-19.621864,-19.6063,-19.589466,-19.571333,-19.551794,-19.530867,-19.508524,-19.484836,-19.45992,-19.433868,-19.406768,-19.378771,-19.349841,-19.31994,-19.289035,-19.257066,-19.224079,-19.190249,-19.155749,-19.12068,-19.085091,-19.049064,-19.012686,-18.976146,-18.939794,-18.903832,-18.868482,-18.833893,-18.800201,-18.767586,-18.736166,-18.706112,-18.677504,-18.650432,-18.624951,-18.601011,-18.5786,-18.557714,-18.538355,-18.520584,-18.504517,-18.490269,-18.477939,-18.467544,-18.45907,-18.452522,-18.447965,-18.445465,-18.445022,-18.446509,-18.449767,-18.454745,-18.46141,-18.469689,-18.479511,-18.490838,-18.503624,-18.517817,-18.533331,-18.550092,-18.568088,-18.587274,-18.607643,-18.629285,-18.65217,-18.676318,-18.701812,-18.728704,-18.757019,-18.786763,-18.817962,-18.850593,-18.88461,-18.91993,-18.956302,-18.993521,-19.031387,-19.069772,-19.108569,-19.147694,-19.187034,-19.22648,-19.265988,-19.305523,-19.345015,-19.384465,-19.423847,-19.463161,-19.502456,-19.541769],"drift":[-0.05634831,-0.05634831,-0.05638067,-0.05644538,-0.05654245,-0.05667188,-0.05683366,-0.0570278,-0.0572543,-0.05751315,-0.05780436,-0.05812792,-0.05848385,-0.05887212,-0.05929276,-0.05974575,-0.0602311,-0.06074881,-0.06129887,-0.06171411,-0.06199453,-0.06217574,-0.06225867,-0.0622433,-0.06212965,-0.06191771,-0.06160217,-0.06113998,-0.06053114,-0.05975091,-0.05879928,-0.05767626,-0.05638185,-0.05491605,-0.05327885,-0.05156532,-0.04988331,-0.0483381,-0.04692968,-0.04565806,-0.04442763,-0.04319006,-0.0420302,-0.04095745,-0.03986774,-0.03871494,-0.03749906,-0.03624266,-0.03496009,-0.03372553,-0.03253898,-0.03141732,-0.03036056,-0.02929987,-0.02822746,-0.02718091,-0.02616021,-0.02512404,-0.02407241,-0.02306251,-0.02209436,-0.02116796,-0.0202833,-0.01944038,-0.0186392,-0.01787977,-0.01716208,-0.01648614,-0.01585193,-0.01525948,-0.01470876,-0.01419979,-0.01373256,-0.01330708,-0.01292334,-0.01258134,-0.01226528,-0.01192512,-0.01156088,-0.01120835,-0.01086753,-0.01053835,-0.01022081,-0.00991491,-0.00962065,-0.00933802,-0.00907129,-0.00882045,-0.00854153,-0.00823455,-0.00788637,-0.007497,-0.00706644,-0.00659468,-0.00608173,-0.00552901,-0.00493651,-0.00430425,-0.00364744,-0.00296607,-0.00220464,-0.00140707,-0.00061223,0.00017738,0.00086648,0.00145506,0.00208271,0.00274945,0.00345527,0.00420016,0.00505376,0.00591129,0.00683545,0.00786252,0.0089925,0.01021716,0.01153648,0.01291525,0.01425775,0.01556401,0.016834,0.01813286,0.01953893,0.02092729,0.02234281,0.02368785,0.02491604,0.0260518,0.02710027,0.02799675,0.02893038,0.02990115,0.03090471,0.03196913,0.0329868,0.03383045,0.03450008,0.03506844,0.03558984,0.03602642,0.03637817,0.03653957,0.03635213,0.03596182,0.03534999,0.03458981,0.03369199,0.03261424,0.03141992,0.03005415,0.02860779,0.02707261,0.02548124,0.02393944,0.02241165,0.02088591,0.01935864,0.01777134,0.01606653,0.01424809,0.01233027,0.01039442,0.00847403,0.00654869,0.00455614,0.00250078,0.00044306,-0.00148691,-0.00325893,-0.00497754,-0.00666508,-0.0082786,-0.00982248,-0.01132699,-0.01278567,-0.0141932,-0.01551417,-0.0167611,-0.01799556,-0.01918611,-0.02036883,-0.02164222,-0.02288535,-0.02414764,-0.02549353,-0.02689289,-0.02831412,-0.02974471,-0.03119872,-0.03263142,-0.0340163,-0.03532023,-0.03637216,-0.03721936,-0.03786542,-0.0383853,-0.03879667,-0.03912525,-0.03933941,-0.0394469,-0.03950766,-0.039535,-0.03949169,-0.03944987,-0.03938252,-0.03931359,-0.03929532,-0.0393128,-0.0393128],"instab":[null,null,null,null,null,null,null,null,null,null,null,null,null,null,null,null,null,null,null,null,null,null,null,null,null,null,63.852977,63.852977,58.241843,58.241843,58.241843,58.241843,58.241843,58.241843,53.959117,50.479198,47.582565,47.582565,0.645165,0.963114,0.844959,0.842707,0.803883,0.860813,0.833145,0.859448,0.86279,0.823304,0.839972,0.839972,0.80444,0.80444,0.80549,0.776654,0.693705,0.6608,0.628496,0.628496,0.631923,0.544468,0.541172,0.519122,0.544302,0.449692,0.451418,0.451418,0.475665,0.511465,0.471658,0.471658,0.525028,0.525028,null,null,null,null,null,null,null,null,null,null,null,null,null,0.467083,0.467083,0.428045,0.428045,0.398851,0.398851,0.398851,0.398851,0.398851,0.386658,0.333616,0.267191,0.255915,0.217341,0.259747,0.354467,0.355176,0.332852,0.395239,0.395239,0.629597,0.629597,0.651649,0.651649,0.680347,0.737536,0.727464,0.697358,0.697358,0.698879,0.698879,0.678039,0.713855,0.713855,0.726195,0.756061,0.774507,0.857827,0.832452,0.835241,0.722296,0.710061,0.688591,0.671063,0.821006,0.790618,0.779353,0.779402,0.796413,0.83312,0.83312,0.864731,0.845186,0.823466,0.823466,0.829513,0.847588,0.91216,0.904549,0.897117,0.892684,0.896328,0.905129,0.909334,0.810798,0.788559,0.78872,0.805662,0.780046,0.739203,0.72443,0.721463,0.722581,0.720293,0.701151,0.687924,0.630963,0.510034,0.540529,0.498722,0.504764,0.542904,0.521089,0.592321,0.55551,0.558678,0.554444,0.512134,0.505509,0.504831,0.508055,0.496249,0.506747,0.509204,0.512185,0.505656,0.579138,0.584522,0.581517,0.589582,0.580559,0.518673,0.517601,0.466503,0.46492,0.462475,0.557482,0.577112,0.58102,0.61423,0.613422,0.614402,0.601623,0.598819,0.605879,0.573615,0.513055,0.519424,0.513042,0.506399,0.503756,0.509529,0.530961,0.522376],