{"word":"catotelm","years":[1800,1801,1802,1803,1804,1805,1806,1807,1808,1809,1810,1811,1812,1813,1814,1815,1816,1817,1818,1819,1820,1821,1822,1823,1824,1825,1826,1827,1828,1829,1830,1831,1832,1833,1834,1835,1836,1837,1838,1839,1840,1841,1842,1843,1844,1845,1846,1847,1848,1849,1850,1851,1852,1853,1854,1855,1856,1857,1858,1859,1860,1861,1862,1863,1864,1865,1866,1867,1868,1869,1870,1871,1872,1873,1874,1875,1876,1877,1878,1879,1880,1881,1882,1883,1884,1885,1886,1887,1888,1889,1890,1891,1892,1893,1894,1895,1896,1897,1898,1899,1900,1901,1902,1903,1904,1905,1906,1907,1908,1909,1910,1911,1912,1913,1914,1915,1916,1917,1918,1919,1920,1921,1922,1923,1924,1925,1926,1927,1928,1929,1930,1931,1932,1933,1934,1935,1936,1937,1938,1939,1940,1941,1942,1943,1944,1945,1946,1947,1948,1949,1950,1951,1952,1953,1954,1955,1956,1957,1958,1959,1960,1961,1962,1963,1964,1965,1966,1967,1968,1969,1970,1971,1972,1973,1974,1975,1976,1977,1978,1979,1980,1981,1982,1983,1984,1985,1986,1987,1988,1989,1990,1991,1992,1993,1994,1995,1996,1997,1998,1999,2000,2001,2002,2003,2004,2005,2006,2007,2008],"level":[-27.504416,-27.463643,-27.42287,-27.382097,-27.341324,-27.300551,-27.259778,-27.219005,-27.178232,-27.137458,-27.096685,-27.055912,-27.015139,-26.974366,-26.933593,-26.89282,-26.852047,-26.811274,-26.770501,-26.729727,-26.688954,-26.648181,-26.607408,-26.566635,-26.525862,-26.485089,-26.444316,-26.403543,-26.36277,-26.321996,-26.281223,-26.24045,-26.199677,-26.158904,-26.118131,-26.077358,-26.036585,-25.995812,-25.955039,-25.914266,-25.873492,-25.832719,-25.791946,-25.751173,-25.7104,-25.669627,-25.628854,-25.588081,-25.547308,-25.506535,-25.465761,-25.424988,-25.384215,-25.343442,-25.302669,-25.261896,-25.221123,-25.18035,-25.139577,-25.098804,-25.05803,-25.017257,-24.976484,-24.935711,-24.894938,-24.854165,-24.813392,-24.772619,-24.731846,-24.691073,-24.650299,-24.609526,-24.568753,-24.52798,-24.487207,-24.446434,-24.405661,-24.364888,-24.324115,-24.283341,-24.242568,-24.201795,-24.161022,-24.120249,-24.079476,-24.038703,-23.99793,-23.957157,-23.916384,-23.87561,-23.834837,-23.794064,-23.753291,-23.712518,-23.671745,-23.630972,-23.590199,-23.549426,-23.508652,-23.467879,-23.427106,-23.386333,-23.34556,-23.304787,-23.264014,-23.223241,-23.182468,-23.141694,-23.100921,-23.060148,-23.019375,-22.978602,-22.937829,-22.897056,-22.856283,-22.81551,-22.774736,-22.733963,-22.69319,-22.652417,-22.611644,-22.570871,-22.530098,-22.489325,-22.448551,-22.407778,-22.367005,-22.326232,-22.285459,-22.244686,-22.203913,-22.16314,-22.122367,-22.081593,-22.04082,-22.000047,-21.959274,-21.918501,-21.877728,-21.836955,-21.796182,-21.755408,-21.714635,-21.673862,-21.633089,-21.592316,-21.551543,-21.51077,-21.469997,-21.429223,-21.38845,-21.347677,-21.306904,-21.266131,-21.225358,-21.184585,-21.143812,-21.103038,-21.062265,-21.021492,-20.980719,-20.939946,-20.899173,-20.8584,-20.817626,-20.776853,-20.73608,-20.695307,-20.654534,-20.613761,-20.572988,-20.532214,-20.491441,-20.450668,-20.409895,-20.369122,-20.328349,-20.287576,-20.246803,-20.205929,-20.165055,-20.124181,-20.083385,-20.04247,-20.001742,-19.961015,-19.920267,-19.87952,-19.838661,-19.797804,-19.756905,-19.716013,-19.675195,-19.634456,-19.593773,-19.553091,-19.512473,-19.471766,-19.431134,-19.390451,-19.349777,-19.309035,-19.268253,-19.227534,-19.186753,-19.145984,-19.105207,-19.064512,-19.02382],"drift":[0.0407731,0.0407731,0.0407731,0.0407731,0.0407731,0.0407731,0.0407731,0.0407731,0.0407731,0.0407731,0.0407731,0.0407731,0.0407731,0.0407731,0.0407731,0.0407731,0.0407731,0.0407731,0.0407731,0.0407731,0.0407731,0.0407731,0.0407731,0.0407731,0.0407731,0.0407731,0.0407731,0.0407731,0.0407731,0.0407731,0.0407731,0.0407731,0.0407731,0.0407731,0.0407731,0.0407731,0.0407731,0.0407731,0.0407731,0.0407731,0.0407731,0.0407731,0.0407731,0.0407731,0.0407731,0.0407731,0.0407731,0.0407731,0.0407731,0.0407731,0.0407731,0.0407731,0.0407731,0.0407731,0.0407731,0.0407731,0.0407731,0.0407731,0.0407731,0.0407731,0.0407731,0.0407731,0.0407731,0.0407731,0.0407731,0.0407731,0.0407731,0.0407731,0.04077311,0.04077311,0.04077311,0.04077311,0.04077311,0.04077311,0.04077311,0.04077311,0.04077311,0.04077311,0.04077311,0.04077311,0.04077311,0.04077311,0.04077311,0.04077311,0.04077311,0.04077311,0.04077311,0.04077311,0.04077311,0.04077311,0.04077311,0.04077311,0.04077311,0.04077311,0.04077311,0.04077311,0.04077311,0.04077311,0.04077311,0.04077311,0.04077311,0.04077311,0.04077311,0.04077311,0.04077311,0.04077311,0.04077311,0.04077311,0.04077312,0.04077312,0.04077312,0.04077312,0.04077312,0.04077312,0.04077312,0.04077312,0.04077312,0.04077312,0.04077312,0.04077312,0.04077312,0.04077312,0.04077312,0.04077312,0.04077312,0.04077312,0.04077312,0.04077312,0.04077312,0.04077312,0.04077312,0.04077312,0.04077312,0.04077312,0.04077312,0.04077312,0.04077312,0.04077313,0.04077313,0.04077313,0.04077313,0.04077313,0.04077313,0.04077313,0.04077313,0.04077313,0.04077313,0.04077313,0.04077313,0.04077313,0.04077313,0.04077313,0.04077313,0.04077313,0.04077313,0.04077313,0.04077313,0.04077313,0.04077313,0.04077313,0.04077314,0.04077314,0.04077314,0.04077314,0.04077314,0.04077314,0.04077314,0.04077314,0.04077314,0.04077314,0.04077314,0.04077314,0.04077314,0.04077314,0.04077314,0.04077314,0.04077314,0.04077314,0.04077314,0.04077301,0.04077277,0.04077241,0.04077202,0.04077146,0.04077095,0.04077049,0.04077006,0.04076966,0.04076915,0.04076854,0.04076777,0.04076685,0.04076587,0.04076492,0.04076407,0.04076332,0.04076274,0.04076223,0.04076188,0.04076162,0.04076146,0.04076133,0.04076117,0.04076106,0.04076093,0.04076079,0.04076063,0.04076055,0.04076055],"instab":[null,null,null,null,null,null,null,null,null,null,null,null,null,null,null,null,null,null,null,null,null,null,null,null,null,null,null,null,null,null,null,null,null,null,null,null,null,null,null,null,null,null,null,null,null,null,null,null,null,null,null,null,null,null,null,null,null,null,null,null,null,null,null,null,null,null,null,null,null,null,null,null,null,null,null,null,null,null,null,null,null,null,null,null,null,null,null,null,null,null,null,null,null,null,null,null,null,null,null,null,null,null,null,null,null,null,null,null,null,null,null,null,null,null,null,null,null,null,null,null,null,null,null,null,null,null,null,null,null,null,null,null,null,null,null,null,null,null,null,null,null,null,null,null,null,null,null,null,null,null,null,null,null,null,null,null,null,null,null,null,null,null,null,null,null,null,null,null,null,null,null,null,null,null,null,null,null,null,null,null,null,null,null,null,null,10.24599,10.24599,9.180191,8.556226,7.99527,7.576935,7.261914,6.961483,6.673101,6.397033,6.172963,5.949764,5.780768,2.059715,1.994338,1.953188,1.746827,1.560725,1.322,1.294574,1.147925,1.170591,0.949082,0.977108],