{"word":"cattle","years":[1800,1801,1802,1803,1804,1805,1806,1807,1808,1809,1810,1811,1812,1813,1814,1815,1816,1817,1818,1819,1820,1821,1822,1823,1824,1825,1826,1827,1828,1829,1830,1831,1832,1833,1834,1835,1836,1837,1838,1839,1840,1841,1842,1843,1844,1845,1846,1847,1848,1849,1850,1851,1852,1853,1854,1855,1856,1857,1858,1859,1860,1861,1862,1863,1864,1865,1866,1867,1868,1869,1870,1871,1872,1873,1874,1875,1876,1877,1878,1879,1880,1881,1882,1883,1884,1885,1886,1887,1888,1889,1890,1891,1892,1893,1894,1895,1896,1897,1898,1899,1900,1901,1902,1903,1904,1905,1906,1907,1908,1909,1910,1911,1912,1913,1914,1915,1916,1917,1918,1919,1920,1921,1922,1923,1924,1925,1926,1927,1928,1929,1930,1931,1932,1933,1934,1935,1936,1937,1938,1939,1940,1941,1942,1943,1944,1945,1946,1947,1948,1949,1950,1951,1952,1953,1954,1955,1956,1957,1958,1959,1960,1961,1962,1963,1964,1965,1966,1967,1968,1969,1970,1971,1972,1973,1974,1975,1976,1977,1978,1979,1980,1981,1982,1983,1984,1985,1986,1987,1988,1989,1990,1991,1992,1993,1994,1995,1996,1997,1998,1999,2000,2001,2002,2003,2004,2005,2006,2007,2008,2009,2010,2011,2012,2013,2014,2015,2016,2017,2018,2019],"level":[-10.201819,-10.107788,-10.036066,-9.995039,-10.006231,-9.983708,-10.064439,-10.118774,-10.10698,-10.11452,-10.083979,-10.131642,-10.170157,-10.210159,-10.219226,-10.235004,-10.18981,-10.20829,-10.149371,-10.092667,-10.138842,-10.121786,-10.118341,-10.072626,-10.108778,-10.206471,-10.228866,-10.28245,-10.361817,-10.414552,-10.450507,-10.442654,-10.416615,-10.358108,-10.319421,-10.325054,-10.314536,-10.259979,-10.193881,-10.21439,-10.24349,-10.238184,-10.209368,-10.113912,-10.110765,-10.183163,-10.191756,-10.208979,-10.211517,-10.236197,-10.277848,-10.321074,-10.31682,-10.291616,-10.281037,-10.242892,-10.240591,-10.207378,-10.163566,-10.165854,-10.163462,-10.192089,-10.236874,-10.293697,-10.329108,-10.324745,-10.321521,-10.324797,-10.319974,-10.301596,-10.347452,-10.383744,-10.387749,-10.330752,-10.277212,-10.220109,-10.208988,-10.173975,-10.15177,-10.107973,-10.05247,-10.02104,-10.013281,-9.966371,-9.93773,-9.887594,-9.909284,-9.926971,-9.945587,-9.990316,-10.029758,-10.093445,-10.133051,-10.156927,-10.185398,-10.192904,-10.20712,-10.218493,-10.219149,-10.21771,-10.189039,-10.169565,-10.157865,-10.181584,-10.190671,-10.194959,-10.211117,-10.231591,-10.226566,-10.223146,-10.231669,-10.220897,-10.213394,-10.204444,-10.207951,-10.202839,-10.190806,-10.194618,-10.163222,-10.117916,-10.098013,-10.12121,-10.138233,-10.152867,-10.157653,-10.161679,-10.176628,-10.189083,-10.188286,-10.208742,-10.228923,-10.225465,-10.269602,-10.312416,-10.309941,-10.318506,-10.324124,-10.312782,-10.318089,-10.324752,-10.328518,-10.315237,-10.302055,-10.293761,-10.304374,-10.315501,-10.348042,-10.382349,-10.387488,-10.36935,-10.353689,-10.307373,-10.307357,-10.31367,-10.352509,-10.394318,-10.414617,-10.463681,-10.484588,-10.505454,-10.542033,-10.570316,-10.590441,-10.589719,-10.603245,-10.625436,-10.646083,-10.645705,-10.628814,-10.646565,-10.636374,-10.612662,-10.585599,-10.576263,-10.573611,-10.592307,-10.594065,-10.617681,-10.624991,-10.673415,-10.758354,-10.809136,-10.84191,-10.897791,-10.927217,-10.935146,-10.952082,-10.99245,-11.037747,-11.061151,-11.088719,-11.131073,-11.17587,-11.212488,-11.253126,-11.259533,-11.256916,-11.251573,-11.238456,-11.238661,-11.24054,-11.28294,-11.310344,-11.308107,-11.299217,-11.29742,-11.297426,-11.313454,-11.28442,-11.296547,-11.295201,-11.294894,-11.293456,-11.296131,-11.271781,-11.265409,-11.255581,-11.244937,-11.246708,-11.261654],"drift":[-0.00305718,-0.00306433,-0.00307698,-0.00309288,-0.00310818,-0.00312537,-0.00313685,-0.00314456,-0.00315337,-0.00316185,-0.00317282,-0.00318051,-0.0031856,-0.00318798,-0.00318992,-0.00319094,-0.00319553,-0.00319898,-0.00320701,-0.00321945,-0.00322873,-0.0032395,-0.00325076,-0.00326563,-0.00327808,-0.00328358,-0.00328767,-0.00328805,-0.00328284,-0.00327398,-0.00326272,-0.00325228,-0.003244,-0.00324026,-0.0032396,-0.00323877,-0.00323896,-0.00324339,-0.00325294,-0.00326121,-0.00326758,-0.00327458,-0.00328395,-0.00330058,-0.00331769,-0.00332971,-0.00334134,-0.00335196,-0.00336263,-0.00337173,-0.00337802,-0.00338137,-0.00338528,-0.0033913,-0.00339835,-0.00340845,-0.00341898,-0.0034322,-0.0034489,-0.00346569,-0.0034829,-0.00349827,-0.0035106,-0.003519,-0.00352505,-0.00353169,-0.00353882,-0.00354597,-0.00355374,-0.00356312,-0.00356939,-0.00357325,-0.00357708,-0.00358536,-0.00359786,-0.00361482,-0.00363286,-0.00365375,-0.00367655,-0.00370284,-0.00373349,-0.00376672,-0.00380081,-0.00383863,-0.00387884,-0.00392302,-0.0039659,-0.00400777,-0.00404856,-0.00408636,-0.00412156,-0.00415237,-0.00418057,-0.00420732,-0.00423228,-0.004257,-0.00428099,-0.00430446,-0.00432819,-0.00435236,-0.00437895,-0.0044073,-0.00443683,-0.00446494,-0.00449272,-0.00452051,-0.00454744,-0.0045732,-0.00459966,-0.00462672,-0.00465349,-0.0046814,-0.0047102,-0.00474001,-0.0047699,-0.00480053,-0.0048324,-0.00486434,-0.00489895,-0.00493725,-0.00497739,-0.00501618,-0.00505409,-0.00509129,-0.00512852,-0.00516583,-0.00520242,-0.00523847,-0.00527497,-0.00531035,-0.00534463,-0.00537957,-0.00541165,-0.00544098,-0.00547089,-0.00550057,-0.00553024,-0.00556116,-0.00559209,-0.00562295,-0.00565394,-0.00568632,-0.0057201,-0.00575491,-0.00578936,-0.00582341,-0.0058555,-0.0058855,-0.00591554,-0.00594737,-0.00598078,-0.00601804,-0.00605574,-0.00609343,-0.00612871,-0.00616135,-0.00619296,-0.00622141,-0.00624879,-0.00627508,-0.00629915,-0.00632159,-0.00634302,-0.00636497,-0.00638639,-0.00640665,-0.00642586,-0.00644557,-0.006467,-0.0064876,-0.00650943,-0.00653348,-0.00656,-0.0065877,-0.00661607,-0.00664356,-0.00667141,-0.006698,-0.00672456,-0.00674804,-0.00676577,-0.00678025,-0.00679283,-0.00680179,-0.00680908,-0.00681629,-0.00682276,-0.00682676,-0.00682792,-0.00682786,-0.00682628,-0.00682208,-0.00681509,-0.0068059,-0.00679422,-0.00678257,-0.00677162,-0.00676155,-0.00675295,-0.00674483,-0.00673707,-0.00672668,-0.00671477,-0.00670352,-0.00669341,-0.00668394,-0.00667495,-0.00666528,-0.00665823,-0.00665078,-0.00664392,-0.00663757,-0.00663182,-0.00662635,-0.00662317,-0.00662094,-0.00661993,-0.00662019,-0.0066208,-0.0066208],