{"word":"cdecl","years":[1800,1801,1802,1803,1804,1805,1806,1807,1808,1809,1810,1811,1812,1813,1814,1815,1816,1817,1818,1819,1820,1821,1822,1823,1824,1825,1826,1827,1828,1829,1830,1831,1832,1833,1834,1835,1836,1837,1838,1839,1840,1841,1842,1843,1844,1845,1846,1847,1848,1849,1850,1851,1852,1853,1854,1855,1856,1857,1858,1859,1860,1861,1862,1863,1864,1865,1866,1867,1868,1869,1870,1871,1872,1873,1874,1875,1876,1877,1878,1879,1880,1881,1882,1883,1884,1885,1886,1887,1888,1889,1890,1891,1892,1893,1894,1895,1896,1897,1898,1899,1900,1901,1902,1903,1904,1905,1906,1907,1908,1909,1910,1911,1912,1913,1914,1915,1916,1917,1918,1919,1920,1921,1922,1923,1924,1925,1926,1927,1928,1929,1930,1931,1932,1933,1934,1935,1936,1937,1938,1939,1940,1941,1942,1943,1944,1945,1946,1947,1948,1949,1950,1951,1952,1953,1954,1955,1956,1957,1958,1959,1960,1961,1962,1963,1964,1965,1966,1967,1968,1969,1970,1971,1972,1973,1974,1975,1976,1977,1978,1979,1980,1981,1982,1983,1984,1985,1986,1987,1988,1989,1990,1991,1992,1993,1994,1995,1996,1997,1998,1999,2000,2001,2002,2003,2004,2005,2006,2007,2008],"level":[-15.740503,-15.752892,-15.765281,-15.77767,-15.790058,-15.802447,-15.814836,-15.827224,-15.839613,-15.852001,-15.86439,-15.876778,-15.889166,-15.901554,-15.913942,-15.92633,-15.938718,-15.951105,-15.963492,-15.97588,-15.988267,-16.000653,-16.01304,-16.025426,-16.037813,-16.050199,-16.062584,-16.07497,-16.087355,-16.09974,-16.112125,-16.124509,-16.136893,-16.149277,-16.161661,-16.174044,-16.186427,-16.198809,-16.211191,-16.223573,-16.235955,-16.248336,-16.260716,-16.273097,-16.285477,-16.297856,-16.310235,-16.322614,-16.334992,-16.34737,-16.359747,-16.372124,-16.3845,-16.396876,-16.409251,-16.421626,-16.434001,-16.446374,-16.458748,-16.47112,-16.483492,-16.495864,-16.508235,-16.520605,-16.532975,-16.545345,-16.557713,-16.570081,-16.582449,-16.594815,-16.607181,-16.619547,-16.631912,-16.644276,-16.656639,-16.669002,-16.681364,-16.693725,-16.706086,-16.718445,-16.730805,-16.743163,-16.75552,-16.767877,-16.780233,-16.792588,-16.804943,-16.817297,-16.829649,-16.842001,-16.854352,-16.866703,-16.879052,-16.891401,-16.903749,-16.916095,-16.928441,-16.940786,-16.95313,-16.965474,-16.977816,-16.990157,-17.002498,-17.014837,-17.027175,-17.039513,-17.051849,-17.064185,-17.076519,-17.088853,-17.101185,-17.113517,-17.125847,-17.138176,-17.150505,-17.162832,-17.175158,-17.187483,-17.199807,-17.21213,-17.224451,-17.236772,-17.249091,-17.26141,-17.273727,-17.286043,-17.298357,-17.310671,-17.322983,-17.335295,-17.347605,-17.359913,-17.372221,-17.384527,-17.396832,-17.409136,-17.421438,-17.43374,-17.44604,-17.458338,-17.470636,-17.482932,-17.495226,-17.50752,-17.519812,-17.532102,-17.544392,-17.55668,-17.568966,-17.581251,-17.593535,-17.605817,-17.618098,-17.630378,-17.642656,-17.654932,-17.667208,-17.679481,-17.691754,-17.704024,-17.716294,-17.728561,-17.740827,-17.753092,-17.765355,-17.777617,-17.789877,-17.802136,-17.814392,-17.826648,-17.838902,-17.851154,-17.863404,-17.875653,-17.887901,-17.900146,-17.91239,-17.924633,-17.936873,-17.949113,-17.96135,-17.973586,-17.98582,-17.998052,-18.010282,-18.022511,-18.034738,-18.046964,-18.058068,-18.071402,-18.087504,-18.10775,-18.132864,-18.161707,-18.193558,-18.229513,-18.267902,-18.308072,-18.351319,-18.400082,-18.454077,-18.516433,-18.585226,-18.662523,-18.746838,-18.833411,-18.923027,-19.014363,-19.106728],"drift":[-0.01238878,-0.01238877,-0.01238875,-0.01238873,-0.01238869,-0.01238864,-0.01238858,-0.01238852,-0.01238844,-0.01238836,-0.01238826,-0.01238816,-0.01238805,-0.01238793,-0.01238779,-0.01238765,-0.0123875,-0.01238734,-0.01238717,-0.012387,-0.01238681,-0.01238661,-0.0123864,-0.01238619,-0.01238596,-0.01238573,-0.01238548,-0.01238523,-0.01238497,-0.01238469,-0.01238441,-0.01238412,-0.01238382,-0.01238351,-0.01238319,-0.01238286,-0.01238252,-0.01238217,-0.01238182,-0.01238145,-0.01238107,-0.01238069,-0.01238029,-0.01237989,-0.01237948,-0.01237905,-0.01237862,-0.01237818,-0.01237773,-0.01237727,-0.0123768,-0.01237632,-0.01237583,-0.01237533,-0.01237482,-0.01237431,-0.01237378,-0.01237325,-0.0123727,-0.01237215,-0.01237158,-0.01237101,-0.01237043,-0.01236983,-0.01236923,-0.01236862,-0.012368,-0.01236737,-0.01236673,-0.01236608,-0.01236543,-0.01236476,-0.01236408,-0.0123634,-0.0123627,-0.012362,-0.01236128,-0.01236056,-0.01235982,-0.01235908,-0.01235833,-0.01235757,-0.0123568,-0.01235602,-0.01235523,-0.01235443,-0.01235362,-0.0123528,-0.01235198,-0.01235114,-0.01235029,-0.01234944,-0.01234857,-0.0123477,-0.01234682,-0.01234592,-0.01234502,-0.01234411,-0.01234319,-0.01234226,-0.01234132,-0.01234037,-0.01233941,-0.01233844,-0.01233746,-0.01233648,-0.01233548,-0.01233448,-0.01233346,-0.01233244,-0.0123314,-0.01233036,-0.01232931,-0.01232824,-0.01232717,-0.01232609,-0.012325,-0.0123239,-0.01232279,-0.01232167,-0.01232055,-0.01231941,-0.01231826,-0.01231711,-0.01231594,-0.01231477,-0.01231358,-0.01231239,-0.01231119,-0.01230997,-0.01230875,-0.01230752,-0.01230628,-0.01230503,-0.01230377,-0.0123025,-0.01230122,-0.01229994,-0.01229864,-0.01229733,-0.01229602,-0.01229469,-0.01229336,-0.01229201,-0.01229066,-0.0122893,-0.01228792,-0.01228654,-0.01228515,-0.01228375,-0.01228234,-0.01228092,-0.01227949,-0.01227806,-0.01227661,-0.01227515,-0.01227369,-0.01227221,-0.01227072,-0.01226923,-0.01226773,-0.01226621,-0.01226469,-0.01226316,-0.01226162,-0.01226007,-0.01225851,-0.01225694,-0.01225536,-0.01225377,-0.01225217,-0.01225056,-0.01224895,-0.01224732,-0.01224569,-0.01224404,-0.01224239,-0.01224072,-0.01223905,-0.01223737,-0.01223568,-0.01223398,-0.01223226,-0.01223054,-0.01222882,-0.01222708,-0.01222533,-0.01222357,-0.01398407,-0.01675573,-0.02054632,-0.02480459,-0.02858108,-0.03194938,-0.03547065,-0.0382374,-0.04076852,-0.04423209,-0.04922973,-0.0549532,-0.06216906,-0.0690948,-0.07648931,-0.08262731,-0.0861366,-0.08896696,-0.09078579,-0.09174742,-0.09174742],"instab":[null,null,null,null,null,null,null,null,null,null,null,null,null,null,null,null,null,null,null,null,null,null,null,null,null,null,null,null,null,null,null,null,null,null,null,null,null,null,null,null,null,null,null,null,null,null,null,null,null,null,null,null,null,null,null,null,null,null,null,null,null,null,null,null,null,null,null,null,null,null,null,null,null,null,null,null,null,null,null,null,null,null,null,null,null,null,null,null,null,null,null,null,null,null,null,null,null,null,null,null,null,null,null,null,null,null,null,null,null,null,null,null,null,null,null,null,null,null,null,null,null,null,null,null,null,null,null,null,null,null,null,null,null,null,null,null,null,null,null,null,null,null,null,null,null,null,null,null,null,null,null,null,null,null,null,null,null,null,null,null,null,null,null,null,null,null,null,null,null,null,null,null,null,null,null,null,null,null,null,null,null,null,null,null,null,null,null,null,null,null,null,8.443461,7.655417,7.058954,6.641834,6.24832,5.914209,5.645497,5.439121,5.223063,5.07304,4.894165,4.762653,4.629159,4.491639,4.37458,4.262693,0.79681,0.703249],