{"word":"cecropins","years":[1800,1801,1802,1803,1804,1805,1806,1807,1808,1809,1810,1811,1812,1813,1814,1815,1816,1817,1818,1819,1820,1821,1822,1823,1824,1825,1826,1827,1828,1829,1830,1831,1832,1833,1834,1835,1836,1837,1838,1839,1840,1841,1842,1843,1844,1845,1846,1847,1848,1849,1850,1851,1852,1853,1854,1855,1856,1857,1858,1859,1860,1861,1862,1863,1864,1865,1866,1867,1868,1869,1870,1871,1872,1873,1874,1875,1876,1877,1878,1879,1880,1881,1882,1883,1884,1885,1886,1887,1888,1889,1890,1891,1892,1893,1894,1895,1896,1897,1898,1899,1900,1901,1902,1903,1904,1905,1906,1907,1908,1909,1910,1911,1912,1913,1914,1915,1916,1917,1918,1919,1920,1921,1922,1923,1924,1925,1926,1927,1928,1929,1930,1931,1932,1933,1934,1935,1936,1937,1938,1939,1940,1941,1942,1943,1944,1945,1946,1947,1948,1949,1950,1951,1952,1953,1954,1955,1956,1957,1958,1959,1960,1961,1962,1963,1964,1965,1966,1967,1968,1969,1970,1971,1972,1973,1974,1975,1976,1977,1978,1979,1980,1981,1982,1983,1984,1985,1986,1987,1988,1989,1990,1991,1992,1993,1994,1995,1996,1997,1998,1999,2000,2001,2002,2003,2004,2005,2006,2007,2008],"level":[-20.394198,-20.387329,-20.380461,-20.373592,-20.366724,-20.359856,-20.352987,-20.346119,-20.339251,-20.332382,-20.325514,-20.318646,-20.311777,-20.304909,-20.29804,-20.291172,-20.284304,-20.277435,-20.270567,-20.263699,-20.25683,-20.249962,-20.243093,-20.236225,-20.229357,-20.222488,-20.21562,-20.208752,-20.201883,-20.195015,-20.188146,-20.181278,-20.17441,-20.167541,-20.160673,-20.153804,-20.146936,-20.140068,-20.133199,-20.126331,-20.119463,-20.112594,-20.105726,-20.098857,-20.091989,-20.08512,-20.078252,-20.071384,-20.064515,-20.057647,-20.050778,-20.04391,-20.037042,-20.030173,-20.023305,-20.016436,-20.009568,-20.002699,-19.995831,-19.988963,-19.982094,-19.975226,-19.968357,-19.961489,-19.95462,-19.947752,-19.940883,-19.934015,-19.927146,-19.920278,-19.913409,-19.906541,-19.899672,-19.892804,-19.885935,-19.879067,-19.872198,-19.86533,-19.858461,-19.851593,-19.844724,-19.837856,-19.830987,-19.824119,-19.81725,-19.810382,-19.803513,-19.796645,-19.789776,-19.782908,-19.776039,-19.769171,-19.762302,-19.755433,-19.748565,-19.741696,-19.734828,-19.727959,-19.721091,-19.714222,-19.707353,-19.700485,-19.693616,-19.686748,-19.679879,-19.67301,-19.666142,-19.659273,-19.652404,-19.645536,-19.638667,-19.631798,-19.62493,-19.618061,-19.611192,-19.604324,-19.597455,-19.590586,-19.583718,-19.576849,-19.56998,-19.563112,-19.556243,-19.549374,-19.542505,-19.535637,-19.528768,-19.521899,-19.51503,-19.508162,-19.501293,-19.494424,-19.487555,-19.480687,-19.473818,-19.466949,-19.46008,-19.453211,-19.446343,-19.439474,-19.432605,-19.425736,-19.418867,-19.411998,-19.40513,-19.398261,-19.391392,-19.384523,-19.377654,-19.370785,-19.363916,-19.357047,-19.350179,-19.34331,-19.336441,-19.329572,-19.322703,-19.315834,-19.308965,-19.302096,-19.295227,-19.288358,-19.281489,-19.27462,-19.267751,-19.260882,-19.254013,-19.247144,-19.240275,-19.233406,-19.226537,-19.219668,-19.212799,-19.20593,-19.199061,-19.192192,-19.185322,-19.178453,-19.171584,-19.164715,-19.157846,-19.150977,-19.144108,-19.25841,-19.443799,-19.451088,-19.314399,-19.257884,-19.185534,-19.054698,-18.912413,-18.779554,-18.738428,-18.608267,-18.565232,-18.567951,-18.590282,-18.596351,-18.62468,-18.699743,-18.765811,-18.78989,-18.817494,-18.849386,-18.875282,-18.894217,-18.910504,-18.958951,-18.966165],"drift":[0.00686989,0.00686989,0.00686989,0.00686989,0.00686989,0.00686989,0.00686989,0.00686989,0.00686989,0.00686989,0.00686989,0.00686989,0.00686989,0.00686989,0.00686989,0.00686989,0.00686989,0.00686989,0.00686989,0.00686989,0.0068699,0.0068699,0.0068699,0.0068699,0.0068699,0.0068699,0.0068699,0.0068699,0.0068699,0.00686991,0.00686991,0.00686991,0.00686991,0.00686991,0.00686991,0.00686992,0.00686992,0.00686992,0.00686992,0.00686992,0.00686992,0.00686993,0.00686993,0.00686993,0.00686993,0.00686993,0.00686994,0.00686994,0.00686994,0.00686994,0.00686995,0.00686995,0.00686995,0.00686995,0.00686996,0.00686996,0.00686996,0.00686996,0.00686997,0.00686997,0.00686997,0.00686998,0.00686998,0.00686998,0.00686998,0.00686999,0.00686999,0.00686999,0.00687,0.00687,0.00687,0.00687001,0.00687001,0.00687001,0.00687002,0.00687002,0.00687003,0.00687003,0.00687003,0.00687004,0.00687004,0.00687004,0.00687005,0.00687005,0.00687006,0.00687006,0.00687006,0.00687007,0.00687007,0.00687008,0.00687008,0.00687009,0.00687009,0.00687009,0.0068701,0.0068701,0.00687011,0.00687011,0.00687012,0.00687012,0.00687013,0.00687013,0.00687014,0.00687014,0.00687015,0.00687015,0.00687016,0.00687016,0.00687017,0.00687017,0.00687018,0.00687018,0.00687019,0.00687019,0.0068702,0.0068702,0.00687021,0.00687021,0.00687022,0.00687023,0.00687023,0.00687024,0.00687024,0.00687025,0.00687026,0.00687026,0.00687027,0.00687027,0.00687028,0.00687029,0.00687029,0.0068703,0.0068703,0.00687031,0.00687032,0.00687032,0.00687033,0.00687034,0.00687034,0.00687035,0.00687036,0.00687036,0.00687037,0.00687038,0.00687038,0.00687039,0.0068704,0.0068704,0.00687041,0.00687042,0.00687043,0.00687043,0.00687044,0.00687045,0.00687045,0.00687046,0.00687047,0.00687048,0.00687048,0.00687049,0.0068705,0.00687051,0.00687052,0.00687052,0.00687053,0.00687054,0.00687055,0.00687055,0.00687056,0.00687057,0.00687058,0.00687059,0.0068706,0.0068706,0.00687061,0.00687062,0.00687063,0.00687064,0.00687065,0.00687065,0.00687066,0.00687067,0.00687068,0.00687452,0.00688434,0.0068946,0.0069008,0.00690545,0.00690805,0.00690677,0.00690125,0.00689179,0.00688126,0.00686687,0.00685134,0.00683612,0.00682181,0.0068079,0.00679509,0.00678484,0.00677688,0.00676988,0.00676396,0.00675924,0.00675555,0.00675267,0.0067505,0.00675006,0.00675006],"instab":[null,null,null,null,null,null,null,null,null,null,null,null,null,null,null,null,null,null,null,null,null,null,null,null,null,null,null,null,null,null,null,null,null,null,null,null,null,null,null,null,null,null,null,null,null,null,null,null,null,null,null,null,null,null,null,null,null,null,null,null,null,null,null,null,null,null,null,null,null,null,null,null,null,null,null,null,null,null,null,null,null,null,null,null,null,null,null,null,null,null,null,null,null,null,null,null,null,null,null,null,null,null,null,null,null,null,null,null,null,null,null,null,null,null,null,null,null,null,null,null,null,null,null,null,null,null,null,null,null,null,null,null,null,null,null,null,null,null,null,null,null,null,null,null,null,null,null,null,null,null,null,null,null,null,null,null,null,null,null,null,null,null,null,null,null,null,null,null,null,null,null,null,null,null,null,null,null,null,null,null,null,null,null,null,null,null,8.846266,8.076731,7.425961,6.950543,6.557207,6.259816,5.941681,5.713747,5.478828,5.264719,5.073653,4.902966,4.750174,4.609214,4.482401,4.363191,1.763715,1.7527,1.57058,1.52965,0.939995,0.930299,0.931238],