{"word":"cecropin","years":[1800,1801,1802,1803,1804,1805,1806,1807,1808,1809,1810,1811,1812,1813,1814,1815,1816,1817,1818,1819,1820,1821,1822,1823,1824,1825,1826,1827,1828,1829,1830,1831,1832,1833,1834,1835,1836,1837,1838,1839,1840,1841,1842,1843,1844,1845,1846,1847,1848,1849,1850,1851,1852,1853,1854,1855,1856,1857,1858,1859,1860,1861,1862,1863,1864,1865,1866,1867,1868,1869,1870,1871,1872,1873,1874,1875,1876,1877,1878,1879,1880,1881,1882,1883,1884,1885,1886,1887,1888,1889,1890,1891,1892,1893,1894,1895,1896,1897,1898,1899,1900,1901,1902,1903,1904,1905,1906,1907,1908,1909,1910,1911,1912,1913,1914,1915,1916,1917,1918,1919,1920,1921,1922,1923,1924,1925,1926,1927,1928,1929,1930,1931,1932,1933,1934,1935,1936,1937,1938,1939,1940,1941,1942,1943,1944,1945,1946,1947,1948,1949,1950,1951,1952,1953,1954,1955,1956,1957,1958,1959,1960,1961,1962,1963,1964,1965,1966,1967,1968,1969,1970,1971,1972,1973,1974,1975,1976,1977,1978,1979,1980,1981,1982,1983,1984,1985,1986,1987,1988,1989,1990,1991,1992,1993,1994,1995,1996,1997,1998,1999,2000,2001,2002,2003,2004,2005,2006,2007,2008],"level":[-20.546901,-20.535576,-20.524251,-20.512927,-20.501602,-20.490277,-20.478952,-20.467628,-20.456303,-20.444978,-20.433653,-20.422329,-20.411004,-20.399679,-20.388354,-20.37703,-20.365705,-20.35438,-20.343055,-20.331731,-20.320406,-20.309081,-20.297756,-20.286432,-20.275107,-20.263782,-20.252457,-20.241132,-20.229808,-20.218483,-20.207158,-20.195833,-20.184509,-20.173184,-20.161859,-20.150534,-20.13921,-20.127885,-20.11656,-20.105235,-20.093911,-20.082586,-20.071261,-20.059936,-20.048612,-20.037287,-20.025962,-20.014637,-20.003313,-19.991988,-19.980663,-19.969338,-19.958014,-19.946689,-19.935364,-19.924039,-19.912714,-19.90139,-19.890065,-19.87874,-19.867415,-19.856091,-19.844766,-19.833441,-19.822116,-19.810792,-19.799467,-19.790214,-19.780961,-19.771709,-19.762456,-19.753203,-19.743951,-19.734698,-19.725445,-19.716193,-19.70694,-19.697687,-19.688434,-19.679182,-19.669929,-19.660676,-19.651424,-19.642171,-19.632918,-19.623666,-19.614413,-19.60516,-19.595907,-19.586655,-19.577402,-19.568149,-19.558897,-19.549644,-19.540391,-19.531139,-19.521886,-19.512633,-19.50338,-19.494128,-19.484875,-19.475622,-19.46637,-19.457117,-19.447864,-19.438612,-19.429359,-19.420106,-19.410853,-19.401601,-19.392348,-19.383095,-19.373843,-19.36459,-19.355337,-19.346084,-19.336832,-19.327579,-19.318326,-19.309074,-19.299821,-19.290568,-19.281316,-19.272063,-19.26281,-19.253557,-19.244305,-19.235052,-19.225799,-19.216547,-19.207294,-19.198041,-19.188789,-19.179536,-19.170283,-19.16103,-19.151778,-19.142525,-19.133272,-19.12402,-19.114767,-19.105514,-19.096261,-19.087009,-19.077756,-19.068503,-19.059251,-19.049998,-19.040745,-19.031492,-19.02224,-19.012987,-19.003734,-18.994482,-18.985229,-18.975976,-18.966723,-18.957471,-18.948218,-18.938965,-18.929713,-18.92046,-18.911207,-18.901955,-18.892702,-18.883449,-18.874196,-18.864944,-18.855691,-18.846438,-18.837186,-18.827933,-18.81868,-18.809427,-18.800175,-18.790922,-18.781669,-18.772416,-18.763164,-18.753911,-18.744658,-18.735406,-18.726153,-18.729309,-18.756243,-18.783177,-18.761601,-18.761869,-18.718838,-18.636299,-18.568618,-18.49518,-18.448139,-18.363517,-18.305952,-18.271287,-18.236202,-18.199728,-18.172581,-18.162217,-18.154781,-18.151525,-18.154371,-18.160261,-18.167613,-18.177731,-18.184591,-18.194789,-18.191267],"drift":[0.01132515,0.01132515,0.01132515,0.01132515,0.01132515,0.01132515,0.01132515,0.01132515,0.01132515,0.01132515,0.01132515,0.01132515,0.01132515,0.01132515,0.01132515,0.01132515,0.01132515,0.01132515,0.01132515,0.01132515,0.01132515,0.01132515,0.01132515,0.01132515,0.01132515,0.01132515,0.01132515,0.01132515,0.01132515,0.01132515,0.01132515,0.01132515,0.01132515,0.01132515,0.01132515,0.01132515,0.01132515,0.01132515,0.01132515,0.01132515,0.01132515,0.01132515,0.01132515,0.01132515,0.01132515,0.01132515,0.01132515,0.01132515,0.01132515,0.01132515,0.01132515,0.01132515,0.01132515,0.01132515,0.01132515,0.01132515,0.01132515,0.01132515,0.01132515,0.01132515,0.01132515,0.01132515,0.01132515,0.01132515,0.01132515,0.01132515,0.01132515,0.01132515,0.01132515,0.01132515,0.01132515,0.01132515,0.01132515,0.01132515,0.01132515,0.01132515,0.01132516,0.01132516,0.01132516,0.01132516,0.01132516,0.01132516,0.01132516,0.01132516,0.01132516,0.01132516,0.01132516,0.01132516,0.01132516,0.01132516,0.01132516,0.01132516,0.01132516,0.01132516,0.01132516,0.01132516,0.01132516,0.01132516,0.01132516,0.01132516,0.01132516,0.01132516,0.01132516,0.01132516,0.01132516,0.01132516,0.01132516,0.01132516,0.01132516,0.01132516,0.01132516,0.01132516,0.01132516,0.01132516,0.01132516,0.01132516,0.01132516,0.01132516,0.01132516,0.01132516,0.01132516,0.01132516,0.01132516,0.01132516,0.01132516,0.01132516,0.01132516,0.01132516,0.01132516,0.01132516,0.01132516,0.01132516,0.01132516,0.01132516,0.01132516,0.01132516,0.01132516,0.01132516,0.01132516,0.01132516,0.01132516,0.01132516,0.01132516,0.01132516,0.01132516,0.01132516,0.01132516,0.01132516,0.01132516,0.01132516,0.01132516,0.01132516,0.01132517,0.01132517,0.01132517,0.01132517,0.01132517,0.01132517,0.01132517,0.01132517,0.01132517,0.01132517,0.01132517,0.01132517,0.01132517,0.01132517,0.01132517,0.01132517,0.01132517,0.01132517,0.01132517,0.01132517,0.01132517,0.01132517,0.01132517,0.01132517,0.01132517,0.01132517,0.01132517,0.01132517,0.01132517,0.01132517,0.01132517,0.01132517,0.01132517,0.01132517,0.01132518,0.01132518,0.01132518,0.01132518,0.01132518,0.01132518,0.01132518,0.01132518,0.01132518,0.01132518,0.01132518,0.01132518,0.01132518,0.01132518,0.01132518,0.01132518,0.01132518,0.01132518,0.01132518,0.01132518,0.01132518,0.01132518,0.01132518],"instab":[null,null,null,null,null,null,null,null,null,null,null,null,null,null,null,null,null,null,null,null,null,null,null,null,null,null,null,null,null,null,null,null,null,null,null,null,null,null,null,null,null,null,null,null,null,null,null,null,null,null,null,null,null,null,null,null,null,null,null,null,null,null,null,null,null,null,null,null,null,null,null,null,null,null,null,null,null,null,null,null,null,null,null,null,null,null,null,null,null,null,null,null,null,null,null,null,null,null,null,null,null,null,null,null,null,null,null,null,null,null,null,null,null,null,null,null,null,null,null,null,null,null,null,null,null,null,null,null,null,null,null,null,null,null,null,null,null,null,null,null,null,null,null,null,null,null,null,null,null,null,null,null,null,null,null,null,null,null,null,null,null,null,null,null,null,null,null,null,null,null,null,null,null,null,null,null,null,null,null,null,null,null,null,null,null,null,null,16.577214,15.166763,13.928003,12.990413,12.182149,11.597942,11.015064,10.517653,10.102096,9.733001,9.394505,9.086216,8.815295,8.566843,8.337694,1.166428,1.165034,1.134406,0.921533,0.900392,0.797079,0.737369],