{"word":"cefpodoxime","years":[1800,1801,1802,1803,1804,1805,1806,1807,1808,1809,1810,1811,1812,1813,1814,1815,1816,1817,1818,1819,1820,1821,1822,1823,1824,1825,1826,1827,1828,1829,1830,1831,1832,1833,1834,1835,1836,1837,1838,1839,1840,1841,1842,1843,1844,1845,1846,1847,1848,1849,1850,1851,1852,1853,1854,1855,1856,1857,1858,1859,1860,1861,1862,1863,1864,1865,1866,1867,1868,1869,1870,1871,1872,1873,1874,1875,1876,1877,1878,1879,1880,1881,1882,1883,1884,1885,1886,1887,1888,1889,1890,1891,1892,1893,1894,1895,1896,1897,1898,1899,1900,1901,1902,1903,1904,1905,1906,1907,1908,1909,1910,1911,1912,1913,1914,1915,1916,1917,1918,1919,1920,1921,1922,1923,1924,1925,1926,1927,1928,1929,1930,1931,1932,1933,1934,1935,1936,1937,1938,1939,1940,1941,1942,1943,1944,1945,1946,1947,1948,1949,1950,1951,1952,1953,1954,1955,1956,1957,1958,1959,1960,1961,1962,1963,1964,1965,1966,1967,1968,1969,1970,1971,1972,1973,1974,1975,1976,1977,1978,1979,1980,1981,1982,1983,1984,1985,1986,1987,1988,1989,1990,1991,1992,1993,1994,1995,1996,1997,1998,1999,2000,2001,2002,2003,2004,2005,2006,2007,2008],"level":[-30.860299,-30.814059,-30.767819,-30.721577,-30.675335,-30.62909,-30.582843,-30.536593,-30.49034,-30.444083,-30.397821,-30.351555,-30.305283,-30.259006,-30.212722,-30.166432,-30.120134,-30.073829,-30.027515,-29.981193,-29.934862,-29.88852,-29.842169,-29.795807,-29.749434,-29.70305,-29.656653,-29.610244,-29.563822,-29.517386,-29.470937,-29.424472,-29.377993,-29.331499,-29.284988,-29.238461,-29.191918,-29.145356,-29.098777,-29.05218,-29.005564,-28.958928,-28.912273,-28.865598,-28.818901,-28.772184,-28.725445,-28.678683,-28.631899,-28.585092,-28.538261,-28.491406,-28.444526,-28.397622,-28.350691,-28.303735,-28.256752,-28.209742,-28.162705,-28.115639,-28.068546,-28.021423,-27.974271,-27.927088,-27.879876,-27.832632,-27.785357,-27.738051,-27.690712,-27.64334,-27.595935,-27.548496,-27.501023,-27.453515,-27.405972,-27.358393,-27.310778,-27.263126,-27.215438,-27.167711,-27.119946,-27.072143,-27.024301,-26.976419,-26.928497,-26.880535,-26.832531,-26.784486,-26.736399,-26.68827,-26.640098,-26.591882,-26.543622,-26.495318,-26.446969,-26.398575,-26.350135,-26.301648,-26.253115,-26.204535,-26.155906,-26.10723,-26.058504,-26.00973,-25.960906,-25.912031,-25.863106,-25.81413,-25.765102,-25.716022,-25.666889,-25.617704,-25.568465,-25.519171,-25.469824,-25.420421,-25.370963,-25.321448,-25.271878,-25.22225,-25.172565,-25.122822,-25.073021,-25.02316,-24.973241,-24.923261,-24.873222,-24.823121,-24.772959,-24.722736,-24.67245,-24.622101,-24.57169,-24.521214,-24.470675,-24.42007,-24.369401,-24.318666,-24.267865,-24.216997,-24.166062,-24.11506,-24.063989,-24.01285,-23.961642,-23.910365,-23.859018,-23.8076,-23.756111,-23.704551,-23.652919,-23.601214,-23.549437,-23.497586,-23.445662,-23.393663,-23.34159,-23.289441,-23.237216,-23.184915,-23.132538,-23.080083,-23.02755,-22.97494,-22.922251,-22.869482,-22.816634,-22.763706,-22.710697,-22.657607,-22.604436,-22.551183,-22.497847,-22.444428,-22.390926,-22.337339,-22.283669,-22.229913,-22.176072,-22.122145,-22.068131,-22.014031,-21.959844,-21.920631,-21.871347,-21.802005,-21.702618,-21.563201,-21.373769,-21.124336,-20.752825,-20.356171,-19.925158,-19.492105,-18.88443,-18.419667,-18.180599,-18.011622,-17.956979,-17.923752,-17.834155,-17.722095,-17.708882,-17.662389,-17.724449,-17.784272,-17.906708,-18.042115,-18.257346],"drift":[0.04624049,0.04624097,0.04624194,0.04624339,0.04624532,0.04624773,0.04625063,0.04625401,0.04625787,0.04626221,0.04626704,0.04627235,0.04627814,0.04628441,0.04629117,0.0462984,0.04630613,0.04631433,0.04632302,0.04633218,0.04634184,0.04635197,0.04636259,0.04637368,0.04638527,0.04639733,0.04640988,0.0464229,0.04643642,0.04645041,0.04646489,0.04647984,0.04649529,0.04651121,0.04652762,0.04654451,0.04656188,0.04657973,0.04659807,0.04661689,0.04663619,0.04665597,0.04667624,0.04669699,0.04671822,0.04673994,0.04676213,0.04678481,0.04680797,0.04683162,0.04685574,0.04688035,0.04690545,0.04693102,0.04695708,0.04698362,0.04701064,0.04703814,0.04706613,0.0470946,0.04712355,0.04715299,0.0471829,0.0472133,0.04724419,0.04727555,0.0473074,0.04733973,0.04737254,0.04740583,0.04743961,0.04747387,0.04750861,0.04754384,0.04757955,0.04761574,0.04765241,0.04768956,0.0477272,0.04776532,0.04780392,0.04784301,0.04788258,0.04792263,0.04796316,0.04800418,0.04804567,0.04808765,0.04813012,0.04817306,0.04821649,0.0482604,0.04830479,0.04834967,0.04839503,0.04844087,0.04848719,0.04853399,0.04858128,0.04862905,0.04867731,0.04872604,0.04877526,0.04882496,0.04887514,0.04892581,0.04897696,0.04902859,0.0490807,0.0491333,0.04918638,0.04923994,0.04929398,0.04934851,0.04940351,0.049459,0.04951498,0.04957143,0.04962837,0.04968579,0.0497437,0.04980208,0.04986095,0.0499203,0.04998014,0.05004045,0.05010125,0.05016253,0.0502243,0.05028654,0.05034927,0.05041248,0.05047618,0.05054035,0.05060501,0.05067015,0.05073578,0.05080188,0.05086847,0.05093554,0.0510031,0.05107113,0.05113965,0.05120865,0.05127814,0.05134811,0.05141855,0.05148949,0.0515609,0.0516328,0.05170518,0.05177804,0.05185138,0.05192521,0.05199952,0.05207431,0.05214958,0.05222534,0.05230158,0.0523783,0.05245551,0.05253319,0.05261136,0.05269002,0.05276915,0.05284877,0.05292887,0.05300945,0.05309051,0.05317206,0.05325409,0.0533366,0.0534196,0.05350307,0.05358703,0.05367148,0.0537564,0.05384181,0.0539277,0.05401407,0.05410093,0.05418826,0.05427608,0.06434938,0.08440816,0.11445242,0.15448216,0.20449738,0.26449808,0.33448426,0.37992902,0.41428813,0.43756156,0.46382373,0.39474018,0.27924457,0.19037868,0.11569745,0.08148402,0.07925556,0.07017299,0.03332706,0.0098131,-0.03801269,-0.06989986,-0.10846627,-0.13777332,-0.1686488,-0.1686488],"instab":[null,null,null,null,null,null,null,null,null,null,null,null,null,null,null,null,null,null,null,null,null,null,null,null,null,null,null,null,null,null,null,null,null,null,null,null,null,null,null,null,null,null,null,null,null,null,null,null,null,null,null,null,null,null,null,null,null,null,null,null,null,null,null,null,null,null,null,null,null,null,null,null,null,null,null,null,null,null,null,null,null,null,null,null,null,null,null,null,null,null,null,null,null,null,null,null,null,null,null,null,null,null,null,null,null,null,null,null,null,null,null,null,null,null,null,null,null,null,null,null,null,null,null,null,null,null,null,null,null,null,null,null,null,null,null,null,null,null,null,null,null,null,null,null,null,null,null,null,null,null,null,null,null,null,null,null,null,null,null,null,null,null,null,null,null,null,null,null,null,null,null,null,null,null,null,null,null,null,null,null,null,null,null,null,null,null,null,null,null,null,null,null,null,10.044747,9.223466,8.531037,7.924584,7.444483,7.034222,6.685905,6.395271,6.152021,0.73145,0.705893,0.696112,0.672635,0.657331,0.637834,0.635092],