{"word":"cenrers","years":[1800,1801,1802,1803,1804,1805,1806,1807,1808,1809,1810,1811,1812,1813,1814,1815,1816,1817,1818,1819,1820,1821,1822,1823,1824,1825,1826,1827,1828,1829,1830,1831,1832,1833,1834,1835,1836,1837,1838,1839,1840,1841,1842,1843,1844,1845,1846,1847,1848,1849,1850,1851,1852,1853,1854,1855,1856,1857,1858,1859,1860,1861,1862,1863,1864,1865,1866,1867,1868,1869,1870,1871,1872,1873,1874,1875,1876,1877,1878,1879,1880,1881,1882,1883,1884,1885,1886,1887,1888,1889,1890,1891,1892,1893,1894,1895,1896,1897,1898,1899,1900,1901,1902,1903,1904,1905,1906,1907,1908,1909,1910,1911,1912,1913,1914,1915,1916,1917,1918,1919,1920,1921,1922,1923,1924,1925,1926,1927,1928,1929,1930,1931,1932,1933,1934,1935,1936,1937,1938,1939,1940,1941,1942,1943,1944,1945,1946,1947,1948,1949,1950,1951,1952,1953,1954,1955,1956,1957,1958,1959,1960,1961,1962,1963,1964,1965,1966,1967,1968,1969,1970,1971,1972,1973,1974,1975,1976,1977,1978,1979,1980,1981,1982,1983,1984,1985,1986,1987,1988,1989,1990,1991,1992,1993,1994,1995,1996,1997,1998,1999,2000,2001,2002,2003,2004,2005,2006,2007,2008],"level":[-18.582202,-18.601549,-18.620896,-18.640243,-18.65959,-18.678937,-18.698284,-18.717631,-18.736978,-18.756325,-18.775672,-18.795019,-18.814366,-18.833713,-18.85306,-18.872407,-18.891754,-18.911101,-18.930448,-18.949795,-18.969142,-18.988489,-19.007836,-19.012385,-19.016933,-19.021481,-19.026029,-19.030577,-19.035125,-19.039673,-19.044221,-19.048769,-19.053317,-19.057865,-19.062413,-19.066961,-19.071509,-19.076057,-19.080605,-19.085153,-19.089702,-19.09425,-19.098798,-19.103346,-19.107894,-19.112442,-19.11699,-19.121538,-19.126086,-19.130634,-19.135182,-19.13973,-19.144278,-19.148826,-19.153374,-19.157922,-19.16247,-19.167019,-19.171567,-19.176115,-19.180663,-19.185211,-19.189759,-19.194307,-19.198855,-19.203403,-19.207951,-19.212499,-19.217047,-19.221595,-19.226143,-19.230691,-19.235239,-19.239787,-19.244336,-19.248884,-19.253432,-19.25798,-19.262528,-19.267076,-19.271624,-19.276172,-19.28072,-19.285268,-19.289816,-19.294364,-19.298912,-19.30346,-19.308008,-19.312556,-19.317104,-19.321653,-19.326201,-19.330749,-19.335297,-19.339845,-19.344393,-19.348941,-19.353489,-19.358037,-19.362585,-19.367133,-19.371681,-19.376229,-19.380777,-19.385325,-19.389873,-19.394422,-19.39897,-19.403518,-19.408066,-19.412614,-19.417162,-19.42171,-19.426258,-19.430806,-19.435354,-19.439902,-19.44445,-19.448998,-19.453546,-19.458094,-19.462642,-19.467191,-19.471739,-19.476287,-19.480835,-19.485383,-19.489931,-19.494479,-19.499027,-19.503575,-19.508123,-19.512671,-19.517219,-19.521767,-19.526315,-19.530863,-19.535411,-19.53996,-19.544508,-19.549056,-19.553604,-19.670215,-19.786826,-19.903437,-20.020048,-20.13666,-20.263058,-20.389456,-20.515855,-20.642253,-20.768652,-20.800489,-20.832326,-20.882708,-20.945561,-21.008413,-21.071266,-21.134119,-21.196972,-21.259825,-21.319509,-21.379193,-21.438877,-21.498562,-21.519608,-21.540654,-21.561701,-21.582747,-21.603794,-21.62484,-21.374441,-21.525019,-21.675597,-21.710973,-21.691703,-21.672432,-21.653162,-21.233206,-20.569791,-20.869677,-20.785164,-20.66927,-20.683285,-20.697299,-20.711314,-21.023527,-21.402909,-21.124447,-20.845984,-21.091504,-20.440146,-21.033225,-21.628776,-19.990432,-18.559151,-18.774498,-18.870924,-18.795079,-18.489306,-18.211438,-18.276333,-18.31831,-19.348807,-21.135966,-21.81042,-22.087495,-22.604541],"drift":[-0.01933816,-0.01933816,-0.01933816,-0.01933816,-0.01933816,-0.01933816,-0.01933816,-0.01933816,-0.01933816,-0.01933816,-0.01933816,-0.01933816,-0.01933816,-0.01933816,-0.01933816,-0.01933816,-0.01933816,-0.01933816,-0.01933816,-0.01933816,-0.01933816,-0.01933816,-0.01933816,-0.01933816,-0.01933816,-0.01933816,-0.01933816,-0.01933816,-0.01933816,-0.01933816,-0.01933816,-0.01933816,-0.01933816,-0.01933816,-0.01933816,-0.01933816,-0.01933816,-0.01933816,-0.01933816,-0.01933816,-0.01933816,-0.01933816,-0.01933816,-0.01933816,-0.01933816,-0.01933816,-0.01933816,-0.01933816,-0.01933816,-0.01933816,-0.01933816,-0.01933816,-0.01933816,-0.01933816,-0.01933816,-0.01933816,-0.01933816,-0.01933816,-0.01933816,-0.01933816,-0.01933816,-0.01933816,-0.01933816,-0.01933816,-0.01933816,-0.01933816,-0.01933816,-0.01933816,-0.01933816,-0.01933816,-0.01933816,-0.01933816,-0.01933816,-0.01933816,-0.01933816,-0.01933816,-0.01933816,-0.01933816,-0.01933816,-0.01933816,-0.01933816,-0.01933816,-0.01933816,-0.01933816,-0.01933816,-0.01933816,-0.01933816,-0.01933816,-0.01933816,-0.01933816,-0.01933816,-0.01933816,-0.01933816,-0.01933816,-0.01933816,-0.01933816,-0.01933816,-0.01933816,-0.01933816,-0.01933816,-0.01933816,-0.01933816,-0.01933816,-0.01933816,-0.01933816,-0.01933816,-0.01933816,-0.01933816,-0.01933816,-0.01933816,-0.01933816,-0.01933816,-0.01933817,-0.01933817,-0.01933817,-0.01933817,-0.01933817,-0.01933817,-0.01933817,-0.01933817,-0.01933817,-0.01933817,-0.01933817,-0.01933817,-0.01933817,-0.01933817,-0.01933817,-0.01933817,-0.01933817,-0.01933817,-0.01933817,-0.01933817,-0.01933817,-0.01933817,-0.01933817,-0.01933817,-0.01933817,-0.01933817,-0.01933817,-0.01933817,-0.01933817,-0.01933817,-0.01933817,-0.01933817,-0.01933817,-0.01933817,-0.01933817,-0.01933817,-0.01933817,-0.01933817,-0.01933817,-0.01933817,-0.01933817,-0.01933817,-0.01933817,-0.01933817,-0.01933817,-0.01933817,-0.01933817,-0.01933817,-0.01933817,-0.01933817,-0.01933817,-0.01933817,-0.01933817,-0.01933817,-0.01933817,-0.01933817,-0.01933817,-0.01933817,-0.01933817,-0.01933817,-0.01933817,-0.01933817,-0.01933817,-0.01933817,-0.01933817,-0.01933817,-0.01933817,-0.01933817,-0.01933817,-0.01933817,-0.01933817,-0.01933817,-0.01933817,-0.01933817,-0.01933817,-0.01933817,-0.01933817,-0.01933817,-0.01933817,-0.01933817,-0.01933817,-0.01933817,-0.01933817,-0.01933817,-0.01933817,-0.01933817,-0.01933817,-0.01933817,-0.01933817,-0.01933817,-0.01933817,-0.01933817,-0.01933817,-0.01933817,-0.01933817,-0.01933817,-0.01933817],"instab":[null,null,null,null,null,null,null,null,null,null,null,null,null,null,null,null,null,null,null,null,null,null,null,null,null,null,null,null,null,null,null,null,null,null,null,null,null,null,null,null,null,null,null,null,null,null,null,null,null,null,null,null,null,null,null,null,null,null,null,null,null,null,null,null,null,null,null,null,null,null,null,null,null,null,null,null,null,null,null,null,null,null,null,null,null,null,null,null,null,null,null,null,null,null,null,null,null,null,null,null,null,null,null,null,null,null,null,null,null,null,null,null,null,null,null,null,null,null,null,null,null,null,null,null,null,null,null,null,null,null,null,null,null,null,null,null,null,null,null,null,null,null,null,null,null,null,null,null,null,null,null,null,null,null,null,46.209446,46.209446,46.209446,46.209446,46.209446,46.209446,42.181066,0.295367,0.295367,0.295367,0.269211,0.269211,0.255735,0.255735,0.255735,0.255735,0.235086,0.279277,0.279277,0.306951,0.306987,0.306987,0.306987,0.281465,0.328839,0.505438,0.529969,0.499663,0.474979,0.474979,0.488189,0.463453,0.466329,0.497966,0.497966,0.525048,0.55656,0.636847,0.65263,0.764647,0.951775,1.080557,1.055971,1.059243,1.058098,1.028273,1.016591,1.019078,1.019294,1.032271,1.189896,1.20982,1.208444,1.212009],