{"word":"chappit","years":[1800,1801,1802,1803,1804,1805,1806,1807,1808,1809,1810,1811,1812,1813,1814,1815,1816,1817,1818,1819,1820,1821,1822,1823,1824,1825,1826,1827,1828,1829,1830,1831,1832,1833,1834,1835,1836,1837,1838,1839,1840,1841,1842,1843,1844,1845,1846,1847,1848,1849,1850,1851,1852,1853,1854,1855,1856,1857,1858,1859,1860,1861,1862,1863,1864,1865,1866,1867,1868,1869,1870,1871,1872,1873,1874,1875,1876,1877,1878,1879,1880,1881,1882,1883,1884,1885,1886,1887,1888,1889,1890,1891,1892,1893,1894,1895,1896,1897,1898,1899,1900,1901,1902,1903,1904,1905,1906,1907,1908,1909,1910,1911,1912,1913,1914,1915,1916,1917,1918,1919,1920,1921,1922,1923,1924,1925,1926,1927,1928,1929,1930,1931,1932,1933,1934,1935,1936,1937,1938,1939,1940,1941,1942,1943,1944,1945,1946,1947,1948,1949,1950,1951,1952,1953,1954,1955,1956,1957,1958,1959,1960,1961,1962,1963,1964,1965,1966,1967,1968,1969,1970,1971,1972,1973,1974,1975,1976,1977,1978,1979,1980,1981,1982,1983,1984,1985,1986,1987,1988,1989,1990,1991,1992,1993,1994,1995,1996,1997,1998,1999,2000,2001,2002,2003,2004,2005,2006,2007,2008],"level":[-17.297972,-17.314613,-17.324787,-17.33496,-17.345134,-17.355307,-17.365481,-17.375654,-17.385828,-17.396001,-17.406175,-17.416348,-17.426522,-17.436695,-17.446869,-17.457042,-17.469685,-17.482328,-17.485458,-17.500481,-17.523617,-17.546754,-17.573252,-17.608748,-17.645305,-17.680187,-17.715069,-17.744245,-17.780425,-17.80619,-17.83206,-17.861553,-17.898606,-17.939629,-17.981413,-18.03269,-18.073475,-18.110973,-18.148471,-18.183482,-18.212274,-18.230605,-18.248935,-18.265863,-18.285479,-18.302445,-18.318292,-18.330996,-18.350933,-18.367881,-18.38483,-18.401778,-18.407859,-18.424317,-18.443383,-18.460815,-18.477774,-18.487167,-18.498241,-18.499192,-18.498553,-18.500329,-18.505615,-18.519775,-18.533271,-18.544836,-18.559592,-18.576941,-18.597495,-18.617885,-18.633191,-18.651697,-18.675637,-18.694852,-18.70925,-18.72105,-18.734048,-18.750535,-18.764371,-18.776168,-18.789487,-18.813961,-18.838435,-18.852077,-18.864931,-18.877784,-18.884136,-18.892027,-18.896918,-18.904105,-18.905985,-18.910331,-18.908521,-18.916518,-18.938198,-18.966979,-18.995455,-19.023321,-19.04435,-19.07015,-19.088015,-19.107652,-19.139119,-19.175511,-19.218126,-19.260741,-19.296249,-19.324668,-19.348982,-19.369352,-19.379674,-19.389997,-19.402313,-19.426276,-19.458632,-19.485707,-19.504193,-19.521607,-19.535216,-19.549044,-19.562457,-19.571065,-19.579672,-19.586294,-19.609686,-19.642061,-19.677084,-19.706296,-19.728737,-19.748904,-19.7631,-19.770805,-19.778511,-19.793523,-19.814088,-19.834276,-19.854464,-19.882737,-19.909893,-19.935962,-19.962031,-19.9881,-20.014169,-20.040239,-20.066308,-20.092377,-20.118446,-20.144515,-20.177292,-20.205568,-20.233844,-20.257244,-20.280643,-20.304043,-20.32772,-20.354325,-20.383641,-20.412958,-20.442274,-20.476136,-20.505248,-20.534359,-20.564483,-20.592268,-20.620054,-20.641354,-20.662655,-20.67642,-20.693212,-20.705876,-20.710289,-20.718485,-20.734616,-20.749363,-20.763088,-20.773109,-20.782212,-20.791315,-20.805626,-20.811667,-20.816289,-20.820911,-20.825533,-20.832086,-20.836589,-20.843741,-20.850258,-20.850789,-20.840851,-20.832307,-20.832921,-20.832343,-20.826991,-20.824385,-20.816243,-20.814925,-20.82635,-20.828136,-20.820076,-20.814514,-20.809289,-20.805014,-20.806384,-20.79776,-20.783549,-20.772211,-20.758619,-20.754083,-20.759171],"drift":[-0.01664047,-0.01664047,-0.01664047,-0.01664047,-0.01664047,-0.01664047,-0.01664047,-0.01664047,-0.01664047,-0.01664047,-0.01664047,-0.01664047,-0.01664047,-0.01664047,-0.01664047,-0.01664047,-0.01664047,-0.01664047,-0.01664047,-0.01664047,-0.01664047,-0.01664047,-0.01664047,-0.01664048,-0.01664048,-0.01664048,-0.01664048,-0.01664048,-0.01664048,-0.01664048,-0.01664048,-0.01664047,-0.01664047,-0.01664047,-0.01664047,-0.01664047,-0.01664047,-0.01664047,-0.01664047,-0.01664047,-0.01664047,-0.01664047,-0.01664046,-0.01664046,-0.01664046,-0.01664046,-0.01664046,-0.01664046,-0.01664046,-0.01664045,-0.01664045,-0.01664045,-0.01664045,-0.01664045,-0.01664045,-0.01664045,-0.01664045,-0.01664044,-0.01664044,-0.01664044,-0.01664044,-0.01664044,-0.01664044,-0.01664044,-0.01664044,-0.01664044,-0.01664043,-0.01664043,-0.01664043,-0.01664043,-0.01664043,-0.01664043,-0.01664043,-0.01664043,-0.01664043,-0.01664043,-0.01664043,-0.01664042,-0.01664042,-0.01664042,-0.01664042,-0.01664042,-0.01664042,-0.01664042,-0.01664042,-0.01664042,-0.01664042,-0.01664042,-0.01664041,-0.01664041,-0.01664041,-0.01664041,-0.01664041,-0.01664041,-0.01664041,-0.01664041,-0.01664041,-0.01664041,-0.01664041,-0.01664041,-0.01664041,-0.01664041,-0.01664041,-0.01664041,-0.0166404,-0.0166404,-0.0166404,-0.0166404,-0.0166404,-0.0166404,-0.0166404,-0.0166404,-0.01664039,-0.01664039,-0.01664039,-0.01664039,-0.01664039,-0.01664039,-0.01664039,-0.01664038,-0.01664038,-0.01664038,-0.01664038,-0.01664038,-0.01664038,-0.01664038,-0.01664037,-0.01664037,-0.01664037,-0.01664037,-0.01664037,-0.01664037,-0.01664036,-0.01664036,-0.01664036,-0.01664036,-0.01664036,-0.01664036,-0.01664036,-0.01664035,-0.01664035,-0.01664035,-0.01664035,-0.01664035,-0.01664034,-0.01664034,-0.01664034,-0.01664034,-0.01664034,-0.01664033,-0.01664033,-0.01664033,-0.01664033,-0.01664032,-0.01664032,-0.01664032,-0.01664032,-0.01664031,-0.01664031,-0.01664031,-0.0166403,-0.0166403,-0.0166403,-0.01664029,-0.01664029,-0.01664029,-0.01664029,-0.01664028,-0.01664028,-0.01664028,-0.01664027,-0.01664027,-0.01664027,-0.01664026,-0.01664026,-0.01664026,-0.01664025,-0.01664025,-0.01664025,-0.01664025,-0.01664024,-0.01664024,-0.01664024,-0.01664023,-0.01664023,-0.01664023,-0.01664023,-0.01664022,-0.01664022,-0.01664022,-0.01664022,-0.01664022,-0.01664021,-0.01664021,-0.01664021,-0.01664021,-0.01664021,-0.01664021,-0.01664021,-0.0166402,-0.0166402,-0.0166402,-0.0166402,-0.0166402,-0.0166402,-0.0166402,-0.0166402,-0.0166402,-0.0166402],"instab":[null,null,null,null,null,null,null,null,null,null,null,null,null,null,null,null,null,null,null,59.500418,59.500418,56.983227,52.000604,48.205587,45.145661,45.145661,42.619097,40.408118,38.5789,36.931951,35.469566,34.1607,32.996995,31.95189,30.984781,1.03447,1.009474,0.986338,0.82771,0.798634,0.798343,0.821941,0.805909,0.843286,0.832462,0.814954,0.772726,0.827814,0.730524,0.752953,0.770114,0.76805,0.906988,0.920825,0.893776,0.776393,0.779055,0.765271,0.79049,0.761731,0.704592,0.700018,0.752248,0.748102,0.747103,0.750738,0.746182,0.715005,0.708734,0.7138,0.697759,0.63543,0.577166,0.593433,0.596433,0.597468,0.565501,0.56984,0.509411,0.510034,0.571292,0.573411,0.611735,0.611855,0.628169,0.639594,0.639306,0.631262,0.643189,0.636144,0.639791,0.628611,0.705725,0.795041,0.80064,0.806784,0.809011,0.845743,0.84735,0.893688,0.832051,0.866918,0.792301,0.793789,0.793789,0.834305,0.881735,0.895322,0.901242,0.939776,0.957865,0.953503,0.957225,0.885452,0.879496,0.911681,0.911643,0.893029,0.880169,0.851702,0.853039,0.787205,0.77132,0.957423,0.968398,0.929124,0.918404,0.934068,0.928254,0.897815,0.88814,0.908599,0.868891,0.855732,0.836051,0.814877,0.84375,0.838495,0.842482,0.869998,0.886428,0.886428,0.918029,0.734303,0.695002,0.724469,0.714044,0.670558,0.722032,0.709162,0.716376,0.716376,0.675526,0.61412,0.626666,0.591451,0.504231,0.541114,0.563484,0.592217,0.592217,0.554615,0.533478,0.533478,0.555088,0.555088,0.56656,0.543158,0.519655,0.525991,0.571123,0.650027,0.626393,0.626349,0.620761,0.61537,0.61537,0.637853,0.656235,0.634804,0.634804,0.65668,0.667105,0.644496,0.619862,0.60042,0.570085,0.612094,0.618516,0.663885,0.650015,0.60484,0.61985,0.630124,0.671486,0.775102,0.813863,0.842502,0.813206,0.813127,0.791662,0.788273,0.832104,0.83879,0.844519,0.844608,0.875345,0.859542,0.89637],