{"word":"charginos","years":[1800,1801,1802,1803,1804,1805,1806,1807,1808,1809,1810,1811,1812,1813,1814,1815,1816,1817,1818,1819,1820,1821,1822,1823,1824,1825,1826,1827,1828,1829,1830,1831,1832,1833,1834,1835,1836,1837,1838,1839,1840,1841,1842,1843,1844,1845,1846,1847,1848,1849,1850,1851,1852,1853,1854,1855,1856,1857,1858,1859,1860,1861,1862,1863,1864,1865,1866,1867,1868,1869,1870,1871,1872,1873,1874,1875,1876,1877,1878,1879,1880,1881,1882,1883,1884,1885,1886,1887,1888,1889,1890,1891,1892,1893,1894,1895,1896,1897,1898,1899,1900,1901,1902,1903,1904,1905,1906,1907,1908,1909,1910,1911,1912,1913,1914,1915,1916,1917,1918,1919,1920,1921,1922,1923,1924,1925,1926,1927,1928,1929,1930,1931,1932,1933,1934,1935,1936,1937,1938,1939,1940,1941,1942,1943,1944,1945,1946,1947,1948,1949,1950,1951,1952,1953,1954,1955,1956,1957,1958,1959,1960,1961,1962,1963,1964,1965,1966,1967,1968,1969,1970,1971,1972,1973,1974,1975,1976,1977,1978,1979,1980,1981,1982,1983,1984,1985,1986,1987,1988,1989,1990,1991,1992,1993,1994,1995,1996,1997,1998,1999,2000,2001,2002,2003,2004,2005,2006,2007,2008],"level":[-38.937947,-38.838079,-38.738211,-38.638343,-38.538474,-38.438604,-38.338732,-38.238859,-38.138984,-38.039107,-37.939228,-37.839346,-37.739461,-37.639573,-37.539682,-37.439787,-37.339887,-37.239984,-37.140077,-37.040164,-36.940247,-36.840324,-36.740396,-36.640462,-36.540522,-36.440576,-36.340623,-36.240663,-36.140697,-36.040723,-35.940741,-35.840752,-35.740754,-35.640748,-35.540733,-35.44071,-35.340677,-35.240635,-35.140583,-35.040521,-34.940449,-34.840366,-34.740273,-34.640168,-34.540053,-34.439926,-34.339787,-34.239635,-34.139472,-34.039296,-33.939107,-33.838905,-33.73869,-33.638461,-33.538218,-33.437961,-33.33769,-33.237404,-33.137103,-33.036786,-32.936455,-32.836107,-32.735744,-32.635364,-32.534968,-32.434555,-32.334125,-32.233677,-32.133212,-32.03273,-31.932229,-31.831709,-31.731172,-31.630615,-31.530039,-31.429444,-31.328829,-31.228194,-31.127539,-31.026863,-30.926167,-30.82545,-30.724711,-30.623951,-30.52317,-30.422366,-30.32154,-30.220691,-30.11982,-30.018925,-29.918007,-29.817066,-29.716101,-29.615111,-29.514097,-29.413059,-29.311996,-29.210907,-29.109793,-29.008653,-28.907488,-28.806296,-28.705077,-28.603832,-28.50256,-28.401261,-28.299934,-28.198579,-28.097196,-27.995785,-27.894346,-27.792877,-27.691379,-27.589852,-27.488296,-27.386709,-27.285093,-27.183445,-27.081768,-26.980059,-26.878319,-26.776548,-26.674744,-26.572909,-26.471042,-26.369142,-26.267209,-26.165244,-26.063245,-25.961212,-25.859146,-25.757045,-25.65491,-25.552741,-25.450536,-25.348297,-25.246022,-25.143711,-25.041365,-24.938982,-24.836563,-24.734107,-24.631614,-24.529084,-24.426517,-24.323912,-24.221268,-24.118587,-24.015866,-23.913107,-23.810309,-23.707472,-23.604595,-23.501678,-23.398721,-23.295724,-23.192686,-23.089607,-22.986487,-22.883325,-22.780122,-22.676877,-22.57359,-22.47026,-22.366887,-22.263472,-22.160013,-22.05651,-21.952964,-21.849374,-21.745739,-21.64206,-21.538336,-21.434567,-21.330752,-21.226892,-21.122986,-21.019034,-20.915036,-20.81099,-20.706898,-20.602759,-20.498572,-20.394338,-20.287411,-20.185254,-20.087335,-19.997216,-19.910764,-19.83667,-19.735939,-19.640469,-19.507222,-19.347108,-19.191581,-19.024932,-18.869744,-18.745327,-18.660433,-18.620381,-18.644239,-18.720654,-18.833343,-18.978888,-19.143166,-19.327819,-19.520574,-19.700746,-19.876916],"drift":[0.09986777,0.09986804,0.09986856,0.09986935,0.0998704,0.09987171,0.09987329,0.09987512,0.09987722,0.09987958,0.0998822,0.09988509,0.09988824,0.09989165,0.09989532,0.09989925,0.09990345,0.09990791,0.09991263,0.09991761,0.09992286,0.09992836,0.09993413,0.09994017,0.09994646,0.09995302,0.09995983,0.09996692,0.09997426,0.09998186,0.09998973,0.09999786,0.10000625,0.10001491,0.10002382,0.100033,0.10004244,0.10005215,0.10006211,0.10007234,0.10008283,0.10009358,0.1001046,0.10011587,0.10012741,0.10013921,0.10015127,0.1001636,0.10017619,0.10018904,0.10020215,0.10021552,0.10022916,0.10024306,0.10025722,0.10027164,0.10028633,0.10030128,0.10031649,0.10033196,0.10034769,0.10036369,0.10037995,0.10039647,0.10041325,0.1004303,0.10044761,0.10046518,0.10048301,0.1005011,0.10051946,0.10053808,0.10055696,0.1005761,0.10059551,0.10061518,0.10063511,0.1006553,0.10067575,0.10069647,0.10071745,0.10073869,0.10076019,0.10078196,0.10080399,0.10082628,0.10084883,0.10087164,0.10089472,0.10091806,0.10094166,0.10096552,0.10098965,0.10101404,0.10103869,0.1010636,0.10108877,0.10111421,0.10113991,0.10116587,0.10119209,0.10121858,0.10124533,0.10127234,0.10129961,0.10132715,0.10135494,0.101383,0.10141132,0.10143991,0.10146875,0.10149786,0.10152723,0.10155686,0.10158676,0.10161691,0.10164733,0.10167801,0.10170896,0.10174016,0.10177163,0.10180336,0.10183535,0.10186761,0.10190013,0.10193291,0.10196595,0.10199925,0.10203282,0.10206664,0.10210073,0.10213509,0.1021697,0.10220458,0.10223972,0.10227512,0.10231078,0.10234671,0.1023829,0.10241935,0.10245606,0.10249304,0.10253027,0.10256777,0.10260553,0.10264356,0.10268184,0.10272039,0.1027592,0.10279827,0.10283761,0.10287721,0.10291707,0.10295719,0.10299757,0.10303822,0.10307913,0.1031203,0.10316173,0.10320342,0.10324538,0.1032876,0.10333008,0.10337283,0.10341583,0.1034591,0.10350263,0.10354642,0.10359048,0.1036348,0.10367938,0.10372422,0.10376932,0.10381469,0.10386032,0.10390621,0.10395236,0.10399877,0.10404545,0.10409239,0.10413959,0.10418706,0.10423478,0.10428277,0.1011911,0.09695247,0.09156686,0.08789987,0.08595149,0.09807722,0.10705337,0.12977975,0.14839026,0.15308417,0.15487901,0.14270282,0.11570634,0.07837018,0.03329032,-0.01981536,-0.06812291,-0.10658832,-0.13781106,-0.15985454,-0.17664665,-0.18393527,-0.18075479,-0.17826638,-0.17826638],"instab":[null,null,null,null,null,null,null,null,null,null,null,null,null,null,null,null,null,null,null,null,null,null,null,null,null,null,null,null,null,null,null,null,null,null,null,null,null,null,null,null,null,null,null,null,null,null,null,null,null,null,null,null,null,null,null,null,null,null,null,null,null,null,null,null,null,null,null,null,null,null,null,null,null,null,null,null,null,null,null,null,null,null,null,null,null,null,null,null,null,null,null,null,null,null,null,null,null,null,null,null,null,null,null,null,null,null,null,null,null,null,null,null,null,null,null,null,null,null,null,null,null,null,null,null,null,null,null,null,null,null,null,null,null,null,null,null,null,null,null,null,null,null,null,null,null,null,null,null,null,null,null,null,null,null,null,null,null,null,null,null,null,null,null,null,null,null,null,null,null,null,null,null,null,null,null,null,null,null,null,null,null,null,null,null,null,null,null,null,null,9.071838,8.488674,7.776122,7.275946,6.965251,6.590094,6.304488,6.061886,5.830778,5.61532,5.441526,5.262434,5.095575,4.946421,1.042318,1.026142,0.999274,1.025077,0.99834,0.996482],