{"word":"characean","years":[1800,1801,1802,1803,1804,1805,1806,1807,1808,1809,1810,1811,1812,1813,1814,1815,1816,1817,1818,1819,1820,1821,1822,1823,1824,1825,1826,1827,1828,1829,1830,1831,1832,1833,1834,1835,1836,1837,1838,1839,1840,1841,1842,1843,1844,1845,1846,1847,1848,1849,1850,1851,1852,1853,1854,1855,1856,1857,1858,1859,1860,1861,1862,1863,1864,1865,1866,1867,1868,1869,1870,1871,1872,1873,1874,1875,1876,1877,1878,1879,1880,1881,1882,1883,1884,1885,1886,1887,1888,1889,1890,1891,1892,1893,1894,1895,1896,1897,1898,1899,1900,1901,1902,1903,1904,1905,1906,1907,1908,1909,1910,1911,1912,1913,1914,1915,1916,1917,1918,1919,1920,1921,1922,1923,1924,1925,1926,1927,1928,1929,1930,1931,1932,1933,1934,1935,1936,1937,1938,1939,1940,1941,1942,1943,1944,1945,1946,1947,1948,1949,1950,1951,1952,1953,1954,1955,1956,1957,1958,1959,1960,1961,1962,1963,1964,1965,1966,1967,1968,1969,1970,1971,1972,1973,1974,1975,1976,1977,1978,1979,1980,1981,1982,1983,1984,1985,1986,1987,1988,1989,1990,1991,1992,1993,1994,1995,1996,1997,1998,1999,2000,2001,2002,2003,2004,2005,2006,2007,2008],"level":[-18.090603,-18.098243,-18.105883,-18.113523,-18.127253,-18.140983,-18.154713,-18.168443,-18.182173,-18.195903,-18.209634,-18.223364,-18.237094,-18.250824,-18.264554,-18.278284,-18.292014,-18.305744,-18.319475,-18.333205,-18.346935,-18.360665,-18.374395,-18.388125,-18.401855,-18.415585,-18.429316,-18.443046,-18.456776,-18.470506,-18.484236,-18.497966,-18.511696,-18.525426,-18.539156,-18.552887,-18.566617,-18.580347,-18.594077,-18.607807,-18.621537,-18.635267,-18.648997,-18.662728,-18.676458,-18.690188,-18.703918,-18.717648,-18.731378,-18.745108,-18.758838,-18.772568,-18.786299,-18.800029,-18.813759,-18.827489,-18.841219,-18.854949,-18.868679,-18.882409,-18.89614,-18.90987,-18.9236,-18.93733,-18.95106,-18.96479,-18.97852,-18.99225,-19.00598,-19.019711,-19.033441,-19.047171,-19.060901,-19.074631,-19.088361,-19.102091,-19.115821,-19.129552,-19.143282,-19.157012,-19.170742,-19.184472,-19.198202,-19.211932,-19.225662,-19.239393,-19.253123,-19.266853,-19.280583,-19.294313,-19.308043,-19.321773,-19.335503,-19.349234,-19.362964,-19.376694,-19.390424,-19.404154,-19.417884,-19.431614,-19.445344,-19.459074,-19.472805,-19.486535,-19.500265,-19.513995,-19.527725,-19.541455,-19.555185,-19.568915,-19.582645,-19.596376,-19.610106,-19.623836,-19.637566,-19.651296,-19.665026,-19.678756,-19.692486,-19.706217,-19.719947,-19.733677,-19.747407,-19.761137,-19.774867,-19.788597,-19.802327,-19.816058,-19.829788,-19.843518,-19.857248,-19.870978,-19.884708,-19.898438,-19.912168,-19.925899,-19.939629,-19.953359,-19.967089,-19.980819,-19.994549,-20.008279,-20.022009,-20.035739,-20.04947,-20.0632,-20.07693,-20.09066,-20.10439,-20.11812,-20.13185,-20.14558,-20.15931,-20.173041,-20.186771,-20.200501,-20.232198,-20.191448,-20.150698,-20.109948,-20.125806,-20.186565,-20.247324,-20.308083,-20.368842,-20.375138,-20.41639,-20.390415,-20.351107,-20.311798,-20.180541,-20.049285,-19.878778,-19.716541,-19.52593,-19.2738,-19.169529,-19.086453,-19.102591,-18.989048,-18.966514,-18.879157,-18.885083,-18.849159,-18.886067,-19.019085,-19.040413,-19.031762,-19.002376,-18.984289,-19.043833,-19.032784,-19.053615,-19.220247,-19.334225,-19.40537,-19.488148,-19.6502,-19.756336,-19.790072,-19.756691,-19.857745,-19.877241,-19.859306,-19.787707,-19.763331,-19.726508,-19.689726,-19.67947],"drift":[-0.00763879,-0.00763879,-0.00763879,-0.00763879,-0.00763879,-0.00763879,-0.00763879,-0.00763879,-0.00763879,-0.00763879,-0.00763879,-0.00763879,-0.00763879,-0.00763879,-0.00763879,-0.00763879,-0.00763879,-0.00763879,-0.00763879,-0.00763879,-0.00763879,-0.00763879,-0.00763879,-0.00763879,-0.00763879,-0.00763879,-0.00763879,-0.00763879,-0.00763879,-0.00763879,-0.00763879,-0.00763879,-0.00763879,-0.00763879,-0.00763879,-0.00763879,-0.00763879,-0.00763879,-0.00763879,-0.00763879,-0.00763879,-0.00763879,-0.00763879,-0.00763879,-0.00763879,-0.00763879,-0.00763879,-0.00763879,-0.00763879,-0.00763879,-0.00763879,-0.00763879,-0.00763879,-0.00763879,-0.00763879,-0.00763879,-0.00763879,-0.00763879,-0.00763879,-0.00763879,-0.00763879,-0.00763879,-0.00763879,-0.00763879,-0.00763879,-0.00763879,-0.00763879,-0.00763879,-0.00763879,-0.00763879,-0.00763879,-0.00763879,-0.00763879,-0.00763879,-0.00763879,-0.00763879,-0.00763879,-0.00763879,-0.00763879,-0.00763879,-0.00763879,-0.00763879,-0.00763879,-0.00763878,-0.00763878,-0.00763878,-0.00763878,-0.00763878,-0.00763878,-0.00763878,-0.00763878,-0.00763878,-0.00763878,-0.00763878,-0.00763878,-0.00763878,-0.00763878,-0.00763878,-0.00763878,-0.00763878,-0.00763878,-0.00763878,-0.00763878,-0.00763878,-0.00763878,-0.00763878,-0.00763878,-0.00763878,-0.00763878,-0.00763878,-0.00763878,-0.00763878,-0.00763878,-0.00763878,-0.00763878,-0.00763878,-0.00763878,-0.00763878,-0.00763878,-0.00763878,-0.00763878,-0.00763878,-0.00763878,-0.00763878,-0.00763878,-0.00763878,-0.00763878,-0.00763878,-0.00763878,-0.00763878,-0.00763878,-0.00763878,-0.00763878,-0.00763878,-0.00763878,-0.00763878,-0.00763878,-0.00763878,-0.00763878,-0.00763878,-0.00763878,-0.00763878,-0.00763878,-0.00763878,-0.00763878,-0.00763878,-0.00763878,-0.00763878,-0.00763878,-0.00763878,-0.00763878,-0.00763878,-0.00763878,-0.00763878,-0.00763877,-0.00763877,-0.00763877,-0.00763877,-0.00763877,-0.00763877,-0.00763877,-0.00763877,-0.00763877,-0.00763877,-0.00763877,-0.00763877,-0.00763877,-0.00763877,-0.00763877,-0.00763877,-0.00763877,-0.00763877,-0.00763877,-0.00763877,-0.00763877,-0.00763877,-0.00763877,-0.00763877,-0.00763877,-0.00763877,-0.00763877,-0.00763877,-0.00763877,-0.00763877,-0.00763877,-0.00763877,-0.00763877,-0.00763877,-0.00763877,-0.00763877,-0.00763877,-0.00763877,-0.00763877,-0.00763877,-0.00763877,-0.00763877,-0.00763877,-0.00763877,-0.00763877,-0.00763877,-0.00763877,-0.00763877,-0.00763877,-0.00763877,-0.00763877,-0.00763877,-0.00763877,-0.00763877,-0.00763877],"instab":[null,null,null,null,null,null,null,null,null,null,null,null,null,null,null,null,null,null,null,null,null,null,null,null,null,null,null,null,null,null,null,null,null,null,null,null,null,null,null,null,null,null,null,null,null,null,null,null,null,null,null,null,null,null,null,null,null,null,null,null,null,null,null,null,null,null,null,null,null,null,null,null,null,null,null,null,null,null,null,null,null,null,null,null,null,null,null,null,null,null,null,null,null,null,null,null,null,null,null,null,null,null,null,null,null,null,null,null,null,null,null,null,null,null,null,null,null,null,null,null,null,null,null,null,null,null,null,null,null,null,null,null,null,null,null,null,null,null,null,null,null,null,null,null,null,null,null,null,null,null,null,null,null,null,null,null,null,null,null,null,null,null,null,null,367.374946,335.328193,310.501265,290.439173,290.439173,273.849765,273.849765,259.777116,247.658147,237.103233,227.797805,0.905736,0.847204,0.850449,0.92609,0.946288,0.969531,0.966911,0.952287,0.933189,0.89078,0.999716,0.978941,0.982949,0.955403,0.935855,0.952389,0.952262,0.970555,1.020767,1.047893,0.916658,0.912834,0.903501,0.889117,0.844059,0.906704,0.886452,0.886317,0.856662,0.85392,0.797019,0.798288,0.806881,0.806933],