{"word":"chavadi","years":[1800,1801,1802,1803,1804,1805,1806,1807,1808,1809,1810,1811,1812,1813,1814,1815,1816,1817,1818,1819,1820,1821,1822,1823,1824,1825,1826,1827,1828,1829,1830,1831,1832,1833,1834,1835,1836,1837,1838,1839,1840,1841,1842,1843,1844,1845,1846,1847,1848,1849,1850,1851,1852,1853,1854,1855,1856,1857,1858,1859,1860,1861,1862,1863,1864,1865,1866,1867,1868,1869,1870,1871,1872,1873,1874,1875,1876,1877,1878,1879,1880,1881,1882,1883,1884,1885,1886,1887,1888,1889,1890,1891,1892,1893,1894,1895,1896,1897,1898,1899,1900,1901,1902,1903,1904,1905,1906,1907,1908,1909,1910,1911,1912,1913,1914,1915,1916,1917,1918,1919,1920,1921,1922,1923,1924,1925,1926,1927,1928,1929,1930,1931,1932,1933,1934,1935,1936,1937,1938,1939,1940,1941,1942,1943,1944,1945,1946,1947,1948,1949,1950,1951,1952,1953,1954,1955,1956,1957,1958,1959,1960,1961,1962,1963,1964,1965,1966,1967,1968,1969,1970,1971,1972,1973,1974,1975,1976,1977,1978,1979,1980,1981,1982,1983,1984,1985,1986,1987,1988,1989,1990,1991,1992,1993,1994,1995,1996,1997,1998,1999,2000,2001,2002,2003,2004,2005,2006,2007,2008],"level":[-17.992562,-18.003316,-18.014071,-18.024825,-18.035579,-18.046333,-18.057088,-18.067842,-18.080514,-18.093187,-18.105859,-18.118532,-18.131205,-18.143877,-18.15655,-18.169222,-18.181895,-18.194567,-18.20724,-18.219913,-18.232585,-18.245258,-18.25793,-18.270603,-18.283275,-18.295948,-18.308621,-18.321293,-18.333966,-18.346638,-18.359311,-18.371983,-18.384656,-18.397329,-18.410001,-18.422674,-18.435346,-18.448019,-18.460691,-18.473364,-18.486037,-18.498709,-18.511382,-18.524054,-18.536727,-18.549399,-18.562072,-18.574745,-18.587417,-18.60009,-18.612762,-18.625435,-18.638107,-18.65078,-18.663453,-18.676125,-18.688798,-18.70147,-18.714143,-18.726815,-18.739488,-18.752161,-18.764833,-18.777506,-18.790178,-18.802851,-18.815523,-18.828196,-18.840868,-18.853541,-18.866214,-18.878886,-18.891559,-18.904231,-18.916904,-18.929576,-18.942249,-18.954922,-18.967594,-18.980267,-18.992939,-19.005612,-19.018284,-19.030957,-19.043629,-19.056302,-19.068975,-19.081647,-19.09432,-19.106992,-19.119665,-19.132337,-19.14501,-19.162883,-19.180757,-19.19863,-19.216503,-19.234052,-19.252742,-19.271432,-19.287592,-19.303751,-19.319911,-19.336071,-19.35223,-19.360296,-19.363729,-19.364427,-19.373293,-19.382159,-19.404258,-19.426357,-19.447875,-19.469394,-19.486929,-19.504465,-19.521023,-19.537581,-19.551427,-19.565273,-19.57912,-19.592966,-19.606812,-19.619359,-19.631907,-19.642956,-19.654005,-19.663782,-19.668295,-19.667586,-19.667214,-19.671425,-19.670586,-19.675362,-19.676701,-19.673744,-19.669056,-19.659219,-19.656629,-19.65404,-19.65145,-19.64886,-19.651598,-19.653098,-19.6512,-19.649301,-19.647403,-19.645454,-19.650933,-19.656633,-19.660417,-19.66021,-19.660004,-19.655889,-19.651606,-19.646853,-19.644443,-19.637322,-19.63889,-19.640081,-19.637832,-19.642301,-19.641989,-19.639119,-19.639802,-19.642241,-19.636259,-19.629099,-19.621692,-19.618481,-19.618004,-19.618084,-19.613197,-19.61895,-19.623749,-19.631481,-19.634261,-19.642911,-19.65537,-19.677802,-19.696882,-19.714701,-19.739399,-19.769408,-19.79869,-19.822461,-19.843376,-19.861901,-19.888714,-19.908376,-19.932102,-19.954452,-19.982016,-20.004019,-20.027493,-20.039426,-20.054563,-20.062681,-20.071185,-20.076329,-20.083956,-20.097201,-20.117038,-20.137765,-20.158497,-20.175641,-20.192416,-20.211775,-20.229421],"drift":[-0.01075415,-0.01075415,-0.01075415,-0.01075415,-0.01075415,-0.01075415,-0.01075415,-0.01075415,-0.01075415,-0.01075415,-0.01075415,-0.01075415,-0.01075415,-0.01075415,-0.01075415,-0.01075415,-0.01075415,-0.01075415,-0.01075415,-0.01075415,-0.01075415,-0.01075415,-0.01075415,-0.01075415,-0.01075415,-0.01075415,-0.01075415,-0.01075415,-0.01075415,-0.01075415,-0.01075415,-0.01075415,-0.01075415,-0.01075415,-0.01075415,-0.01075415,-0.01075415,-0.01075415,-0.01075415,-0.01075415,-0.01075415,-0.01075415,-0.01075414,-0.01075414,-0.01075414,-0.01075414,-0.01075414,-0.01075414,-0.01075414,-0.01075414,-0.01075414,-0.01075414,-0.01075414,-0.01075414,-0.01075414,-0.01075414,-0.01075414,-0.01075414,-0.01075414,-0.01075414,-0.01075414,-0.01075414,-0.01075414,-0.01075414,-0.01075414,-0.01075414,-0.01075414,-0.01075414,-0.01075414,-0.01075414,-0.01075414,-0.01075414,-0.01075414,-0.01075414,-0.01075414,-0.01075414,-0.01075414,-0.01075414,-0.01075414,-0.01075414,-0.01075414,-0.01075414,-0.01075414,-0.01075414,-0.01075414,-0.01075414,-0.01075414,-0.01075414,-0.01075414,-0.01075414,-0.01075413,-0.01075413,-0.01075413,-0.01075413,-0.01075413,-0.01075413,-0.01075413,-0.01075413,-0.01075413,-0.01075413,-0.01075413,-0.01075413,-0.01075413,-0.01075413,-0.01075413,-0.01075413,-0.01075413,-0.01075413,-0.01075413,-0.01075413,-0.01075413,-0.01075413,-0.01075412,-0.01075412,-0.01075412,-0.01075412,-0.01075412,-0.01075412,-0.01075412,-0.01075412,-0.01075412,-0.01075412,-0.01075412,-0.01075412,-0.01075412,-0.01075412,-0.01075412,-0.01075412,-0.01075411,-0.01075411,-0.01075411,-0.01075411,-0.01075411,-0.01075411,-0.01075411,-0.01075411,-0.01075411,-0.01075411,-0.01075411,-0.01075411,-0.01075411,-0.01075411,-0.01075411,-0.01075411,-0.01075411,-0.01075411,-0.01075411,-0.01075411,-0.01075411,-0.01075411,-0.01075411,-0.01075411,-0.01075411,-0.01075411,-0.01075411,-0.01075411,-0.01075411,-0.01075411,-0.01075411,-0.01075411,-0.01075411,-0.01075411,-0.01075411,-0.01075411,-0.01075411,-0.01075411,-0.01075411,-0.01075411,-0.01075411,-0.01075411,-0.01075411,-0.01075411,-0.01075411,-0.01075411,-0.01075411,-0.01075411,-0.01075411,-0.01075411,-0.01075411,-0.01075411,-0.01075412,-0.01075412,-0.01075412,-0.01075412,-0.01075412,-0.01075412,-0.01075412,-0.01075412,-0.01075412,-0.01075412,-0.01075412,-0.01075412,-0.01075412,-0.01075412,-0.01075412,-0.01075412,-0.01075412,-0.01075412,-0.01075412,-0.01075412,-0.01075412,-0.01075412,-0.01075412,-0.01075412,-0.01075412,-0.01075412,-0.01075412,-0.01075412,-0.01075412],"instab":[null,null,null,null,null,null,null,null,null,null,null,null,null,null,null,null,null,null,null,null,null,null,null,null,null,null,null,null,null,null,null,null,null,null,null,null,null,null,null,null,null,null,null,null,null,null,null,null,null,null,null,null,null,null,null,null,null,null,null,null,null,null,null,null,null,null,null,null,null,null,null,null,null,null,null,null,null,null,null,null,null,null,null,null,null,null,null,null,null,null,null,null,null,null,null,null,null,null,null,null,null,null,null,null,94.634285,86.361481,79.911536,74.635047,74.635047,70.263858,70.263858,66.669978,1.228283,1.186442,1.186442,1.126241,1.151779,1.159535,1.159535,1.203473,1.203473,1.203473,1.136125,1.136125,1.023506,1.060782,1.061474,0.92214,0.884095,0.358437,0.537545,0.550866,0.666951,0.632834,0.615775,0.614981,0.602148,0.737902,0.737902,0.737902,0.737902,0.770001,0.766719,0.749851,0.772713,0.772713,0.771694,0.805034,0.769093,0.781195,0.776738,0.772607,0.739421,0.724831,0.70104,0.70688,0.70953,0.727682,0.70309,0.70005,0.724626,0.721613,0.728065,0.730181,0.709855,0.769773,0.769474,0.699009,0.725635,0.73007,0.711962,0.720033,0.806381,0.811081,0.813156,0.841335,0.841899,0.778202,0.831113,0.849762,0.827139,0.816765,0.809917,0.819786,0.880671,0.839924,0.856965,0.886746,0.942645,0.939642,0.946754,0.937997,0.881999,0.881787,0.983824,0.980367,0.976083,0.960883,0.869396,0.879614,0.918173,0.921336,0.903444,0.901968,0.880835,0.872756,0.873163,0.819166,0.80476],