{"word":"chemistry","years":[1800,1801,1802,1803,1804,1805,1806,1807,1808,1809,1810,1811,1812,1813,1814,1815,1816,1817,1818,1819,1820,1821,1822,1823,1824,1825,1826,1827,1828,1829,1830,1831,1832,1833,1834,1835,1836,1837,1838,1839,1840,1841,1842,1843,1844,1845,1846,1847,1848,1849,1850,1851,1852,1853,1854,1855,1856,1857,1858,1859,1860,1861,1862,1863,1864,1865,1866,1867,1868,1869,1870,1871,1872,1873,1874,1875,1876,1877,1878,1879,1880,1881,1882,1883,1884,1885,1886,1887,1888,1889,1890,1891,1892,1893,1894,1895,1896,1897,1898,1899,1900,1901,1902,1903,1904,1905,1906,1907,1908,1909,1910,1911,1912,1913,1914,1915,1916,1917,1918,1919,1920,1921,1922,1923,1924,1925,1926,1927,1928,1929,1930,1931,1932,1933,1934,1935,1936,1937,1938,1939,1940,1941,1942,1943,1944,1945,1946,1947,1948,1949,1950,1951,1952,1953,1954,1955,1956,1957,1958,1959,1960,1961,1962,1963,1964,1965,1966,1967,1968,1969,1970,1971,1972,1973,1974,1975,1976,1977,1978,1979,1980,1981,1982,1983,1984,1985,1986,1987,1988,1989,1990,1991,1992,1993,1994,1995,1996,1997,1998,1999,2000,2001,2002,2003,2004,2005,2006,2007,2008],"level":[-12.776588,-12.685653,-12.662584,-12.554722,-12.516777,-12.429224,-12.341783,-12.301274,-12.318439,-12.321191,-12.25295,-12.262094,-12.23869,-12.240488,-12.247161,-12.224813,-12.183338,-12.128743,-12.120234,-12.131506,-12.177139,-12.207899,-12.288165,-12.365716,-12.416092,-12.450669,-12.443216,-12.452772,-12.450915,-12.425288,-12.407627,-12.423246,-12.425709,-12.395462,-12.366567,-12.343229,-12.336829,-12.309087,-12.262499,-12.229625,-12.212748,-12.206566,-12.178264,-12.160387,-12.119967,-12.074708,-12.061828,-12.045279,-12.008278,-11.994226,-11.996104,-11.992551,-11.995339,-12.004847,-12.007119,-12.010357,-12.010099,-12.020091,-12.032758,-12.060287,-12.08144,-12.092814,-12.142457,-12.174028,-12.191173,-12.176262,-12.144212,-12.075422,-11.996249,-11.911307,-11.84725,-11.821068,-11.780924,-11.728678,-11.687067,-11.653182,-11.642242,-11.64543,-11.64995,-11.653286,-11.667427,-11.683147,-11.682202,-11.652485,-11.651175,-11.650877,-11.642833,-11.63797,-11.621914,-11.618348,-11.606754,-11.585644,-11.571224,-11.551103,-11.538783,-11.526416,-11.516493,-11.50996,-11.502196,-11.487088,-11.466223,-11.459912,-11.445015,-11.440663,-11.440259,-11.436525,-11.432944,-11.429849,-11.434503,-11.436052,-11.430135,-11.436917,-11.448185,-11.459043,-11.466799,-11.467656,-11.45941,-11.445117,-11.430231,-11.402847,-11.367107,-11.325101,-11.285496,-11.246541,-11.213535,-11.19522,-11.190178,-11.194199,-11.204819,-11.22024,-11.247697,-11.271806,-11.287849,-11.295474,-11.299902,-11.313635,-11.319427,-11.312118,-11.311213,-11.31117,-11.299681,-11.286675,-11.265132,-11.252305,-11.237548,-11.24959,-11.243077,-11.229062,-11.214285,-11.212765,-11.213547,-11.216896,-11.216628,-11.215773,-11.207388,-11.196675,-11.172169,-11.150612,-11.119697,-11.097673,-11.080903,-11.074317,-11.066291,-11.054823,-11.043673,-11.028374,-11.024026,-11.013936,-11.014528,-11.011703,-11.031133,-11.045026,-11.056031,-11.065668,-11.07461,-11.072518,-11.050306,-11.049897,-11.053955,-11.05076,-11.063751,-11.072497,-11.066108,-11.068023,-11.073692,-11.075192,-11.07613,-11.086249,-11.101634,-11.107923,-11.114955,-11.125618,-11.135371,-11.151528,-11.170179,-11.190566,-11.212564,-11.230209,-11.253094,-11.280163,-11.286877,-11.305422,-11.330023,-11.352294,-11.373449,-11.386254,-11.390562,-11.391333,-11.400529],"drift":[0.01197989,0.01196282,0.01194335,0.01190315,0.01185732,0.01179513,0.01171659,0.01163183,0.01155329,0.01147784,0.01139012,0.01130684,0.01122095,0.01113787,0.01105864,0.01097697,0.01088871,0.010791,0.01069378,0.01060132,0.010521,0.01044961,0.01039783,0.01036506,0.01034542,0.01033548,0.01032617,0.01032116,0.01031798,0.01031149,0.01030341,0.01030093,0.01030121,0.01029718,0.01028913,0.01027826,0.01026823,0.01025442,0.01023276,0.0102062,0.01017821,0.01015107,0.01012001,0.01008728,0.01004799,0.01000109,0.00995357,0.00990462,0.00984981,0.0097941,0.0097409,0.00968905,0.00963989,0.00959488,0.00955242,0.00951273,0.00947505,0.00944156,0.00941286,0.00939215,0.00937803,0.0093684,0.00937153,0.00938351,0.00940122,0.00941774,0.00942936,0.00942816,0.00941188,0.00937928,0.00933485,0.00928679,0.00923205,0.00916802,0.00909698,0.00902058,0.00894376,0.00886956,0.00879826,0.00872959,0.00866585,0.00860739,0.00855058,0.0084892,0.00842937,0.0083713,0.00831329,0.00825604,0.0081971,0.00813915,0.00808047,0.00801896,0.00795607,0.00789056,0.00782408,0.00775662,0.0076887,0.00762102,0.00755332,0.00748398,0.00741175,0.00733975,0.00726613,0.00719313,0.0071216,0.0070508,0.00698076,0.00691155,0.00684484,0.00677995,0.00671524,0.00665345,0.00659554,0.00654139,0.00649034,0.00644088,0.00639102,0.00633946,0.00628605,0.00622808,0.00616373,0.00609163,0.00601229,0.00592583,0.00583352,0.0057385,0.00564364,0.00555087,0.00546159,0.00537683,0.00529916,0.00522785,0.00516114,0.00509719,0.0050353,0.00497747,0.00492196,0.00486594,0.00481078,0.00475664,0.00470105,0.00464367,0.00458263,0.00451981,0.00445478,0.00439331,0.00433139,0.00426737,0.00420108,0.00413537,0.00407072,0.00400768,0.00394544,0.00388388,0.00382134,0.00375731,0.00368879,0.00361642,0.00353814,0.00345587,0.00337072,0.00328487,0.003198,0.00310934,0.00301894,0.00292589,0.00283254,0.00273761,0.0026434,0.00254916,0.00245966,0.0023737,0.00229063,0.00221014,0.00213206,0.00205399,0.00197156,0.00188947,0.00180867,0.00172756,0.00164964,0.00157396,0.00149724,0.00142126,0.00134682,0.00127298,0.00119963,0.00112872,0.00106139,0.00099564,0.00093162,0.00087011,0.0008109,0.00075536,0.00070401,0.00065722,0.00061532,0.00057738,0.0005445,0.0005176,0.00049225,0.00047102,0.00045521,0.00044432,0.00043809,0.00043472,0.00043238,0.0004303,0.0004303],"instab":[null,null,null,null,6.053432,5.546401,5.172598,4.851043,4.551912,4.297139,4.132392,3.946398,3.797542,3.658503,3.529636,3.41658,3.315838,3.234018,3.150127,3.07315,0.802757,0.732699,0.505701,0.452668,0.416407,0.422005,0.409052,0.400999,0.385049,0.3456,0.308437,0.290411,0.289003,0.293782,0.288536,0.294131,0.294979,0.26782,0.27802,0.283936,0.275545,0.271231,0.263016,0.232014,0.218224,0.200843,0.199906,0.199322,0.198204,0.198237,0.191319,0.183808,0.165648,0.170656,0.170597,0.168271,0.161299,0.160231,0.152243,0.152238,0.155781,0.158982,0.174652,0.179839,0.1923,0.165117,0.167754,0.173032,0.167262,0.197651,0.231505,0.231566,0.2316,0.236251,0.238902,0.244211,0.244845,0.244736,0.245758,0.240743,0.236694,0.239292,0.233238,0.231599,0.213673,0.213489,0.204433,0.207974,0.205644,0.187194,0.15266,0.153129,0.153437,0.146091,0.14097,0.126771,0.123882,0.123734,0.123693,0.12311,0.128446,0.119014,0.103341,0.079233,0.080255,0.077002,0.077071,0.072787,0.070013,0.070671,0.071528,0.068782,0.070445,0.069285,0.072703,0.074493,0.073773,0.074471,0.074708,0.074925,0.064563,0.073023,0.074083,0.083099,0.094454,0.098804,0.099027,0.098881,0.097319,0.093574,0.099784,0.10819,0.112353,0.111809,0.10908,0.111034,0.115738,0.116371,0.115069,0.118014,0.11746,0.112777,0.113465,0.10671,0.112026,0.113978,0.111978,0.112413,0.119308,0.119157,0.11577,0.110426,0.105981,0.105969,0.105372,0.103191,0.100413,0.099591,0.106103,0.104281,0.106815,0.106026,0.103557,0.103552,0.08808,0.075657,0.075432,0.077537,0.074248,0.081817,0.088922,0.090594,0.092129,0.091243,0.097198,0.102877,0.114263,0.114081,0.110526,0.112032,0.1103,0.115775,0.117671,0.117535,0.11813,0.113684,0.114892,0.111606,0.114425,0.10478,0.102418,0.101548,0.101439,0.101249,0.098028,0.091981,0.072775,0.071755,0.070666,0.077391,0.081521,0.076227,0.072838,0.072135,0.074641,0.075233,0.070402,0.0757,0.074059],