{"word":"chengbao","years":[1800,1801,1802,1803,1804,1805,1806,1807,1808,1809,1810,1811,1812,1813,1814,1815,1816,1817,1818,1819,1820,1821,1822,1823,1824,1825,1826,1827,1828,1829,1830,1831,1832,1833,1834,1835,1836,1837,1838,1839,1840,1841,1842,1843,1844,1845,1846,1847,1848,1849,1850,1851,1852,1853,1854,1855,1856,1857,1858,1859,1860,1861,1862,1863,1864,1865,1866,1867,1868,1869,1870,1871,1872,1873,1874,1875,1876,1877,1878,1879,1880,1881,1882,1883,1884,1885,1886,1887,1888,1889,1890,1891,1892,1893,1894,1895,1896,1897,1898,1899,1900,1901,1902,1903,1904,1905,1906,1907,1908,1909,1910,1911,1912,1913,1914,1915,1916,1917,1918,1919,1920,1921,1922,1923,1924,1925,1926,1927,1928,1929,1930,1931,1932,1933,1934,1935,1936,1937,1938,1939,1940,1941,1942,1943,1944,1945,1946,1947,1948,1949,1950,1951,1952,1953,1954,1955,1956,1957,1958,1959,1960,1961,1962,1963,1964,1965,1966,1967,1968,1969,1970,1971,1972,1973,1974,1975,1976,1977,1978,1979,1980,1981,1982,1983,1984,1985,1986,1987,1988,1989,1990,1991,1992,1993,1994,1995,1996,1997,1998,1999,2000,2001,2002,2003,2004,2005,2006,2007,2008],"level":[-59.274152,-59.066766,-58.85938,-58.651994,-58.444606,-58.237216,-58.029825,-57.822432,-57.615036,-57.407637,-57.200234,-56.992828,-56.785418,-56.578003,-56.370583,-56.163158,-55.955727,-55.74829,-55.540847,-55.333397,-55.12594,-54.918476,-54.711003,-54.503523,-54.296033,-54.088535,-53.881027,-53.673509,-53.465982,-53.258443,-53.050894,-52.843334,-52.635762,-52.428177,-52.220581,-52.012971,-51.805349,-51.597713,-51.390063,-51.182398,-50.974719,-50.767025,-50.559316,-50.351591,-50.143849,-49.936091,-49.728316,-49.520524,-49.312714,-49.104886,-48.89704,-48.689175,-48.48129,-48.273386,-48.065462,-47.857518,-47.649553,-47.441567,-47.23356,-47.025531,-46.817479,-46.609405,-46.401309,-46.193188,-45.985044,-45.776876,-45.568684,-45.360467,-45.152224,-44.943956,-44.735662,-44.527342,-44.318995,-44.11062,-43.902219,-43.693789,-43.485332,-43.276845,-43.06833,-42.859786,-42.651211,-42.442607,-42.233972,-42.025307,-41.81661,-41.607881,-41.399121,-41.190328,-40.981502,-40.772644,-40.563752,-40.354826,-40.145865,-39.93687,-39.727841,-39.518776,-39.309675,-39.100538,-38.891364,-38.682154,-38.472906,-38.263621,-38.054298,-37.844936,-37.635536,-37.426096,-37.216617,-37.007099,-36.797539,-36.58794,-36.378299,-36.168617,-35.958893,-35.749127,-35.539319,-35.329467,-35.119573,-34.909635,-34.699652,-34.489626,-34.279554,-34.069438,-33.859276,-33.649068,-33.438814,-33.228513,-33.018165,-32.80777,-32.597326,-32.386835,-32.176296,-31.965707,-31.755069,-31.544382,-31.333644,-31.122856,-30.912017,-30.701127,-30.490186,-30.279192,-30.068147,-29.857048,-29.645897,-29.434692,-29.223434,-29.012121,-28.800754,-28.589332,-28.377854,-28.166321,-27.954732,-27.743086,-27.531384,-27.319624,-27.107807,-26.895932,-26.683999,-26.472006,-26.259955,-26.047845,-25.835674,-25.623444,-25.411153,-25.198801,-24.986387,-24.773912,-24.561375,-24.348776,-24.136113,-23.923388,-23.710599,-23.497745,-23.284828,-23.071846,-22.858799,-22.645686,-22.432508,-22.219263,-22.005952,-21.792574,-21.576855,-21.356519,-21.129292,-20.892898,-20.645059,-20.394445,-20.141464,-19.87327,-19.588544,-19.3096,-19.051115,-18.823701,-18.640214,-18.502215,-18.411897,-18.368121,-18.366844,-18.396845,-18.453516,-18.535378,-18.635401,-18.748181,-18.869016,-18.994339,-19.122382,-19.253393,-19.391735,-19.535758,-19.680328],"drift":[0.20738554,0.20738592,0.20738667,0.2073878,0.20738931,0.20739119,0.20739345,0.20739608,0.20739909,0.20740248,0.20740624,0.20741038,0.20741489,0.20741978,0.20742505,0.2074307,0.20743672,0.20744311,0.20744988,0.20745703,0.20746456,0.20747246,0.20748073,0.20748939,0.20749841,0.20750782,0.2075176,0.20752776,0.20753829,0.2075492,0.20756049,0.20757215,0.20758419,0.2075966,0.20760939,0.20762256,0.2076361,0.20765002,0.20766431,0.20767899,0.20769403,0.20770946,0.20772526,0.20774143,0.20775798,0.20777491,0.20779222,0.2078099,0.20782795,0.20784639,0.20786519,0.20788438,0.20790394,0.20792388,0.20794419,0.20796488,0.20798595,0.20800739,0.20802921,0.2080514,0.20807397,0.20809692,0.20812024,0.20814394,0.20816801,0.20819246,0.20821729,0.20824249,0.20826807,0.20829403,0.20832036,0.20834707,0.20837415,0.20840161,0.20842945,0.20845766,0.20848625,0.20851522,0.20854456,0.20857427,0.20860437,0.20863484,0.20866568,0.2086969,0.2087285,0.20876048,0.20879283,0.20882555,0.20885865,0.20889213,0.20892599,0.20896022,0.20899483,0.20902981,0.20906517,0.2091009,0.20913702,0.2091735,0.20921037,0.20924761,0.20928522,0.20932322,0.20936158,0.20940033,0.20943945,0.20947895,0.20951882,0.20955907,0.20959969,0.2096407,0.20968207,0.20972383,0.20976596,0.20980846,0.20985135,0.2098946,0.20993824,0.20998225,0.21002664,0.2100714,0.21011654,0.21016205,0.21020795,0.21025421,0.21030086,0.21034788,0.21039527,0.21044305,0.21049119,0.21053972,0.21058862,0.2106379,0.21068755,0.21073758,0.21078798,0.21083877,0.21088992,0.21094146,0.21099337,0.21104565,0.21109831,0.21115135,0.21120477,0.21125856,0.21131272,0.21136727,0.21142219,0.21147748,0.21153315,0.2115892,0.21164562,0.21170242,0.2117596,0.21181715,0.21187508,0.21193339,0.21199207,0.21205112,0.21211056,0.21217036,0.21223055,0.21229111,0.21235205,0.21241336,0.21247505,0.21253712,0.21259956,0.21266238,0.21272557,0.21278914,0.21285309,0.21291741,0.21298211,0.21304719,0.21311264,0.21317847,0.21324467,0.21331125,0.2133782,0.21572001,0.22033666,0.22722817,0.23639453,0.24783574,0.25061388,0.25298546,0.2681944,0.28471827,0.27893964,0.25848111,0.22740973,0.18348657,0.13799833,0.09031898,0.04377729,0.00127995,-0.02999921,-0.05667045,-0.08185939,-0.10002128,-0.11277858,-0.120834,-0.12532257,-0.12804231,-0.13101268,-0.13834174,-0.14402164,-0.14456987,-0.14456987],"instab":[null,null,null,null,null,null,null,null,null,null,null,null,null,null,null,null,null,null,null,null,null,null,null,null,null,null,null,null,null,null,null,null,null,null,null,null,null,null,null,null,null,null,null,null,null,null,null,null,null,null,null,null,null,null,null,null,null,null,null,null,null,null,null,null,null,null,null,null,null,null,null,null,null,null,null,null,null,null,null,null,null,null,null,null,null,null,null,null,null,null,null,null,null,null,null,null,null,null,null,null,null,null,null,null,null,null,null,null,null,null,null,null,null,null,null,null,null,null,null,null,null,null,null,null,null,null,null,null,null,null,null,null,null,null,null,null,null,null,null,null,null,null,null,null,null,null,null,null,null,null,null,null,null,null,null,null,null,null,null,null,null,null,null,null,null,null,null,null,null,null,null,null,null,null,null,null,null,null,null,null,null,null,null,null,null,null,10.087544,9.054708,8.534879,8.014713,7.537403,7.183118,6.824187,6.520676,6.25128,6.017051,5.79865,5.603308,1.264212,1.239606,1.20878,1.178944,1.150459,1.14429,1.022275,0.981372,0.920078,0.817599,0.650798],