{"word":"chichimecas","years":[1800,1801,1802,1803,1804,1805,1806,1807,1808,1809,1810,1811,1812,1813,1814,1815,1816,1817,1818,1819,1820,1821,1822,1823,1824,1825,1826,1827,1828,1829,1830,1831,1832,1833,1834,1835,1836,1837,1838,1839,1840,1841,1842,1843,1844,1845,1846,1847,1848,1849,1850,1851,1852,1853,1854,1855,1856,1857,1858,1859,1860,1861,1862,1863,1864,1865,1866,1867,1868,1869,1870,1871,1872,1873,1874,1875,1876,1877,1878,1879,1880,1881,1882,1883,1884,1885,1886,1887,1888,1889,1890,1891,1892,1893,1894,1895,1896,1897,1898,1899,1900,1901,1902,1903,1904,1905,1906,1907,1908,1909,1910,1911,1912,1913,1914,1915,1916,1917,1918,1919,1920,1921,1922,1923,1924,1925,1926,1927,1928,1929,1930,1931,1932,1933,1934,1935,1936,1937,1938,1939,1940,1941,1942,1943,1944,1945,1946,1947,1948,1949,1950,1951,1952,1953,1954,1955,1956,1957,1958,1959,1960,1961,1962,1963,1964,1965,1966,1967,1968,1969,1970,1971,1972,1973,1974,1975,1976,1977,1978,1979,1980,1981,1982,1983,1984,1985,1986,1987,1988,1989,1990,1991,1992,1993,1994,1995,1996,1997,1998,1999,2000,2001,2002,2003,2004,2005,2006,2007,2008],"level":[-18.641152,-18.649672,-18.658191,-18.666711,-18.67523,-18.683747,-18.692263,-18.700778,-18.70929,-18.7178,-18.726307,-18.734811,-18.743312,-18.751809,-18.760301,-18.768789,-18.777272,-18.78575,-18.794222,-18.802688,-18.811148,-18.819602,-18.828048,-18.836487,-18.844919,-18.853342,-18.861757,-18.870163,-18.87856,-18.886947,-18.895325,-18.903693,-18.91205,-18.920397,-18.928732,-18.937056,-18.945368,-18.953668,-18.961955,-18.970229,-18.978489,-18.986737,-18.99497,-19.003189,-19.011393,-19.019582,-19.027757,-19.035916,-19.044059,-19.052186,-19.060296,-19.068391,-19.076469,-19.08453,-19.092574,-19.100601,-19.108611,-19.116603,-19.124577,-19.132532,-19.140469,-19.148386,-19.156284,-19.164161,-19.172018,-19.179855,-19.18767,-19.195464,-19.203235,-19.210985,-19.218712,-19.226416,-19.234096,-19.241753,-19.249385,-19.256993,-19.264576,-19.272133,-19.279665,-19.287171,-19.29465,-19.302101,-19.309525,-19.316921,-19.324289,-19.331628,-19.338939,-19.346221,-19.353474,-19.360698,-19.367892,-19.375058,-19.382194,-19.3893,-19.396376,-19.403423,-19.41044,-19.417426,-19.424382,-19.431308,-19.438205,-19.445071,-19.451906,-19.458712,-19.465488,-19.472234,-19.478951,-19.485639,-19.492298,-19.498929,-19.50553,-19.512102,-19.518646,-19.52516,-19.531646,-19.538102,-19.54453,-19.550929,-19.557298,-19.563639,-19.56995,-19.576233,-19.582486,-19.58871,-19.594906,-19.601073,-19.607212,-19.613323,-19.619408,-19.625466,-19.631498,-19.637506,-19.643489,-19.649449,-19.655385,-19.661299,-19.667191,-19.673063,-19.678914,-19.684746,-19.69056,-19.696355,-19.702134,-19.707897,-19.713645,-19.71938,-19.725102,-19.730812,-19.736511,-19.742199,-19.747878,-19.753548,-19.759209,-19.764863,-19.770509,-19.776149,-19.78178,-19.787403,-19.793018,-19.798624,-19.804221,-19.80981,-19.815389,-19.820961,-19.826525,-19.832082,-19.837632,-19.843176,-19.848714,-19.854249,-19.85978,-19.86531,-19.870838,-19.876366,-19.881895,-19.887424,-19.892954,-19.898485,-19.904016,-19.909548,-19.915079,-19.920609,-19.926137,-19.931662,-19.937184,-19.942704,-19.94822,-19.953734,-19.959246,-19.964755,-19.970263,-19.97577,-19.981275,-19.986781,-19.992288,-19.997795,-20.003304,-20.008815,-20.014328,-20.019844,-20.025362,-20.030884,-20.036408,-20.041934,-20.047462,-20.052992,-20.058523,-20.064054,-20.069586],"drift":[-0.00851969,-0.00851969,-0.00851934,-0.00851865,-0.0085176,-0.0085162,-0.00851445,-0.00851236,-0.00850991,-0.00850712,-0.00850397,-0.00850048,-0.00849664,-0.00849245,-0.0084879,-0.00848302,-0.00847778,-0.00847219,-0.00846625,-0.00845996,-0.00845332,-0.00844633,-0.008439,-0.00843131,-0.00842328,-0.00841489,-0.00840616,-0.00839708,-0.00838765,-0.00837787,-0.00836774,-0.00835726,-0.00834643,-0.00833525,-0.00832372,-0.00831184,-0.00829961,-0.00828704,-0.00827411,-0.00826084,-0.00824721,-0.00823324,-0.00821892,-0.00820425,-0.00818936,-0.00817426,-0.00815883,-0.00814307,-0.008127,-0.00811076,-0.00809437,-0.00807781,-0.0080611,-0.00804423,-0.00802717,-0.00800978,-0.00799202,-0.00797387,-0.00795535,-0.00793646,-0.00791719,-0.00789754,-0.00787751,-0.00785711,-0.00783634,-0.00781518,-0.00779366,-0.00777175,-0.00774947,-0.00772681,-0.00770378,-0.00768036,-0.00765658,-0.00763241,-0.00760788,-0.00758296,-0.00755759,-0.00753178,-0.00750551,-0.0074788,-0.00745163,-0.00742402,-0.00739595,-0.0073677,-0.00733927,-0.00731065,-0.00728185,-0.00725292,-0.00722385,-0.00719465,-0.00716531,-0.00713584,-0.00710623,-0.00707649,-0.00704661,-0.0070166,-0.00698646,-0.00695632,-0.0069262,-0.00689608,-0.00686598,-0.00683584,-0.00680568,-0.00677585,-0.00674637,-0.00671708,-0.006688,-0.00665912,-0.00663023,-0.00660132,-0.0065724,-0.00654347,-0.00651452,-0.00648555,-0.00645658,-0.00642758,-0.00639858,-0.00636955,-0.00634052,-0.00631147,-0.0062824,-0.00625332,-0.00622423,-0.00619547,-0.00616706,-0.00613897,-0.00611149,-0.00608462,-0.00605835,-0.00603269,-0.00600763,-0.00598318,-0.00595944,-0.00593641,-0.0059141,-0.0058925,-0.00587162,-0.00585146,-0.00583201,-0.00581328,-0.00579556,-0.00577884,-0.00576312,-0.00574845,-0.00573483,-0.00572223,-0.00571018,-0.00569893,-0.00568849,-0.00567869,-0.00566961,-0.00566124,-0.00565393,-0.00564667,-0.00563913,-0.00563131,-0.0056232,-0.00561482,-0.00560615,-0.00559724,-0.00558832,-0.00557983,-0.00557178,-0.00556416,-0.00555683,-0.00554988,-0.00554384,-0.00553872,-0.00553461,-0.0055316,-0.00552952,-0.00552828,-0.00552802,-0.00552854,-0.00552936,-0.00553019,-0.00553079,-0.00553143,-0.00553136,-0.00553093,-0.00552977,-0.00552789,-0.00552545,-0.00552238,-0.00551934,-0.00551643,-0.00551397,-0.00551155,-0.0055096,-0.00550793,-0.00550663,-0.00550589,-0.00550585,-0.00550651,-0.00550746,-0.00550892,-0.00551081,-0.00551315,-0.00551579,-0.00551853,-0.00552138,-0.00552402,-0.00552632,-0.00552832,-0.00552973,-0.00553078,-0.00553137,-0.00553168,-0.00553168],"instab":[null,null,null,null,null,null,null,null,null,null,null,null,null,null,null,null,null,null,null,null,null,null,null,null,null,null,null,null,null,null,null,null,null,null,null,null,null,null,null,null,null,null,null,null,null,null,null,null,null,null,null,null,null,null,164.045481,149.766623,149.766623,149.766623,149.766623,149.766623,149.766623,149.766623,149.766623,0.480392,0.480392,null,null,null,null,null,null,null,null,null,null,null,null,null,null,null,null,null,null,null,null,null,null,null,null,null,null,null,null,null,null,null,null,null,null,null,null,null,null,null,0.663031,0.663031,null,0.758609,0.758609,0.758609,0.758609,0.758609,0.758609,0.758609,0.758609,0.758609,null,null,null,null,null,null,null,null,null,null,null,null,null,null,null,null,null,null,null,null,null,null,0.58438,0.558763,0.558763,0.558763,0.433678,0.433678,0.426214,0.668641,0.734154,0.734154,0.696775,0.67373,0.67373,0.779277,1.1874,1.139581,1.139581,1.139581,1.139581,1.19517,1.219152,1.25546,1.314399,1.314399,1.378522,1.315707,1.323334,1.332239,1.320459,1.265582,1.247585,1.2621,1.216192,1.193317,0.771431,0.846344,0.849601,0.83727,0.840249,0.966746,1.013693,1.010615,0.962054,0.955895,0.929954,1.066776,1.069097,1.023457,1.058353,1.110272,1.115546,1.110837,1.117015,1.119138,1.106439,1.087972,1.073978,1.059746,1.046255,0.895237,0.882642,0.842273,0.857459,0.853208,0.85354,0.721216,0.742572,0.700363,0.668218,0.587421,0.62536],