{"word":"chlorinator","years":[1800,1801,1802,1803,1804,1805,1806,1807,1808,1809,1810,1811,1812,1813,1814,1815,1816,1817,1818,1819,1820,1821,1822,1823,1824,1825,1826,1827,1828,1829,1830,1831,1832,1833,1834,1835,1836,1837,1838,1839,1840,1841,1842,1843,1844,1845,1846,1847,1848,1849,1850,1851,1852,1853,1854,1855,1856,1857,1858,1859,1860,1861,1862,1863,1864,1865,1866,1867,1868,1869,1870,1871,1872,1873,1874,1875,1876,1877,1878,1879,1880,1881,1882,1883,1884,1885,1886,1887,1888,1889,1890,1891,1892,1893,1894,1895,1896,1897,1898,1899,1900,1901,1902,1903,1904,1905,1906,1907,1908,1909,1910,1911,1912,1913,1914,1915,1916,1917,1918,1919,1920,1921,1922,1923,1924,1925,1926,1927,1928,1929,1930,1931,1932,1933,1934,1935,1936,1937,1938,1939,1940,1941,1942,1943,1944,1945,1946,1947,1948,1949,1950,1951,1952,1953,1954,1955,1956,1957,1958,1959,1960,1961,1962,1963,1964,1965,1966,1967,1968,1969,1970,1971,1972,1973,1974,1975,1976,1977,1978,1979,1980,1981,1982,1983,1984,1985,1986,1987,1988,1989,1990,1991,1992,1993,1994,1995,1996,1997,1998,1999,2000,2001,2002,2003,2004,2005,2006,2007,2008],"level":[-15.061628,-15.125701,-15.195264,-15.264807,-15.334311,-15.403755,-15.473119,-15.542383,-15.611528,-15.680533,-15.749379,-15.818045,-15.886512,-15.95476,-16.022769,-16.090518,-16.157989,-16.22516,-16.292013,-16.358527,-16.424682,-16.490458,-16.555836,-16.620795,-16.685316,-16.749378,-16.812962,-16.876047,-16.938615,-17.000644,-17.062115,-17.123009,-17.183304,-17.242981,-17.302021,-17.360403,-17.418107,-17.475114,-17.531403,-17.586954,-17.641749,-17.695766,-17.748985,-17.801388,-17.852953,-17.903662,-17.953493,-18.002428,-18.050445,-18.097526,-18.143651,-18.188798,-18.232949,-18.276084,-18.318182,-18.359224,-18.399189,-18.438059,-18.475812,-18.512429,-18.54789,-18.582175,-18.615264,-18.647138,-18.677776,-18.707158,-18.735264,-18.762075,-18.787571,-18.811731,-18.834536,-18.855966,-18.876,-18.894619,-18.911804,-18.927533,-18.941788,-18.954547,-18.948946,-18.941871,-18.933364,-18.923465,-18.912217,-18.89966,-18.835292,-18.769881,-18.703652,-18.63683,-18.569639,-18.502303,-18.517687,-18.52953,-18.541315,-18.520565,-18.49975,-18.491118,-18.482489,-18.520838,-18.598224,-18.62587,-18.652945,-18.717658,-18.781415,-18.795258,-18.807799,-18.818952,-18.828632,-18.823337,-18.812563,-18.800173,-18.786143,-18.770451,-18.753076,-18.733993,-18.674064,-18.612526,-18.565961,-18.501174,-18.466943,-18.409243,-18.361545,-18.292017,-18.217618,-18.162311,-18.109956,-17.990549,-17.877398,-17.758083,-17.664281,-17.553852,-17.411214,-17.321988,-17.247002,-17.17952,-17.117568,-17.024879,-16.92839,-16.801268,-16.712111,-16.674998,-16.662557,-16.672464,-16.668456,-16.691051,-16.70944,-16.684563,-16.68078,-16.71424,-16.732433,-16.759168,-16.77344,-16.804557,-16.833016,-16.852552,-16.856255,-16.869587,-16.875332,-16.856939,-16.848109,-16.865981,-16.884989,-16.912583,-16.939792,-16.977992,-17.025322,-17.083497,-17.107329,-17.141162,-17.15664,-17.178591,-17.174612,-17.150812,-17.12124,-17.135381,-17.158632,-17.163496,-17.169375,-17.177818,-17.190219,-17.236796,-17.300057,-17.36752,-17.41034,-17.459725,-17.512011,-17.559208,-17.586054,-17.681906,-17.754475,-17.813298,-17.843031,-17.846946,-17.858905,-17.928555,-17.99625,-18.034624,-18.047124,-18.051394,-18.033163,-18.006181,-18.032739,-18.054112,-18.084172,-18.128575,-18.183303,-18.240391,-18.279768,-18.320931,-18.361587],"drift":[-0.06407217,-0.06407217,-0.06405224,-0.06401237,-0.06395258,-0.06387285,-0.0637732,-0.06365361,-0.06351409,-0.06335464,-0.06317526,-0.06297595,-0.0627567,-0.06251753,-0.06225842,-0.06197938,-0.06168042,-0.06136152,-0.06102269,-0.06066393,-0.06028523,-0.05988661,-0.05946805,-0.05902957,-0.05857115,-0.0580928,-0.05759452,-0.05707631,-0.05653817,-0.0559801,-0.0554021,-0.05480416,-0.05418629,-0.0535485,-0.05289077,-0.05221311,-0.05151552,-0.050798,-0.05006055,-0.04930316,-0.04852585,-0.0477286,-0.04691142,-0.04607431,-0.04521728,-0.0443403,-0.0434434,-0.04252657,-0.04158981,-0.04063311,-0.03965648,-0.03865993,-0.03764344,-0.03660702,-0.03555067,-0.03447439,-0.03337817,-0.03226203,-0.03112595,-0.02996995,-0.02879401,-0.02759814,-0.02638234,-0.02514661,-0.02389095,-0.02261536,-0.02131984,-0.02000438,-0.018669,-0.01731368,-0.01593843,-0.01454325,-0.01312814,-0.0116931,-0.01023813,-0.00876323,-0.00726839,-0.00575362,-0.00428007,-0.00284774,-0.00145662,-0.00010671,0.00120198,0.00246946,0.00351226,0.00433039,0.00492384,0.00529263,0.00543673,0.00535617,0.00535088,0.00540801,0.00552753,0.00559181,0.00560083,0.00559885,0.00558587,0.00573236,0.00618054,0.0067515,0.00744525,0.00840091,0.00961848,0.01092121,0.0123091,0.01378215,0.01534035,0.01693502,0.01855206,0.02019146,0.02185322,0.02353735,0.02524385,0.02697271,0.02858194,0.03007156,0.03150131,0.03281024,0.03411402,0.03533218,0.03650546,0.03755888,0.03847858,0.0393372,0.04014857,0.04067225,0.04093286,0.04090896,0.04069308,0.04022408,0.03938334,0.03836169,0.03720711,0.03594263,0.03458375,0.03301397,0.03121379,0.02906549,0.02669908,0.02429487,0.02193368,0.01968807,0.01749937,0.0154562,0.01353588,0.0115744,0.00964119,0.00786443,0.00618225,0.00461955,0.00312542,0.00175558,0.00049541,-0.00069205,-0.00186858,-0.00300351,-0.00412848,-0.0053352,-0.00659334,-0.00781053,-0.00898709,-0.01009611,-0.01114301,-0.0120917,-0.01291249,-0.01356898,-0.01418823,-0.01473617,-0.01528143,-0.01580247,-0.01639531,-0.01713405,-0.01804232,-0.01896474,-0.01987162,-0.02083296,-0.02184858,-0.02291286,-0.0240153,-0.02503585,-0.02591764,-0.02664864,-0.02732095,-0.02791316,-0.02841691,-0.0288525,-0.02929537,-0.02949666,-0.02954161,-0.02948027,-0.02941802,-0.02944833,-0.02954213,-0.02949034,-0.02929989,-0.0290765,-0.02891327,-0.0288395,-0.02893658,-0.02923662,-0.02954639,-0.02988582,-0.03022462,-0.03051196,-0.0307114,-0.03081511,-0.03088773,-0.03092306,-0.03092306],"instab":[null,null,null,null,null,null,null,null,null,null,null,null,null,null,null,null,null,null,null,null,null,null,null,null,null,null,null,null,null,null,null,null,null,null,null,null,null,null,null,null,null,null,null,null,null,null,null,null,null,null,null,null,null,null,null,null,null,null,null,null,null,null,null,null,null,null,null,null,null,null,null,null,null,null,null,null,null,null,null,null,null,null,null,null,null,null,null,null,null,null,null,null,252.356472,252.356472,230.3686,230.3686,213.232178,1.740628,1.8712,1.8712,1.756721,1.756721,1.808992,1.904555,1.904555,1.904555,1.805965,1.713618,1.713618,1.135804,1.20303,1.20303,1.241666,1.176626,1.222222,1.25972,1.145871,1.240752,1.040588,1.001601,0.974857,0.929846,0.716776,0.683849,0.827159,0.81837,0.804617,0.849877,0.824506,0.813754,0.907082,0.882571,0.857724,0.819194,0.840951,0.812006,0.831394,0.839467,0.868655,0.86667,0.852462,0.898321,0.887764,0.913168,0.919195,0.909812,0.915112,0.917873,0.919295,0.934061,0.80972,0.80315,0.807321,0.814991,0.801956,0.802982,0.811392,0.727047,0.6372,0.616868,0.609716,0.593314,0.582016,0.576072,0.473294,0.520274,0.479253,0.464225,0.471168,0.473175,0.466303,0.469514,0.589593,0.57823,0.587385,0.584776,0.563771,0.558847,0.573883,0.575491,0.577192,0.615895,0.615203,0.615147,0.617531,0.569567,0.711605,0.739591,0.752207,0.762246,0.769492,0.777247,0.804666,0.804669,0.823704,0.833673,0.832394,0.831918,0.798585,0.917105,0.916577,0.894337,0.899146,0.899805,0.896714,0.894535,0.784699,0.747121,0.735536],