{"word":"chlorinating","years":[1800,1801,1802,1803,1804,1805,1806,1807,1808,1809,1810,1811,1812,1813,1814,1815,1816,1817,1818,1819,1820,1821,1822,1823,1824,1825,1826,1827,1828,1829,1830,1831,1832,1833,1834,1835,1836,1837,1838,1839,1840,1841,1842,1843,1844,1845,1846,1847,1848,1849,1850,1851,1852,1853,1854,1855,1856,1857,1858,1859,1860,1861,1862,1863,1864,1865,1866,1867,1868,1869,1870,1871,1872,1873,1874,1875,1876,1877,1878,1879,1880,1881,1882,1883,1884,1885,1886,1887,1888,1889,1890,1891,1892,1893,1894,1895,1896,1897,1898,1899,1900,1901,1902,1903,1904,1905,1906,1907,1908,1909,1910,1911,1912,1913,1914,1915,1916,1917,1918,1919,1920,1921,1922,1923,1924,1925,1926,1927,1928,1929,1930,1931,1932,1933,1934,1935,1936,1937,1938,1939,1940,1941,1942,1943,1944,1945,1946,1947,1948,1949,1950,1951,1952,1953,1954,1955,1956,1957,1958,1959,1960,1961,1962,1963,1964,1965,1966,1967,1968,1969,1970,1971,1972,1973,1974,1975,1976,1977,1978,1979,1980,1981,1982,1983,1984,1985,1986,1987,1988,1989,1990,1991,1992,1993,1994,1995,1996,1997,1998,1999,2000,2001,2002,2003,2004,2005,2006,2007,2008],"level":[-15.863895,-15.937119,-16.019684,-16.102205,-16.184637,-16.266936,-16.349059,-16.43096,-16.512596,-16.593922,-16.674894,-16.755468,-16.8356,-16.915245,-16.994359,-17.072898,-17.150818,-17.228074,-17.304623,-17.380419,-17.455419,-17.529578,-17.602853,-17.675199,-17.746571,-17.816926,-17.886219,-17.954406,-18.021443,-18.087286,-18.15189,-18.215211,-18.277204,-18.337827,-18.397033,-18.45478,-18.511023,-18.565717,-18.618819,-18.670284,-18.720068,-18.768126,-18.814415,-18.85889,-18.901507,-18.942222,-18.980991,-19.017768,-19.052511,-19.085174,-19.115714,-19.144087,-19.170247,-19.194151,-19.22542,-19.254298,-19.280696,-19.274039,-19.264867,-19.256764,-19.21972,-19.175939,-19.13008,-19.08233,-19.057029,-19.027941,-18.967174,-18.905072,-18.846413,-18.890555,-18.933643,-18.936046,-18.936854,-18.920866,-18.946899,-18.950538,-18.905732,-18.833351,-18.730649,-18.612595,-18.552166,-18.581763,-18.641075,-18.624222,-18.566813,-18.543098,-18.491402,-18.387979,-18.197551,-18.008893,-17.896709,-17.777313,-17.682964,-17.591496,-17.423864,-17.322009,-17.226516,-17.154516,-17.106186,-17.107211,-17.07666,-17.045992,-17.040678,-17.036391,-17.038271,-17.05156,-17.078686,-17.105782,-17.140574,-17.154716,-17.155152,-17.123958,-17.106116,-17.081454,-17.060252,-17.007519,-16.902635,-16.786578,-16.750049,-16.731376,-16.69627,-16.663157,-16.660257,-16.652719,-16.647553,-16.644413,-16.669291,-16.682445,-16.690939,-16.689275,-16.668756,-16.6523,-16.619198,-16.580998,-16.548826,-16.49672,-16.449095,-16.381216,-16.331212,-16.299915,-16.26129,-16.243522,-16.22054,-16.221865,-16.230818,-16.229707,-16.238292,-16.233694,-16.227751,-16.205192,-16.221852,-16.23926,-16.255577,-16.27212,-16.292451,-16.347195,-16.380057,-16.425255,-16.461143,-16.490932,-16.545006,-16.587226,-16.614148,-16.644597,-16.675732,-16.733909,-16.767766,-16.807926,-16.854373,-16.914909,-16.977717,-17.020722,-17.054977,-17.09055,-17.12656,-17.145058,-17.155029,-17.159622,-17.172091,-17.181968,-17.214273,-17.252243,-17.273909,-17.306459,-17.351332,-17.39727,-17.447388,-17.50901,-17.548795,-17.568078,-17.585047,-17.585436,-17.592776,-17.598713,-17.620448,-17.640055,-17.646377,-17.640832,-17.640339,-17.641246,-17.646437,-17.65306,-17.667189,-17.690306,-17.725227,-17.753047,-17.774083,-17.794986,-17.812911],"drift":[-0.07322377,-0.07322377,-0.07317953,-0.07309105,-0.07295833,-0.07278138,-0.07256018,-0.07229475,-0.07198507,-0.07163116,-0.07123301,-0.07079062,-0.07030399,-0.06977313,-0.06919802,-0.06857868,-0.0679151,-0.06720727,-0.06645521,-0.06565891,-0.06481837,-0.0639336,-0.06300458,-0.06203132,-0.06101383,-0.0599521,-0.05884613,-0.05769591,-0.05650147,-0.05526278,-0.05397985,-0.05265268,-0.05128128,-0.04986564,-0.04840575,-0.04690164,-0.04535328,-0.04376068,-0.04212384,-0.04044276,-0.03871745,-0.0369479,-0.0351341,-0.03327607,-0.0313738,-0.02942729,-0.02743655,-0.02540156,-0.02332233,-0.02119887,-0.01903117,-0.01681923,-0.01456305,-0.01226263,-0.00987219,-0.00739175,-0.0048213,-0.00230521,0.00015653,0.00258063,0.00484152,0.00691799,0.00881004,0.01051768,0.0121553,0.01371273,0.01504731,0.01615904,0.0170695,0.01826985,0.01976079,0.02135669,0.02305757,0.02479193,0.02676698,0.02888605,0.03092971,0.03277706,0.03429326,0.03541276,0.0364138,0.03772745,0.03950068,0.04138117,0.04318574,0.04508254,0.04694801,0.04854602,0.04947208,0.04973897,0.04971012,0.04935125,0.04877927,0.04800511,0.04666441,0.04506234,0.04322142,0.04124421,0.03923344,0.03741334,0.03562573,0.03386161,0.03223268,0.0307361,0.02939399,0.02825403,0.02737634,0.02675663,0.02642841,0.02629233,0.02628283,0.02625007,0.02625714,0.02627176,0.02631039,0.02622388,0.02576484,0.02487819,0.02393636,0.02301945,0.0220453,0.02101874,0.02007798,0.01919662,0.01838171,0.01763897,0.0170976,0.01669949,0.0164207,0.0162118,0.0159825,0.01575095,0.01543724,0.01501571,0.01451294,0.01383213,0.01299128,0.01189048,0.01060918,0.00922991,0.00771142,0.0061453,0.00449944,0.00288118,0.00131895,-0.00024229,-0.00176402,-0.00331588,-0.00491159,-0.00663739,-0.00831573,-0.00995101,-0.01155614,-0.01313766,-0.01468511,-0.01604284,-0.01732091,-0.01846696,-0.01953051,-0.02054548,-0.02140165,-0.02215923,-0.02289426,-0.0235935,-0.02425703,-0.02475991,-0.02521972,-0.02560876,-0.02589912,-0.02602544,-0.02597756,-0.02584904,-0.02568071,-0.02546553,-0.02520041,-0.02496703,-0.02480468,-0.02473804,-0.02472951,-0.02479132,-0.02481755,-0.02478148,-0.02476018,-0.02470198,-0.02454825,-0.02429322,-0.02391589,-0.02335998,-0.02272629,-0.0221089,-0.02151586,-0.02102287,-0.02059468,-0.02023591,-0.01987004,-0.01950542,-0.01920323,-0.01901825,-0.01892567,-0.01891842,-0.01897619,-0.01909246,-0.01923224,-0.01935362,-0.01940128,-0.01940906,-0.01940914,-0.01940215,-0.01940215],"instab":[null,null,null,null,null,null,null,null,null,null,null,null,null,null,null,null,null,null,null,null,null,null,null,null,null,null,null,null,null,null,null,null,null,null,null,null,null,null,null,null,null,null,null,null,null,null,null,null,null,null,null,null,null,null,null,null,null,null,null,null,181.681018,181.681018,181.681018,165.756079,153.457823,143.574735,143.574735,135.34247,128.318559,122.372493,117.202872,117.202872,112.618386,0.948788,0.941932,0.957105,0.935114,0.906539,0.901773,0.98934,1.087892,1.053531,1.163172,1.160654,1.176943,1.182439,1.169962,1.198003,1.066335,1.213146,1.180109,1.161957,1.156267,1.189226,1.247476,1.215759,1.211538,1.206792,1.211438,1.203689,1.127613,1.127787,1.018446,0.996796,0.985218,0.974486,0.957711,0.904485,0.917944,0.754989,0.775287,0.746926,0.742689,0.683483,0.513061,0.524977,0.499769,0.707986,0.679736,0.649868,0.650542,0.662791,0.662454,0.662094,0.662114,0.671302,0.675185,0.676273,0.656799,0.654605,0.631143,0.630748,0.629918,0.632517,0.619579,0.588088,0.589637,0.362985,0.373854,0.362761,0.379733,0.354392,0.365732,0.364992,0.37595,0.363499,0.356447,0.350673,0.352265,0.380568,0.384161,0.379136,0.382086,0.379582,0.386439,0.428031,0.424018,0.410881,0.393419,0.404178,0.395883,0.405294,0.382804,0.381981,0.398873,0.42069,0.416548,0.417578,0.415369,0.35624,0.371801,0.372214,0.374062,0.375041,0.343855,0.312029,0.31175,0.320252,0.318689,0.337749,0.323852,0.317153,0.324738,0.329663,0.310386,0.264965,0.266306,0.298179,0.307608,0.307805,0.282064,0.289699,0.291186,0.309504,0.295334,0.299389,0.30092,0.300153,0.302232,0.279875,0.280752,0.267612,0.266067,0.266005,0.271868,0.275798,0.275126,0.231732,0.20066],