{"word":"chlorinators","years":[1800,1801,1802,1803,1804,1805,1806,1807,1808,1809,1810,1811,1812,1813,1814,1815,1816,1817,1818,1819,1820,1821,1822,1823,1824,1825,1826,1827,1828,1829,1830,1831,1832,1833,1834,1835,1836,1837,1838,1839,1840,1841,1842,1843,1844,1845,1846,1847,1848,1849,1850,1851,1852,1853,1854,1855,1856,1857,1858,1859,1860,1861,1862,1863,1864,1865,1866,1867,1868,1869,1870,1871,1872,1873,1874,1875,1876,1877,1878,1879,1880,1881,1882,1883,1884,1885,1886,1887,1888,1889,1890,1891,1892,1893,1894,1895,1896,1897,1898,1899,1900,1901,1902,1903,1904,1905,1906,1907,1908,1909,1910,1911,1912,1913,1914,1915,1916,1917,1918,1919,1920,1921,1922,1923,1924,1925,1926,1927,1928,1929,1930,1931,1932,1933,1934,1935,1936,1937,1938,1939,1940,1941,1942,1943,1944,1945,1946,1947,1948,1949,1950,1951,1952,1953,1954,1955,1956,1957,1958,1959,1960,1961,1962,1963,1964,1965,1966,1967,1968,1969,1970,1971,1972,1973,1974,1975,1976,1977,1978,1979,1980,1981,1982,1983,1984,1985,1986,1987,1988,1989,1990,1991,1992,1993,1994,1995,1996,1997,1998,1999,2000,2001,2002,2003,2004,2005,2006,2007,2008],"level":[-17.558967,-17.582669,-17.606718,-17.630765,-17.654807,-17.678842,-17.702868,-17.726882,-17.750882,-17.774866,-17.798831,-17.822775,-17.846696,-17.870592,-17.894459,-17.918296,-17.942101,-17.96587,-17.989602,-18.013295,-18.036946,-18.060552,-18.084112,-18.107623,-18.131083,-18.154489,-18.177839,-18.201131,-18.224363,-18.247531,-18.270635,-18.293671,-18.316636,-18.33953,-18.362349,-18.385092,-18.407755,-18.430336,-18.452834,-18.475246,-18.497569,-18.519801,-18.54194,-18.563983,-18.585929,-18.607775,-18.629518,-18.651156,-18.672687,-18.694109,-18.715418,-18.736614,-18.757693,-18.778654,-18.799493,-18.820209,-18.840799,-18.861261,-18.881592,-18.901791,-18.921854,-18.94178,-18.961567,-18.981211,-19.000711,-19.020064,-19.039268,-19.058321,-19.07722,-19.095963,-19.114548,-19.132971,-19.151232,-19.169327,-19.187255,-19.205013,-19.222598,-19.240008,-19.257242,-19.274296,-19.291169,-19.307857,-19.324359,-19.340673,-19.356795,-19.372724,-19.388458,-19.403993,-19.419328,-19.434461,-19.515577,-19.571322,-19.600506,-19.62865,-19.655647,-19.656955,-19.657063,-19.662036,-19.728813,-19.786066,-19.84143,-19.860743,-19.877686,-19.892133,-19.903957,-19.879908,-19.853205,-19.823943,-19.803688,-19.780986,-19.755858,-19.72832,-19.698393,-19.666093,-19.631439,-19.59445,-19.555144,-19.495383,-19.44702,-19.379046,-19.310525,-19.245959,-19.179725,-19.111943,-19.047979,-18.946408,-18.835944,-18.733647,-18.665512,-18.564361,-18.428251,-18.329467,-18.262984,-18.185868,-18.08455,-17.960546,-17.854728,-17.728247,-17.596646,-17.50668,-17.459455,-17.455505,-17.425713,-17.42689,-17.424683,-17.418396,-17.437388,-17.467502,-17.48374,-17.513585,-17.520035,-17.54948,-17.572659,-17.599898,-17.617201,-17.651726,-17.67569,-17.685248,-17.692949,-17.732739,-17.767802,-17.821588,-17.880101,-17.947274,-17.973883,-18.031152,-18.071186,-18.12558,-18.149663,-18.174392,-18.202795,-18.204488,-18.210049,-18.238404,-18.265276,-18.270496,-18.265866,-18.257471,-18.258666,-18.299087,-18.356177,-18.416467,-18.453109,-18.507443,-18.560526,-18.62088,-18.6664,-18.780595,-18.866106,-18.910167,-18.922301,-18.90803,-18.910464,-18.968106,-19.034638,-19.072572,-19.092637,-19.094953,-19.081607,-19.075224,-19.1209,-19.175913,-19.245191,-19.332531,-19.44574,-19.53248,-19.602936,-19.670259,-19.737733],"drift":[-0.02370135,-0.02370135,-0.02369902,-0.02369435,-0.02368737,-0.02367805,-0.0236664,-0.02365242,-0.02363611,-0.02361748,-0.02359651,-0.02357322,-0.02354759,-0.02351964,-0.02348936,-0.02345675,-0.02342181,-0.02338454,-0.02334494,-0.02330301,-0.02325875,-0.02321216,-0.02316325,-0.023112,-0.02305843,-0.02300252,-0.02294429,-0.02288373,-0.02282083,-0.02275561,-0.02268806,-0.02261818,-0.02254597,-0.02247144,-0.02239457,-0.02231537,-0.02223385,-0.02214999,-0.02206381,-0.02197529,-0.02188445,-0.02179128,-0.02169578,-0.02159794,-0.02149778,-0.02139529,-0.02129048,-0.02118333,-0.02107385,-0.02096204,-0.02084791,-0.02073144,-0.02061265,-0.02049153,-0.02036807,-0.02024229,-0.02011418,-0.01998374,-0.01985097,-0.01971587,-0.01957844,-0.01943868,-0.0192966,-0.01915218,-0.01900543,-0.01885636,-0.01870496,-0.01855122,-0.01839516,-0.01823677,-0.01807605,-0.017913,-0.01774762,-0.01757991,-0.01740987,-0.0172375,-0.01706281,-0.01688578,-0.01670643,-0.01652474,-0.01634073,-0.01615438,-0.01596571,-0.01577471,-0.01558138,-0.01538572,-0.01518773,-0.01498741,-0.01478476,-0.01457979,-0.01392913,-0.01299837,-0.01195921,-0.01081163,-0.00955564,-0.00835489,-0.00720939,-0.00607886,-0.00454176,-0.00265158,-0.00040833,0.00196156,0.00445807,0.00708122,0.00983099,0.01248554,0.01504485,0.01750893,0.01995462,0.0223819,0.02479079,0.02718128,0.02955337,0.03190707,0.03424236,0.03655926,0.03885776,0.04101625,0.04312553,0.04506836,0.0468541,0.0485212,0.05006966,0.05149947,0.05284579,0.05386574,0.05450657,0.05482729,0.05505887,0.05498171,0.05436114,0.053443,0.05243752,0.05126674,0.0497607,0.04775735,0.04536511,0.04242952,0.03889663,0.03502167,0.03106497,0.02728989,0.02349805,0.01987149,0.01636326,0.01292251,0.00969554,0.00673523,0.0039288,0.00134859,-0.00117938,-0.00351802,-0.00572497,-0.0077878,-0.0097869,-0.0116203,-0.01337102,-0.01514728,-0.01697341,-0.01864671,-0.02021005,-0.02154849,-0.02263933,-0.02343188,-0.02420314,-0.02475291,-0.02520033,-0.02545219,-0.02571324,-0.02598087,-0.02623228,-0.02664806,-0.02720509,-0.02775442,-0.02830966,-0.02901956,-0.02995485,-0.03114702,-0.03253982,-0.03387982,-0.03506436,-0.03607993,-0.03709174,-0.03798805,-0.03878325,-0.03943396,-0.04004391,-0.04015718,-0.03996664,-0.03974869,-0.03971571,-0.04004434,-0.0406249,-0.04109148,-0.04138764,-0.04170694,-0.04217121,-0.04290244,-0.04401043,-0.04545598,-0.04690004,-0.04828977,-0.04953891,-0.05053485,-0.05111098,-0.05144845,-0.05165861,-0.05176385,-0.05176385],"instab":[null,null,null,null,null,null,null,null,null,null,null,null,null,null,null,null,null,null,null,null,null,null,null,null,null,null,null,null,null,null,null,null,null,null,null,null,null,null,null,null,null,null,null,null,null,null,null,null,null,null,null,null,null,null,null,null,null,null,null,null,null,null,null,null,null,null,null,null,null,null,null,null,null,null,null,null,null,null,null,null,null,null,null,null,null,null,null,null,null,null,null,null,null,null,null,null,346.051981,315.701915,292.298365,292.298365,273.454644,273.454644,273.454644,273.454644,257.818822,257.818822,257.818822,244.53669,244.53669,1.153984,1.001015,0.996501,0.996501,0.996501,1.047624,1.047624,1.048907,0.889305,0.841824,0.778329,0.558324,0.558324,0.558324,0.518754,0.518998,0.485749,0.470291,0.502415,0.573788,0.592743,0.648346,0.644989,0.642955,0.655159,0.6503,0.642158,0.654063,0.630491,0.671743,0.691482,0.696977,0.756897,0.737162,0.759298,0.756856,0.756405,0.754134,0.747942,0.731648,0.763311,0.69725,0.667625,0.667801,0.671085,0.671117,0.650268,0.657409,0.651935,0.588087,0.517652,0.475327,0.433001,0.40729,0.465391,0.505356,0.502118,0.513422,0.516691,0.519289,0.494438,0.490468,0.497569,0.532776,0.52531,0.526549,0.518587,0.512355,0.525849,0.558131,0.556071,0.554265,0.577173,0.584296,0.50878,0.486433,0.478463,0.585802,0.612182,0.6735,0.68894,0.680747,0.703144,0.770474,0.770426,0.785365,0.789682,0.790786,0.783343,0.753746,0.827356,0.827189,0.807743,0.805324,0.80494,0.843883,0.847706,0.770289,0.727213,0.679361],