{"word":"cholamidopropyl","years":[1800,1801,1802,1803,1804,1805,1806,1807,1808,1809,1810,1811,1812,1813,1814,1815,1816,1817,1818,1819,1820,1821,1822,1823,1824,1825,1826,1827,1828,1829,1830,1831,1832,1833,1834,1835,1836,1837,1838,1839,1840,1841,1842,1843,1844,1845,1846,1847,1848,1849,1850,1851,1852,1853,1854,1855,1856,1857,1858,1859,1860,1861,1862,1863,1864,1865,1866,1867,1868,1869,1870,1871,1872,1873,1874,1875,1876,1877,1878,1879,1880,1881,1882,1883,1884,1885,1886,1887,1888,1889,1890,1891,1892,1893,1894,1895,1896,1897,1898,1899,1900,1901,1902,1903,1904,1905,1906,1907,1908,1909,1910,1911,1912,1913,1914,1915,1916,1917,1918,1919,1920,1921,1922,1923,1924,1925,1926,1927,1928,1929,1930,1931,1932,1933,1934,1935,1936,1937,1938,1939,1940,1941,1942,1943,1944,1945,1946,1947,1948,1949,1950,1951,1952,1953,1954,1955,1956,1957,1958,1959,1960,1961,1962,1963,1964,1965,1966,1967,1968,1969,1970,1971,1972,1973,1974,1975,1976,1977,1978,1979,1980,1981,1982,1983,1984,1985,1986,1987,1988,1989,1990,1991,1992,1993,1994,1995,1996,1997,1998,1999,2000,2001,2002,2003,2004,2005,2006,2007,2008],"level":[-87.146722,-86.783578,-86.420433,-86.057288,-85.69414,-85.33099,-84.967838,-84.604682,-84.241522,-83.878357,-83.515187,-83.152012,-82.78883,-82.425642,-82.062446,-81.699242,-81.33603,-80.972808,-80.609577,-80.246335,-79.883083,-79.519819,-79.156544,-78.793255,-78.429954,-78.066639,-77.70331,-77.339966,-76.976606,-76.613231,-76.249839,-75.88643,-75.523004,-75.159559,-74.796095,-74.432612,-74.069109,-73.705586,-73.342041,-72.978475,-72.614887,-72.251276,-71.887641,-71.523983,-71.1603,-70.796592,-70.432858,-70.069099,-69.705312,-69.341498,-68.977656,-68.613786,-68.249887,-67.885958,-67.521999,-67.158009,-66.793988,-66.429935,-66.065849,-65.70173,-65.337578,-64.973392,-64.609171,-64.244914,-63.880622,-63.516293,-63.151928,-62.787524,-62.423083,-62.058602,-61.694083,-61.329524,-60.964924,-60.600283,-60.2356,-59.870876,-59.506109,-59.141298,-58.776444,-58.411545,-58.046601,-57.681612,-57.316576,-56.951494,-56.586365,-56.221187,-55.855962,-55.490687,-55.125363,-54.759988,-54.394563,-54.029087,-53.663559,-53.297978,-52.932345,-52.566658,-52.200917,-51.835121,-51.46927,-51.103363,-50.7374,-50.371379,-50.005302,-49.639166,-49.272972,-48.906718,-48.540404,-48.174031,-47.807596,-47.441099,-47.074541,-46.70792,-46.341236,-45.974488,-45.607676,-45.240798,-44.873855,-44.506847,-44.139771,-43.772629,-43.405418,-43.038139,-42.670792,-42.303374,-41.935887,-41.568329,-41.2007,-40.833,-40.465226,-40.09738,-39.729461,-39.361468,-38.993399,-38.625256,-38.257037,-37.888742,-37.52037,-37.15192,-36.783392,-36.414786,-36.0461,-35.677335,-35.30849,-34.939564,-34.570556,-34.201466,-33.832294,-33.463038,-33.093699,-32.724275,-32.354767,-31.985173,-31.615493,-31.245727,-30.875874,-30.505932,-30.135903,-29.765785,-29.395577,-29.025279,-28.654891,-28.284412,-27.913841,-27.543177,-27.172421,-26.801572,-26.430628,-26.05959,-25.688457,-25.317228,-24.945903,-24.574481,-24.202962,-23.831345,-23.459629,-23.087814,-22.7159,-22.343885,-21.97177,-21.599553,-21.227234,-20.854813,-20.482288,-20.090275,-19.736244,-19.47787,-19.295089,-19.15535,-19.084024,-19.060304,-19.084239,-19.134825,-19.153997,-19.1854,-19.229421,-19.246451,-19.250025,-19.239921,-19.263007,-19.307651,-19.347621,-19.392443,-19.435541,-19.473995,-19.483546,-19.48222,-19.480573,-19.484249,-19.494796],"drift":[0.36314436,0.36314493,0.36314608,0.36314779,0.36315007,0.36315292,0.36315634,0.36316032,0.36316488,0.36317001,0.36317571,0.36318197,0.36318881,0.36319622,0.36320419,0.36321274,0.36322185,0.36323153,0.36324179,0.36325261,0.363264,0.36327596,0.36328849,0.36330159,0.36331526,0.3633295,0.36334431,0.36335969,0.36337564,0.36339215,0.36340924,0.3634269,0.36344512,0.36346392,0.36348328,0.36350322,0.36352372,0.36354479,0.36356644,0.36358865,0.36361143,0.36363478,0.3636587,0.36368319,0.36370825,0.36373388,0.36376008,0.36378685,0.36381418,0.36384209,0.36387057,0.36389961,0.36392923,0.36395941,0.36399017,0.36402149,0.36405339,0.36408585,0.36411888,0.36415248,0.36418665,0.36422139,0.3642567,0.36429258,0.36432903,0.36436605,0.36440364,0.3644418,0.36448052,0.36451982,0.36455969,0.36460012,0.36464113,0.3646827,0.36472484,0.36476756,0.36481084,0.36485469,0.36489912,0.36494411,0.36498967,0.3650358,0.3650825,0.36512977,0.36517761,0.36522601,0.36527499,0.36532454,0.36537465,0.36542534,0.3654766,0.36552842,0.36558082,0.36563378,0.36568731,0.36574142,0.36579609,0.36585133,0.36590714,0.36596352,0.36602047,0.36607799,0.36613608,0.36619474,0.36625397,0.36631377,0.36637413,0.36643507,0.36649658,0.36655865,0.3666213,0.36668451,0.3667483,0.36681265,0.36687757,0.36694307,0.36700913,0.36707576,0.36714296,0.36721073,0.36727907,0.36734798,0.36741746,0.36748751,0.36755813,0.36762931,0.36770107,0.3677734,0.36784629,0.36791976,0.36799379,0.3680684,0.36814357,0.36821931,0.36829563,0.36837251,0.36844996,0.36852798,0.36860657,0.36868573,0.36876546,0.36884576,0.36892663,0.36900807,0.36909007,0.36917265,0.3692558,0.36933951,0.3694238,0.36950865,0.36959408,0.36968007,0.36976664,0.36985377,0.36994147,0.37002974,0.37011858,0.37020799,0.37029798,0.37038852,0.37047964,0.37057133,0.37066359,0.37075642,0.37084982,0.37094378,0.37103832,0.37113342,0.3712291,0.37132534,0.37142216,0.37151954,0.37161749,0.37171602,0.37181511,0.37191477,0.372015,0.3721158,0.37221717,0.37231911,0.37242162,0.3725247,0.37262834,0.33508001,0.26070834,0.19087306,0.13676097,0.07686249,0.02772127,-0.01364504,-0.03501749,-0.02614019,-0.03080265,-0.03429721,-0.018899,-0.00713257,-0.00227956,-0.02148805,-0.03759275,-0.03999528,-0.04244738,-0.04028607,-0.03266005,-0.0137768,-0.00310482,-0.00104201,-0.00420377,-0.00839139,-0.00839139],"instab":[null,null,null,null,null,null,null,null,null,null,null,null,null,null,null,null,null,null,null,null,null,null,null,null,null,null,null,null,null,null,null,null,null,null,null,null,null,null,null,null,null,null,null,null,null,null,null,null,null,null,null,null,null,null,null,null,null,null,null,null,null,null,null,null,null,null,null,null,null,null,null,null,null,null,null,null,null,null,null,null,null,null,null,null,null,null,null,null,null,null,null,null,null,null,null,null,null,null,null,null,null,null,null,null,null,null,null,null,null,null,null,null,null,null,null,null,null,null,null,null,null,null,null,null,null,null,null,null,null,null,null,null,null,null,null,null,null,null,null,null,null,null,null,null,null,null,null,null,null,null,null,null,null,null,null,null,null,null,null,null,null,null,null,null,null,null,null,null,null,null,null,null,null,null,null,null,null,null,null,null,null,null,null,null,null,null,9.315268,8.524703,7.875073,7.372285,6.949889,6.569353,6.292293,6.040027,5.796375,5.593571,5.406471,5.255691,5.101867,4.954607,4.82577,4.704984,0.584347,0.506998,0.513271,0.471137,0.39928,0.400773,0.386145],