{"word":"choreographic","years":[1800,1801,1802,1803,1804,1805,1806,1807,1808,1809,1810,1811,1812,1813,1814,1815,1816,1817,1818,1819,1820,1821,1822,1823,1824,1825,1826,1827,1828,1829,1830,1831,1832,1833,1834,1835,1836,1837,1838,1839,1840,1841,1842,1843,1844,1845,1846,1847,1848,1849,1850,1851,1852,1853,1854,1855,1856,1857,1858,1859,1860,1861,1862,1863,1864,1865,1866,1867,1868,1869,1870,1871,1872,1873,1874,1875,1876,1877,1878,1879,1880,1881,1882,1883,1884,1885,1886,1887,1888,1889,1890,1891,1892,1893,1894,1895,1896,1897,1898,1899,1900,1901,1902,1903,1904,1905,1906,1907,1908,1909,1910,1911,1912,1913,1914,1915,1916,1917,1918,1919,1920,1921,1922,1923,1924,1925,1926,1927,1928,1929,1930,1931,1932,1933,1934,1935,1936,1937,1938,1939,1940,1941,1942,1943,1944,1945,1946,1947,1948,1949,1950,1951,1952,1953,1954,1955,1956,1957,1958,1959,1960,1961,1962,1963,1964,1965,1966,1967,1968,1969,1970,1971,1972,1973,1974,1975,1976,1977,1978,1979,1980,1981,1982,1983,1984,1985,1986,1987,1988,1989,1990,1991,1992,1993,1994,1995,1996,1997,1998,1999,2000,2001,2002,2003,2004,2005,2006,2007,2008],"level":[-18.412307,-18.397508,-18.382709,-18.367909,-18.35311,-18.338311,-18.342106,-18.345902,-18.349698,-18.353493,-18.357289,-18.361085,-18.36488,-18.368676,-18.372472,-18.376267,-18.380063,-18.383859,-18.387654,-18.39145,-18.395246,-18.399041,-18.402837,-18.406633,-18.410428,-18.414224,-18.41802,-18.421815,-18.425611,-18.429407,-18.433202,-18.436998,-18.440794,-18.444589,-18.448385,-18.452181,-18.455976,-18.459772,-18.463568,-18.467363,-18.471159,-18.474955,-18.47875,-18.482546,-18.486342,-18.443616,-18.478681,-18.538237,-18.597792,-18.709857,-18.820836,-18.931815,-18.963914,-18.969124,-18.974335,-18.967621,-18.960907,-18.858391,-18.951501,-18.966968,-18.897903,-18.786446,-18.674989,-18.563533,-18.361124,-18.49167,-18.618053,-18.683859,-18.762159,-18.840458,-18.918757,-19.027912,-19.151145,-19.265335,-19.326503,-19.384686,-19.44472,-19.455015,-19.465309,-19.43547,-19.40563,-19.37579,-19.386472,-19.471666,-19.529766,-19.519647,-19.443169,-19.309318,-19.294812,-19.198422,-19.102032,-19.038907,-18.948088,-18.874033,-18.811386,-18.794611,-18.709766,-18.672583,-18.681111,-18.68964,-18.735246,-18.766281,-18.745431,-18.724581,-18.693976,-18.719845,-18.740233,-18.676815,-18.574747,-18.472679,-18.207428,-17.952301,-17.725832,-17.498727,-17.233231,-17.137891,-17.119839,-17.23901,-17.39381,-17.39444,-17.368464,-17.318461,-17.286164,-17.184885,-17.029784,-17.060795,-17.06209,-16.948943,-16.885112,-16.767755,-16.662106,-16.558216,-16.438692,-16.307447,-16.151262,-15.970763,-15.806854,-15.751231,-15.666826,-15.678515,-15.640338,-15.594472,-15.614969,-15.637007,-15.589733,-15.508934,-15.418737,-15.379353,-15.366007,-15.329793,-15.346876,-15.350651,-15.351733,-15.338762,-15.334553,-15.362155,-15.397588,-15.471459,-15.504788,-15.522147,-15.573989,-15.622445,-15.642342,-15.605488,-15.612538,-15.614048,-15.57525,-15.53292,-15.504888,-15.483885,-15.462351,-15.46479,-15.460472,-15.451551,-15.41802,-15.370675,-15.325895,-15.264654,-15.221603,-15.202534,-15.179306,-15.16022,-15.160864,-15.162975,-15.172131,-15.194112,-15.217731,-15.238856,-15.269363,-15.278382,-15.276962,-15.278256,-15.257431,-15.250286,-15.237753,-15.224233,-15.211034,-15.201173,-15.19205,-15.208527,-15.235604,-15.27136,-15.278891,-15.313658,-15.326174,-15.331461,-15.324382,-15.324229,-15.333879],"drift":[0.01480008,0.01480008,0.01480008,0.01480008,0.01480008,0.01480008,0.01480008,0.01480008,0.01480008,0.01480008,0.01480008,0.01480008,0.01480008,0.01480008,0.01480008,0.01480008,0.01480008,0.01480008,0.01480008,0.01480008,0.01480008,0.01480008,0.01480008,0.01480008,0.01480008,0.01480008,0.01480008,0.01480008,0.01480008,0.01480008,0.01480008,0.01480008,0.01480008,0.01480008,0.01480008,0.01480008,0.01480008,0.01480008,0.01480008,0.01480009,0.01480009,0.01480009,0.01480009,0.01480009,0.01480009,0.01480009,0.01480009,0.01480009,0.01480009,0.01480009,0.01480009,0.01480009,0.01480009,0.01480009,0.0148001,0.0148001,0.0148001,0.0148001,0.0148001,0.0148001,0.0148001,0.0148001,0.0148001,0.0148001,0.01480011,0.01480011,0.01480011,0.01480011,0.01480011,0.01480011,0.01480011,0.01480011,0.01480011,0.01480012,0.01480012,0.01480012,0.01480012,0.01480012,0.01480012,0.01480013,0.01480013,0.01480013,0.01480013,0.01480013,0.01480013,0.01480014,0.01480014,0.01480014,0.01480014,0.01480014,0.01480014,0.01480015,0.01480015,0.01480015,0.01480015,0.01480015,0.01480015,0.01480015,0.01480016,0.01480016,0.01480016,0.01480016,0.01480016,0.01480016,0.01480016,0.01480017,0.01480017,0.01480017,0.01480017,0.01480017,0.01480017,0.01480017,0.01480017,0.01480017,0.01480017,0.01480017,0.01480018,0.01480018,0.01480018,0.01480018,0.01480018,0.01480018,0.01480018,0.01480018,0.01480018,0.01480018,0.01480018,0.01480018,0.01480018,0.01480018,0.01480018,0.01480018,0.01480018,0.01480018,0.01480018,0.01480018,0.01480018,0.01480018,0.01480018,0.01480018,0.01480018,0.01480018,0.01480018,0.01480018,0.01480018,0.01480017,0.01480017,0.01480017,0.01480017,0.01480017,0.01480017,0.01480017,0.01480017,0.01480017,0.01480017,0.01480017,0.01480017,0.01480017,0.01480017,0.01480017,0.01480017,0.01480017,0.01480017,0.01480017,0.01480017,0.01480016,0.01480016,0.01480016,0.01480016,0.01480016,0.01480016,0.01480016,0.01480016,0.01480016,0.01480016,0.01480016,0.01480016,0.01480016,0.01480016,0.01480016,0.01480016,0.01480016,0.01480016,0.01480016,0.01480016,0.01480016,0.01480016,0.01480016,0.01480016,0.01480016,0.01480016,0.01480016,0.01480016,0.01480016,0.01480016,0.01480015,0.01480015,0.01480015,0.01480015,0.01480015,0.01480015,0.01480015,0.01480015,0.01480015,0.01480015,0.01480015,0.01480015,0.01480015,0.01480015],"instab":[null,null,null,null,null,null,null,null,null,null,null,null,null,null,null,null,null,null,null,null,null,null,null,null,null,null,null,null,null,null,null,null,null,null,null,null,null,null,null,null,null,null,null,null,null,null,null,null,null,60.450135,60.450135,55.313178,51.226411,51.226411,47.914416,47.914416,45.203192,42.798153,40.844142,39.126972,37.591535,37.591535,37.591535,36.224772,1.515896,1.498913,1.53169,1.4763,1.531165,1.5863,1.524582,1.481025,1.487386,1.455767,1.456711,1.4077,1.402798,1.280955,1.256691,1.288674,1.341294,1.305461,1.273587,1.28258,0.52431,0.522072,0.478486,0.705601,0.694816,0.694816,0.741813,0.740502,0.746897,0.714733,0.728895,0.746796,0.739775,0.723586,0.732629,0.709789,0.701299,0.715406,0.720548,0.699911,0.664759,0.642887,0.69197,0.573605,0.55358,0.612936,0.650179,0.711568,0.725008,0.725908,0.930264,0.917839,0.942062,0.951467,1.096792,1.10412,1.100377,1.080324,1.068501,1.071862,1.174182,1.182855,1.200032,1.203032,1.180159,1.135647,1.117057,1.093727,1.08505,1.083797,0.926727,0.912773,0.931072,0.931112,0.797198,0.811989,0.808343,0.815001,0.795829,0.829882,0.677954,0.663203,0.594197,0.578277,0.574766,0.576435,0.587745,0.592783,0.600169,0.600871,0.600555,0.586735,0.476143,0.507544,0.436749,0.41908,0.424129,0.398835,0.421484,0.406145,0.40468,0.413133,0.366882,0.361968,0.363356,0.32947,0.337062,0.337186,0.335903,0.336518,0.326408,0.331371,0.325373,0.305431,0.309508,0.304703,0.299513,0.278808,0.225879,0.198843,0.195129,0.163139,0.170364,0.164498,0.185795,0.190513,0.179995,0.187099,0.191159,0.183093,0.182626,0.179161,0.179183,0.158408,0.147191,0.147274,0.145572,0.161839,0.171838,0.18653,0.185512,0.186673,0.188245,0.190347,0.186004],