{"word":"chronotype","years":[1800,1801,1802,1803,1804,1805,1806,1807,1808,1809,1810,1811,1812,1813,1814,1815,1816,1817,1818,1819,1820,1821,1822,1823,1824,1825,1826,1827,1828,1829,1830,1831,1832,1833,1834,1835,1836,1837,1838,1839,1840,1841,1842,1843,1844,1845,1846,1847,1848,1849,1850,1851,1852,1853,1854,1855,1856,1857,1858,1859,1860,1861,1862,1863,1864,1865,1866,1867,1868,1869,1870,1871,1872,1873,1874,1875,1876,1877,1878,1879,1880,1881,1882,1883,1884,1885,1886,1887,1888,1889,1890,1891,1892,1893,1894,1895,1896,1897,1898,1899,1900,1901,1902,1903,1904,1905,1906,1907,1908,1909,1910,1911,1912,1913,1914,1915,1916,1917,1918,1919,1920,1921,1922,1923,1924,1925,1926,1927,1928,1929,1930,1931,1932,1933,1934,1935,1936,1937,1938,1939,1940,1941,1942,1943,1944,1945,1946,1947,1948,1949,1950,1951,1952,1953,1954,1955,1956,1957,1958,1959,1960,1961,1962,1963,1964,1965,1966,1967,1968,1969,1970,1971,1972,1973,1974,1975,1976,1977,1978,1979,1980,1981,1982,1983,1984,1985,1986,1987,1988,1989,1990,1991,1992,1993,1994,1995,1996,1997,1998,1999,2000,2001,2002,2003,2004,2005,2006,2007,2008],"level":[-18.44746,-18.470321,-18.493182,-18.516043,-18.538904,-18.561765,-18.584626,-18.607487,-18.630348,-18.653209,-18.67607,-18.698931,-18.721792,-18.744653,-18.767514,-18.790374,-18.813235,-18.836096,-18.858957,-18.881818,-18.904678,-18.927539,-18.9504,-18.97326,-18.996121,-19.018981,-19.041842,-19.064702,-19.087563,-19.110423,-19.133283,-19.156144,-19.179004,-19.201864,-19.224724,-19.247584,-19.270444,-19.293304,-19.316164,-19.339024,-19.361883,-19.384743,-19.407603,-19.430462,-19.453322,-19.476181,-19.49904,-19.5219,-19.544759,-19.567614,-19.590462,-19.613299,-19.636121,-19.658925,-19.681707,-19.704463,-19.727189,-19.749882,-19.772539,-19.795155,-19.817727,-19.840251,-19.862724,-19.885141,-19.9075,-19.929796,-19.952027,-19.974187,-19.996274,-20.018283,-20.040212,-20.062057,-20.083813,-20.105478,-20.127046,-20.148516,-20.169883,-20.191143,-20.212294,-20.23333,-20.254249,-20.275047,-20.295719,-20.316264,-20.336676,-20.356952,-20.377088,-20.397082,-20.416928,-20.436624,-20.456166,-20.47555,-20.494772,-20.513829,-20.532718,-20.551433,-20.569973,-20.588332,-20.606508,-20.624496,-20.642294,-20.659897,-20.677302,-20.694505,-20.711502,-20.72829,-20.744865,-20.761224,-20.777362,-20.793276,-20.808963,-20.824418,-20.839638,-20.85462,-20.869359,-20.883853,-20.898096,-20.912087,-20.92582,-20.939293,-20.952501,-20.965442,-20.978111,-20.990504,-21.002619,-21.01445,-21.025996,-21.037251,-21.048213,-21.058877,-21.069241,-21.079299,-21.08905,-21.098488,-21.10761,-21.116413,-21.124893,-21.133047,-21.14087,-21.148359,-21.15551,-21.16232,-21.168784,-21.1749,-21.180664,-21.186071,-21.191119,-21.195803,-21.200121,-21.204067,-21.207639,-21.210833,-21.213645,-21.216072,-21.21811,-21.219754,-21.221003,-21.221851,-21.222112,-21.221599,-21.220124,-21.2175,-21.21354,-21.208067,-21.200935,-21.191998,-21.181153,-21.168299,-21.153417,-21.13649,-21.117501,-21.096433,-21.073268,-21.04799,-21.02058,-20.991022,-20.959299,-20.92523,-20.888814,-20.849996,-20.808722,-20.764966,-20.718745,-20.669905,-20.618311,-20.563814,-20.506269,-20.445528,-20.381799,-20.315327,-20.246465,-20.175694,-20.103494,-20.030214,-19.956105,-19.881234,-19.805617,-19.729454,-19.652929,-19.576052,-19.49901,-19.422076,-19.345286,-19.268544,-19.192032,-19.115707,-19.039521,-18.963391,-18.887249],"drift":[-0.02286103,-0.02286103,-0.02286103,-0.02286102,-0.02286102,-0.02286101,-0.022861,-0.02286099,-0.02286097,-0.02286096,-0.02286094,-0.02286092,-0.0228609,-0.02286088,-0.02286086,-0.02286083,-0.02286081,-0.02286078,-0.02286075,-0.02286072,-0.02286068,-0.02286065,-0.02286061,-0.02286057,-0.02286054,-0.02286049,-0.02286045,-0.02286041,-0.02286036,-0.02286031,-0.02286026,-0.02286021,-0.02286016,-0.0228601,-0.02286005,-0.02285999,-0.02285993,-0.02285987,-0.0228598,-0.02285974,-0.02285967,-0.02285961,-0.02285954,-0.02285946,-0.02285939,-0.02285932,-0.02285924,-0.02285916,-0.02285542,-0.022848,-0.02283691,-0.02282215,-0.02280372,-0.02278162,-0.02275585,-0.02272642,-0.02269331,-0.02265653,-0.02261608,-0.02257196,-0.02252417,-0.02247271,-0.02241758,-0.02235878,-0.02229631,-0.02223017,-0.02216036,-0.02208688,-0.02200973,-0.02192891,-0.02184442,-0.02175626,-0.02166442,-0.02156892,-0.02146975,-0.02136691,-0.0212604,-0.02115022,-0.02103637,-0.02091884,-0.02079765,-0.02067279,-0.02054426,-0.02041205,-0.02027618,-0.02013664,-0.01999343,-0.01984654,-0.01969599,-0.01954177,-0.01938387,-0.01922231,-0.01905708,-0.01888817,-0.0187156,-0.01853935,-0.01835944,-0.01817585,-0.0179886,-0.01779768,-0.01760308,-0.01740482,-0.01720288,-0.01699728,-0.016788,-0.01657506,-0.01635844,-0.01613815,-0.0159142,-0.01568657,-0.01545528,-0.01522031,-0.01498167,-0.01473937,-0.01449339,-0.01424374,-0.01399043,-0.01373344,-0.01347278,-0.01320846,-0.01294046,-0.01266879,-0.01239345,-0.01211445,-0.01183177,-0.01154542,-0.0112554,-0.01096171,-0.01066436,-0.01036333,-0.01005863,-0.00975026,-0.00943822,-0.00912251,-0.00880313,-0.00848008,-0.00815336,-0.00782297,-0.00748891,-0.00715119,-0.00680979,-0.00646472,-0.00611597,-0.00576356,-0.00540748,-0.00504773,-0.00468431,-0.00431722,-0.00394646,-0.00357203,-0.00319393,-0.00281216,-0.00242672,-0.0020376,-0.00164482,-0.00124837,-0.00084825,-0.00026097,0.00051346,0.00147504,0.00262378,0.00395967,0.00547296,0.00713207,0.008937,0.01084455,0.01285474,0.01488218,0.0169269,0.01898887,0.02106811,0.02316462,0.02527839,0.02740943,0.02955773,0.0317233,0.0340696,0.03641607,0.03881753,0.04127399,0.04375605,0.04622093,0.04883963,0.05159479,0.05449663,0.05754516,0.06074037,0.06372986,0.0664716,0.06886222,0.07077084,0.07219947,0.07328058,0.07410867,0.07487117,0.07561705,0.07616312,0.07652529,0.07687703,0.07704174,0.07693369,0.07679029,0.07674197,0.07651209,0.07632503,0.07618572,0.07613015,0.07614146,0.07614146],"instab":[null,null,null,null,null,null,null,null,null,null,null,null,null,null,null,null,null,null,null,null,null,null,null,null,null,null,null,null,null,null,null,null,null,null,null,null,null,null,null,null,null,null,null,null,null,null,null,null,null,null,null,null,null,null,null,null,null,null,null,null,null,null,null,null,null,null,null,null,null,null,null,null,null,null,null,null,null,null,null,null,null,null,null,null,null,null,null,null,null,null,null,null,null,null,null,null,null,null,null,null,null,null,null,null,null,null,null,null,null,null,null,null,null,null,null,null,null,null,null,null,null,null,null,null,null,null,null,null,null,null,null,null,null,null,null,null,null,null,null,null,null,null,null,null,null,null,null,null,null,null,null,null,null,null,null,null,null,null,null,null,null,null,null,null,null,null,20.010563,20.010563,20.010563,20.010563,20.010563,20.010563,20.010563,20.010563,20.010563,18.122487,0.88978,0.858833,0.858833,0.796763,0.745756,0.755908,0.728854,0.687704,0.711717,0.711717,0.898432,0.850449,0.807124,0.77067,0.752124,0.770663,0.758313,0.763049,0.738821,0.709809,0.655146,0.673153,0.697092,0.703947,0.74582,0.728055,0.815648,0.845551,0.824057,0.802511,0.710371,0.7265,0.726591],