{"word":"chromogenic","years":[1800,1801,1802,1803,1804,1805,1806,1807,1808,1809,1810,1811,1812,1813,1814,1815,1816,1817,1818,1819,1820,1821,1822,1823,1824,1825,1826,1827,1828,1829,1830,1831,1832,1833,1834,1835,1836,1837,1838,1839,1840,1841,1842,1843,1844,1845,1846,1847,1848,1849,1850,1851,1852,1853,1854,1855,1856,1857,1858,1859,1860,1861,1862,1863,1864,1865,1866,1867,1868,1869,1870,1871,1872,1873,1874,1875,1876,1877,1878,1879,1880,1881,1882,1883,1884,1885,1886,1887,1888,1889,1890,1891,1892,1893,1894,1895,1896,1897,1898,1899,1900,1901,1902,1903,1904,1905,1906,1907,1908,1909,1910,1911,1912,1913,1914,1915,1916,1917,1918,1919,1920,1921,1922,1923,1924,1925,1926,1927,1928,1929,1930,1931,1932,1933,1934,1935,1936,1937,1938,1939,1940,1941,1942,1943,1944,1945,1946,1947,1948,1949,1950,1951,1952,1953,1954,1955,1956,1957,1958,1959,1960,1961,1962,1963,1964,1965,1966,1967,1968,1969,1970,1971,1972,1973,1974,1975,1976,1977,1978,1979,1980,1981,1982,1983,1984,1985,1986,1987,1988,1989,1990,1991,1992,1993,1994,1995,1996,1997,1998,1999,2000,2001,2002,2003,2004,2005,2006,2007,2008],"level":[-16.768498,-16.831558,-16.894618,-16.959765,-17.024872,-17.089897,-17.154799,-17.219539,-17.284074,-17.348364,-17.412368,-17.476046,-17.539357,-17.602259,-17.664712,-17.726675,-17.788108,-17.848969,-17.909218,-17.968814,-18.027715,-18.085882,-18.143273,-18.199848,-18.255566,-18.310385,-18.364266,-18.417167,-18.469047,-18.519867,-18.569583,-18.618157,-18.665547,-18.711713,-18.756613,-18.800206,-18.842453,-18.883312,-18.922742,-18.960702,-18.997152,-19.032051,-19.065358,-19.097031,-19.127032,-19.155317,-19.181848,-19.206582,-19.229479,-19.250499,-19.2696,-19.286742,-19.301883,-19.314983,-19.326001,-19.334897,-19.341629,-19.346157,-19.34844,-19.348436,-19.346106,-19.344959,-19.341334,-19.33512,-19.326209,-19.287017,-19.245443,-19.201914,-19.156858,-19.110701,-19.145136,-19.177735,-19.202508,-19.223215,-19.238789,-19.236902,-19.227965,-19.14363,-19.059303,-18.967879,-18.862094,-18.750015,-18.632117,-18.508875,-18.380765,-18.240884,-18.09723,-18.023752,-17.871617,-17.689914,-17.403918,-17.14829,-16.89989,-16.788019,-16.72564,-16.601527,-16.481014,-16.420965,-16.342437,-16.286919,-16.210167,-16.122128,-16.059227,-15.954485,-15.932225,-15.890217,-15.854991,-15.845616,-15.786422,-15.737894,-15.714932,-15.7071,-15.680105,-15.676527,-15.680686,-15.682274,-15.720433,-15.781863,-15.803308,-15.851044,-15.927181,-15.993769,-16.072942,-16.129766,-16.157039,-16.151013,-16.181304,-16.252859,-16.296103,-16.324153,-16.378036,-16.365081,-16.359638,-16.359276,-16.3603,-16.341295,-16.319775,-16.24911,-16.250327,-16.265829,-16.310579,-16.315127,-16.299284,-16.277856,-16.292061,-16.262796,-16.294936,-16.363174,-16.368927,-16.388653,-16.413583,-16.400553,-16.348611,-16.276278,-16.229942,-16.209479,-16.192966,-16.180066,-16.168775,-16.181925,-16.182045,-16.200193,-16.228567,-16.251495,-16.301745,-16.344462,-16.37285,-16.385278,-16.413668,-16.434106,-16.469032,-16.485176,-16.4889,-16.446428,-16.407631,-16.381792,-16.354872,-16.295562,-16.197489,-16.082024,-15.99374,-15.921241,-15.849352,-15.77927,-15.723649,-15.707982,-15.7017,-15.691807,-15.689385,-15.691719,-15.715505,-15.707859,-15.705621,-15.742001,-15.802768,-15.866008,-15.929844,-15.965909,-15.990488,-16.014368,-16.032043,-16.060373,-16.101841,-16.147807,-16.192759,-16.238789,-16.303223,-16.364534,-16.443656],"drift":[-0.06305966,-0.06305966,-0.06305965,-0.06301882,-0.06293717,-0.0628147,-0.06265141,-0.06244729,-0.06220236,-0.0619166,-0.06159003,-0.06122263,-0.06081441,-0.06036537,-0.05987551,-0.05934483,-0.05877333,-0.058161,-0.05750786,-0.05681389,-0.05607911,-0.0553035,-0.05448707,-0.05362982,-0.05273175,-0.05179286,-0.05081315,-0.04979261,-0.04873126,-0.04762908,-0.04648609,-0.04530227,-0.04407763,-0.04281217,-0.04150589,-0.04015879,-0.03877087,-0.03734212,-0.03587256,-0.03436217,-0.03281097,-0.03121894,-0.02958609,-0.02791242,-0.02619793,-0.02444262,-0.02264649,-0.02080954,-0.01893176,-0.01701317,-0.01505375,-0.01305351,-0.01101245,-0.00893057,-0.00680787,-0.00464435,-0.00244001,-0.00019485,0.00209114,0.00441794,0.00678557,0.00926343,0.01185154,0.01454988,0.01735846,0.01974015,0.02169494,0.02322285,0.02432386,0.02499798,0.02683415,0.02983236,0.03389823,0.03903175,0.04523293,0.0522816,0.06017777,0.06760161,0.07469843,0.08146822,0.08776258,0.09358149,0.09892496,0.10379298,0.10818556,0.11195843,0.11511157,0.11907874,0.12239958,0.12456092,0.12356586,0.11998871,0.11390083,0.10785263,0.10269355,0.09711567,0.09108032,0.08565171,0.08036238,0.07555881,0.07073191,0.06556661,0.06045343,0.05447431,0.04912506,0.04391497,0.03887476,0.03441133,0.02946334,0.0241426,0.01884495,0.01376262,0.00842157,0.00317523,-0.00192771,-0.0070373,-0.01153839,-0.015064,-0.01846485,-0.02129339,-0.0230496,-0.02395455,-0.02377987,-0.0229591,-0.02205399,-0.0216979,-0.02117379,-0.01966462,-0.01769442,-0.01552175,-0.01259904,-0.01017596,-0.00805828,-0.00610521,-0.00425149,-0.00285249,-0.00193002,-0.00242695,-0.00294753,-0.00322265,-0.00268581,-0.00211257,-0.00189041,-0.00212415,-0.00212169,-0.00273292,-0.00276918,-0.00152538,-0.00019891,0.00150935,0.00373456,0.00577802,0.00691886,0.00678073,0.00586921,0.00467236,0.00324398,0.00162681,-0.00017932,-0.00173184,-0.00331587,-0.00460991,-0.00543931,-0.00592675,-0.00554759,-0.00444169,-0.00286758,-0.00110655,0.00118794,0.00390526,0.00738181,0.01131833,0.01554896,0.0192532,0.02257532,0.02583361,0.02907067,0.03171648,0.03306488,0.03280219,0.03145471,0.02930472,0.02632212,0.02248392,0.01799782,0.01355728,0.009259,0.00494831,0.00068703,-0.00351519,-0.00732108,-0.0114196,-0.01578516,-0.01974803,-0.0229089,-0.02528122,-0.02689971,-0.02833899,-0.02985179,-0.03148134,-0.03338084,-0.03537909,-0.03725828,-0.03896724,-0.04055917,-0.04204413,-0.04309133,-0.04378229,-0.04378229],"instab":[null,null,null,null,null,null,null,null,null,null,null,null,null,null,null,null,null,null,null,null,null,null,null,null,null,null,null,null,null,null,null,null,null,null,null,null,null,null,null,null,null,null,null,null,null,null,null,null,null,null,null,null,null,null,null,null,null,null,null,null,null,null,null,null,null,null,null,null,null,null,null,null,null,null,173.944573,173.944573,158.857032,147.033131,147.033131,137.518702,0.822757,0.822757,0.822757,0.822757,0.861312,0.861312,0.889186,0.936656,0.884377,0.770723,0.820565,0.800585,0.907538,0.869099,0.931238,0.899353,0.852063,0.884135,0.854911,0.877925,0.856799,0.829592,0.826826,0.821997,0.822699,0.8027,0.747512,0.74078,0.740824,0.725165,0.673401,0.659922,0.475811,0.465242,0.413653,0.419638,0.391253,0.408936,0.412085,0.40401,0.409397,0.403263,0.396572,0.320229,0.309563,0.352534,0.373028,0.346264,0.343624,0.35111,0.378864,0.388241,0.392864,0.39752,0.396072,0.395112,0.398256,0.453167,0.453672,0.457032,0.466333,0.467222,0.45217,0.451187,0.461119,0.477849,0.472398,0.509259,0.507341,0.503754,0.480068,0.480488,0.478358,0.497502,0.505001,0.50449,0.495989,0.429576,0.431641,0.433552,0.408661,0.40524,0.409518,0.396704,0.384523,0.346684,0.344811,0.273558,0.272507,0.274458,0.261687,0.254968,0.270089,0.239876,0.232052,0.233808,0.236325,0.236915,0.23706,0.287244,0.300733,0.30196,0.297183,0.299285,0.298165,0.286571,0.287075,0.289082,0.288538,0.288377,0.315511,0.313701,0.298026,0.294024,0.299322,0.308962,0.332691,0.335434,0.330979,0.282171,0.263129,0.260777,0.256217,0.244879,0.212282,0.218131,0.216869,0.220067,0.242765],