{"word":"chutan","years":[1800,1801,1802,1803,1804,1805,1806,1807,1808,1809,1810,1811,1812,1813,1814,1815,1816,1817,1818,1819,1820,1821,1822,1823,1824,1825,1826,1827,1828,1829,1830,1831,1832,1833,1834,1835,1836,1837,1838,1839,1840,1841,1842,1843,1844,1845,1846,1847,1848,1849,1850,1851,1852,1853,1854,1855,1856,1857,1858,1859,1860,1861,1862,1863,1864,1865,1866,1867,1868,1869,1870,1871,1872,1873,1874,1875,1876,1877,1878,1879,1880,1881,1882,1883,1884,1885,1886,1887,1888,1889,1890,1891,1892,1893,1894,1895,1896,1897,1898,1899,1900,1901,1902,1903,1904,1905,1906,1907,1908,1909,1910,1911,1912,1913,1914,1915,1916,1917,1918,1919,1920,1921,1922,1923,1924,1925,1926,1927,1928,1929,1930,1931,1932,1933,1934,1935,1936,1937,1938,1939,1940,1941,1942,1943,1944,1945,1946,1947,1948,1949,1950,1951,1952,1953,1954,1955,1956,1957,1958,1959,1960,1961,1962,1963,1964,1965,1966,1967,1968,1969,1970,1971,1972,1973,1974,1975,1976,1977,1978,1979,1980,1981,1982,1983,1984,1985,1986,1987,1988,1989,1990,1991,1992,1993,1994,1995,1996,1997,1998,1999,2000,2001,2002,2003,2004,2005,2006,2007,2008],"level":[-20.126177,-20.10562,-20.085064,-20.064507,-20.04395,-20.023393,-20.002835,-19.982278,-19.96172,-19.941162,-19.920604,-19.900045,-19.879486,-19.858927,-19.838367,-19.817806,-19.797245,-19.776684,-19.756122,-19.735559,-19.714996,-19.694432,-19.673867,-19.653301,-19.632735,-19.612168,-19.5916,-19.571031,-19.550461,-19.52989,-19.509318,-19.488745,-19.468171,-19.447596,-19.42702,-19.406442,-19.385863,-19.365283,-19.344702,-19.32412,-19.303536,-19.28295,-19.262364,-19.241775,-19.221201,-19.200655,-19.180152,-19.159709,-19.139339,-19.119058,-19.098881,-19.078823,-19.058899,-19.039124,-19.019513,-19.000081,-18.980844,-18.961815,-18.943011,-18.924447,-18.906136,-18.888096,-18.870339,-18.852883,-18.835741,-18.818928,-18.80246,-18.786352,-18.770619,-18.755276,-18.740338,-18.725819,-18.711736,-18.698103,-18.684935,-18.672247,-18.660054,-18.648372,-18.637215,-18.626598,-18.616537,-18.607046,-18.598141,-18.589836,-18.582147,-18.575089,-18.568676,-18.562924,-18.557849,-18.553464,-18.549785,-18.546827,-18.544605,-18.543134,-18.542429,-18.542505,-18.543378,-18.545062,-18.547573,-18.550924,-18.555133,-18.560213,-18.566179,-18.573047,-18.580832,-18.589548,-18.599211,-18.609836,-18.621438,-18.634032,-18.647633,-18.662256,-18.677916,-18.694628,-18.712407,-18.731268,-18.751227,-18.772298,-18.794497,-18.817838,-18.842336,-18.868007,-18.894866,-18.922927,-18.952206,-18.982717,-19.014477,-19.047499,-19.0818,-19.117393,-19.154294,-19.192518,-19.232081,-19.272996,-19.31528,-19.358947,-19.404012,-19.450491,-19.498398,-19.547749,-19.598558,-19.650841,-19.704612,-19.759887,-19.816681,-19.875008,-19.934884,-19.996325,-20.059344,-20.123957,-20.190179,-20.258025,-20.327511,-20.39865,-20.471459,-20.545952,-20.622145,-20.700052,-20.779688,-20.861069,-20.944209,-21.031802,-21.122317,-21.214223,-21.301873,-21.38238,-21.452856,-21.512325,-21.559811,-21.594337,-21.614927,-21.620606,-21.610396,-21.584769,-21.544193,-21.483578,-21.400358,-21.29197,-21.155847,-20.996621,-20.820769,-20.634767,-20.444012,-20.250196,-20.049178,-19.84234,-19.627237,-19.417319,-19.22356,-19.052059,-18.906578,-18.784546,-18.684457,-18.59997,-18.530502,-18.474806,-18.432575,-18.404858,-18.39219,-18.399117,-18.419965,-18.452947,-18.49413,-18.536821,-18.575771,-18.612158,-18.647095,-18.681647,-18.71556],"drift":[0.02055674,0.02055678,0.02055685,0.02055695,0.02055709,0.02055727,0.02055748,0.02055772,0.020558,0.02055831,0.02055866,0.02055905,0.02055946,0.02055992,0.02056041,0.02056093,0.02056149,0.02056208,0.02056271,0.02056337,0.02056407,0.0205648,0.02056556,0.02056637,0.0205672,0.02056807,0.02056898,0.02056992,0.0205709,0.02057191,0.02057296,0.02057404,0.02057515,0.0205763,0.02057749,0.02057871,0.02057996,0.02058125,0.02058258,0.02058394,0.02058533,0.02058676,0.02058822,0.02057464,0.020546,0.02050231,0.02044357,0.02036977,0.02028093,0.02017703,0.02005809,0.01992409,0.01977504,0.01961094,0.01943178,0.01923758,0.01902832,0.01880402,0.01856466,0.01831025,0.01804079,0.01775627,0.01745671,0.01714209,0.01681243,0.01646771,0.01610794,0.01573312,0.01534325,0.01493832,0.01451835,0.01408332,0.01363324,0.01316811,0.01268793,0.0121927,0.01168241,0.01115708,0.01061669,0.01006125,0.00949076,0.00890522,0.00830463,0.00768899,0.00705829,0.00641254,0.00575175,0.0050759,0.004385,0.00367904,0.00295804,0.00222198,0.00147088,0.00070472,-7.649e-05,-0.00087275,-0.00168406,-0.00251043,-0.00335184,-0.00420831,-0.00507983,-0.00596639,-0.00686802,-0.00778469,-0.00871641,-0.00966319,-0.01062501,-0.01160189,-0.01259382,-0.0136008,-0.01462283,-0.01565992,-0.01671205,-0.01777924,-0.01886147,-0.01995876,-0.0210711,-0.0221985,-0.02334094,-0.02449843,-0.02567098,-0.02685858,-0.02806123,-0.02927893,-0.03051168,-0.03175948,-0.03302234,-0.03430024,-0.0355932,-0.03690121,-0.03822427,-0.03956238,-0.04091554,-0.04228376,-0.04366702,-0.04506534,-0.04647871,-0.04790713,-0.0493506,-0.05080913,-0.0522827,-0.05377133,-0.055275,-0.05679373,-0.05832751,-0.05987634,-0.06144023,-0.06301916,-0.06461315,-0.06622218,-0.06784627,-0.06948541,-0.0711396,-0.07280885,-0.07449314,-0.07619249,-0.07790688,-0.07963633,-0.08138083,-0.08314038,-0.08759273,-0.09051473,-0.09190636,-0.08765025,-0.08050679,-0.07047598,-0.05946894,-0.04748568,-0.03452618,-0.02059047,-0.00567852,0.01020965,0.02562776,0.04057579,0.06061498,0.08321929,0.10838872,0.13612326,0.15922544,0.17585189,0.18600262,0.19075472,0.19381599,0.20101752,0.20683855,0.21510269,0.20991847,0.19375841,0.17150096,0.14548159,0.12203145,0.10008889,0.08448708,0.06946846,0.0556955,0.04223144,0.02771666,0.01266842,-0.00692709,-0.02084856,-0.03298151,-0.04118258,-0.04269127,-0.03894974,-0.03638735,-0.03493737,-0.03455211,-0.03391265,-0.03391265],"instab":[null,null,null,null,null,null,null,null,null,null,null,null,null,null,null,null,null,null,null,null,null,null,null,null,null,null,null,null,null,null,null,null,null,null,null,null,null,null,null,null,null,null,null,null,null,null,null,null,null,null,null,null,null,null,null,null,null,null,null,null,null,null,null,null,null,null,null,null,null,null,null,null,null,null,null,null,null,null,null,null,null,null,null,null,null,null,null,null,null,null,null,null,null,null,null,null,null,null,null,null,null,null,null,null,null,null,null,null,null,null,null,null,null,null,null,null,null,null,null,null,null,null,null,null,null,null,null,null,null,null,null,null,null,null,null,null,null,null,null,null,null,null,null,null,null,null,null,null,null,null,null,null,null,null,null,null,null,null,null,null,null,null,null,null,null,23.259308,23.259308,23.259308,23.259308,23.259308,23.259308,21.187711,21.187711,19.571429,18.324426,18.324426,18.324426,17.284121,16.381431,0.441057,0.487492,0.48682,0.482445,0.455932,0.434656,0.586299,0.579681,0.567315,0.545294,0.5258,0.535742,0.534373,0.572743,0.555764,0.55637,0.544986,0.530426,0.539059,0.550346,0.558141,0.530106,0.507931,0.494337,0.500831,0.489418,0.435076,0.398855,0.358984,0.354321],