{"word":"cilazapril","years":[1800,1801,1802,1803,1804,1805,1806,1807,1808,1809,1810,1811,1812,1813,1814,1815,1816,1817,1818,1819,1820,1821,1822,1823,1824,1825,1826,1827,1828,1829,1830,1831,1832,1833,1834,1835,1836,1837,1838,1839,1840,1841,1842,1843,1844,1845,1846,1847,1848,1849,1850,1851,1852,1853,1854,1855,1856,1857,1858,1859,1860,1861,1862,1863,1864,1865,1866,1867,1868,1869,1870,1871,1872,1873,1874,1875,1876,1877,1878,1879,1880,1881,1882,1883,1884,1885,1886,1887,1888,1889,1890,1891,1892,1893,1894,1895,1896,1897,1898,1899,1900,1901,1902,1903,1904,1905,1906,1907,1908,1909,1910,1911,1912,1913,1914,1915,1916,1917,1918,1919,1920,1921,1922,1923,1924,1925,1926,1927,1928,1929,1930,1931,1932,1933,1934,1935,1936,1937,1938,1939,1940,1941,1942,1943,1944,1945,1946,1947,1948,1949,1950,1951,1952,1953,1954,1955,1956,1957,1958,1959,1960,1961,1962,1963,1964,1965,1966,1967,1968,1969,1970,1971,1972,1973,1974,1975,1976,1977,1978,1979,1980,1981,1982,1983,1984,1985,1986,1987,1988,1989,1990,1991,1992,1993,1994,1995,1996,1997,1998,1999,2000,2001,2002,2003,2004,2005,2006,2007,2008],"level":[-95.310232,-94.913795,-94.517357,-94.120917,-93.724473,-93.328025,-92.931572,-92.535112,-92.138644,-91.742167,-91.34568,-90.949182,-90.552672,-90.156149,-89.759611,-89.363057,-88.966487,-88.569899,-88.173293,-87.776666,-87.380018,-86.983348,-86.586654,-86.189937,-85.793193,-85.396423,-84.999625,-84.602798,-84.205942,-83.809054,-83.412134,-83.01518,-82.618193,-82.221169,-81.824109,-81.427011,-81.029875,-80.632698,-80.23548,-79.83822,-79.440917,-79.043569,-78.646176,-78.248736,-77.851248,-77.453712,-77.056125,-76.658488,-76.260798,-75.863055,-75.465257,-75.067404,-74.669494,-74.271526,-73.8735,-73.475414,-73.077266,-72.679056,-72.280783,-71.882446,-71.484043,-71.085573,-70.687036,-70.28843,-69.889753,-69.491006,-69.092187,-68.693294,-68.294326,-67.895284,-67.496164,-67.096967,-66.697691,-66.298335,-65.898898,-65.499379,-65.099776,-64.700089,-64.300316,-63.900457,-63.50051,-63.100474,-62.700349,-62.300132,-61.899823,-61.49942,-61.098924,-60.698331,-60.297642,-59.896856,-59.49597,-59.094985,-58.693898,-58.292709,-57.891417,-57.490021,-57.088519,-56.68691,-56.285194,-55.883368,-55.481433,-55.079387,-54.677228,-54.274957,-53.87257,-53.470069,-53.06745,-52.664714,-52.26186,-51.858885,-51.455789,-51.052571,-50.649229,-50.245763,-49.842172,-49.438454,-49.034608,-48.630634,-48.226529,-47.822294,-47.417926,-47.013425,-46.60879,-46.204019,-45.799111,-45.394066,-44.988882,-44.583558,-44.178093,-43.772485,-43.366735,-42.96084,-42.554799,-42.148612,-41.742277,-41.335794,-40.92916,-40.522375,-40.115438,-39.708348,-39.301104,-38.893704,-38.486147,-38.078433,-37.670559,-37.262526,-36.854332,-36.445976,-36.037456,-35.628772,-35.219922,-34.810906,-34.401722,-33.99237,-33.582847,-33.173153,-32.763287,-32.353248,-31.943035,-31.532646,-31.12208,-30.711337,-30.300415,-29.889312,-29.478029,-29.066564,-28.654915,-28.243082,-27.831064,-27.418859,-27.006466,-26.593884,-26.181113,-25.76815,-25.354996,-24.941648,-24.528105,-24.114367,-23.700433,-23.286301,-22.87197,-22.457439,-22.042707,-21.627773,-21.212635,-20.797294,-20.315378,-19.859795,-19.583614,-19.302564,-19.022281,-18.731042,-18.376585,-18.131504,-18.007275,-18.057019,-18.150368,-18.287294,-18.432999,-18.521892,-18.582318,-18.667916,-18.770822,-18.871087,-18.948907,-19.044986,-19.163485,-19.23452,-19.286074],"drift":[0.39643955,0.39644066,0.39644289,0.39644623,0.39645067,0.39645623,0.3964629,0.39647068,0.39647957,0.39648957,0.39650068,0.39651291,0.39652624,0.39654068,0.39655624,0.3965729,0.39659068,0.39660956,0.39662956,0.39665067,0.39667289,0.39669622,0.39672066,0.39674621,0.39677287,0.39680064,0.39682953,0.39685952,0.39689062,0.39692284,0.39695616,0.3969906,0.39702615,0.3970628,0.39710057,0.39713945,0.39717944,0.39722054,0.39726275,0.39730608,0.39735051,0.39739605,0.39744271,0.39749047,0.39753935,0.39758933,0.39764043,0.39769264,0.39774596,0.39780038,0.39785592,0.39791257,0.39797034,0.39802921,0.39808919,0.39815028,0.39821249,0.3982758,0.39834023,0.39840576,0.39847241,0.39854017,0.39860904,0.39867901,0.3987501,0.3988223,0.39889561,0.39897004,0.39904557,0.39912221,0.39919997,0.39927883,0.39935881,0.39943989,0.39952209,0.39960539,0.39968981,0.39977534,0.39986198,0.39994973,0.40003859,0.40012856,0.40021965,0.40031184,0.40040514,0.40049956,0.40059508,0.40069172,0.40078946,0.40088832,0.40098829,0.40108937,0.40119156,0.40129485,0.40139927,0.40150479,0.40161142,0.40171916,0.40182801,0.40193798,0.40204905,0.40216124,0.40227454,0.40238894,0.40250446,0.40262109,0.40273883,0.40285768,0.40297764,0.40309871,0.40322089,0.40334418,0.40346859,0.4035941,0.40372072,0.40384846,0.40397731,0.40410726,0.40423833,0.40437051,0.4045038,0.4046382,0.40477371,0.40491033,0.40504806,0.4051869,0.40532685,0.40546792,0.40561009,0.40575338,0.40589777,0.40604328,0.4061899,0.40633762,0.40648646,0.40663641,0.40678747,0.40693964,0.40709292,0.40724732,0.40740282,0.40755943,0.40771716,0.40787599,0.40803594,0.40819699,0.40835916,0.40852244,0.40868683,0.40885233,0.40901894,0.40918666,0.40935549,0.40952543,0.40969648,0.40986865,0.41004192,0.41021631,0.4103918,0.41056841,0.41074612,0.41092495,0.41110489,0.41128594,0.4114681,0.41165137,0.41183575,0.41202124,0.41220784,0.41239556,0.41258438,0.41277432,0.41296536,0.41315752,0.41335078,0.41354516,0.41374065,0.41393725,0.41413496,0.41433378,0.41453371,0.41473475,0.4149369,0.41514017,0.41534454,0.41555002,0.38922063,0.3363564,0.30755339,0.28934765,0.27476613,0.25359826,0.19210215,0.10942229,0.02082225,-0.03956222,-0.07843992,-0.09393201,-0.08872278,-0.08344568,-0.08737299,-0.09201,-0.09229016,-0.08938149,-0.09109575,-0.0908173,-0.07947048,-0.07149651,-0.07149651],"instab":[null,null,null,null,null,null,null,null,null,null,null,null,null,null,null,null,null,null,null,null,null,null,null,null,null,null,null,null,null,null,null,null,null,null,null,null,null,null,null,null,null,null,null,null,null,null,null,null,null,null,null,null,null,null,null,null,null,null,null,null,null,null,null,null,null,null,null,null,null,null,null,null,null,null,null,null,null,null,null,null,null,null,null,null,null,null,null,null,null,null,null,null,null,null,null,null,null,null,null,null,null,null,null,null,null,null,null,null,null,null,null,null,null,null,null,null,null,null,null,null,null,null,null,null,null,null,null,null,null,null,null,null,null,null,null,null,null,null,null,null,null,null,null,null,null,null,null,null,null,null,null,null,null,null,null,null,null,null,null,null,null,null,null,null,null,null,null,null,null,null,null,null,null,null,null,null,null,null,null,null,null,null,null,null,null,null,null,null,null,null,9.739371,8.838266,8.298472,7.785876,7.359255,6.945778,6.604607,6.309359,6.046928,5.828904,5.648173,5.475614,5.31317,5.162662,5.032746,1.222513,1.193258,0.878548,0.661421],