{"word":"cinema","years":[1800,1801,1802,1803,1804,1805,1806,1807,1808,1809,1810,1811,1812,1813,1814,1815,1816,1817,1818,1819,1820,1821,1822,1823,1824,1825,1826,1827,1828,1829,1830,1831,1832,1833,1834,1835,1836,1837,1838,1839,1840,1841,1842,1843,1844,1845,1846,1847,1848,1849,1850,1851,1852,1853,1854,1855,1856,1857,1858,1859,1860,1861,1862,1863,1864,1865,1866,1867,1868,1869,1870,1871,1872,1873,1874,1875,1876,1877,1878,1879,1880,1881,1882,1883,1884,1885,1886,1887,1888,1889,1890,1891,1892,1893,1894,1895,1896,1897,1898,1899,1900,1901,1902,1903,1904,1905,1906,1907,1908,1909,1910,1911,1912,1913,1914,1915,1916,1917,1918,1919,1920,1921,1922,1923,1924,1925,1926,1927,1928,1929,1930,1931,1932,1933,1934,1935,1936,1937,1938,1939,1940,1941,1942,1943,1944,1945,1946,1947,1948,1949,1950,1951,1952,1953,1954,1955,1956,1957,1958,1959,1960,1961,1962,1963,1964,1965,1966,1967,1968,1969,1970,1971,1972,1973,1974,1975,1976,1977,1978,1979,1980,1981,1982,1983,1984,1985,1986,1987,1988,1989,1990,1991,1992,1993,1994,1995,1996,1997,1998,1999,2000,2001,2002,2003,2004,2005,2006,2007,2008],"level":[-18.805172,-18.855813,-18.879141,-18.886867,-19.006785,-19.106766,-19.193541,-19.271761,-19.340345,-19.403994,-19.462817,-19.513961,-19.548146,-19.570495,-19.597634,-19.619216,-19.643318,-19.669221,-19.688956,-19.694712,-19.700445,-19.683204,-19.662003,-19.602229,-19.596395,-19.536748,-19.416718,-19.523988,-19.58925,-19.610997,-19.585065,-19.497129,-19.439804,-19.591576,-19.690702,-19.746944,-19.884548,-19.977461,-20.039284,-20.069632,-20.059007,-20.00491,-19.911245,-19.780397,-19.804049,-19.768006,-19.82447,-19.977227,-20.07863,-20.132091,-20.23185,-20.288596,-20.392518,-20.456788,-20.476841,-20.446864,-20.374927,-20.249909,-20.208183,-20.250871,-20.331799,-20.362781,-20.368651,-20.362705,-20.340174,-20.2858,-20.194096,-20.05143,-20.03484,-20.138665,-20.186185,-20.27348,-20.313826,-20.400467,-20.445838,-20.446017,-20.491357,-20.489669,-20.44193,-20.532109,-20.580746,-20.576116,-20.608425,-20.584442,-20.626239,-20.607191,-20.527869,-20.487023,-20.47315,-20.394016,-20.338065,-20.206761,-19.983644,-19.888588,-19.762475,-19.800939,-19.702878,-19.654087,-19.614006,-19.544715,-19.496844,-19.559501,-19.573037,-19.49291,-19.314827,-19.123805,-19.047355,-18.949797,-18.770059,-18.544313,-18.232068,-17.834944,-17.453756,-17.014424,-16.605566,-16.256043,-15.923928,-15.628978,-15.367662,-15.129601,-14.908373,-14.723664,-14.556276,-14.410349,-14.272158,-14.137013,-13.996329,-13.870147,-13.750274,-13.640401,-13.54927,-13.484877,-13.435776,-13.405604,-13.384096,-13.384956,-13.410266,-13.446817,-13.503153,-13.577184,-13.653123,-13.723815,-13.795469,-13.848985,-13.886463,-13.915526,-13.940822,-13.963271,-13.990302,-14.020359,-14.039312,-14.055491,-14.060392,-14.055843,-14.05075,-14.043386,-14.042507,-14.041665,-14.023941,-13.991428,-13.958637,-13.929093,-13.896617,-13.871066,-13.840709,-13.795443,-13.733414,-13.676115,-13.639222,-13.595215,-13.543778,-13.506386,-13.464937,-13.436064,-13.410657,-13.381822,-13.361265,-13.367643,-13.350243,-13.331326,-13.314872,-13.306066,-13.296409,-13.283668,-13.274103,-13.263897,-13.262062,-13.257587,-13.252493,-13.24716,-13.231103,-13.209767,-13.176045,-13.145195,-13.102604,-13.05757,-13.01145,-12.963385,-12.915189,-12.861662,-12.806257,-12.761028,-12.70897,-12.658737,-12.606551,-12.553186,-12.496853,-12.442032,-12.393981],"drift":[-0.04757708,-0.04753859,-0.04780431,-0.04857364,-0.04844648,-0.04767177,-0.04640572,-0.0447399,-0.04277448,-0.04054676,-0.03808938,-0.03546797,-0.03286268,-0.0303895,-0.02795716,-0.02560493,-0.02327158,-0.02090517,-0.01855346,-0.01636255,-0.01430522,-0.01264427,-0.01140861,-0.01106738,-0.01093853,-0.01169662,-0.01410991,-0.01535262,-0.01596817,-0.01651112,-0.01758739,-0.0199896,-0.02336332,-0.02512352,-0.02595384,-0.02640358,-0.02545604,-0.02366086,-0.02138616,-0.01899885,-0.01698377,-0.01586186,-0.01611621,-0.01821723,-0.02024996,-0.02299004,-0.0253095,-0.02602753,-0.02579842,-0.02522173,-0.02370844,-0.02178002,-0.01881944,-0.01528775,-0.01169619,-0.00862828,-0.0065727,-0.00617062,-0.00637038,-0.0061138,-0.00491714,-0.00339297,-0.00183767,-0.00038018,0.00078943,0.00128571,0.00064585,-0.00177855,-0.00443377,-0.00584008,-0.00672266,-0.00659282,-0.00603886,-0.00447209,-0.00239141,-0.00033853,0.00227981,0.00490559,0.00699315,0.01030171,0.01435088,0.01852219,0.02333221,0.02813406,0.03381464,0.03968076,0.04504877,0.05046958,0.05635026,0.06194464,0.06761434,0.07248375,0.07546038,0.07819079,0.08031902,0.08393982,0.08738317,0.09131146,0.09588348,0.10078965,0.10636077,0.11405567,0.12335382,0.13319514,0.14247241,0.15113964,0.16074537,0.17114509,0.18143683,0.19117181,0.19938544,0.20511441,0.20863093,0.20924858,0.20735805,0.20368115,0.19839043,0.19188638,0.18450992,0.17646057,0.16784869,0.15902496,0.15009614,0.14121971,0.13238133,0.12350822,0.1144193,0.10518257,0.09576126,0.08616262,0.07650155,0.06699263,0.05770852,0.04877043,0.0401749,0.03209499,0.0247364,0.01814792,0.01249537,0.00793005,0.00441859,0.00185093,0.00020689,-0.0007621,-0.00126974,-0.00142813,-0.00128663,-0.0008792,-0.00014317,0.00096875,0.00233099,0.00392582,0.00563156,0.00735091,0.00909862,0.01086814,0.01276316,0.01480799,0.01681617,0.01862712,0.02026009,0.02177641,0.02315828,0.02451008,0.02578841,0.026822,0.0274132,0.02762886,0.02772811,0.02762283,0.02721829,0.02668593,0.02596805,0.02521369,0.02445689,0.02364508,0.02287207,0.02246659,0.02212479,0.02182329,0.02158927,0.02151586,0.02159147,0.02177829,0.02211857,0.02260855,0.02335955,0.02434785,0.02557807,0.02706269,0.0286856,0.03040086,0.03207439,0.0337633,0.03534128,0.03679747,0.03813652,0.03935082,0.04045398,0.04139287,0.04215568,0.04287988,0.04348876,0.04401289,0.04443431,0.04474352,0.04490709,0.04494611,0.04494611],"instab":[null,null,null,null,8.516078,7.716244,7.128672,6.664176,6.286398,5.967377,5.691933,5.449268,5.238629,5.056262,4.887531,4.736566,4.597908,4.468864,4.34914,4.241386,0.599445,0.59286,0.583341,0.48617,0.350925,0.325032,0.805704,0.854219,0.88277,0.898854,0.910599,0.926182,1.102105,1.165,1.192374,1.201941,1.233972,1.244896,1.250197,1.253121,1.254128,1.252771,1.252845,1.362856,1.371601,1.395854,1.186461,1.201312,1.207285,1.202445,1.212087,1.201596,1.016425,0.97839,0.961806,0.938116,0.910725,0.991048,1.022406,1.015387,1.041663,1.04678,1.047223,0.864161,0.84499,0.785301,0.752264,0.862726,0.881397,0.936,0.910648,0.939817,0.921791,0.934097,0.942016,0.949585,0.965752,0.886177,0.954881,0.973046,0.964497,0.971088,0.984901,1.012479,1.030476,1.036769,1.058557,0.939621,0.883465,0.858157,0.86641,0.845311,1.02399,1.002431,1.106929,1.219869,1.216632,1.208898,1.136524,1.115447,1.123861,1.162128,1.197011,1.198312,1.186301,1.257081,1.247868,1.262693,1.24931,1.245561,1.233589,1.267045,1.146046,1.197464,1.146172,1.016835,1.018695,1.019209,1.003438,1.005385,0.981046,0.924612,0.83779,0.797727,0.821145,0.744024,0.743365,0.710888,0.719471,0.713912,0.718672,0.66407,0.671172,0.579658,0.42499,0.374814,0.300703,0.236987,0.205637,0.204768,0.172459,0.167527,0.172041,0.174049,0.175209,0.18033,0.181516,0.197905,0.208524,0.205136,0.208744,0.214498,0.224248,0.24152,0.255908,0.276447,0.278361,0.275941,0.272805,0.263585,0.245611,0.231341,0.192481,0.155488,0.139043,0.131714,0.141927,0.168259,0.166982,0.153375,0.158567,0.150684,0.14843,0.149201,0.153515,0.15251,0.157982,0.194218,0.194275,0.193494,0.190889,0.193326,0.192041,0.192193,0.191518,0.190781,0.184298,0.158134,0.158369,0.162452,0.146474,0.147335,0.14265,0.142026,0.145243,0.14666,0.13228,0.090638,0.090557,0.093573,0.107676,0.105843,0.104536,0.104499,0.102896,0.102649,0.098276,0.097828,0.095148],