{"word":"cineraceus","years":[1800,1801,1802,1803,1804,1805,1806,1807,1808,1809,1810,1811,1812,1813,1814,1815,1816,1817,1818,1819,1820,1821,1822,1823,1824,1825,1826,1827,1828,1829,1830,1831,1832,1833,1834,1835,1836,1837,1838,1839,1840,1841,1842,1843,1844,1845,1846,1847,1848,1849,1850,1851,1852,1853,1854,1855,1856,1857,1858,1859,1860,1861,1862,1863,1864,1865,1866,1867,1868,1869,1870,1871,1872,1873,1874,1875,1876,1877,1878,1879,1880,1881,1882,1883,1884,1885,1886,1887,1888,1889,1890,1891,1892,1893,1894,1895,1896,1897,1898,1899,1900,1901,1902,1903,1904,1905,1906,1907,1908,1909,1910,1911,1912,1913,1914,1915,1916,1917,1918,1919,1920,1921,1922,1923,1924,1925,1926,1927,1928,1929,1930,1931,1932,1933,1934,1935,1936,1937,1938,1939,1940,1941,1942,1943,1944,1945,1946,1947,1948,1949,1950,1951,1952,1953,1954,1955,1956,1957,1958,1959,1960,1961,1962,1963,1964,1965,1966,1967,1968,1969,1970,1971,1972,1973,1974,1975,1976,1977,1978,1979,1980,1981,1982,1983,1984,1985,1986,1987,1988,1989,1990,1991,1992,1993,1994,1995,1996,1997,1998,1999,2000,2001,2002,2003,2004,2005,2006,2007,2008],"level":[-17.639161,-17.650911,-17.662662,-17.679943,-17.69722,-17.714491,-17.731751,-17.748997,-17.766226,-17.783434,-17.800617,-17.817773,-17.834898,-17.851987,-17.869039,-17.886049,-17.903013,-17.919929,-17.936793,-17.953601,-17.97035,-17.987037,-18.003658,-18.020209,-18.036687,-18.045332,-18.049572,-18.05132,-18.053003,-18.047839,-18.038883,-18.021436,-18.017553,-18.016931,-18.02131,-18.025689,-18.027197,-18.040083,-18.050566,-18.064509,-18.07655,-18.088595,-18.100644,-18.112696,-18.131041,-18.147848,-18.167864,-18.181833,-18.186516,-18.190706,-18.204808,-18.216592,-18.223928,-18.237025,-18.238828,-18.242995,-18.247162,-18.251969,-18.256783,-18.255042,-18.251686,-18.246471,-18.243447,-18.247802,-18.251506,-18.254843,-18.256295,-18.266549,-18.274792,-18.28211,-18.28959,-18.309297,-18.324992,-18.344399,-18.359742,-18.378216,-18.399868,-18.422135,-18.441685,-18.451368,-18.464609,-18.479532,-18.486844,-18.494187,-18.504688,-18.518257,-18.535725,-18.553237,-18.56354,-18.569118,-18.5773,-18.587929,-18.587617,-18.585962,-18.586473,-18.586929,-18.595547,-18.604749,-18.610901,-18.62124,-18.630453,-18.643833,-18.658654,-18.674295,-18.699928,-18.715486,-18.731405,-18.747558,-18.765755,-18.784323,-18.799554,-18.812345,-18.816112,-18.817175,-18.825767,-18.834154,-18.84261,-18.851137,-18.84829,-18.838544,-18.82979,-18.821149,-18.813709,-18.801148,-18.801765,-18.801733,-18.790509,-18.780564,-18.774079,-18.764753,-18.754054,-18.746511,-18.742939,-18.741152,-18.745117,-18.749382,-18.751048,-18.759429,-18.782519,-18.809435,-18.833643,-18.850188,-18.867045,-18.890948,-18.915083,-18.939525,-18.965423,-18.996243,-19.030665,-19.069474,-19.106615,-19.135632,-19.173166,-19.209817,-19.252055,-19.283499,-19.313095,-19.346539,-19.372285,-19.394543,-19.425842,-19.455411,-19.498771,-19.532906,-19.561835,-19.596434,-19.626894,-19.651675,-19.679235,-19.704113,-19.727405,-19.751142,-19.777163,-19.804414,-19.839754,-19.88009,-19.920585,-19.964683,-20.015175,-20.061043,-20.107025,-20.144503,-20.18228,-20.230113,-20.282516,-20.335966,-20.388951,-20.436091,-20.481869,-20.530296,-20.570617,-20.611136,-20.653087,-20.683151,-20.710732,-20.738589,-20.767483,-20.791995,-20.818048,-20.849467,-20.883835,-20.908789,-20.9321,-20.955603,-20.972935,-20.981931,-20.994464,-21.011887,-21.033626],"drift":[-0.01175019,-0.01175019,-0.01175019,-0.01174671,-0.01173976,-0.01172933,-0.01171543,-0.01169805,-0.01167719,-0.01165286,-0.01162505,-0.01159377,-0.01155901,-0.01152078,-0.01147907,-0.01143388,-0.01138522,-0.01133308,-0.01127747,-0.01121838,-0.01115582,-0.01108977,-0.01102026,-0.01094727,-0.0108708,-0.01079573,-0.01072478,-0.01065947,-0.0105998,-0.01055004,-0.01051254,-0.01049261,-0.01048171,-0.0104778,-0.01047771,-0.01048146,-0.01049085,-0.01049873,-0.01050662,-0.01051235,-0.01051713,-0.01052094,-0.01052379,-0.01052568,-0.01052266,-0.01051568,-0.01050274,-0.01048762,-0.01047615,-0.01046862,-0.01045882,-0.01044818,-0.01043949,-0.01042914,-0.01042421,-0.01042321,-0.01042614,-0.0104326,-0.0104426,-0.01046025,-0.01048658,-0.01052278,-0.0105675,-0.01061612,-0.01066908,-0.01072665,-0.01079005,-0.01085379,-0.01091917,-0.01098681,-0.01105666,-0.01112106,-0.0111826,-0.01123896,-0.01129275,-0.01134202,-0.01138482,-0.01142077,-0.01145162,-0.01148357,-0.01151443,-0.01154314,-0.01157451,-0.01160854,-0.01164326,-0.01167678,-0.01170665,-0.01173288,-0.01176,-0.01179101,-0.01182429,-0.01185832,-0.0119,-0.0119502,-0.01200758,-0.01207223,-0.01213905,-0.01220771,-0.01228018,-0.01235387,-0.01242953,-0.01250459,-0.0125782,-0.01264989,-0.01271341,-0.01277515,-0.01283491,-0.01289259,-0.01294693,-0.01299774,-0.01304715,-0.01309671,-0.01315214,-0.01321517,-0.01328111,-0.01335012,-0.0134222,-0.01349736,-0.0135828,-0.01368289,-0.01379709,-0.01392538,-0.01406711,-0.01422557,-0.01439258,-0.01456865,-0.01476094,-0.01496875,-0.01519005,-0.01542675,-0.01567987,-0.01594758,-0.01622757,-0.01651887,-0.01681807,-0.01712515,-0.01744195,-0.01776444,-0.01808359,-0.01839718,-0.01870713,-0.01901843,-0.01933109,-0.01964088,-0.01994784,-0.02025198,-0.02055257,-0.02084671,-0.02113231,-0.02140681,-0.02167142,-0.02193141,-0.0221816,-0.02242269,-0.02265133,-0.02287445,-0.02309334,-0.02330572,-0.02351657,-0.02372822,-0.0239351,-0.02413845,-0.02432971,-0.02451481,-0.02469714,-0.02487324,-0.02504584,-0.0252186,-0.02538989,-0.0255615,-0.02573454,-0.02590883,-0.02608305,-0.02625654,-0.02642432,-0.02658335,-0.02673365,-0.02687303,-0.02699757,-0.02711024,-0.02721106,-0.02730543,-0.02739321,-0.02746815,-0.02752742,-0.0275704,-0.0275974,-0.02761213,-0.02761543,-0.02760566,-0.0275879,-0.02756201,-0.02752708,-0.02749055,-0.02745396,-0.02741713,-0.02737936,-0.0273434,-0.02730825,-0.02727051,-0.02722832,-0.02718755,-0.02714922,-0.02711318,-0.02708329,-0.02706476,-0.02705537,-0.02705203,-0.02705203],"instab":[null,null,null,null,null,null,null,null,null,null,null,null,null,null,null,null,null,null,null,null,null,null,null,null,null,null,null,null,null,65.206644,59.578696,54.993893,51.429235,48.475231,48.475231,46.024603,43.84831,42.015976,40.372933,38.927219,38.927219,38.927219,38.927219,37.603032,0.968535,0.97095,1.058072,1.116836,1.113926,1.158885,1.165265,0.942205,0.937298,0.999882,0.978069,1.008713,0.879586,0.905631,0.910483,0.909702,0.879679,0.870455,0.904202,0.879848,0.87324,0.870751,0.888602,0.817204,0.820146,0.7358,0.826912,0.835777,0.817304,0.725423,0.721157,0.70134,0.704568,0.706727,0.777037,0.782974,0.78293,0.822866,0.787624,0.797623,0.80422,0.810501,0.743588,0.784036,0.795528,0.80567,0.685259,0.745486,0.733293,0.738086,0.732611,0.802194,0.803516,0.79836,0.728135,0.719816,0.731926,0.673868,0.656004,0.70787,0.810821,0.802926,0.802599,0.756864,0.738111,0.748216,0.749966,0.724248,0.72695,0.770471,0.770042,0.727261,0.747567,0.827325,0.816665,0.832776,0.836546,0.850976,0.851332,0.976981,0.892324,0.956369,0.968491,0.989469,0.989954,0.980724,0.991393,0.941616,0.936417,0.918207,0.947144,0.926832,0.92137,0.90249,0.857847,0.903656,0.969463,0.996065,0.986949,0.872995,0.898683,0.793175,0.791858,0.782981,0.774753,0.812033,0.915159,0.922389,0.932574,0.910156,1.005223,1.009234,0.976293,0.853448,0.844397,0.914644,0.87363,0.962587,1.001879,1.016896,1.01104,1.019302,1.01848,1.02345,1.0161,1.01287,0.97201,0.93924,0.941332,0.975366,0.894236,0.913164,0.910369,0.865395,0.891717,0.8658,0.93448,0.802042,0.785229,0.756143,0.73923,0.723278,0.745839,0.745625,0.740892,0.808608,0.807571,0.802084,0.893618,0.829448,0.810665,0.798723,0.789428,0.776113,0.805015,0.799373,0.782112,0.782347,0.709705,0.70329,0.716862,0.76657,0.785641,0.814066,0.844198],