{"word":"claymation","years":[1800,1801,1802,1803,1804,1805,1806,1807,1808,1809,1810,1811,1812,1813,1814,1815,1816,1817,1818,1819,1820,1821,1822,1823,1824,1825,1826,1827,1828,1829,1830,1831,1832,1833,1834,1835,1836,1837,1838,1839,1840,1841,1842,1843,1844,1845,1846,1847,1848,1849,1850,1851,1852,1853,1854,1855,1856,1857,1858,1859,1860,1861,1862,1863,1864,1865,1866,1867,1868,1869,1870,1871,1872,1873,1874,1875,1876,1877,1878,1879,1880,1881,1882,1883,1884,1885,1886,1887,1888,1889,1890,1891,1892,1893,1894,1895,1896,1897,1898,1899,1900,1901,1902,1903,1904,1905,1906,1907,1908,1909,1910,1911,1912,1913,1914,1915,1916,1917,1918,1919,1920,1921,1922,1923,1924,1925,1926,1927,1928,1929,1930,1931,1932,1933,1934,1935,1936,1937,1938,1939,1940,1941,1942,1943,1944,1945,1946,1947,1948,1949,1950,1951,1952,1953,1954,1955,1956,1957,1958,1959,1960,1961,1962,1963,1964,1965,1966,1967,1968,1969,1970,1971,1972,1973,1974,1975,1976,1977,1978,1979,1980,1981,1982,1983,1984,1985,1986,1987,1988,1989,1990,1991,1992,1993,1994,1995,1996,1997,1998,1999,2000,2001,2002,2003,2004,2005,2006,2007,2008],"level":[-49.77915,-49.624357,-49.469564,-49.314771,-49.159977,-49.005183,-48.850389,-48.695594,-48.540799,-48.386004,-48.231207,-48.076411,-47.921613,-47.766815,-47.612016,-47.457216,-47.302415,-47.147613,-46.99281,-46.838006,-46.6832,-46.528393,-46.373585,-46.218776,-46.063965,-45.909152,-45.754338,-45.599522,-45.444705,-45.289885,-45.135064,-44.980241,-44.825416,-44.670589,-44.515759,-44.360928,-44.206094,-44.051258,-43.89642,-43.741579,-43.586735,-43.431889,-43.277041,-43.122189,-42.967335,-42.812478,-42.657619,-42.502756,-42.34789,-42.193021,-42.038149,-41.883274,-41.728395,-41.573514,-41.418628,-41.26374,-41.108847,-40.953951,-40.799052,-40.644148,-40.489241,-40.33433,-40.179416,-40.024497,-39.869574,-39.714647,-39.559716,-39.40478,-39.24984,-39.094896,-38.939948,-38.784995,-38.630037,-38.475075,-38.320108,-38.165136,-38.01016,-37.855178,-37.700192,-37.5452,-37.390204,-37.235202,-37.080195,-36.925183,-36.770166,-36.615143,-36.460115,-36.305081,-36.150041,-35.994996,-35.839946,-35.684889,-35.529826,-35.374758,-35.219684,-35.064603,-34.909517,-34.754424,-34.599325,-34.44422,-34.289108,-34.13399,-33.978866,-33.823735,-33.668597,-33.513453,-33.358301,-33.203144,-33.047979,-32.892807,-32.737628,-32.582442,-32.427249,-32.272049,-32.116841,-31.961627,-31.806404,-31.651175,-31.495938,-31.340693,-31.18544,-31.03018,-30.874912,-30.719636,-30.564353,-30.409061,-30.253761,-30.098453,-29.943137,-29.787813,-29.632481,-29.47714,-29.321791,-29.166433,-29.011066,-28.855691,-28.700308,-28.544915,-28.389514,-28.234104,-28.078685,-27.923257,-27.76782,-27.612374,-27.456918,-27.301454,-27.14598,-26.990496,-26.835003,-26.679501,-26.523989,-26.368468,-26.212936,-26.057395,-25.901844,-25.746283,-25.590713,-25.435132,-25.279541,-25.12394,-24.968328,-24.812707,-24.657075,-24.501433,-24.34578,-24.190116,-24.034442,-23.878758,-23.723062,-23.567356,-23.411639,-23.255911,-23.100172,-22.944422,-22.78866,-22.632888,-22.477104,-22.321309,-22.165503,-22.009685,-21.853856,-21.805768,-21.122651,-21.52777,-21.931806,-21.531941,-21.484676,-20.293467,-19.68706,-19.127134,-18.659825,-18.910862,-18.917597,-19.326379,-18.863216,-18.665004,-19.057491,-18.89544,-18.645511,-18.662154,-18.494511,-18.409128,-18.16379,-18.417875,-18.335032,-18.46181,-18.493965,-18.346978,-18.773666],"drift":[0.15480164,0.15480171,0.15480184,0.15480203,0.15480229,0.15480261,0.154803,0.15480345,0.15480396,0.15480454,0.15480518,0.15480589,0.15480666,0.1548075,0.1548084,0.15480936,0.15481039,0.15481149,0.15481264,0.15481387,0.15481515,0.1548165,0.15481792,0.1548194,0.15482094,0.15482255,0.15482422,0.15482596,0.15482776,0.15482962,0.15483155,0.15483355,0.15483561,0.15483773,0.15483992,0.15484217,0.15484448,0.15484686,0.15484931,0.15485181,0.15485439,0.15485702,0.15485973,0.15486249,0.15486532,0.15486822,0.15487117,0.1548742,0.15487728,0.15488044,0.15488365,0.15488693,0.15489028,0.15489368,0.15489716,0.15490069,0.1549043,0.15490796,0.15491169,0.15491549,0.15491935,0.15492327,0.15492726,0.15493131,0.15493542,0.15493961,0.15494385,0.15494816,0.15495253,0.15495697,0.15496147,0.15496604,0.15497067,0.15497536,0.15498012,0.15498495,0.15498983,0.15499479,0.1549998,0.15500488,0.15501003,0.15501524,0.15502051,0.15502585,0.15503125,0.15503672,0.15504225,0.15504785,0.15505351,0.15505923,0.15506502,0.15507087,0.15507679,0.15508277,0.15508881,0.15509492,0.1551011,0.15510734,0.15511364,0.15512001,0.15512644,0.15513293,0.15513949,0.15514612,0.15515281,0.15515956,0.15516638,0.15517326,0.1551802,0.15518721,0.15519429,0.15520143,0.15520863,0.1552159,0.15522323,0.15523063,0.15523809,0.15524561,0.1552532,0.15526085,0.15526857,0.15527635,0.1552842,0.15529211,0.15530008,0.15530812,0.15531623,0.15532439,0.15533263,0.15534092,0.15534928,0.15535771,0.1553662,0.15537475,0.15538337,0.15539205,0.1554008,0.15540961,0.15541849,0.15542742,0.15543643,0.1554455,0.15545463,0.15546383,0.15547309,0.15548241,0.1554918,0.15550126,0.15551077,0.15552036,0.15553,0.15553972,0.15554949,0.15555933,0.15556924,0.1555792,0.15558924,0.15559933,0.1556095,0.15561972,0.15563001,0.15564037,0.15565078,0.15566127,0.15567181,0.15568243,0.1556931,0.15570384,0.15571465,0.15572552,0.15573645,0.15574745,0.15575851,0.15576963,0.15578083,0.15579208,0.1558034,0.15581478,0.15582623,0.15583774,0.15584932,0.15668516,0.15349429,0.15457629,0.15993116,0.16345075,0.16785905,0.16443969,0.1576397,0.1477626,0.13544127,0.12607613,0.11772687,0.11340492,0.10640764,0.09870815,0.09476584,0.09030885,0.08463092,0.07972765,0.0741519,0.06849025,0.06147587,0.05687524,0.05207599,0.04864479,0.04583164,0.04224474,0.04224474],"instab":[null,null,null,null,null,null,null,null,null,null,null,null,null,null,null,null,null,null,null,null,null,null,null,null,null,null,null,null,null,null,null,null,null,null,null,null,null,null,null,null,null,null,null,null,null,null,null,null,null,null,null,null,null,null,null,null,null,null,null,null,null,null,null,null,null,null,null,null,null,null,null,null,null,null,null,null,null,null,null,null,null,null,null,null,null,null,null,null,null,null,null,null,null,null,null,null,null,null,null,null,null,null,null,null,null,null,null,null,null,null,null,null,null,null,null,null,null,null,null,null,null,null,null,null,null,null,null,null,null,null,null,null,null,null,null,null,null,null,null,null,null,null,null,null,null,null,null,null,null,null,null,null,null,null,null,null,null,null,null,null,null,null,null,null,null,null,null,null,null,null,null,null,null,null,null,null,null,null,null,null,null,null,null,null,null,9.785143,8.929128,8.364519,7.836622,7.392613,7.012977,6.66562,6.372419,6.107308,5.892029,5.692075,5.50226,5.3382,5.189707,5.048913,0.642506,0.641812,0.611463,0.601675,0.462372,0.451415,0.451898,0.337296,0.333398],