{"word":"clearcoats","years":[1800,1801,1802,1803,1804,1805,1806,1807,1808,1809,1810,1811,1812,1813,1814,1815,1816,1817,1818,1819,1820,1821,1822,1823,1824,1825,1826,1827,1828,1829,1830,1831,1832,1833,1834,1835,1836,1837,1838,1839,1840,1841,1842,1843,1844,1845,1846,1847,1848,1849,1850,1851,1852,1853,1854,1855,1856,1857,1858,1859,1860,1861,1862,1863,1864,1865,1866,1867,1868,1869,1870,1871,1872,1873,1874,1875,1876,1877,1878,1879,1880,1881,1882,1883,1884,1885,1886,1887,1888,1889,1890,1891,1892,1893,1894,1895,1896,1897,1898,1899,1900,1901,1902,1903,1904,1905,1906,1907,1908,1909,1910,1911,1912,1913,1914,1915,1916,1917,1918,1919,1920,1921,1922,1923,1924,1925,1926,1927,1928,1929,1930,1931,1932,1933,1934,1935,1936,1937,1938,1939,1940,1941,1942,1943,1944,1945,1946,1947,1948,1949,1950,1951,1952,1953,1954,1955,1956,1957,1958,1959,1960,1961,1962,1963,1964,1965,1966,1967,1968,1969,1970,1971,1972,1973,1974,1975,1976,1977,1978,1979,1980,1981,1982,1983,1984,1985,1986,1987,1988,1989,1990,1991,1992,1993,1994,1995,1996,1997,1998,1999,2000,2001,2002,2003,2004,2005,2006,2007,2008],"level":[-31.29567,-31.232221,-31.168772,-31.105323,-31.041874,-30.978425,-30.914976,-30.851526,-30.788077,-30.724628,-30.661179,-30.59773,-30.534281,-30.470832,-30.407383,-30.343933,-30.280484,-30.217035,-30.153586,-30.090137,-30.026688,-29.963239,-29.89979,-29.83634,-29.772891,-29.709442,-29.645993,-29.582544,-29.519095,-29.455646,-29.392197,-29.328747,-29.265298,-29.201849,-29.1384,-29.074951,-29.011502,-28.948053,-28.884604,-28.821154,-28.757705,-28.694256,-28.630807,-28.567358,-28.503909,-28.44046,-28.377011,-28.313561,-28.250112,-28.186663,-28.123214,-28.059765,-27.996316,-27.932867,-27.869418,-27.805968,-27.742519,-27.67907,-27.615621,-27.552172,-27.488723,-27.425274,-27.361825,-27.298375,-27.234926,-27.171477,-27.108028,-27.044579,-26.98113,-26.917681,-26.854232,-26.790782,-26.727333,-26.663884,-26.600435,-26.536986,-26.473537,-26.410088,-26.346639,-26.283189,-26.21974,-26.156291,-26.092842,-26.029393,-25.965944,-25.902495,-25.839046,-25.775596,-25.712147,-25.648698,-25.585249,-25.5218,-25.458351,-25.394902,-25.331453,-25.268003,-25.204554,-25.141105,-25.077656,-25.014207,-24.950758,-24.887309,-24.82386,-24.76041,-24.696961,-24.633512,-24.570063,-24.506614,-24.443165,-24.379716,-24.316266,-24.252817,-24.189368,-24.125919,-24.06247,-23.999021,-23.935572,-23.872123,-23.808673,-23.745224,-23.681775,-23.618326,-23.554877,-23.491428,-23.427979,-23.36453,-23.30108,-23.237631,-23.174182,-23.110733,-23.047284,-22.983835,-22.920386,-22.856937,-22.793487,-22.730038,-22.666589,-22.60314,-22.539691,-22.476242,-22.412793,-22.349344,-22.285894,-22.222445,-22.158996,-22.095547,-22.032098,-21.968649,-21.9052,-21.841751,-21.778301,-21.714852,-21.651403,-21.587954,-21.524505,-21.461056,-21.397607,-21.334158,-21.270708,-21.207259,-21.14381,-21.080361,-21.016912,-20.953463,-20.890014,-20.826565,-20.763115,-20.699666,-20.636217,-20.572768,-20.509319,-20.44587,-20.382421,-20.318972,-20.255522,-20.192073,-20.128624,-20.065175,-20.001726,-19.938277,-19.874828,-19.811379,-19.747929,-19.68448,-19.621031,-19.557582,-19.494133,-19.430684,-19.877922,-20.325162,-20.909061,-19.912965,-20.227461,-20.223628,-20.51686,-20.534221,-20.019915,-19.868422,-19.662592,-19.670568,-18.967423,-18.312817,-17.813556,-18.142089,-19.669732,-19.95165,-19.26684,-18.814705,-18.093809],"drift":[0.06347048,0.06347048,0.06347048,0.06347048,0.06347048,0.06347048,0.06347048,0.06347048,0.06347048,0.06347048,0.06347048,0.06347048,0.06347048,0.06347048,0.06347048,0.06347048,0.06347048,0.06347048,0.06347048,0.06347048,0.06347048,0.06347048,0.06347048,0.06347048,0.06347048,0.06347048,0.06347048,0.06347048,0.06347048,0.06347048,0.06347048,0.06347048,0.06347048,0.06347048,0.06347048,0.06347048,0.06347048,0.06347048,0.06347048,0.06347048,0.06347048,0.06347048,0.06347048,0.06347048,0.06347048,0.06347048,0.06347048,0.06347048,0.06347048,0.06347048,0.06347048,0.06347048,0.06347048,0.06347048,0.06347048,0.06347048,0.06347048,0.06347048,0.06347048,0.06347048,0.06347048,0.06347048,0.06347048,0.06347048,0.06347048,0.06347048,0.06347048,0.06347048,0.06347048,0.06347048,0.06347048,0.06347048,0.06347048,0.06347048,0.06347048,0.06347048,0.06347048,0.06347048,0.06347048,0.06347048,0.06347048,0.06347048,0.06347048,0.06347048,0.06347048,0.06347048,0.06347048,0.06347048,0.06347048,0.06347048,0.06347048,0.06347048,0.06347048,0.06347048,0.06347048,0.06347048,0.06347048,0.06347048,0.06347048,0.06347048,0.06347048,0.06347048,0.06347048,0.06347048,0.06347048,0.06347048,0.06347048,0.06347048,0.06347048,0.06347048,0.06347048,0.06347048,0.06347048,0.06347048,0.06347048,0.06347048,0.06347048,0.06347048,0.06347048,0.06347048,0.06347048,0.06347048,0.06347048,0.06347048,0.06347048,0.06347048,0.06347048,0.06347048,0.06347048,0.06347048,0.06347048,0.06347048,0.06347048,0.06347048,0.06347048,0.06347048,0.06347048,0.06347048,0.06347048,0.06347048,0.06347048,0.06347048,0.06347048,0.06347048,0.06347048,0.06347048,0.06347048,0.06347048,0.06347048,0.06347048,0.06347048,0.06347048,0.06347048,0.06347048,0.06347048,0.06347048,0.06347048,0.06347048,0.06347048,0.06347048,0.06347048,0.06347048,0.06347048,0.06347048,0.06347048,0.06347048,0.06347048,0.06347048,0.06347048,0.06347048,0.06347048,0.06347048,0.06347048,0.06347048,0.06347048,0.06347048,0.06347048,0.06347048,0.06347048,0.06347048,0.06347048,0.06347048,0.06347048,0.06347048,0.06347048,0.06347048,0.06347048,0.06347048,0.0634705,0.0634705,0.0634705,0.0634705,0.0634705,0.0634705,0.0634705,0.0634705,0.0634705,0.0634705,0.0634705,0.0634705,0.0634705,0.0634705,0.0634705,0.0634705,0.0634705,0.0634705,0.0634705,0.0634705,0.0634705],"instab":[null,null,null,null,null,null,null,null,null,null,null,null,null,null,null,null,null,null,null,null,null,null,null,null,null,null,null,null,null,null,null,null,null,null,null,null,null,null,null,null,null,null,null,null,null,null,null,null,null,null,null,null,null,null,null,null,null,null,null,null,null,null,null,null,null,null,null,null,null,null,null,null,null,null,null,null,null,null,null,null,null,null,null,null,null,null,null,null,null,null,null,null,null,null,null,null,null,null,null,null,null,null,null,null,null,null,null,null,null,null,null,null,null,null,null,null,null,null,null,null,null,null,null,null,null,null,null,null,null,null,null,null,null,null,null,null,null,null,null,null,null,null,null,null,null,null,null,null,null,null,null,null,null,null,null,null,null,null,null,null,null,null,null,null,null,null,null,null,null,null,null,null,null,null,null,null,null,null,null,null,null,null,null,null,null,null,null,null,null,null,null,null,8.844637,8.084696,7.445267,6.95078,6.602487,6.26329,5.977439,5.708399,5.507661,5.323265,5.157898,4.988383,4.857301,4.712302,4.605013,1.254059,1.247663],