{"word":"clericalization","years":[1800,1801,1802,1803,1804,1805,1806,1807,1808,1809,1810,1811,1812,1813,1814,1815,1816,1817,1818,1819,1820,1821,1822,1823,1824,1825,1826,1827,1828,1829,1830,1831,1832,1833,1834,1835,1836,1837,1838,1839,1840,1841,1842,1843,1844,1845,1846,1847,1848,1849,1850,1851,1852,1853,1854,1855,1856,1857,1858,1859,1860,1861,1862,1863,1864,1865,1866,1867,1868,1869,1870,1871,1872,1873,1874,1875,1876,1877,1878,1879,1880,1881,1882,1883,1884,1885,1886,1887,1888,1889,1890,1891,1892,1893,1894,1895,1896,1897,1898,1899,1900,1901,1902,1903,1904,1905,1906,1907,1908,1909,1910,1911,1912,1913,1914,1915,1916,1917,1918,1919,1920,1921,1922,1923,1924,1925,1926,1927,1928,1929,1930,1931,1932,1933,1934,1935,1936,1937,1938,1939,1940,1941,1942,1943,1944,1945,1946,1947,1948,1949,1950,1951,1952,1953,1954,1955,1956,1957,1958,1959,1960,1961,1962,1963,1964,1965,1966,1967,1968,1969,1970,1971,1972,1973,1974,1975,1976,1977,1978,1979,1980,1981,1982,1983,1984,1985,1986,1987,1988,1989,1990,1991,1992,1993,1994,1995,1996,1997,1998,1999,2000,2001,2002,2003,2004,2005,2006,2007,2008],"level":[-18.145806,-18.149049,-18.163835,-18.17862,-18.193406,-18.208191,-18.222976,-18.237762,-18.252547,-18.267332,-18.282118,-18.296903,-18.311688,-18.326473,-18.341257,-18.356042,-18.370827,-18.385611,-18.400396,-18.41518,-18.429964,-18.444748,-18.459532,-18.474316,-18.489099,-18.503883,-18.518666,-18.533449,-18.548232,-18.563014,-18.577797,-18.592579,-18.607361,-18.622142,-18.636924,-18.651705,-18.666486,-18.681267,-18.696047,-18.710827,-18.725607,-18.740387,-18.755166,-18.769945,-18.784723,-18.799502,-18.81428,-18.829057,-18.843835,-18.858611,-18.873388,-18.888164,-18.90294,-18.917715,-18.93249,-18.947265,-18.962039,-18.976813,-18.991586,-19.006359,-19.021131,-19.035903,-19.050675,-19.065446,-19.080216,-19.094986,-19.109756,-19.124525,-19.139294,-19.154062,-19.168829,-19.183596,-19.198363,-19.213129,-19.227895,-19.242659,-19.257424,-19.272188,-19.286951,-19.301713,-19.316476,-19.331237,-19.345998,-19.360758,-19.375518,-19.390276,-19.405035,-19.419792,-19.434549,-19.449306,-19.464062,-19.478817,-19.493571,-19.508325,-19.523077,-19.53783,-19.552581,-19.567332,-19.582083,-19.596833,-19.611582,-19.62633,-19.641077,-19.655824,-19.670569,-19.685314,-19.700058,-19.714802,-19.729545,-19.744286,-19.759028,-19.773768,-19.788507,-19.803246,-19.817983,-19.832719,-19.847455,-19.86219,-19.876924,-19.891657,-19.90639,-19.921122,-19.982133,-20.043143,-20.02857,-20.013996,-19.999422,-19.984846,-19.967048,-19.949248,-19.931317,-19.957351,-19.983384,-20.009416,-20.088226,-20.115791,-20.172977,-20.230163,-20.233427,-20.179056,-20.05899,-19.938923,-19.889344,-19.846673,-19.739473,-19.632273,-19.525072,-19.532747,-19.540422,-19.534484,-19.528544,-19.488413,-19.624163,-19.759912,-19.709823,-19.610852,-19.511881,-19.424358,-19.477376,-19.453482,-19.376888,-19.410493,-19.34387,-19.178343,-19.044626,-18.883394,-18.728356,-18.56614,-18.492577,-18.577928,-18.757326,-18.938686,-19.050568,-19.084714,-19.115407,-19.027152,-19.055526,-19.091928,-18.993402,-18.878481,-18.802547,-18.737934,-18.682814,-18.686672,-18.755222,-18.789674,-18.729505,-18.669141,-18.660384,-18.713586,-18.668744,-18.596559,-18.529533,-18.421906,-18.403914,-18.437668,-18.494739,-18.545642,-18.567365,-18.606712,-18.62146,-18.690642,-18.750915,-18.781659,-18.799487,-18.830907,-18.830853,-18.819556,-18.811154],"drift":[-0.00324318,-0.00324318,-0.00324317,-0.00324315,-0.00324313,-0.0032431,-0.00324306,-0.00324302,-0.00324296,-0.0032429,-0.00324284,-0.00324276,-0.00324268,-0.00324259,-0.00324249,-0.00324238,-0.00324227,-0.00324215,-0.00324202,-0.00324188,-0.00324174,-0.00324159,-0.00324143,-0.00324126,-0.00324109,-0.00324091,-0.00324072,-0.00324052,-0.00324032,-0.00324011,-0.00323989,-0.00323966,-0.00323942,-0.00323918,-0.00323893,-0.00323868,-0.00323841,-0.00323814,-0.00323786,-0.00323757,-0.00323728,-0.00323697,-0.00323666,-0.00323635,-0.00323602,-0.00323569,-0.00323535,-0.003235,-0.00323464,-0.00323428,-0.00323391,-0.00323353,-0.00323314,-0.00323275,-0.00323235,-0.00323194,-0.00323152,-0.0032311,-0.00323066,-0.00323023,-0.00322978,-0.00322932,-0.00322886,-0.00322839,-0.00322791,-0.00322743,-0.00322694,-0.00322644,-0.00322593,-0.00322541,-0.00322489,-0.00322436,-0.00322382,-0.00322328,-0.00322272,-0.00322216,-0.0032216,-0.00322102,-0.00322044,-0.00321984,-0.00321925,-0.00321864,-0.00321803,-0.0032174,-0.00321678,-0.00321614,-0.0032155,-0.00321485,-0.00321419,-0.00321352,-0.00321285,-0.00321216,-0.00321148,-0.00321078,-0.00321008,-0.00320936,-0.00320865,-0.00320792,-0.00320718,-0.00320644,-0.00320569,-0.00320493,-0.00320417,-0.0032034,-0.00320262,-0.00320183,-0.00320103,-0.00320023,-0.00319942,-0.0031986,-0.00319778,-0.00319694,-0.0031961,-0.00319526,-0.0031944,-0.00319353,-0.00319267,-0.00319179,-0.0031909,-0.00319001,-0.00318911,-0.0031882,-0.00318724,-0.00318626,-0.00318529,-0.00318433,-0.00318338,-0.00318245,-0.00318152,-0.00318062,-0.00317972,-0.00317881,-0.00317789,-0.00317695,-0.00317596,-0.00317495,-0.00317391,-0.00317283,-0.00317176,-0.00317072,-0.00316976,-0.00316888,-0.00316804,-0.00316723,-0.00316649,-0.00316582,-0.00316522,-0.00316463,-0.00316402,-0.00316343,-0.00316284,-0.00316228,-0.00316163,-0.00316089,-0.00316019,-0.00315956,-0.00315899,-0.00315849,-0.00315795,-0.00315743,-0.00315696,-0.00315647,-0.00315602,-0.00315569,-0.00315544,-0.00315531,-0.00315528,-0.00315535,-0.00315548,-0.00315555,-0.00315551,-0.00315535,-0.00315512,-0.00315486,-0.00315459,-0.00315438,-0.00315416,-0.00315391,-0.00315373,-0.00315363,-0.00315357,-0.00315357,-0.0031536,-0.00315363,-0.00315361,-0.00315358,-0.00315359,-0.00315364,-0.00315369,-0.00315372,-0.00315377,-0.00315388,-0.00315403,-0.00315426,-0.00315449,-0.00315471,-0.00315489,-0.00315504,-0.00315518,-0.0031553,-0.00315541,-0.00315547,-0.0031555,-0.00315551,-0.00315551,-0.00315549,-0.00315547,-0.00315546,-0.00315546],"instab":[null,null,null,null,null,null,null,null,null,null,null,null,null,null,null,null,null,null,null,null,null,null,null,null,null,null,null,null,null,null,null,null,null,null,null,null,null,null,null,null,null,null,null,null,null,null,null,null,null,null,null,null,null,null,null,null,null,null,null,null,null,null,null,null,null,null,null,null,null,null,null,null,null,null,null,null,null,null,null,null,null,null,null,null,null,null,null,null,null,null,null,null,null,null,null,null,null,null,null,null,null,null,null,null,null,null,null,null,null,null,null,null,null,null,null,null,null,null,null,null,null,null,null,null,null,null,null,null,null,null,484.583245,484.583245,484.583245,442.342798,409.565364,383.10444,383.10444,361.212679,342.683149,326.7367,326.7367,0.480848,0.46471,0.402803,0.402803,0.402803,0.505334,0.52749,0.508307,0.530726,0.529054,0.585651,0.585651,0.75367,0.736256,0.76877,0.746941,0.774882,0.79389,0.795732,0.785224,0.789384,0.797259,0.80853,0.779681,0.758914,0.70914,0.716744,0.747103,0.724828,0.742002,0.749633,0.754275,0.647241,0.676278,0.682709,0.677999,0.668617,0.655231,0.661626,0.639288,0.618593,0.615035,0.604506,0.614681,0.626623,0.621262,0.590865,0.541199,0.556051,0.54647,0.510765,0.479187,0.506943,0.470728,0.434893,0.43926,0.394016,0.393792,0.386381,0.385415,0.389091,0.38266,0.375044,0.36548,0.34206,0.340044,0.322495,0.31063],