{"word":"closepath","years":[1800,1801,1802,1803,1804,1805,1806,1807,1808,1809,1810,1811,1812,1813,1814,1815,1816,1817,1818,1819,1820,1821,1822,1823,1824,1825,1826,1827,1828,1829,1830,1831,1832,1833,1834,1835,1836,1837,1838,1839,1840,1841,1842,1843,1844,1845,1846,1847,1848,1849,1850,1851,1852,1853,1854,1855,1856,1857,1858,1859,1860,1861,1862,1863,1864,1865,1866,1867,1868,1869,1870,1871,1872,1873,1874,1875,1876,1877,1878,1879,1880,1881,1882,1883,1884,1885,1886,1887,1888,1889,1890,1891,1892,1893,1894,1895,1896,1897,1898,1899,1900,1901,1902,1903,1904,1905,1906,1907,1908,1909,1910,1911,1912,1913,1914,1915,1916,1917,1918,1919,1920,1921,1922,1923,1924,1925,1926,1927,1928,1929,1930,1931,1932,1933,1934,1935,1936,1937,1938,1939,1940,1941,1942,1943,1944,1945,1946,1947,1948,1949,1950,1951,1952,1953,1954,1955,1956,1957,1958,1959,1960,1961,1962,1963,1964,1965,1966,1967,1968,1969,1970,1971,1972,1973,1974,1975,1976,1977,1978,1979,1980,1981,1982,1983,1984,1985,1986,1987,1988,1989,1990,1991,1992,1993,1994,1995,1996,1997,1998,1999,2000,2001,2002,2003,2004,2005,2006,2007,2008],"level":[7.94059,7.80055,7.660511,7.520471,7.380431,7.240392,7.100352,6.960312,6.820272,6.680233,6.540193,6.400153,6.260114,6.120074,5.980034,5.839994,5.699955,5.559915,5.419875,5.279836,5.139796,4.999756,4.859716,4.719677,4.579637,4.439597,4.299558,4.159518,4.019478,3.879438,3.739399,3.599359,3.459319,3.31928,3.17924,3.0392,2.89916,2.759121,2.619081,2.479041,2.339001,2.198962,2.058922,1.918882,1.778843,1.638803,1.498763,1.358723,1.218684,1.078644,0.938604,0.798565,0.658525,0.518485,0.378445,0.238406,0.098366,-0.041674,-0.181713,-0.321753,-0.461793,-0.601833,-0.741872,-0.881912,-1.021952,-1.161991,-1.302031,-1.442071,-1.582111,-1.72215,-1.86219,-2.00223,-2.142269,-2.282309,-2.422349,-2.562389,-2.702428,-2.842468,-2.982508,-3.122547,-3.262587,-3.402627,-3.542667,-3.682706,-3.822746,-3.962786,-4.102826,-4.242865,-4.382905,-4.522945,-4.662984,-4.803024,-4.943064,-5.083104,-5.223143,-5.363183,-5.503223,-5.643262,-5.783302,-5.923342,-6.063382,-6.203421,-6.343461,-6.483501,-6.62354,-6.76358,-6.90362,-7.04366,-7.183699,-7.323739,-7.463779,-7.603818,-7.743858,-7.883898,-8.023938,-8.163977,-8.304017,-8.444057,-8.584096,-8.724136,-8.864176,-9.004216,-9.144255,-9.284295,-9.424335,-9.564374,-9.704414,-9.844454,-9.984494,-10.124533,-10.264573,-10.404613,-10.544653,-10.684692,-10.824732,-10.964772,-11.104811,-11.244851,-11.384891,-11.524931,-11.66497,-11.80501,-11.94505,-12.085089,-12.225129,-12.365169,-12.505209,-12.645248,-12.785288,-12.925328,-13.065367,-13.205407,-13.345447,-13.485487,-13.625526,-13.765566,-13.905606,-14.045645,-14.185685,-14.325725,-14.465765,-14.605804,-14.745844,-14.885884,-15.025923,-15.165963,-15.306003,-15.446043,-15.586082,-15.726122,-15.866162,-16.006202,-16.146241,-16.286281,-16.426321,-16.56636,-16.7064,-16.84644,-16.98648,-17.126519,-17.266559,-17.406599,-17.546638,-17.686678,-17.826718,-17.966758,-18.063939,-18.16112,-17.916932,-17.92416,-17.871957,-18.01709,-18.394472,-18.829734,-19.369235,-19.559688,-19.92115,-20.206078,-20.229205,-19.922576,-20.042109,-20.148732,-20.429569,-20.575275,-20.533795,-20.485225,-20.800138,-20.977632,-21.187922],"drift":[-0.14004092,-0.14004092,-0.14004092,-0.14004092,-0.14004092,-0.14004092,-0.14004092,-0.14004092,-0.14004092,-0.14004092,-0.14004092,-0.14004092,-0.14004092,-0.14004092,-0.14004092,-0.14004092,-0.14004092,-0.14004092,-0.14004092,-0.14004092,-0.14004092,-0.14004092,-0.14004092,-0.14004092,-0.14004092,-0.14004092,-0.14004092,-0.14004092,-0.14004092,-0.14004092,-0.14004092,-0.14004092,-0.14004092,-0.14004092,-0.14004092,-0.14004092,-0.14004092,-0.14004092,-0.14004092,-0.14004092,-0.14004092,-0.14004092,-0.14004092,-0.14004092,-0.14004092,-0.14004092,-0.14004092,-0.14004092,-0.14004092,-0.14004092,-0.14004092,-0.14004092,-0.14004092,-0.14004092,-0.14004092,-0.14004092,-0.14004092,-0.14004092,-0.14004092,-0.14004092,-0.14004092,-0.14004092,-0.14004092,-0.14004092,-0.14004092,-0.14004092,-0.14004092,-0.14004092,-0.14004092,-0.14004092,-0.14004092,-0.14004092,-0.14004092,-0.14004092,-0.14004092,-0.14004092,-0.14004092,-0.14004092,-0.14004092,-0.14004092,-0.14004092,-0.14004092,-0.14004092,-0.14004092,-0.14004092,-0.14004092,-0.14004092,-0.14004092,-0.14004092,-0.14004092,-0.14004092,-0.14004092,-0.14004092,-0.14004092,-0.14004092,-0.14004092,-0.14004092,-0.14004092,-0.14004092,-0.14004092,-0.14004092,-0.14004092,-0.14004092,-0.14004092,-0.14004092,-0.14004092,-0.14004092,-0.14004092,-0.14004092,-0.14004092,-0.14004092,-0.14004092,-0.14004092,-0.14004092,-0.14004092,-0.14004092,-0.14004092,-0.14004092,-0.14004092,-0.14004092,-0.14004092,-0.14004092,-0.14004092,-0.14004092,-0.14004092,-0.14004092,-0.14004092,-0.14004092,-0.14004092,-0.14004092,-0.14004092,-0.14004092,-0.14004092,-0.14004092,-0.14004092,-0.14004092,-0.14004092,-0.14004092,-0.14004092,-0.14004092,-0.14004092,-0.14004092,-0.14004092,-0.14004092,-0.14004092,-0.14004092,-0.14004092,-0.14004092,-0.14004092,-0.14004092,-0.14004092,-0.14004092,-0.14004092,-0.14004092,-0.14004092,-0.14004092,-0.14004092,-0.14004092,-0.14004092,-0.14004092,-0.14004092,-0.14004092,-0.14004092,-0.14004092,-0.14004092,-0.14004092,-0.14004092,-0.14004092,-0.14004092,-0.14004092,-0.14004092,-0.14004092,-0.14004092,-0.14004092,-0.14004092,-0.14004092,-0.14004092,-0.14004092,-0.14004092,-0.14004092,-0.14004092,-0.14004092,-0.14004092,-0.14004092,-0.14004092,-0.14004092,-0.14004091,-0.14004092,-0.14004093,-0.14004094,-0.14004095,-0.14004097,-0.14004098,-0.14004099,-0.14004098,-0.14004098,-0.14004097,-0.14004096,-0.14004095,-0.14004095,-0.14004095,-0.14004095,-0.14004095,-0.14004095,-0.14004095,-0.14004096,-0.14004096,-0.14004096,-0.14004096],"instab":[null,null,null,null,null,null,null,null,null,null,null,null,null,null,null,null,null,null,null,null,null,null,null,null,null,null,null,null,null,null,null,null,null,null,null,null,null,null,null,null,null,null,null,null,null,null,null,null,null,null,null,null,null,null,null,null,null,null,null,null,null,null,null,null,null,null,null,null,null,null,null,null,null,null,null,null,null,null,null,null,null,null,null,null,null,null,null,null,null,null,null,null,null,null,null,null,null,null,null,null,null,null,null,null,null,null,null,null,null,null,null,null,null,null,null,null,null,null,null,null,null,null,null,null,null,null,null,null,null,null,null,null,null,null,null,null,null,null,null,null,null,null,null,null,null,null,null,null,null,null,null,null,null,null,null,null,null,null,null,null,null,null,null,null,null,null,null,null,null,null,null,null,null,null,null,null,null,null,null,null,null,null,null,null,null,null,null,null,null,null,8.291149,7.53584,6.915766,6.433382,6.019953,5.732559,5.453845,5.209087,5.003489,4.907866,4.743622,4.603941,4.460009,4.330531,4.222966,0.972268,0.958576,0.948642,0.825403],