{"word":"closterovirus","years":[1800,1801,1802,1803,1804,1805,1806,1807,1808,1809,1810,1811,1812,1813,1814,1815,1816,1817,1818,1819,1820,1821,1822,1823,1824,1825,1826,1827,1828,1829,1830,1831,1832,1833,1834,1835,1836,1837,1838,1839,1840,1841,1842,1843,1844,1845,1846,1847,1848,1849,1850,1851,1852,1853,1854,1855,1856,1857,1858,1859,1860,1861,1862,1863,1864,1865,1866,1867,1868,1869,1870,1871,1872,1873,1874,1875,1876,1877,1878,1879,1880,1881,1882,1883,1884,1885,1886,1887,1888,1889,1890,1891,1892,1893,1894,1895,1896,1897,1898,1899,1900,1901,1902,1903,1904,1905,1906,1907,1908,1909,1910,1911,1912,1913,1914,1915,1916,1917,1918,1919,1920,1921,1922,1923,1924,1925,1926,1927,1928,1929,1930,1931,1932,1933,1934,1935,1936,1937,1938,1939,1940,1941,1942,1943,1944,1945,1946,1947,1948,1949,1950,1951,1952,1953,1954,1955,1956,1957,1958,1959,1960,1961,1962,1963,1964,1965,1966,1967,1968,1969,1970,1971,1972,1973,1974,1975,1976,1977,1978,1979,1980,1981,1982,1983,1984,1985,1986,1987,1988,1989,1990,1991,1992,1993,1994,1995,1996,1997,1998,1999,2000,2001,2002,2003,2004,2005,2006,2007,2008],"level":[-38.163777,-38.06526,-37.966742,-37.868225,-37.769707,-37.67119,-37.572672,-37.474154,-37.375635,-37.277117,-37.178598,-37.080079,-36.98156,-36.88304,-36.78452,-36.685999,-36.587478,-36.488957,-36.390435,-36.291912,-36.193389,-36.094865,-35.996341,-35.897816,-35.79929,-35.700763,-35.602236,-35.503708,-35.405179,-35.306649,-35.208119,-35.109587,-35.011054,-34.912521,-34.813987,-34.715451,-34.616914,-34.518377,-34.419838,-34.321298,-34.222757,-34.124215,-34.025671,-33.927126,-33.82858,-33.730032,-33.631483,-33.532933,-33.434381,-33.335828,-33.237273,-33.138717,-33.040159,-32.9416,-32.843039,-32.744476,-32.645912,-32.547346,-32.448778,-32.350209,-32.251638,-32.153065,-32.05449,-31.955913,-31.857334,-31.758753,-31.66017,-31.561586,-31.462999,-31.36441,-31.265819,-31.167226,-31.068631,-30.970033,-30.871434,-30.772832,-30.674228,-30.575621,-30.477012,-30.378401,-30.279788,-30.181171,-30.082553,-29.983932,-29.885308,-29.786682,-29.688054,-29.589422,-29.490788,-29.392152,-29.293512,-29.19487,-29.096225,-28.997578,-28.898927,-28.800274,-28.701617,-28.602958,-28.504296,-28.405631,-28.306963,-28.208292,-28.109617,-28.01094,-27.912259,-27.813576,-27.714889,-27.616199,-27.517505,-27.418809,-27.320109,-27.221405,-27.122699,-27.023989,-26.925275,-26.826558,-26.727838,-26.629114,-26.530386,-26.431655,-26.33292,-26.234181,-26.135439,-26.036693,-25.937944,-25.83919,-25.740433,-25.641672,-25.542907,-25.444138,-25.345365,-25.246589,-25.147808,-25.049023,-24.950234,-24.851442,-24.752645,-24.653844,-24.555038,-24.456229,-24.357415,-24.258597,-24.159775,-24.060948,-23.962117,-23.863282,-23.764442,-23.665598,-23.566749,-23.467896,-23.369038,-23.270176,-23.171309,-23.072438,-22.973561,-22.874681,-22.775795,-22.676905,-22.57801,-22.47911,-22.380205,-22.281295,-22.182381,-22.083461,-21.984537,-21.885607,-21.786673,-21.687733,-21.588789,-21.489839,-21.390884,-21.291924,-21.192959,-21.093988,-20.995012,-20.896031,-20.797045,-20.698053,-20.599056,-20.500053,-20.401044,-20.302966,-20.206752,-20.112512,-20.020354,-19.930783,-19.844441,-19.762245,-19.684519,-19.613287,-19.548622,-19.490678,-19.440132,-19.39684,-19.361556,-19.335063,-19.317233,-19.306121,-19.30081,-19.300685,-19.305923,-19.315356,-19.328925,-19.346429,-19.366591,-19.38924,-19.414018,-19.440392,-19.467311],"drift":[0.09851739,0.09851742,0.09851748,0.09851757,0.09851769,0.09851784,0.09851803,0.09851824,0.09851848,0.09851876,0.09851906,0.0985194,0.09851976,0.09852016,0.09852059,0.09852104,0.09852153,0.09852205,0.0985226,0.09852317,0.09852378,0.09852442,0.09852509,0.09852579,0.09852652,0.09852729,0.09852808,0.0985289,0.09852975,0.09853064,0.09853155,0.09853249,0.09853347,0.09853447,0.09853551,0.09853658,0.09853767,0.0985388,0.09853996,0.09854114,0.09854236,0.09854361,0.09854489,0.0985462,0.09854754,0.09854891,0.09855031,0.09855174,0.0985532,0.0985547,0.09855622,0.09855777,0.09855936,0.09856097,0.09856262,0.09856429,0.098566,0.09856773,0.0985695,0.0985713,0.09857312,0.09857498,0.09857687,0.09857879,0.09858074,0.09858272,0.09858473,0.09858677,0.09858884,0.09859094,0.09859307,0.09859523,0.09859743,0.09859965,0.0986019,0.09860419,0.0986065,0.09860885,0.09861122,0.09861363,0.09861607,0.09861853,0.09862103,0.09862356,0.09862612,0.0986287,0.09863132,0.09863397,0.09863665,0.09863936,0.0986421,0.09864488,0.09864768,0.09865051,0.09865337,0.09865627,0.09865919,0.09866214,0.09866513,0.09866814,0.09867119,0.09867427,0.09867737,0.09868051,0.09868368,0.09868687,0.0986901,0.09869336,0.09869665,0.09869997,0.09870332,0.0987067,0.09871011,0.09871355,0.09871702,0.09872053,0.09872406,0.09872762,0.09873122,0.09873484,0.0987385,0.09874218,0.0987459,0.09874964,0.09875342,0.09875723,0.09876106,0.09876493,0.09876883,0.09877276,0.09877672,0.09878071,0.09878473,0.09878878,0.09879286,0.09879697,0.09880111,0.09880528,0.09880949,0.09881372,0.09881798,0.09882228,0.0988266,0.09883096,0.09883534,0.09883976,0.0988442,0.09884868,0.09885319,0.09885773,0.09886229,0.09886689,0.09887152,0.09887618,0.09888087,0.09888559,0.09889034,0.09889513,0.09889994,0.09890478,0.09890965,0.09891456,0.09891949,0.09892445,0.09892945,0.09893447,0.09893953,0.09894461,0.09894973,0.09895488,0.09896006,0.09896526,0.0989705,0.09897577,0.09898107,0.0989864,0.09899176,0.09899715,0.09900257,0.09900802,0.09807848,0.09621395,0.09424027,0.09215746,0.08957102,0.08634242,0.08219547,0.07772664,0.07123194,0.06466497,0.05794383,0.05054561,0.04329183,0.03528426,0.02649303,0.0178297,0.01111231,0.00531077,0.00012508,-0.00523813,-0.00943264,-0.0135685,-0.01750413,-0.0201618,-0.02264992,-0.02477717,-0.0263742,-0.02691876,-0.02691876],"instab":[null,null,null,null,null,null,null,null,null,null,null,null,null,null,null,null,null,null,null,null,null,null,null,null,null,null,null,null,null,null,null,null,null,null,null,null,null,null,null,null,null,null,null,null,null,null,null,null,null,null,null,null,null,null,null,null,null,null,null,null,null,null,null,null,null,null,null,null,null,null,null,null,null,null,null,null,null,null,null,null,null,null,null,null,null,null,null,null,null,null,null,null,null,null,null,null,null,null,null,null,null,null,null,null,null,null,null,null,null,null,null,null,null,null,null,null,null,null,null,null,null,null,null,null,null,null,null,null,null,null,null,null,null,null,null,null,null,null,null,null,null,null,null,null,null,null,null,null,null,null,null,null,null,null,null,null,null,null,null,null,null,null,null,null,null,null,null,null,null,null,null,null,null,null,null,null,null,null,null,null,null,null,null,null,null,9.529199,8.771241,8.038546,7.696444,7.236338,6.842446,6.548603,6.248648,6.004167,5.807309,5.644554,5.453542,5.283443,5.126489,1.298242,1.294384,1.181156,1.175421,1.079545,1.080803,1.081193,1.072466,1.015004,0.862042],