{"word":"cmdline","years":[1800,1801,1802,1803,1804,1805,1806,1807,1808,1809,1810,1811,1812,1813,1814,1815,1816,1817,1818,1819,1820,1821,1822,1823,1824,1825,1826,1827,1828,1829,1830,1831,1832,1833,1834,1835,1836,1837,1838,1839,1840,1841,1842,1843,1844,1845,1846,1847,1848,1849,1850,1851,1852,1853,1854,1855,1856,1857,1858,1859,1860,1861,1862,1863,1864,1865,1866,1867,1868,1869,1870,1871,1872,1873,1874,1875,1876,1877,1878,1879,1880,1881,1882,1883,1884,1885,1886,1887,1888,1889,1890,1891,1892,1893,1894,1895,1896,1897,1898,1899,1900,1901,1902,1903,1904,1905,1906,1907,1908,1909,1910,1911,1912,1913,1914,1915,1916,1917,1918,1919,1920,1921,1922,1923,1924,1925,1926,1927,1928,1929,1930,1931,1932,1933,1934,1935,1936,1937,1938,1939,1940,1941,1942,1943,1944,1945,1946,1947,1948,1949,1950,1951,1952,1953,1954,1955,1956,1957,1958,1959,1960,1961,1962,1963,1964,1965,1966,1967,1968,1969,1970,1971,1972,1973,1974,1975,1976,1977,1978,1979,1980,1981,1982,1983,1984,1985,1986,1987,1988,1989,1990,1991,1992,1993,1994,1995,1996,1997,1998,1999,2000,2001,2002,2003,2004,2005,2006,2007,2008],"level":[-30.865783,-30.80968,-30.753577,-30.697474,-30.64137,-30.585267,-30.529164,-30.473061,-30.416958,-30.360855,-30.304752,-30.248649,-30.192546,-30.136443,-30.08034,-30.024237,-29.968134,-29.912031,-29.855928,-29.799825,-29.743722,-29.687619,-29.631516,-29.575413,-29.519309,-29.463206,-29.407103,-29.351,-29.294897,-29.238794,-29.182691,-29.126588,-29.070485,-29.014382,-28.958279,-28.902176,-28.846073,-28.78997,-28.733867,-28.677763,-28.62166,-28.565557,-28.509454,-28.453351,-28.397248,-28.341145,-28.285042,-28.228939,-28.172836,-28.116732,-28.060629,-28.004526,-27.948423,-27.89232,-27.836217,-27.780114,-27.724011,-27.667908,-27.611804,-27.555701,-27.499598,-27.443495,-27.387392,-27.331289,-27.275186,-27.219082,-27.162979,-27.106876,-27.050773,-26.99467,-26.938567,-26.882464,-26.82636,-26.770257,-26.714154,-26.658051,-26.601948,-26.545844,-26.489741,-26.433638,-26.377535,-26.321432,-26.265328,-26.209225,-26.153122,-26.097019,-26.040916,-25.984812,-25.928709,-25.872606,-25.816503,-25.760399,-25.704296,-25.648193,-25.59209,-25.535986,-25.479883,-25.42378,-25.367677,-25.311573,-25.25547,-25.199367,-25.143263,-25.08716,-25.031057,-24.974954,-24.91885,-24.862747,-24.806644,-24.75054,-24.694437,-24.638334,-24.58223,-24.526127,-24.470024,-24.41392,-24.357817,-24.301713,-24.24561,-24.189507,-24.133403,-24.0773,-24.021196,-23.965093,-23.90899,-23.852886,-23.796783,-23.740679,-23.684576,-23.628472,-23.572369,-23.516266,-23.460162,-23.404059,-23.347955,-23.291852,-23.235748,-23.179645,-23.123541,-23.067438,-23.011334,-22.955231,-22.899127,-22.843024,-22.78692,-22.730816,-22.674713,-22.618609,-22.562506,-22.506402,-22.450299,-22.394195,-22.338091,-22.281988,-22.225884,-22.169781,-22.113677,-22.057573,-22.00147,-21.945366,-21.889262,-21.833159,-21.777055,-21.720951,-21.664848,-21.608744,-21.55264,-21.496536,-21.440433,-21.384329,-21.328225,-21.272121,-21.216018,-21.159914,-21.10381,-21.047706,-20.991603,-20.935499,-20.879395,-20.823291,-20.767187,-20.711084,-20.65498,-20.598876,-20.542772,-20.496702,-20.450632,-20.632327,-20.375368,-19.981031,-19.869903,-19.663667,-19.424061,-19.195008,-19.27347,-19.299199,-19.492231,-19.533142,-19.44942,-19.363994,-19.151362,-18.850838,-18.880306,-18.945691,-19.15566,-19.302854,-19.29406,-19.236638,-19.197014],"drift":[0.05610605,0.05610605,0.05610605,0.05610605,0.05610605,0.05610605,0.05610605,0.05610605,0.05610605,0.05610605,0.05610605,0.05610606,0.05610606,0.05610606,0.05610606,0.05610606,0.05610606,0.05610606,0.05610606,0.05610606,0.05610606,0.05610606,0.05610606,0.05610607,0.05610607,0.05610607,0.05610607,0.05610607,0.05610607,0.05610607,0.05610607,0.05610608,0.05610608,0.05610608,0.05610608,0.05610608,0.05610608,0.05610609,0.05610609,0.05610609,0.05610609,0.05610609,0.0561061,0.0561061,0.0561061,0.0561061,0.0561061,0.05610611,0.05610611,0.05610611,0.05610611,0.05610612,0.05610612,0.05610612,0.05610612,0.05610613,0.05610613,0.05610613,0.05610614,0.05610614,0.05610614,0.05610614,0.05610615,0.05610615,0.05610615,0.05610616,0.05610616,0.05610616,0.05610617,0.05610617,0.05610617,0.05610618,0.05610618,0.05610618,0.05610619,0.05610619,0.05610619,0.0561062,0.0561062,0.05610621,0.05610621,0.05610621,0.05610622,0.05610622,0.05610623,0.05610623,0.05610623,0.05610624,0.05610624,0.05610625,0.05610625,0.05610626,0.05610626,0.05610626,0.05610627,0.05610627,0.05610628,0.05610628,0.05610629,0.05610629,0.0561063,0.0561063,0.05610631,0.05610631,0.05610632,0.05610632,0.05610633,0.05610633,0.05610634,0.05610634,0.05610635,0.05610635,0.05610636,0.05610636,0.05610637,0.05610638,0.05610638,0.05610639,0.05610639,0.0561064,0.0561064,0.05610641,0.05610642,0.05610642,0.05610643,0.05610643,0.05610644,0.05610645,0.05610645,0.05610646,0.05610646,0.05610647,0.05610648,0.05610648,0.05610649,0.0561065,0.0561065,0.05610651,0.05610652,0.05610652,0.05610653,0.05610654,0.05610654,0.05610655,0.05610656,0.05610657,0.05610657,0.05610658,0.05610659,0.05610659,0.0561066,0.05610661,0.05610662,0.05610662,0.05610663,0.05610664,0.05610665,0.05610665,0.05610666,0.05610667,0.05610668,0.05610668,0.05610669,0.0561067,0.05610671,0.05610672,0.05610672,0.05610673,0.05610674,0.05610675,0.05610676,0.05610676,0.05610677,0.05610678,0.05610679,0.0561068,0.05610681,0.05610682,0.05610682,0.05610683,0.05610684,0.05610685,0.05610686,0.05610687,0.05610688,0.05610705,0.05610738,0.05611155,0.05611248,0.05610795,0.05610254,0.05609471,0.05608393,0.05607035,0.05605895,0.05604886,0.05604278,0.05603827,0.05603332,0.05602788,0.05601993,0.05600803,0.05599752,0.05598895,0.05598468,0.05598368,0.05598344,0.05598317,0.05598317],"instab":[null,null,null,null,null,null,null,null,null,null,null,null,null,null,null,null,null,null,null,null,null,null,null,null,null,null,null,null,null,null,null,null,null,null,null,null,null,null,null,null,null,null,null,null,null,null,null,null,null,null,null,null,null,null,null,null,null,null,null,null,null,null,null,null,null,null,null,null,null,null,null,null,null,null,null,null,null,null,null,null,null,null,null,null,null,null,null,null,null,null,null,null,null,null,null,null,null,null,null,null,null,null,null,null,null,null,null,null,null,null,null,null,null,null,null,null,null,null,null,null,null,null,null,null,null,null,null,null,null,null,null,null,null,null,null,null,null,null,null,null,null,null,null,null,null,null,null,null,null,null,null,null,null,null,null,null,null,null,null,null,null,null,null,null,null,null,null,null,null,null,null,null,null,null,null,null,null,null,null,null,null,null,null,null,null,null,null,null,null,9.416257,8.549235,7.908661,7.400371,7.005942,6.618676,6.304455,6.014144,5.766081,5.556089,5.36299,5.194544,5.065502,4.919202,4.786784,0.835489,0.833191,0.810293,0.687879,0.666103],