{"word":"coalbed","years":[1800,1801,1802,1803,1804,1805,1806,1807,1808,1809,1810,1811,1812,1813,1814,1815,1816,1817,1818,1819,1820,1821,1822,1823,1824,1825,1826,1827,1828,1829,1830,1831,1832,1833,1834,1835,1836,1837,1838,1839,1840,1841,1842,1843,1844,1845,1846,1847,1848,1849,1850,1851,1852,1853,1854,1855,1856,1857,1858,1859,1860,1861,1862,1863,1864,1865,1866,1867,1868,1869,1870,1871,1872,1873,1874,1875,1876,1877,1878,1879,1880,1881,1882,1883,1884,1885,1886,1887,1888,1889,1890,1891,1892,1893,1894,1895,1896,1897,1898,1899,1900,1901,1902,1903,1904,1905,1906,1907,1908,1909,1910,1911,1912,1913,1914,1915,1916,1917,1918,1919,1920,1921,1922,1923,1924,1925,1926,1927,1928,1929,1930,1931,1932,1933,1934,1935,1936,1937,1938,1939,1940,1941,1942,1943,1944,1945,1946,1947,1948,1949,1950,1951,1952,1953,1954,1955,1956,1957,1958,1959,1960,1961,1962,1963,1964,1965,1966,1967,1968,1969,1970,1971,1972,1973,1974,1975,1976,1977,1978,1979,1980,1981,1982,1983,1984,1985,1986,1987,1988,1989,1990,1991,1992,1993,1994,1995,1996,1997,1998,1999,2000,2001,2002,2003,2004,2005,2006,2007,2008],"level":[-18.391027,-18.395897,-18.416885,-18.437871,-18.458851,-18.479822,-18.500783,-18.521728,-18.542657,-18.563566,-18.584452,-18.605313,-18.626145,-18.646946,-18.667713,-18.688442,-18.709132,-18.72978,-18.750381,-18.770935,-18.791437,-18.811885,-18.832277,-18.852608,-18.872877,-18.893081,-18.913217,-18.933281,-18.953271,-18.973185,-18.993019,-19.012771,-19.032437,-19.052015,-19.071502,-19.090895,-19.110192,-19.129389,-19.148484,-19.167473,-19.186355,-19.190934,-19.195402,-19.199759,-19.204003,-19.208136,-19.212156,-19.216063,-19.204818,-19.175297,-19.145671,-19.090636,-19.071485,-19.074813,-19.078055,-19.09364,-19.109135,-19.124539,-19.107201,-19.085253,-19.053281,-18.981394,-18.909438,-18.837426,-18.765371,-18.693285,-18.629556,-18.565821,-18.502258,-18.375686,-18.327715,-18.297682,-18.335781,-18.367969,-18.436991,-18.499288,-18.580112,-18.617487,-18.663685,-18.709872,-18.75604,-18.80218,-18.85802,-18.915249,-18.98693,-18.995955,-19.020423,-19.070104,-19.123428,-19.183547,-19.243563,-19.317165,-19.373657,-19.430012,-19.444686,-19.502954,-19.576597,-19.652999,-19.693052,-19.732912,-19.731323,-19.729535,-19.71047,-19.672117,-19.631785,-19.59127,-19.618509,-19.648939,-19.716694,-19.784248,-19.81092,-19.795269,-19.804125,-19.812762,-19.821178,-19.846028,-19.836183,-19.826112,-19.815814,-19.805291,-19.794543,-19.840413,-19.851066,-19.819272,-19.75403,-19.731983,-19.757322,-19.750614,-19.748072,-19.745306,-19.772638,-19.786577,-19.80028,-19.813743,-19.826963,-19.839935,-19.820253,-19.800321,-19.780142,-19.795876,-19.81136,-19.826589,-19.811845,-19.796843,-19.781581,-19.766063,-19.769612,-19.761351,-19.752829,-19.744047,-19.736537,-19.729801,-19.694269,-19.627506,-19.560493,-19.454041,-19.347364,-19.240478,-19.069218,-18.897793,-18.671889,-18.558586,-18.547232,-18.576616,-18.74836,-18.903905,-18.967838,-18.953966,-18.990207,-18.929718,-18.870793,-18.812588,-18.699155,-18.572371,-18.48276,-18.470069,-18.383824,-18.318919,-18.284771,-18.268371,-18.255472,-18.230872,-18.19191,-18.136625,-18.092711,-18.035833,-18.006734,-17.887581,-17.7804,-17.687765,-17.60705,-17.558323,-17.469514,-17.393496,-17.329277,-17.303048,-17.248107,-17.218929,-17.219145,-17.188185,-17.171332,-17.180163,-17.207553,-17.205434,-17.196843,-17.219523,-17.250052,-17.275728,-17.269682],"drift":[-0.00486886,-0.00486886,-0.00486602,-0.00486033,-0.0048518,-0.00484043,-0.00482621,-0.00480915,-0.00478924,-0.00476649,-0.0047409,-0.00471246,-0.00468118,-0.00464706,-0.00461009,-0.00457028,-0.00452763,-0.00448213,-0.00443379,-0.0043826,-0.00432858,-0.0042717,-0.00421199,-0.00414943,-0.00408402,-0.00401578,-0.00394469,-0.00387075,-0.00379397,-0.00371435,-0.00363189,-0.00354658,-0.00345843,-0.00336743,-0.00327359,-0.00317691,-0.00307738,-0.00297501,-0.0028698,-0.00276174,-0.00265084,-0.00253959,-0.00242801,-0.00231609,-0.00220383,-0.00209123,-0.00197828,-0.001865,-0.00175403,-0.00164858,-0.00154864,-0.00145869,-0.00137237,-0.00128571,-0.0011987,-0.00110915,-0.00101707,-0.00092244,-0.00083104,-0.00074366,-0.00066205,-0.00059324,-0.00053722,-0.00049401,-0.00046359,-0.00044597,-0.00043967,-0.00044469,-0.000461,-0.00049972,-0.000547,-0.00059966,-0.00064572,-0.0006862,-0.00071464,-0.00073221,-0.00073565,-0.00073262,-0.00072158,-0.00070252,-0.00067543,-0.00064033,-0.00059549,-0.00054066,-0.00047327,-0.00040438,-0.00033125,-0.00024941,-0.0001582,-5.642e-05,5.594e-05,0.00018129,0.00031664,0.00046199,0.00061,0.00076841,0.00093994,0.00112511,0.00131755,0.00151725,0.00171694,0.00191662,0.00211327,0.00230353,0.00248708,0.00266392,0.00284604,0.00303403,0.0032345,0.00344746,0.00366574,0.0038819,0.00410031,0.00432097,0.00454387,0.00477196,0.00499915,0.00522545,0.00545085,0.00567536,0.00589897,0.00613172,0.00636742,0.00659865,0.00681952,0.00703771,0.00726161,0.00748561,0.00771049,0.00793623,0.00816819,0.00840406,0.00864382,0.00888749,0.00913505,0.00938652,0.00963617,0.009884,0.01013001,0.01038059,0.01063573,0.01089544,0.01115446,0.01141281,0.01167048,0.01192746,0.01218718,0.01244759,0.0127087,0.01297049,0.01323325,0.01349716,0.01375718,0.01400785,0.01424916,0.01447422,0.014683,0.01487553,0.01504046,0.01517781,0.01527798,0.01536086,0.01544445,0.01553595,0.01566048,0.01581522,0.01598402,0.0161532,0.01633162,0.01650225,0.0166654,0.01682121,0.01695999,0.01707939,0.017186,0.0172934,0.01738863,0.01747548,0.0175594,0.01764351,0.01772847,0.01781221,0.01789222,0.01796563,0.01803447,0.01809646,0.0181565,0.01819873,0.01822526,0.01823866,0.01824104,0.01823805,0.0182226,0.01819696,0.01816321,0.01812802,0.01808635,0.01804272,0.0180023,0.01795961,0.01791711,0.01787932,0.01784952,0.0178225,0.01779711,0.01777885,0.01776912,0.01776706,0.01776706],"instab":[null,null,null,null,null,null,null,null,null,null,null,null,null,null,null,null,null,null,null,null,null,null,null,null,null,null,null,null,null,null,null,null,null,null,null,null,null,null,null,null,null,null,null,null,null,null,null,null,null,null,null,156.931899,143.235399,143.235399,132.617903,132.617903,132.617903,124.107015,117.014137,111.016769,0.542294,0.542294,0.542294,0.542294,0.542294,0.576927,0.576927,0.588905,0.660962,0.883144,0.877189,0.894317,0.920478,0.882144,0.917198,0.884947,0.943695,0.918229,0.952657,0.98999,1.007813,0.975051,0.95131,0.919591,0.996265,0.966807,0.939848,0.929406,0.910388,0.714828,0.690103,0.557644,0.576616,0.573933,0.649118,0.65004,0.588203,0.622599,0.622599,0.624761,0.624761,0.624756,0.626118,0.640694,0.554718,0.729397,0.717116,0.742614,0.770592,0.79226,0.814131,0.829401,0.829401,0.812208,0.782679,0.801425,0.832928,0.821067,0.821067,0.807079,0.857189,0.910813,0.945059,0.948044,0.977014,0.909121,0.931495,0.914219,0.914219,0.870412,0.83273,0.854207,0.854207,0.854207,0.891148,0.884091,0.884091,0.884091,0.884771,0.884771,0.838439,0.80656,0.794599,0.82049,0.764142,0.689697,0.636543,0.686242,0.686242,0.637933,0.619266,0.603087,0.575798,0.575798,0.547564,0.537259,0.537259,0.516747,0.391485,0.399283,1.202576,1.353278,1.292374,1.351729,1.404655,1.643189,1.741715,1.691046,1.735405,1.736127,1.736602,1.745875,1.741592,1.709952,1.750351,1.748237,1.70351,1.701498,1.656273,1.657379,1.462226,1.34397,1.331756,1.195582,1.164507,1.010637,0.990969,0.980427,0.847611,0.851922,0.866054,0.85593,0.858951,0.82579,0.750485,0.673337,0.66805,0.657419,0.688058,0.688469,0.684244,0.676724,0.712139,0.716216,0.717731,0.708126,0.580076,0.612326,0.602702],