{"word":"coamplification","years":[1800,1801,1802,1803,1804,1805,1806,1807,1808,1809,1810,1811,1812,1813,1814,1815,1816,1817,1818,1819,1820,1821,1822,1823,1824,1825,1826,1827,1828,1829,1830,1831,1832,1833,1834,1835,1836,1837,1838,1839,1840,1841,1842,1843,1844,1845,1846,1847,1848,1849,1850,1851,1852,1853,1854,1855,1856,1857,1858,1859,1860,1861,1862,1863,1864,1865,1866,1867,1868,1869,1870,1871,1872,1873,1874,1875,1876,1877,1878,1879,1880,1881,1882,1883,1884,1885,1886,1887,1888,1889,1890,1891,1892,1893,1894,1895,1896,1897,1898,1899,1900,1901,1902,1903,1904,1905,1906,1907,1908,1909,1910,1911,1912,1913,1914,1915,1916,1917,1918,1919,1920,1921,1922,1923,1924,1925,1926,1927,1928,1929,1930,1931,1932,1933,1934,1935,1936,1937,1938,1939,1940,1941,1942,1943,1944,1945,1946,1947,1948,1949,1950,1951,1952,1953,1954,1955,1956,1957,1958,1959,1960,1961,1962,1963,1964,1965,1966,1967,1968,1969,1970,1971,1972,1973,1974,1975,1976,1977,1978,1979,1980,1981,1982,1983,1984,1985,1986,1987,1988,1989,1990,1991,1992,1993,1994,1995,1996,1997,1998,1999,2000,2001,2002,2003,2004,2005,2006,2007,2008],"level":[-76.889896,-76.588622,-76.287348,-75.986072,-75.684794,-75.383514,-75.082231,-74.780944,-74.479653,-74.178357,-73.877056,-73.575748,-73.274434,-72.973112,-72.671782,-72.370444,-72.069097,-71.76774,-71.466372,-71.164993,-70.863603,-70.562201,-70.260786,-69.959357,-69.657914,-69.356457,-69.054984,-68.753495,-68.45199,-68.150468,-67.848928,-67.54737,-67.245793,-66.944196,-66.642579,-66.340941,-66.039282,-65.737601,-65.435897,-65.13417,-64.832419,-64.530643,-64.228843,-63.927017,-63.625165,-63.323285,-63.021379,-62.719444,-62.41748,-62.115487,-61.813464,-61.511411,-61.209326,-60.907209,-60.605061,-60.302879,-60.000663,-59.698413,-59.396129,-59.093809,-58.791453,-58.48906,-58.18663,-57.884162,-57.581655,-57.27911,-56.976524,-56.673899,-56.371232,-56.068524,-55.765773,-55.46298,-55.160143,-54.857263,-54.554337,-54.251367,-53.948351,-53.645288,-53.342178,-53.03902,-52.735814,-52.43256,-52.129255,-51.825901,-51.522496,-51.219039,-50.915531,-50.61197,-50.308356,-50.004688,-49.700965,-49.397188,-49.093355,-48.789465,-48.485519,-48.181515,-47.877454,-47.573333,-47.269154,-46.964914,-46.660614,-46.356253,-46.05183,-45.747344,-45.442796,-45.138184,-44.833508,-44.528767,-44.223961,-43.919088,-43.614149,-43.309143,-43.004069,-42.698927,-42.393715,-42.088434,-41.783082,-41.47766,-41.172166,-40.866599,-40.56096,-40.255248,-39.949462,-39.643601,-39.337665,-39.031653,-38.725565,-38.4194,-38.113157,-37.806836,-37.500436,-37.193956,-36.887397,-36.580756,-36.274035,-35.967231,-35.660345,-35.353376,-35.046323,-34.739186,-34.431964,-34.124656,-33.817262,-33.509781,-33.202213,-32.894557,-32.586812,-32.278978,-31.971054,-31.663039,-31.354934,-31.046736,-30.738447,-30.430064,-30.121588,-29.813018,-29.504353,-29.195593,-28.886737,-28.577784,-28.268734,-27.959586,-27.650339,-27.340994,-27.031549,-26.722004,-26.412358,-26.10261,-25.792761,-25.482808,-25.172753,-24.862593,-24.552329,-24.24196,-23.931485,-23.620903,-23.310215,-22.999419,-22.688515,-22.377502,-22.06638,-21.755147,-21.443804,-21.13235,-20.82157,-20.496654,-20.141221,-19.786324,-19.446222,-19.139381,-18.886047,-18.68794,-18.533999,-18.431902,-18.384398,-18.385695,-18.425068,-18.483498,-18.557571,-18.649385,-18.763741,-18.879459,-18.987186,-19.085519,-19.181977,-19.294421,-19.425182,-19.575424,-19.733305],"drift":[0.30127402,0.30127463,0.30127585,0.30127769,0.30128014,0.3012832,0.30128687,0.30129115,0.30129604,0.30130155,0.30130766,0.30131439,0.30132173,0.30132967,0.30133824,0.30134741,0.30135719,0.30136758,0.30137859,0.30139021,0.30140244,0.30141528,0.30142873,0.30144279,0.30145746,0.30147275,0.30148864,0.30150515,0.30152227,0.30154,0.30155834,0.30157729,0.30159686,0.30161703,0.30163782,0.30165922,0.30168123,0.30170385,0.30172708,0.30175092,0.30177537,0.30180044,0.30182612,0.3018524,0.3018793,0.30190682,0.30193494,0.30196367,0.30199301,0.30202297,0.30205354,0.30208472,0.30211651,0.30214891,0.30218192,0.30221554,0.30224978,0.30228462,0.30232008,0.30235615,0.30239283,0.30243012,0.30246803,0.30250654,0.30254567,0.3025854,0.30262575,0.30266671,0.30270828,0.30275046,0.30279325,0.30283666,0.30288067,0.3029253,0.30297054,0.30301639,0.30306285,0.30310992,0.30315761,0.3032059,0.30325481,0.30330432,0.30335445,0.30340519,0.30345654,0.30350851,0.30356108,0.30361427,0.30366806,0.30372247,0.30377749,0.30383312,0.30388936,0.30394621,0.30400368,0.30406175,0.30412044,0.30417974,0.30423965,0.30430017,0.3043613,0.30442304,0.3044854,0.30454836,0.30461194,0.30467613,0.30474093,0.30480634,0.30487236,0.304939,0.30500624,0.3050741,0.30514257,0.30521165,0.30528134,0.30535164,0.30542255,0.30549407,0.30556621,0.30563896,0.30571231,0.30578628,0.30586086,0.30593606,0.30601186,0.30608827,0.3061653,0.30624294,0.30632118,0.30640004,0.30647951,0.3065596,0.30664029,0.30672159,0.30680351,0.30688604,0.30696918,0.30705293,0.30713729,0.30722226,0.30730784,0.30739404,0.30748085,0.30756826,0.30765629,0.30774493,0.30783418,0.30792405,0.30801452,0.30810561,0.3081973,0.30828961,0.30838253,0.30847606,0.3085702,0.30866496,0.30876032,0.3088563,0.30895289,0.30905008,0.30914789,0.30924632,0.30934535,0.30944499,0.30954525,0.30964611,0.30974759,0.30984968,0.30995238,0.31005569,0.31015961,0.31026415,0.31036929,0.31047505,0.31058142,0.3106884,0.31079599,0.31090419,0.311013,0.31112243,0.31123246,0.31134311,0.31145437,0.31156624,0.32570259,0.35386341,0.35404567,0.33907349,0.3057614,0.25321954,0.19864038,0.1535736,0.10195568,0.0478203,-0.0006897,-0.03837195,-0.05821244,-0.07417747,-0.09200685,-0.11326984,-0.11518747,-0.10765045,-0.09875599,-0.09738899,-0.1126104,-0.13079712,-0.14962373,-0.15744239,-0.15744239],"instab":[null,null,null,null,null,null,null,null,null,null,null,null,null,null,null,null,null,null,null,null,null,null,null,null,null,null,null,null,null,null,null,null,null,null,null,null,null,null,null,null,null,null,null,null,null,null,null,null,null,null,null,null,null,null,null,null,null,null,null,null,null,null,null,null,null,null,null,null,null,null,null,null,null,null,null,null,null,null,null,null,null,null,null,null,null,null,null,null,null,null,null,null,null,null,null,null,null,null,null,null,null,null,null,null,null,null,null,null,null,null,null,null,null,null,null,null,null,null,null,null,null,null,null,null,null,null,null,null,null,null,null,null,null,null,null,null,null,null,null,null,null,null,null,null,null,null,null,null,null,null,null,null,null,null,null,null,null,null,null,null,null,null,null,null,null,null,null,null,null,null,null,null,null,null,null,null,null,null,null,null,null,null,null,null,null,null,null,null,9.635323,8.80018,8.10505,7.515801,7.069584,6.695132,6.367745,6.084339,5.826605,5.606276,5.413692,5.258072,5.09182,4.942993,4.808428,0.958955,0.956353,0.918757,0.591788,0.582042,0.575656],