{"word":"coatomer","years":[1800,1801,1802,1803,1804,1805,1806,1807,1808,1809,1810,1811,1812,1813,1814,1815,1816,1817,1818,1819,1820,1821,1822,1823,1824,1825,1826,1827,1828,1829,1830,1831,1832,1833,1834,1835,1836,1837,1838,1839,1840,1841,1842,1843,1844,1845,1846,1847,1848,1849,1850,1851,1852,1853,1854,1855,1856,1857,1858,1859,1860,1861,1862,1863,1864,1865,1866,1867,1868,1869,1870,1871,1872,1873,1874,1875,1876,1877,1878,1879,1880,1881,1882,1883,1884,1885,1886,1887,1888,1889,1890,1891,1892,1893,1894,1895,1896,1897,1898,1899,1900,1901,1902,1903,1904,1905,1906,1907,1908,1909,1910,1911,1912,1913,1914,1915,1916,1917,1918,1919,1920,1921,1922,1923,1924,1925,1926,1927,1928,1929,1930,1931,1932,1933,1934,1935,1936,1937,1938,1939,1940,1941,1942,1943,1944,1945,1946,1947,1948,1949,1950,1951,1952,1953,1954,1955,1956,1957,1958,1959,1960,1961,1962,1963,1964,1965,1966,1967,1968,1969,1970,1971,1972,1973,1974,1975,1976,1977,1978,1979,1980,1981,1982,1983,1984,1985,1986,1987,1988,1989,1990,1991,1992,1993,1994,1995,1996,1997,1998,1999,2000,2001,2002,2003,2004,2005,2006,2007,2008],"level":[-37.113776,-37.027036,-36.940296,-36.853556,-36.766816,-36.680076,-36.593336,-36.506595,-36.419855,-36.333115,-36.246375,-36.159635,-36.072895,-35.986154,-35.899414,-35.812674,-35.725934,-35.639194,-35.552454,-35.465714,-35.378973,-35.292233,-35.205493,-35.118753,-35.032013,-34.945273,-34.858533,-34.771792,-34.685052,-34.598312,-34.511572,-34.424832,-34.338092,-34.251352,-34.164611,-34.077871,-33.991131,-33.904391,-33.817651,-33.730911,-33.64417,-33.55743,-33.47069,-33.38395,-33.29721,-33.21047,-33.12373,-33.036989,-32.950249,-32.863509,-32.776769,-32.690029,-32.603289,-32.516548,-32.429808,-32.343068,-32.256328,-32.169588,-32.082848,-31.996108,-31.909367,-31.822627,-31.735887,-31.649147,-31.562407,-31.475667,-31.388926,-31.302186,-31.215446,-31.128706,-31.041966,-30.955226,-30.868485,-30.781745,-30.695005,-30.608265,-30.521525,-30.434785,-30.348044,-30.261304,-30.174564,-30.087824,-30.001084,-29.914344,-29.827603,-29.740863,-29.654123,-29.567383,-29.480643,-29.393903,-29.307162,-29.220422,-29.133682,-29.046942,-28.960202,-28.873462,-28.786721,-28.699981,-28.613241,-28.526501,-28.439761,-28.35302,-28.26628,-28.17954,-28.0928,-28.00606,-27.91932,-27.832579,-27.745839,-27.659099,-27.572359,-27.485619,-27.398878,-27.312138,-27.225398,-27.138658,-27.051918,-26.965178,-26.878437,-26.791697,-26.704957,-26.618217,-26.531477,-26.444736,-26.357996,-26.271256,-26.184516,-26.097776,-26.011035,-25.924295,-25.837555,-25.750815,-25.664075,-25.577334,-25.490594,-25.403854,-25.317114,-25.230374,-25.143633,-25.056893,-24.970153,-24.883413,-24.796672,-24.709932,-24.623192,-24.536452,-24.449712,-24.362971,-24.276231,-24.189491,-24.102751,-24.016011,-23.92927,-23.84253,-23.75579,-23.66905,-23.582309,-23.495569,-23.408829,-23.322089,-23.235349,-23.148608,-23.061868,-22.975128,-22.888388,-22.801647,-22.714907,-22.628167,-22.541427,-22.454686,-22.367946,-22.281206,-22.194466,-22.107725,-22.020985,-21.934245,-21.847505,-21.760764,-21.674024,-21.587284,-21.725117,-21.762075,-21.799032,-21.83599,-21.800008,-21.764027,-21.516729,-21.26943,-21.022131,-20.774833,-20.87984,-20.984848,-20.038451,-19.461801,-18.821389,-18.357733,-18.003252,-17.913524,-18.098676,-18.544181,-18.319932,-18.612969,-18.323669,-18.170601,-18.397818,-18.556153,-19.013675,-18.990856,-19.069342],"drift":[0.08675222,0.08675222,0.08675222,0.08675222,0.08675222,0.08675222,0.08675222,0.08675222,0.08675222,0.08675222,0.08675222,0.08675222,0.08675222,0.08675222,0.08675222,0.08675222,0.08675222,0.08675222,0.08675222,0.08675222,0.08675222,0.08675222,0.08675222,0.08675222,0.08675222,0.08675222,0.08675222,0.08675222,0.08675222,0.08675222,0.08675222,0.08675222,0.08675222,0.08675222,0.08675222,0.08675222,0.08675222,0.08675222,0.08675222,0.08675222,0.08675222,0.08675222,0.08675222,0.08675222,0.08675222,0.08675223,0.08675223,0.08675223,0.08675223,0.08675223,0.08675223,0.08675223,0.08675223,0.08675223,0.08675223,0.08675223,0.08675223,0.08675223,0.08675223,0.08675223,0.08675223,0.08675223,0.08675223,0.08675223,0.08675223,0.08675223,0.08675223,0.08675223,0.08675223,0.08675223,0.08675223,0.08675224,0.08675224,0.08675224,0.08675224,0.08675224,0.08675224,0.08675224,0.08675224,0.08675224,0.08675224,0.08675224,0.08675224,0.08675224,0.08675224,0.08675224,0.08675224,0.08675224,0.08675224,0.08675224,0.08675224,0.08675225,0.08675225,0.08675225,0.08675225,0.08675225,0.08675225,0.08675225,0.08675225,0.08675225,0.08675225,0.08675225,0.08675225,0.08675225,0.08675225,0.08675225,0.08675226,0.08675226,0.08675226,0.08675226,0.08675226,0.08675226,0.08675226,0.08675226,0.08675226,0.08675226,0.08675226,0.08675226,0.08675226,0.08675226,0.08675227,0.08675227,0.08675227,0.08675227,0.08675227,0.08675227,0.08675227,0.08675227,0.08675227,0.08675227,0.08675227,0.08675227,0.08675228,0.08675228,0.08675228,0.08675228,0.08675228,0.08675228,0.08675228,0.08675228,0.08675228,0.08675228,0.08675228,0.08675229,0.08675229,0.08675229,0.08675229,0.08675229,0.08675229,0.08675229,0.08675229,0.08675229,0.08675229,0.08675229,0.0867523,0.0867523,0.0867523,0.0867523,0.0867523,0.0867523,0.0867523,0.0867523,0.0867523,0.08675231,0.08675231,0.08675231,0.08675231,0.08675231,0.08675231,0.08675231,0.08675231,0.08675231,0.08675231,0.08675232,0.08675232,0.08675232,0.08675232,0.08675232,0.08675232,0.08675232,0.08675246,0.08675264,0.0867529,0.08675322,0.08675357,0.08675394,0.08675423,0.08675444,0.08675455,0.08675458,0.08675472,0.08675495,0.08675473,0.08675424,0.08675346,0.08675247,0.08675134,0.0867502,0.08674922,0.08674852,0.08674774,0.08674717,0.08674649,0.08674577,0.08674523,0.08674481,0.08674469,0.0867446,0.0867446],"instab":[null,null,null,null,null,null,null,null,null,null,null,null,null,null,null,null,null,null,null,null,null,null,null,null,null,null,null,null,null,null,null,null,null,null,null,null,null,null,null,null,null,null,null,null,null,null,null,null,null,null,null,null,null,null,null,null,null,null,null,null,null,null,null,null,null,null,null,null,null,null,null,null,null,null,null,null,null,null,null,null,null,null,null,null,null,null,null,null,null,null,null,null,null,null,null,null,null,null,null,null,null,null,null,null,null,null,null,null,null,null,null,null,null,null,null,null,null,null,null,null,null,null,null,null,null,null,null,null,null,null,null,null,null,null,null,null,null,null,null,null,null,null,null,null,null,null,null,null,null,null,null,null,null,null,null,null,null,null,null,null,null,null,null,null,null,null,null,null,null,null,null,null,null,null,null,null,null,null,null,null,null,null,null,null,null,null,null,null,null,9.958259,9.958259,8.934408,8.421801,7.882523,7.449793,7.063685,6.730849,6.430804,6.161172,1.293655,1.276526,1.331268,1.283284,1.244716,1.227245,1.22994,1.264052,1.226405,1.198604],