{"word":"coberence","years":[1800,1801,1802,1803,1804,1805,1806,1807,1808,1809,1810,1811,1812,1813,1814,1815,1816,1817,1818,1819,1820,1821,1822,1823,1824,1825,1826,1827,1828,1829,1830,1831,1832,1833,1834,1835,1836,1837,1838,1839,1840,1841,1842,1843,1844,1845,1846,1847,1848,1849,1850,1851,1852,1853,1854,1855,1856,1857,1858,1859,1860,1861,1862,1863,1864,1865,1866,1867,1868,1869,1870,1871,1872,1873,1874,1875,1876,1877,1878,1879,1880,1881,1882,1883,1884,1885,1886,1887,1888,1889,1890,1891,1892,1893,1894,1895,1896,1897,1898,1899,1900,1901,1902,1903,1904,1905,1906,1907,1908,1909,1910,1911,1912,1913,1914,1915,1916,1917,1918,1919,1920,1921,1922,1923,1924,1925,1926,1927,1928,1929,1930,1931,1932,1933,1934,1935,1936,1937,1938,1939,1940,1941,1942,1943,1944,1945,1946,1947,1948,1949,1950,1951,1952,1953,1954,1955,1956,1957,1958,1959,1960,1961,1962,1963,1964,1965,1966,1967,1968,1969,1970,1971,1972,1973,1974,1975,1976,1977,1978,1979,1980,1981,1982,1983,1984,1985,1986,1987,1988,1989,1990,1991,1992,1993,1994,1995,1996,1997,1998,1999,2000,2001,2002,2003,2004,2005,2006,2007,2008],"level":[-18.027002,-18.04608,-18.065158,-18.084236,-18.11772,-18.151203,-18.184687,-18.21817,-18.251654,-18.285137,-18.318621,-18.352104,-18.385588,-18.419071,-18.452555,-18.486038,-18.519522,-18.553005,-18.586489,-18.619972,-18.653456,-18.686939,-18.75865,-18.830361,-18.902072,-18.849837,-18.797602,-18.745367,-18.693131,-18.640896,-18.588661,-18.536426,-18.48419,-18.431955,-18.37972,-18.383081,-18.359222,-18.335362,-18.415134,-18.494906,-18.574678,-18.65445,-18.734222,-18.813994,-18.893766,-18.973538,-19.05331,-19.133082,-19.022139,-18.911196,-19.026614,-19.142033,-19.257452,-19.372871,-19.48829,-19.603709,-19.610166,-19.616622,-19.623079,-19.629536,-19.635993,-19.642449,-19.648906,-19.655363,-19.661819,-19.668276,-19.693982,-19.719687,-19.745393,-19.771098,-19.796804,-19.82251,-19.848215,-19.873921,-19.899626,-19.925332,-19.951038,-19.976743,-20.002449,-20.028155,-20.05386,-20.079566,-20.104468,-20.11647,-20.128471,-20.140473,-20.140593,-20.140714,-20.163222,-20.185731,-20.208239,-20.230748,-20.253256,-20.275765,-20.298274,-20.320782,-20.343291,-20.353421,-20.365705,-20.37799,-20.390275,-20.40256,-20.414845,-20.42713,-20.439414,-20.451699,-20.463984,-20.476269,-20.488554,-20.500838,-20.513123,-20.525408,-20.537693,-20.549978,-20.562262,-20.555669,-20.549076,-20.542483,-20.53589,-20.529296,-20.522703,-20.51611,-20.510637,-20.505163,-20.499689,-20.494216,-20.488742,-20.483269,-20.477795,-20.472321,-20.466848,-20.461374,-20.455901,-20.450427,-20.444954,-20.477849,-20.510744,-20.54364,-20.576535,-20.60943,-20.642326,-20.675221,-20.708117,-20.741012,-20.773907,-20.806803,-20.839698,-20.872594,-20.905489,-20.938384,-20.97128,-21.004175,-21.037071,-21.069966,-21.102861,-21.135757,-21.168652,-21.201548,-21.234443,-21.267338,-21.300234,-21.333129,-21.366025,-21.405038,-21.444052,-21.483066,-21.52208,-21.561093,-21.600107,-21.639121,-21.652318,-21.665514,-21.678711,-21.691907,-21.705104,-21.718301,-21.725581,-21.732862,-21.740142,-21.747423,-21.754703,-21.761984,-21.769265,-21.776545,-21.783826,-21.686956,-21.42057,-21.080857,-21.164951,-21.183104,-20.68206,-20.6236,-20.55712,-20.770686,-20.18504,-19.660711,-19.337898,-18.945386,-18.675386,-18.695496,-18.607558,-18.465364,-18.447997,-18.799713,-19.425895,-20.585358,-21.640274,-21.975289,-21.994363],"drift":[-0.01907385,-0.01907385,-0.01907385,-0.01907385,-0.01907385,-0.01907385,-0.01907385,-0.01907385,-0.01907385,-0.01907385,-0.01907385,-0.01907385,-0.01907385,-0.01907385,-0.01907385,-0.01907385,-0.01907385,-0.01907385,-0.01907385,-0.01907385,-0.01907385,-0.01907385,-0.01907385,-0.01907385,-0.01907385,-0.01907385,-0.01907385,-0.01907385,-0.01907385,-0.01907385,-0.01907385,-0.01907385,-0.01907385,-0.01907385,-0.01907385,-0.01907385,-0.01907385,-0.01907385,-0.01907385,-0.01907385,-0.01907385,-0.01907385,-0.01907385,-0.01907385,-0.01907385,-0.01907385,-0.01907385,-0.01907385,-0.01907385,-0.01907385,-0.01907385,-0.01907385,-0.01907385,-0.01907385,-0.01907385,-0.01907385,-0.01907385,-0.01907385,-0.01907385,-0.01907385,-0.01907385,-0.01907385,-0.01907385,-0.01907385,-0.01907385,-0.01907385,-0.01907385,-0.01907385,-0.01907385,-0.01907385,-0.01907385,-0.01907385,-0.01907385,-0.01907385,-0.01907385,-0.01907385,-0.01907385,-0.01907385,-0.01907385,-0.01907385,-0.01907385,-0.01907385,-0.01907385,-0.01907385,-0.01907385,-0.01907385,-0.01907385,-0.01907385,-0.01907385,-0.01907385,-0.01907385,-0.01907385,-0.01907385,-0.01907385,-0.01907385,-0.01907385,-0.01907385,-0.01907385,-0.01907385,-0.01907385,-0.01907385,-0.01907385,-0.01907385,-0.01907385,-0.01907385,-0.01907385,-0.01907385,-0.01907385,-0.01907385,-0.01907385,-0.01907385,-0.01907385,-0.01907385,-0.01907385,-0.01907385,-0.01907385,-0.01907385,-0.01907385,-0.01907385,-0.01907385,-0.01907385,-0.01907385,-0.01907385,-0.01907385,-0.01907385,-0.01907385,-0.01907385,-0.01907385,-0.01907385,-0.01907385,-0.01907385,-0.01907385,-0.01907385,-0.01907385,-0.01907385,-0.01907385,-0.01907385,-0.01907385,-0.01907385,-0.01907385,-0.01907385,-0.01907385,-0.01907385,-0.01907385,-0.01907385,-0.01907385,-0.01907385,-0.01907385,-0.01907385,-0.01907385,-0.01907385,-0.01907385,-0.01907385,-0.01907385,-0.01907385,-0.01907385,-0.01907385,-0.01907385,-0.01907385,-0.01907385,-0.01907385,-0.01907385,-0.01907385,-0.01907385,-0.01907385,-0.01907385,-0.01907385,-0.01907385,-0.01907385,-0.01907385,-0.01907385,-0.01907385,-0.01907385,-0.01907385,-0.01907385,-0.01907385,-0.01907385,-0.01907385,-0.01907385,-0.01907385,-0.01907385,-0.01907385,-0.01907385,-0.01907385,-0.01907385,-0.01907385,-0.01907385,-0.01907385,-0.01907385,-0.01907385,-0.01907385,-0.01907385,-0.01907385,-0.01907385,-0.01907385,-0.01907385,-0.01907385,-0.01907385,-0.01907385,-0.01907385,-0.01907385,-0.01907385,-0.01907385,-0.01907385,-0.01907385,-0.01907385,-0.01907385,-0.01907385,-0.01907385],"instab":[null,null,null,null,null,null,null,null,null,null,null,null,null,null,null,null,null,null,null,null,null,null,null,null,null,null,null,null,null,null,null,null,null,null,null,null,null,43.240039,43.240039,43.240039,43.240039,null,null,null,null,null,null,null,null,0.967202,0.967202,0.967202,0.967202,0.967202,null,null,null,null,null,null,null,null,null,null,null,null,null,null,null,null,null,null,null,null,null,null,null,null,null,null,null,null,null,null,null,null,null,null,null,null,null,null,null,null,null,null,0.060239,0.054235,0.054235,0.054235,0.054235,0.058235,null,null,null,null,null,null,null,null,null,null,null,null,null,null,null,null,null,null,null,null,null,null,null,null,null,null,null,null,null,null,null,null,null,null,null,null,null,null,null,null,null,null,null,null,null,null,null,null,null,null,null,null,null,null,null,null,null,null,null,null,null,null,null,null,null,null,null,null,null,null,null,null,null,null,null,null,null,null,null,null,null,null,null,null,0.255314,0.656424,0.63582,0.782204,0.962837,0.903078,0.86084,1.072581,1.077956,1.131754,1.084628,1.057362,1.034861,1.015172,0.986386,0.957481,0.934086,0.91849,0.922762,1.125077,1.400338,1.383503,1.420689],