{"word":"codepoint","years":[1800,1801,1802,1803,1804,1805,1806,1807,1808,1809,1810,1811,1812,1813,1814,1815,1816,1817,1818,1819,1820,1821,1822,1823,1824,1825,1826,1827,1828,1829,1830,1831,1832,1833,1834,1835,1836,1837,1838,1839,1840,1841,1842,1843,1844,1845,1846,1847,1848,1849,1850,1851,1852,1853,1854,1855,1856,1857,1858,1859,1860,1861,1862,1863,1864,1865,1866,1867,1868,1869,1870,1871,1872,1873,1874,1875,1876,1877,1878,1879,1880,1881,1882,1883,1884,1885,1886,1887,1888,1889,1890,1891,1892,1893,1894,1895,1896,1897,1898,1899,1900,1901,1902,1903,1904,1905,1906,1907,1908,1909,1910,1911,1912,1913,1914,1915,1916,1917,1918,1919,1920,1921,1922,1923,1924,1925,1926,1927,1928,1929,1930,1931,1932,1933,1934,1935,1936,1937,1938,1939,1940,1941,1942,1943,1944,1945,1946,1947,1948,1949,1950,1951,1952,1953,1954,1955,1956,1957,1958,1959,1960,1961,1962,1963,1964,1965,1966,1967,1968,1969,1970,1971,1972,1973,1974,1975,1976,1977,1978,1979,1980,1981,1982,1983,1984,1985,1986,1987,1988,1989,1990,1991,1992,1993,1994,1995,1996,1997,1998,1999,2000,2001,2002,2003,2004,2005,2006,2007,2008],"level":[-39.372676,-39.271457,-39.170239,-39.06902,-38.967802,-38.866583,-38.765365,-38.664146,-38.562928,-38.46171,-38.360491,-38.259273,-38.158054,-38.056836,-37.955617,-37.854399,-37.75318,-37.651962,-37.550743,-37.449525,-37.348306,-37.247088,-37.145869,-37.044651,-36.943433,-36.842214,-36.740996,-36.639777,-36.538559,-36.43734,-36.336122,-36.234903,-36.133685,-36.032466,-35.931248,-35.830029,-35.728811,-35.627592,-35.526374,-35.425155,-35.323937,-35.222718,-35.1215,-35.020281,-34.919063,-34.817844,-34.716626,-34.615407,-34.514189,-34.41297,-34.311752,-34.210533,-34.109315,-34.008096,-33.906878,-33.805659,-33.704441,-33.603222,-33.502004,-33.400785,-33.299567,-33.198348,-33.09713,-32.995911,-32.894693,-32.793474,-32.692256,-32.591037,-32.489819,-32.3886,-32.287382,-32.186163,-32.084945,-31.983726,-31.882508,-31.781289,-31.68007,-31.578852,-31.477633,-31.376415,-31.275196,-31.173978,-31.072759,-30.971541,-30.870322,-30.769103,-30.667885,-30.566666,-30.465448,-30.364229,-30.263011,-30.161792,-30.060573,-29.959355,-29.858136,-29.756918,-29.655699,-29.554481,-29.453262,-29.352043,-29.250825,-29.149606,-29.048388,-28.947169,-28.84595,-28.744732,-28.643513,-28.542294,-28.441076,-28.339857,-28.238639,-28.13742,-28.036201,-27.934983,-27.833764,-27.732545,-27.631327,-27.530108,-27.428889,-27.327671,-27.226452,-27.125233,-27.024015,-26.922796,-26.821577,-26.720359,-26.61914,-26.517921,-26.416703,-26.315484,-26.214265,-26.113047,-26.011828,-25.910609,-25.809391,-25.708172,-25.606953,-25.505734,-25.404516,-25.303297,-25.202078,-25.100859,-24.999641,-24.898422,-24.797203,-24.695984,-24.594766,-24.493547,-24.392328,-24.291109,-24.189891,-24.088672,-23.987453,-23.886234,-23.785016,-23.683797,-23.582578,-23.481359,-23.38014,-23.278922,-23.177703,-23.076484,-22.975265,-22.874046,-22.772827,-22.671609,-22.57039,-22.469171,-22.367952,-22.266733,-22.165514,-22.064296,-21.963077,-21.861858,-21.760639,-21.65942,-21.558201,-21.456982,-21.355763,-21.254544,-21.153326,-21.052107,-20.950888,-20.849669,-20.74845,-20.521662,-20.697541,-20.623987,-20.550433,-20.365563,-20.180693,-19.284246,-19.575567,-20.422309,-20.317723,-20.246575,-20.51611,-20.334327,-20.169369,-19.02753,-18.165848,-17.723132,-17.710506,-17.931247,-18.050186,-18.204167,-18.472439,-18.382846,-18.315279],"drift":[0.1012372,0.1012372,0.1012372,0.1012372,0.1012372,0.1012372,0.1012372,0.1012372,0.1012372,0.1012372,0.1012372,0.1012372,0.1012372,0.1012372,0.1012372,0.1012372,0.1012372,0.1012372,0.1012372,0.1012372,0.1012372,0.1012372,0.10123721,0.10123721,0.10123721,0.10123721,0.10123721,0.10123721,0.10123721,0.10123721,0.10123721,0.10123721,0.10123721,0.10123721,0.10123721,0.10123722,0.10123722,0.10123722,0.10123722,0.10123722,0.10123722,0.10123722,0.10123722,0.10123722,0.10123723,0.10123723,0.10123723,0.10123723,0.10123723,0.10123723,0.10123723,0.10123723,0.10123724,0.10123724,0.10123724,0.10123724,0.10123724,0.10123724,0.10123725,0.10123725,0.10123725,0.10123725,0.10123725,0.10123725,0.10123726,0.10123726,0.10123726,0.10123726,0.10123726,0.10123726,0.10123727,0.10123727,0.10123727,0.10123727,0.10123727,0.10123728,0.10123728,0.10123728,0.10123728,0.10123729,0.10123729,0.10123729,0.10123729,0.10123729,0.1012373,0.1012373,0.1012373,0.1012373,0.10123731,0.10123731,0.10123731,0.10123731,0.10123732,0.10123732,0.10123732,0.10123732,0.10123733,0.10123733,0.10123733,0.10123733,0.10123734,0.10123734,0.10123734,0.10123735,0.10123735,0.10123735,0.10123735,0.10123736,0.10123736,0.10123736,0.10123737,0.10123737,0.10123737,0.10123738,0.10123738,0.10123738,0.10123738,0.10123739,0.10123739,0.10123739,0.1012374,0.1012374,0.1012374,0.10123741,0.10123741,0.10123741,0.10123742,0.10123742,0.10123742,0.10123743,0.10123743,0.10123744,0.10123744,0.10123744,0.10123745,0.10123745,0.10123745,0.10123746,0.10123746,0.10123747,0.10123747,0.10123747,0.10123748,0.10123748,0.10123748,0.10123749,0.10123749,0.1012375,0.1012375,0.1012375,0.10123751,0.10123751,0.10123752,0.10123752,0.10123753,0.10123753,0.10123753,0.10123754,0.10123754,0.10123755,0.10123755,0.10123756,0.10123756,0.10123756,0.10123757,0.10123757,0.10123758,0.10123758,0.10123759,0.10123759,0.1012376,0.1012376,0.10123761,0.10123761,0.10123762,0.10123762,0.10123763,0.10123763,0.10123764,0.10123764,0.10123764,0.10123765,0.10123765,0.10123766,0.10123766,0.10123748,0.10123771,0.10123798,0.10123829,0.10123847,0.10123853,0.10123743,0.10123691,0.10123777,0.10123862,0.10123952,0.10124097,0.10124229,0.10124352,0.10124323,0.10124183,0.10123993,0.10123815,0.10123685,0.10123587,0.10123526,0.1012352,0.10123515,0.10123515],"instab":[null,null,null,null,null,null,null,null,null,null,null,null,null,null,null,null,null,null,null,null,null,null,null,null,null,null,null,null,null,null,null,null,null,null,null,null,null,null,null,null,null,null,null,null,null,null,null,null,null,null,null,null,null,null,null,null,null,null,null,null,null,null,null,null,null,null,null,null,null,null,null,null,null,null,null,null,null,null,null,null,null,null,null,null,null,null,null,null,null,null,null,null,null,null,null,null,null,null,null,null,null,null,null,null,null,null,null,null,null,null,null,null,null,null,null,null,null,null,null,null,null,null,null,null,null,null,null,null,null,null,null,null,null,null,null,null,null,null,null,null,null,null,null,null,null,null,null,null,null,null,null,null,null,null,null,null,null,null,null,null,null,null,null,null,null,null,null,null,null,null,null,null,null,null,null,null,null,null,null,null,null,null,null,null,null,null,null,null,null,null,9.296029,8.840931,8.138355,7.534903,7.114929,6.768663,6.42949,6.167769,5.911591,5.780201,5.632871,5.470286,5.303164,5.145199,1.399452,1.387332,1.352011,1.313976,1.314068],