{"word":"codelets","years":[1800,1801,1802,1803,1804,1805,1806,1807,1808,1809,1810,1811,1812,1813,1814,1815,1816,1817,1818,1819,1820,1821,1822,1823,1824,1825,1826,1827,1828,1829,1830,1831,1832,1833,1834,1835,1836,1837,1838,1839,1840,1841,1842,1843,1844,1845,1846,1847,1848,1849,1850,1851,1852,1853,1854,1855,1856,1857,1858,1859,1860,1861,1862,1863,1864,1865,1866,1867,1868,1869,1870,1871,1872,1873,1874,1875,1876,1877,1878,1879,1880,1881,1882,1883,1884,1885,1886,1887,1888,1889,1890,1891,1892,1893,1894,1895,1896,1897,1898,1899,1900,1901,1902,1903,1904,1905,1906,1907,1908,1909,1910,1911,1912,1913,1914,1915,1916,1917,1918,1919,1920,1921,1922,1923,1924,1925,1926,1927,1928,1929,1930,1931,1932,1933,1934,1935,1936,1937,1938,1939,1940,1941,1942,1943,1944,1945,1946,1947,1948,1949,1950,1951,1952,1953,1954,1955,1956,1957,1958,1959,1960,1961,1962,1963,1964,1965,1966,1967,1968,1969,1970,1971,1972,1973,1974,1975,1976,1977,1978,1979,1980,1981,1982,1983,1984,1985,1986,1987,1988,1989,1990,1991,1992,1993,1994,1995,1996,1997,1998,1999,2000,2001,2002,2003,2004,2005,2006,2007,2008],"level":[-22.345186,-22.328254,-22.311323,-22.294392,-22.277461,-22.26053,-22.243599,-22.226667,-22.209736,-22.192805,-22.175874,-22.158943,-22.142012,-22.12508,-22.108149,-22.091218,-22.074287,-22.057356,-22.040425,-22.023493,-22.006562,-21.989631,-21.9727,-21.955769,-21.938838,-21.921906,-21.904975,-21.888044,-21.871113,-21.854182,-21.83725,-21.820319,-21.803388,-21.786457,-21.769526,-21.752595,-21.735663,-21.718732,-21.701801,-21.68487,-21.667939,-21.651008,-21.634076,-21.617145,-21.600214,-21.583283,-21.566352,-21.549421,-21.532489,-21.515558,-21.498627,-21.481696,-21.464765,-21.447834,-21.430902,-21.413971,-21.39704,-21.380109,-21.363178,-21.346247,-21.329315,-21.312384,-21.295453,-21.278522,-21.261591,-21.244659,-21.227728,-21.210797,-21.193866,-21.176935,-21.160004,-21.143072,-21.126141,-21.10921,-21.092279,-21.075348,-21.058417,-21.041485,-21.024554,-21.007623,-20.990692,-20.973761,-20.95683,-20.939898,-20.922967,-20.906036,-20.889105,-20.872174,-20.855243,-20.838311,-20.82138,-20.804449,-20.787518,-20.770587,-20.753655,-20.736724,-20.719793,-20.702862,-20.685931,-20.669,-20.652068,-20.635137,-20.618206,-20.601275,-20.584344,-20.567412,-20.550481,-20.53355,-20.516619,-20.499688,-20.482757,-20.465825,-20.448894,-20.431963,-20.415032,-20.398101,-20.38117,-20.364238,-20.347307,-20.330376,-20.313445,-20.296514,-20.279583,-20.262651,-20.24572,-20.228789,-20.211858,-20.194927,-20.177996,-20.161064,-20.144133,-20.127202,-20.110271,-20.09334,-20.076408,-20.059477,-20.042546,-20.025615,-20.008684,-19.991753,-19.974821,-19.95789,-19.940959,-19.924028,-19.907097,-19.890166,-19.873234,-19.856303,-19.839372,-19.822441,-19.80551,-19.788579,-19.771647,-19.754716,-19.737785,-19.720854,-19.703923,-19.686992,-19.67006,-19.653129,-19.636198,-19.619267,-19.602336,-19.585404,-19.568473,-19.551542,-19.534611,-19.51768,-19.500749,-19.483817,-19.466886,-19.449955,-19.433024,-19.416093,-19.399162,-19.38223,-19.365299,-19.348368,-19.331437,-19.314506,-19.297574,-19.280643,-19.263712,-19.246781,-19.22985,-19.212919,-19.195987,-19.179056,-19.162125,-19.145194,-19.128263,-19.111332,-19.0944,-19.077469,-19.060538,-19.043607,-19.026676,-19.009744,-18.992813,-18.975882,-18.958951,-18.94202,-18.925089,-18.908157,-18.891226,-18.874295,-18.857364,-18.840433,-18.823502],"drift":[0.01693117,0.01693117,0.01693117,0.01693117,0.01693117,0.01693117,0.01693117,0.01693117,0.01693117,0.01693117,0.01693117,0.01693117,0.01693117,0.01693117,0.01693117,0.01693117,0.01693117,0.01693117,0.01693117,0.01693117,0.01693117,0.01693117,0.01693117,0.01693117,0.01693117,0.01693117,0.01693117,0.01693117,0.01693117,0.01693117,0.01693117,0.01693117,0.01693117,0.01693117,0.01693117,0.01693117,0.01693117,0.01693117,0.01693117,0.01693117,0.01693117,0.01693117,0.01693117,0.01693117,0.01693117,0.01693117,0.01693117,0.01693117,0.01693117,0.01693117,0.01693117,0.01693117,0.01693117,0.01693117,0.01693117,0.01693117,0.01693117,0.01693117,0.01693117,0.01693117,0.01693117,0.01693117,0.01693117,0.01693117,0.01693117,0.01693117,0.01693117,0.01693117,0.01693117,0.01693117,0.01693117,0.01693117,0.01693117,0.01693117,0.01693117,0.01693117,0.01693117,0.01693117,0.01693117,0.01693117,0.01693117,0.01693117,0.01693117,0.01693117,0.01693117,0.01693117,0.01693117,0.01693117,0.01693117,0.01693117,0.01693117,0.01693117,0.01693117,0.01693117,0.01693117,0.01693117,0.01693117,0.01693117,0.01693117,0.01693117,0.01693117,0.01693117,0.01693117,0.01693117,0.01693117,0.01693117,0.01693117,0.01693117,0.01693117,0.01693117,0.01693117,0.01693117,0.01693117,0.01693117,0.01693117,0.01693117,0.01693117,0.01693117,0.01693117,0.01693117,0.01693117,0.01693117,0.01693117,0.01693117,0.01693117,0.01693117,0.01693117,0.01693117,0.01693117,0.01693117,0.01693117,0.01693117,0.01693117,0.01693117,0.01693117,0.01693117,0.01693117,0.01693117,0.01693117,0.01693117,0.01693117,0.01693117,0.01693117,0.01693117,0.01693117,0.01693117,0.01693117,0.01693117,0.01693117,0.01693117,0.01693117,0.01693117,0.01693117,0.01693117,0.01693117,0.01693117,0.01693117,0.01693117,0.01693117,0.01693117,0.01693117,0.01693117,0.01693117,0.01693117,0.01693117,0.01693117,0.01693117,0.01693117,0.01693117,0.01693117,0.01693117,0.01693117,0.01693117,0.01693117,0.01693117,0.01693117,0.01693117,0.01693117,0.01693117,0.01693117,0.01693117,0.01693118,0.01693118,0.01693118,0.01693118,0.01693118,0.01693118,0.01693118,0.01693118,0.01693118,0.01693118,0.01693118,0.01693118,0.01693118,0.01693118,0.01693118,0.01693118,0.01693118,0.01693118,0.01693118,0.01693118,0.01693118,0.01693118,0.01693118,0.01693118,0.01693118,0.01693118,0.01693118,0.01693118],"instab":[null,null,null,null,null,null,null,null,null,null,null,null,null,null,null,null,null,null,null,null,null,null,null,null,null,null,null,null,null,null,null,null,null,null,null,null,null,null,null,null,null,null,null,null,null,null,null,null,null,null,null,null,null,null,null,null,null,null,null,null,null,null,null,null,null,null,null,null,null,null,null,null,null,null,null,null,null,null,null,null,null,null,null,null,null,null,null,null,null,null,null,null,null,null,null,null,null,null,null,null,null,null,null,null,null,null,null,null,null,null,null,null,null,null,null,null,null,null,null,null,null,null,null,null,null,null,null,null,null,null,null,null,null,null,null,null,null,null,null,null,null,null,null,null,null,null,null,null,null,null,null,null,null,null,null,null,null,null,null,null,null,null,null,null,null,null,null,null,null,null,null,null,null,null,null,null,null,null,null,null,null,null,null,null,null,null,null,null,null,null,null,null,8.912806,8.912806,8.017755,7.319381,6.874302,6.539486,6.260814,6.074342,5.79407,5.570377,5.36777,5.180672,5.03391,4.877763,1.537553,1.505922,1.495744],