{"word":"cofilin","years":[1800,1801,1802,1803,1804,1805,1806,1807,1808,1809,1810,1811,1812,1813,1814,1815,1816,1817,1818,1819,1820,1821,1822,1823,1824,1825,1826,1827,1828,1829,1830,1831,1832,1833,1834,1835,1836,1837,1838,1839,1840,1841,1842,1843,1844,1845,1846,1847,1848,1849,1850,1851,1852,1853,1854,1855,1856,1857,1858,1859,1860,1861,1862,1863,1864,1865,1866,1867,1868,1869,1870,1871,1872,1873,1874,1875,1876,1877,1878,1879,1880,1881,1882,1883,1884,1885,1886,1887,1888,1889,1890,1891,1892,1893,1894,1895,1896,1897,1898,1899,1900,1901,1902,1903,1904,1905,1906,1907,1908,1909,1910,1911,1912,1913,1914,1915,1916,1917,1918,1919,1920,1921,1922,1923,1924,1925,1926,1927,1928,1929,1930,1931,1932,1933,1934,1935,1936,1937,1938,1939,1940,1941,1942,1943,1944,1945,1946,1947,1948,1949,1950,1951,1952,1953,1954,1955,1956,1957,1958,1959,1960,1961,1962,1963,1964,1965,1966,1967,1968,1969,1970,1971,1972,1973,1974,1975,1976,1977,1978,1979,1980,1981,1982,1983,1984,1985,1986,1987,1988,1989,1990,1991,1992,1993,1994,1995,1996,1997,1998,1999,2000,2001,2002,2003,2004,2005,2006,2007,2008],"level":[-39.460542,-39.353395,-39.246247,-39.1391,-39.031952,-38.924805,-38.817658,-38.71051,-38.603363,-38.496215,-38.389068,-38.281921,-38.174773,-38.067626,-37.960479,-37.853331,-37.746184,-37.639036,-37.531889,-37.424742,-37.317594,-37.210447,-37.103299,-36.996152,-36.889005,-36.781857,-36.67471,-36.567562,-36.460415,-36.353268,-36.24612,-36.138973,-36.031826,-35.924678,-35.817531,-35.710383,-35.603236,-35.496089,-35.388941,-35.281794,-35.174646,-35.067499,-34.960352,-34.853204,-34.746057,-34.638909,-34.531762,-34.424615,-34.317467,-34.21032,-34.103173,-33.996025,-33.888878,-33.78173,-33.674583,-33.567436,-33.460288,-33.353141,-33.245993,-33.138846,-33.031699,-32.924551,-32.817404,-32.710256,-32.603109,-32.495962,-32.388814,-32.281667,-32.17452,-32.067372,-31.960225,-31.853077,-31.74593,-31.638783,-31.531635,-31.424488,-31.31734,-31.210193,-31.103046,-30.995898,-30.888751,-30.781603,-30.674456,-30.567309,-30.460161,-30.353014,-30.245866,-30.138719,-30.031572,-29.924424,-29.817277,-29.71013,-29.602982,-29.495835,-29.388687,-29.28154,-29.174393,-29.067245,-28.960098,-28.85295,-28.745803,-28.638656,-28.531508,-28.424361,-28.317213,-28.210066,-28.102919,-27.995771,-27.888624,-27.781476,-27.674329,-27.567182,-27.460034,-27.352887,-27.245739,-27.138592,-27.031445,-26.924297,-26.81715,-26.710002,-26.602855,-26.495708,-26.38856,-26.281413,-26.174266,-26.067118,-25.959971,-25.852823,-25.745676,-25.638529,-25.531381,-25.424234,-25.317086,-25.209939,-25.102792,-24.995644,-24.888497,-24.781349,-24.674202,-24.567055,-24.459907,-24.35276,-24.245612,-24.138465,-24.031318,-23.92417,-23.817023,-23.709875,-23.602728,-23.495581,-23.388433,-23.281286,-23.174138,-23.066991,-22.959844,-22.852696,-22.745549,-22.638401,-22.531254,-22.424107,-22.316959,-22.209812,-22.102664,-21.995517,-21.88837,-21.781222,-21.674075,-21.566927,-21.45978,-21.352633,-21.245485,-21.138338,-21.03119,-20.924043,-20.816895,-20.709748,-20.602601,-20.495453,-20.388306,-20.281158,-20.174011,-20.066864,-19.959716,-19.852569,-19.745421,-19.638274,-19.531127,-19.82777,-20.041515,-19.846024,-19.857362,-19.8687,-20.21092,-20.137064,-19.849581,-19.44414,-19.129963,-18.713821,-18.397012,-18.178514,-17.996397,-17.841312,-17.646826,-17.512977,-17.406837,-17.386824,-17.275188,-17.181762,-17.17182],"drift":[0.10715719,0.10715719,0.10715719,0.10715719,0.10715719,0.10715719,0.10715719,0.10715719,0.10715719,0.10715719,0.10715719,0.10715719,0.10715719,0.10715719,0.10715719,0.10715719,0.10715719,0.10715719,0.10715719,0.10715719,0.10715719,0.10715719,0.10715719,0.10715719,0.10715719,0.10715719,0.10715719,0.10715719,0.10715719,0.10715719,0.10715719,0.10715719,0.10715719,0.10715719,0.10715719,0.10715719,0.10715719,0.10715719,0.10715719,0.10715719,0.10715719,0.10715719,0.10715719,0.10715719,0.10715719,0.10715719,0.10715719,0.10715719,0.10715719,0.10715719,0.10715719,0.10715719,0.10715719,0.10715719,0.10715719,0.10715719,0.10715719,0.10715719,0.10715719,0.10715719,0.10715719,0.10715719,0.10715719,0.10715719,0.10715719,0.10715719,0.10715719,0.10715719,0.10715719,0.10715719,0.10715719,0.10715719,0.10715719,0.10715719,0.10715719,0.10715719,0.10715719,0.10715719,0.10715719,0.10715719,0.10715719,0.10715719,0.10715719,0.10715719,0.10715719,0.10715719,0.10715719,0.10715719,0.10715719,0.10715719,0.10715719,0.10715719,0.10715719,0.10715719,0.10715719,0.10715719,0.10715719,0.10715719,0.10715719,0.10715719,0.10715719,0.10715719,0.10715719,0.10715719,0.10715719,0.10715719,0.10715719,0.10715719,0.10715719,0.10715719,0.1071572,0.1071572,0.1071572,0.1071572,0.1071572,0.1071572,0.1071572,0.1071572,0.1071572,0.1071572,0.1071572,0.1071572,0.1071572,0.1071572,0.1071572,0.1071572,0.1071572,0.1071572,0.1071572,0.1071572,0.1071572,0.1071572,0.1071572,0.1071572,0.1071572,0.1071572,0.1071572,0.1071572,0.1071572,0.1071572,0.1071572,0.1071572,0.1071572,0.1071572,0.1071572,0.1071572,0.1071572,0.1071572,0.1071572,0.1071572,0.1071572,0.1071572,0.1071572,0.1071572,0.1071572,0.1071572,0.1071572,0.1071572,0.1071572,0.1071572,0.1071572,0.1071572,0.1071572,0.1071572,0.1071572,0.1071572,0.1071572,0.1071572,0.1071572,0.1071572,0.1071572,0.1071572,0.10715721,0.10715721,0.10715721,0.10715721,0.10715721,0.10715721,0.10715721,0.10715721,0.10715721,0.10715721,0.10715721,0.10715721,0.10715721,0.10715721,0.10715721,0.10715727,0.10715736,0.10715743,0.10715752,0.10715762,0.10715778,0.10715794,0.10715808,0.10715818,0.10715826,0.1071583,0.10715832,0.10715832,0.10715832,0.10715831,0.10715829,0.10715827,0.10715825,0.10715823,0.10715822,0.10715821,0.10715821],"instab":[null,null,null,null,null,null,null,null,null,null,null,null,null,null,null,null,null,null,null,null,null,null,null,null,null,null,null,null,null,null,null,null,null,null,null,null,null,null,null,null,null,null,null,null,null,null,null,null,null,null,null,null,null,null,null,null,null,null,null,null,null,null,null,null,null,null,null,null,null,null,null,null,null,null,null,null,null,null,null,null,null,null,null,null,null,null,null,null,null,null,null,null,null,null,null,null,null,null,null,null,null,null,null,null,null,null,null,null,null,null,null,null,null,null,null,null,null,null,null,null,null,null,null,null,null,null,null,null,null,null,null,null,null,null,null,null,null,null,null,null,null,null,null,null,null,null,null,null,null,null,null,null,null,null,null,null,null,null,null,null,null,null,null,null,null,null,null,null,null,null,null,null,null,null,null,null,null,null,null,null,null,null,null,null,null,null,null,null,null,null,null,9.144527,8.198056,7.537803,7.066628,6.738838,6.380225,6.114924,5.861378,5.621012,5.405298,5.209398,5.03827,4.879774,4.736752,4.604991,1.973618,1.802002,1.840166],