{"word":"coframe","years":[1800,1801,1802,1803,1804,1805,1806,1807,1808,1809,1810,1811,1812,1813,1814,1815,1816,1817,1818,1819,1820,1821,1822,1823,1824,1825,1826,1827,1828,1829,1830,1831,1832,1833,1834,1835,1836,1837,1838,1839,1840,1841,1842,1843,1844,1845,1846,1847,1848,1849,1850,1851,1852,1853,1854,1855,1856,1857,1858,1859,1860,1861,1862,1863,1864,1865,1866,1867,1868,1869,1870,1871,1872,1873,1874,1875,1876,1877,1878,1879,1880,1881,1882,1883,1884,1885,1886,1887,1888,1889,1890,1891,1892,1893,1894,1895,1896,1897,1898,1899,1900,1901,1902,1903,1904,1905,1906,1907,1908,1909,1910,1911,1912,1913,1914,1915,1916,1917,1918,1919,1920,1921,1922,1923,1924,1925,1926,1927,1928,1929,1930,1931,1932,1933,1934,1935,1936,1937,1938,1939,1940,1941,1942,1943,1944,1945,1946,1947,1948,1949,1950,1951,1952,1953,1954,1955,1956,1957,1958,1959,1960,1961,1962,1963,1964,1965,1966,1967,1968,1969,1970,1971,1972,1973,1974,1975,1976,1977,1978,1979,1980,1981,1982,1983,1984,1985,1986,1987,1988,1989,1990,1991,1992,1993,1994,1995,1996,1997,1998,1999,2000,2001,2002,2003,2004,2005,2006,2007,2008],"level":[-31.849647,-31.792927,-31.736207,-31.679487,-31.622766,-31.566045,-31.509323,-31.452601,-31.395879,-31.339155,-31.282431,-31.225706,-31.168979,-31.112252,-31.055523,-30.998793,-30.942062,-30.885329,-30.828595,-30.771859,-30.715121,-30.658381,-30.60164,-30.544896,-30.48815,-30.431402,-30.374652,-30.317899,-30.261143,-30.204385,-30.147625,-30.090861,-30.034095,-29.977326,-29.920553,-29.863777,-29.806999,-29.750216,-29.693431,-29.636641,-29.579849,-29.523052,-29.466251,-29.409447,-29.352639,-29.295826,-29.23901,-29.182189,-29.125363,-29.068533,-29.011699,-28.95486,-28.898016,-28.841168,-28.784314,-28.727455,-28.670591,-28.613722,-28.556848,-28.499968,-28.443083,-28.386192,-28.329296,-28.272393,-28.215485,-28.158571,-28.101651,-28.044724,-27.987792,-27.930853,-27.873907,-27.816955,-27.759997,-27.703032,-27.64606,-27.589081,-27.532094,-27.475101,-27.418101,-27.361094,-27.304079,-27.247056,-27.190026,-27.132989,-27.075943,-27.01889,-26.961829,-26.90476,-26.847683,-26.790597,-26.733503,-26.676401,-26.619291,-26.562171,-26.505044,-26.447907,-26.390761,-26.333607,-26.276443,-26.219271,-26.162089,-26.104897,-26.047697,-25.990486,-25.933267,-25.876037,-25.818798,-25.761549,-25.704289,-25.64702,-25.589741,-25.532451,-25.475151,-25.417841,-25.36052,-25.303188,-25.245845,-25.188492,-25.131128,-25.073753,-25.016367,-24.958969,-24.901561,-24.84414,-24.786709,-24.729266,-24.671811,-24.614344,-24.556866,-24.499376,-24.441873,-24.384359,-24.326832,-24.269293,-24.211741,-24.154177,-24.096601,-24.039011,-23.981409,-23.923795,-23.866167,-23.808526,-23.750872,-23.693204,-23.635524,-23.577829,-23.520122,-23.4624,-23.404666,-23.346917,-23.289154,-23.231377,-23.173587,-23.115782,-23.057962,-23.000129,-22.942281,-22.884418,-22.826541,-22.768649,-22.710742,-22.65282,-22.594883,-22.536931,-22.478964,-22.420982,-22.362984,-22.304971,-22.246942,-22.188897,-22.130837,-22.072761,-22.014669,-21.956561,-21.898436,-21.840296,-21.782139,-21.723966,-21.626625,-21.5295,-21.223408,-21.393468,-21.244136,-21.410174,-21.215992,-21.022481,-20.490577,-20.685905,-20.884144,-20.796643,-20.857365,-19.925614,-19.132964,-18.276573,-18.211502,-17.829176,-18.555233,-19.07121,-19.598771,-20.237214,-20.121187,-20.01387,-20.420456,-20.894085,-21.159572,-21.043643,-21.367228,-21.644105,-21.927157],"drift":[0.05673581,0.0567359,0.05673609,0.05673637,0.05673674,0.05673721,0.05673777,0.05673842,0.05673917,0.05674001,0.05674094,0.05674197,0.05674309,0.0567443,0.05674561,0.05674701,0.0567485,0.05675009,0.05675177,0.05675354,0.05675541,0.05675737,0.05675942,0.05676156,0.0567638,0.05676614,0.05676856,0.05677108,0.05677369,0.0567764,0.0567792,0.05678209,0.05678508,0.05678815,0.05679133,0.05679459,0.05679795,0.0568014,0.05680495,0.05680859,0.05681232,0.05681614,0.05682006,0.05682407,0.05682818,0.05683238,0.05683667,0.05684106,0.05684553,0.05685011,0.05685477,0.05685953,0.05686438,0.05686932,0.05687436,0.05687949,0.05688472,0.05689004,0.05689545,0.05690095,0.05690655,0.05691224,0.05691803,0.0569239,0.05692988,0.05693594,0.0569421,0.05694835,0.05695469,0.05696113,0.05696766,0.05697428,0.056981,0.05698781,0.05699472,0.05700171,0.0570088,0.05701599,0.05702327,0.05703064,0.0570381,0.05704566,0.05705331,0.05706105,0.05706889,0.05707682,0.05708484,0.05709296,0.05710117,0.05710947,0.05711787,0.05712636,0.05713494,0.05714362,0.05715239,0.05716125,0.05717021,0.05717926,0.0571884,0.05719764,0.05720697,0.05721639,0.05722591,0.05723552,0.05724522,0.05725501,0.0572649,0.05727489,0.05728496,0.05729513,0.0573054,0.05731575,0.0573262,0.05733674,0.05734738,0.05735811,0.05736893,0.05737985,0.05739085,0.05740196,0.05741315,0.05742444,0.05743582,0.0574473,0.05745887,0.05747053,0.05748229,0.05749413,0.05750608,0.05751811,0.05753024,0.05754246,0.05755478,0.05756718,0.05757969,0.05759228,0.05760497,0.05761775,0.05763063,0.05764359,0.05765666,0.05766981,0.05768306,0.0576964,0.05770983,0.05772336,0.05773698,0.0577507,0.05776451,0.05777841,0.0577924,0.05780649,0.05782067,0.05783494,0.05784931,0.05786377,0.05787833,0.05789297,0.05790772,0.05792255,0.05793748,0.0579525,0.05796761,0.05798282,0.05799812,0.05801351,0.058029,0.05804458,0.05806025,0.05807602,0.05809188,0.05810784,0.05812388,0.05814002,0.05815626,0.05817258,0.058189,0.05820552,0.05798961,0.05754128,0.05561683,0.05503266,0.05388845,0.05405036,0.05338005,0.05187751,0.04752414,0.04461304,0.04314422,0.04141197,0.04028629,0.03386628,0.02293993,0.00706379,-0.00915684,-0.02770246,-0.04210061,-0.05368446,-0.062454,-0.0678028,-0.07424334,-0.08176216,-0.08735187,-0.09064753,-0.09290483,-0.09640237,-0.0985507,-0.09963997,-0.09963997],"instab":[null,null,null,null,null,null,null,null,null,null,null,null,null,null,null,null,null,null,null,null,null,null,null,null,null,null,null,null,null,null,null,null,null,null,null,null,null,null,null,null,null,null,null,null,null,null,null,null,null,null,null,null,null,null,null,null,null,null,null,null,null,null,null,null,null,null,null,null,null,null,null,null,null,null,null,null,null,null,null,null,null,null,null,null,null,null,null,null,null,null,null,null,null,null,null,null,null,null,null,null,null,null,null,null,null,null,null,null,null,null,null,null,null,null,null,null,null,null,null,null,null,null,null,null,null,null,null,null,null,null,null,null,null,null,null,null,null,null,null,null,null,null,null,null,null,null,null,null,null,null,null,null,null,null,null,null,null,null,null,null,null,null,null,null,null,null,null,null,null,null,null,null,null,null,null,null,null,null,null,null,null,null,9.870681,8.919268,8.919268,8.260691,7.865061,7.865061,7.364844,6.993911,6.636427,6.431473,6.210766,6.058249,5.83889,5.692825,5.519022,1.49054,1.529975,1.653688,1.616379,1.604224,1.603975,1.607057,1.571913,1.593908,1.504804,1.462728,1.435048],