{"word":"collectivism","years":[1800,1801,1802,1803,1804,1805,1806,1807,1808,1809,1810,1811,1812,1813,1814,1815,1816,1817,1818,1819,1820,1821,1822,1823,1824,1825,1826,1827,1828,1829,1830,1831,1832,1833,1834,1835,1836,1837,1838,1839,1840,1841,1842,1843,1844,1845,1846,1847,1848,1849,1850,1851,1852,1853,1854,1855,1856,1857,1858,1859,1860,1861,1862,1863,1864,1865,1866,1867,1868,1869,1870,1871,1872,1873,1874,1875,1876,1877,1878,1879,1880,1881,1882,1883,1884,1885,1886,1887,1888,1889,1890,1891,1892,1893,1894,1895,1896,1897,1898,1899,1900,1901,1902,1903,1904,1905,1906,1907,1908,1909,1910,1911,1912,1913,1914,1915,1916,1917,1918,1919,1920,1921,1922,1923,1924,1925,1926,1927,1928,1929,1930,1931,1932,1933,1934,1935,1936,1937,1938,1939,1940,1941,1942,1943,1944,1945,1946,1947,1948,1949,1950,1951,1952,1953,1954,1955,1956,1957,1958,1959,1960,1961,1962,1963,1964,1965,1966,1967,1968,1969,1970,1971,1972,1973,1974,1975,1976,1977,1978,1979,1980,1981,1982,1983,1984,1985,1986,1987,1988,1989,1990,1991,1992,1993,1994,1995,1996,1997,1998,1999,2000,2001,2002,2003,2004,2005,2006,2007,2008,2009,2010,2011,2012,2013,2014,2015,2016,2017,2018,2019],"level":[-18.976974,-19.05031,-19.099508,-19.153661,-19.20724,-19.253526,-19.298735,-19.346448,-19.389663,-19.43455,-19.478484,-19.513089,-19.515762,-19.492016,-19.469396,-19.416938,-19.339065,-19.216553,-19.399362,-19.506229,-19.584496,-19.597194,-19.589846,-19.777407,-19.916368,-19.996034,-20.024988,-20.056329,-20.088515,-20.113714,-20.123747,-20.093155,-20.032589,-20.127596,-20.200541,-20.269471,-20.316931,-20.346051,-20.376464,-20.402685,-20.403717,-20.375533,-20.32947,-20.276522,-20.181051,-20.216342,-20.373215,-20.481486,-20.566147,-20.633143,-20.691738,-20.740431,-20.776121,-20.798113,-20.790085,-20.73462,-20.643626,-20.487991,-20.461606,-20.568352,-20.615499,-20.605194,-20.584084,-20.575953,-20.569767,-20.534795,-20.461186,-20.320527,-20.385755,-20.370475,-20.268246,-20.064045,-19.718433,-19.729588,-19.82088,-19.900953,-19.784865,-19.730791,-19.443645,-19.276478,-19.147929,-19.00287,-18.925133,-18.721243,-18.439685,-18.283449,-18.078487,-17.817983,-17.579825,-17.35339,-17.186353,-17.011704,-16.849084,-16.675472,-16.57121,-16.472247,-16.386245,-16.298201,-16.280456,-16.280136,-16.232045,-16.171957,-16.261602,-16.315684,-16.353414,-16.3605,-16.320119,-16.318632,-16.333744,-16.310473,-16.269964,-16.230828,-16.246083,-16.276685,-16.291285,-16.303121,-16.297982,-16.257292,-16.215841,-16.212317,-16.223697,-16.260716,-16.313201,-16.329306,-16.35196,-16.382855,-16.369483,-16.334356,-16.247942,-16.097899,-15.895296,-15.6738,-15.452472,-15.247141,-15.037822,-14.916598,-14.875102,-14.850194,-14.844944,-14.859536,-14.880685,-14.895596,-14.883218,-14.866323,-14.842059,-14.823142,-14.813223,-14.807863,-14.835955,-14.868099,-14.929566,-15.018139,-15.089706,-15.157497,-15.208296,-15.241619,-15.267695,-15.304575,-15.32534,-15.331914,-15.330075,-15.305449,-15.296233,-15.305314,-15.318395,-15.34795,-15.362775,-15.365716,-15.353576,-15.396507,-15.42803,-15.472967,-15.510331,-15.550513,-15.596605,-15.636306,-15.674466,-15.709081,-15.746111,-15.749597,-15.745027,-15.741133,-15.725748,-15.716038,-15.703145,-15.684869,-15.647402,-15.629875,-15.607812,-15.580143,-15.526165,-15.480506,-15.430061,-15.364012,-15.291493,-15.227301,-15.176039,-15.130032,-15.105326,-15.087316,-15.032032,-14.981542,-14.934876,-14.896821,-14.852001,-14.819197,-14.773828,-14.730573,-14.675861,-14.634125,-14.594048,-14.571517,-14.555396,-14.528177,-14.484071,-14.433677,-14.39704,-14.367652,-14.323145,-14.288781],"drift":[-0.03603762,-0.0358299,-0.03554773,-0.03516195,-0.03467361,-0.03412059,-0.03350583,-0.03281194,-0.03206011,-0.03123686,-0.03034288,-0.02942518,-0.02865646,-0.02817957,-0.02798559,-0.02823961,-0.02908457,-0.03077379,-0.03161632,-0.03203976,-0.03220577,-0.03248041,-0.03297686,-0.03261242,-0.03165571,-0.03043163,-0.02921578,-0.02798809,-0.02673703,-0.02549453,-0.02433813,-0.02348765,-0.02310528,-0.02232247,-0.02125774,-0.01992752,-0.01844397,-0.01690097,-0.01528271,-0.01360354,-0.01199438,-0.01060898,-0.00953919,-0.00881739,-0.00867639,-0.00838717,-0.00727102,-0.00559239,-0.00347342,-0.00100068,0.0017928,0.00486744,0.00816795,0.01163642,0.01512499,0.0183889,0.02124846,0.02335962,0.02545392,0.02828447,0.03153509,0.03490395,0.03834963,0.04196359,0.04577681,0.0496502,0.05339016,0.05664411,0.06057678,0.06476171,0.06873798,0.07195984,0.07365772,0.07582792,0.07892883,0.08291523,0.08671689,0.09070034,0.09358977,0.09606945,0.09836823,0.100407,0.10257201,0.10417278,0.10478567,0.10511204,0.10488232,0.10378594,0.10194123,0.0994032,0.09648851,0.09313854,0.08940162,0.08519573,0.08088366,0.0764709,0.07200506,0.06744989,0.06317154,0.05924322,0.055377,0.05148455,0.04837806,0.04584218,0.04377172,0.04198449,0.04020619,0.03864352,0.03738022,0.0361955,0.03498676,0.03375491,0.03279599,0.03219015,0.03184488,0.03174288,0.03178904,0.03178562,0.03172838,0.03182821,0.03216867,0.03289444,0.0340957,0.03557653,0.03738166,0.03956702,0.04189826,0.04426722,0.04640145,0.04795849,0.04865431,0.04838755,0.04715768,0.04504692,0.04202132,0.03855463,0.03507156,0.03164509,0.02836562,0.02532538,0.02254397,0.01997114,0.0174406,0.0149131,0.01233353,0.00971728,0.00709992,0.00449225,0.00206604,-0.00016965,-0.00206397,-0.00347652,-0.00450986,-0.00519078,-0.00561771,-0.00589035,-0.00605057,-0.0060391,-0.00594561,-0.00584863,-0.00579446,-0.00590971,-0.00610919,-0.00629213,-0.00643725,-0.00645363,-0.00642339,-0.00641254,-0.00650502,-0.00639463,-0.0061443,-0.00567794,-0.0050351,-0.00419653,-0.00312465,-0.00184907,-0.00037126,0.00129724,0.0031792,0.00509828,0.0070203,0.00895973,0.01086337,0.01277344,0.01468284,0.01657224,0.01834526,0.02012285,0.02188962,0.02362422,0.02518977,0.02664133,0.02796032,0.02906719,0.02993207,0.03060616,0.03116522,0.03164162,0.03215664,0.03275045,0.03321876,0.03359089,0.03389021,0.03416633,0.03438312,0.03460871,0.03477437,0.0348928,0.03490085,0.03487084,0.03481183,0.03482122,0.03493476,0.03509126,0.03519756,0.03521922,0.03523299,0.03527932,0.03527425,0.03527425],"instab":[null,null,null,null,8.435973,7.702623,7.131901,6.668172,6.286401,5.962361,5.682327,5.436048,5.222315,5.036916,4.865827,4.712867,4.572655,4.50039,4.373792,4.258108,0.601697,0.59194,0.636869,0.66953,0.689303,0.695492,0.695372,0.695458,0.695293,0.69526,0.695749,0.695482,0.744207,0.747969,0.749069,0.750371,0.750555,0.547671,0.502716,0.494053,0.479853,0.480592,0.390448,0.348394,0.39755,0.39883,0.443059,0.456293,0.462286,0.464213,0.464436,0.465382,0.376144,0.369959,0.369438,0.367291,0.366284,0.467549,0.499643,0.527159,0.538978,0.53888,0.538466,0.538436,0.478244,0.456235,0.42615,0.548708,0.571053,0.58094,0.58368,0.584597,0.887796,0.884767,0.896819,0.97178,0.97835,0.986041,1.024402,1.016194,1.007747,1.013061,1.031272,1.031644,1.065147,1.065152,1.063302,1.016868,0.998029,0.989443,0.98303,0.977574,0.737225,0.740802,0.726637,0.616883,0.617667,0.514325,0.44358,0.47423,0.483685,0.485992,0.50045,0.522968,0.448479,0.463095,0.464338,0.438505,0.429232,0.389826,0.387654,0.391444,0.389565,0.35949,0.358712,0.357288,0.357564,0.346054,0.361809,0.347127,0.348356,0.288239,0.253739,0.237379,0.217619,0.206178,0.197448,0.197927,0.182809,0.191029,0.230347,0.266091,0.308551,0.315583,0.371847,0.379245,0.369674,0.37202,0.374862,0.382523,0.393339,0.405381,0.391569,0.393728,0.393369,0.379768,0.37945,0.373509,0.376869,0.37818,0.370069,0.363798,0.336329,0.322111,0.216616,0.136757,0.138938,0.136993,0.137129,0.139762,0.136219,0.145883,0.158694,0.16077,0.16504,0.164895,0.164893,0.160146,0.19227,0.193301,0.193966,0.173738,0.164722,0.150173,0.141715,0.13965,0.139908,0.134814,0.140972,0.14151,0.143239,0.13471,0.134404,0.136013,0.135899,0.13218,0.145745,0.145371,0.118098,0.111183,0.122699,0.11862,0.117169,0.118833,0.12023,0.121743,0.117174,0.116848,0.089428,0.115623,0.115908,0.114396,0.113951,0.116267,0.116088,0.119448,0.112272,0.114831,0.115628,0.112306,0.107653,0.10907,0.117632,0.122393,0.114495,0.108359,0.1062,0.103019,0.104218,0.086468],