{"word":"collodio","years":[1800,1801,1802,1803,1804,1805,1806,1807,1808,1809,1810,1811,1812,1813,1814,1815,1816,1817,1818,1819,1820,1821,1822,1823,1824,1825,1826,1827,1828,1829,1830,1831,1832,1833,1834,1835,1836,1837,1838,1839,1840,1841,1842,1843,1844,1845,1846,1847,1848,1849,1850,1851,1852,1853,1854,1855,1856,1857,1858,1859,1860,1861,1862,1863,1864,1865,1866,1867,1868,1869,1870,1871,1872,1873,1874,1875,1876,1877,1878,1879,1880,1881,1882,1883,1884,1885,1886,1887,1888,1889,1890,1891,1892,1893,1894,1895,1896,1897,1898,1899,1900,1901,1902,1903,1904,1905,1906,1907,1908,1909,1910,1911,1912,1913,1914,1915,1916,1917,1918,1919,1920,1921,1922,1923,1924,1925,1926,1927,1928,1929,1930,1931,1932,1933,1934,1935,1936,1937,1938,1939,1940,1941,1942,1943,1944,1945,1946,1947,1948,1949,1950,1951,1952,1953,1954,1955,1956,1957,1958,1959,1960,1961,1962,1963,1964,1965,1966,1967,1968,1969,1970,1971,1972,1973,1974,1975,1976,1977,1978,1979,1980,1981,1982,1983,1984,1985,1986,1987,1988,1989,1990,1991,1992,1993,1994,1995,1996,1997,1998,1999,2000,2001,2002,2003,2004,2005,2006,2007,2008],"level":[-17.218636,-17.236424,-17.254212,-17.263974,-17.273735,-17.283496,-17.293258,-17.303019,-17.31278,-17.322542,-17.332303,-17.342064,-17.351826,-17.361587,-17.371348,-17.38111,-17.390871,-17.400633,-17.410394,-17.420155,-17.429917,-17.439678,-17.449439,-17.459201,-17.468962,-17.478723,-17.488485,-17.498246,-17.508008,-17.517769,-17.52753,-17.537292,-17.547053,-17.556814,-17.566576,-17.576337,-17.586098,-17.59586,-17.605621,-17.615383,-17.625144,-17.634905,-17.644667,-17.654428,-17.664189,-17.673951,-17.683712,-17.693474,-17.703235,-17.712996,-17.722758,-17.732519,-17.74228,-17.725069,-17.700977,-17.652523,-17.60407,-17.549152,-17.480321,-17.375529,-17.344788,-17.350453,-17.338122,-17.302898,-17.322543,-17.310246,-17.286931,-17.274426,-17.284931,-17.300654,-17.2974,-17.233014,-17.202996,-17.172978,-17.127039,-17.153477,-17.16724,-17.181003,-17.13126,-17.11076,-17.112961,-17.115162,-17.127191,-17.138304,-17.15163,-17.152049,-17.137054,-17.126567,-17.140969,-17.156552,-17.205344,-17.218105,-17.25101,-17.306919,-17.362829,-17.429864,-17.460887,-17.513231,-17.563912,-17.610473,-17.665542,-17.729095,-17.80524,-17.883314,-17.961387,-18.065515,-18.205498,-18.360501,-18.445947,-18.512512,-18.53216,-18.533161,-18.601044,-18.650821,-18.721593,-18.795021,-18.821675,-18.803762,-18.785849,-18.782522,-18.779196,-18.778936,-18.753949,-18.687677,-18.652253,-18.616828,-18.568123,-18.557939,-18.588822,-18.619704,-18.636025,-18.685402,-18.747181,-18.80273,-18.881968,-18.961206,-19.001908,-19.027088,-19.076386,-19.101333,-19.113054,-19.104473,-19.138782,-19.145403,-19.152023,-19.178406,-19.265098,-19.303695,-19.32313,-19.345503,-19.389996,-19.434488,-19.469002,-19.502231,-19.53546,-19.56869,-19.636406,-19.704123,-19.771839,-19.874263,-19.964214,-20.054164,-20.117072,-20.151762,-20.186451,-20.216941,-20.247598,-20.247066,-20.226314,-20.181366,-20.181277,-20.121184,-20.049504,-19.962361,-19.96125,-19.934666,-19.895303,-19.858983,-19.822663,-19.821422,-19.870273,-19.91795,-20.000653,-20.0723,-20.165184,-20.280444,-20.395704,-20.510964,-20.631922,-20.694238,-20.755132,-20.836141,-20.950417,-21.010482,-21.081749,-21.152252,-21.173059,-21.162685,-21.132775,-21.102864,-21.131047,-21.176134,-21.193106,-21.178808,-21.164511,-21.129143,-21.08413,-20.98272,-20.91843],"drift":[-0.01778742,-0.01778742,-0.01778742,-0.01778742,-0.01778742,-0.01778742,-0.01778742,-0.01778742,-0.01778742,-0.01778742,-0.01778742,-0.01778742,-0.01778742,-0.01778742,-0.01778742,-0.01778742,-0.01778742,-0.01778742,-0.01778742,-0.01778742,-0.01778742,-0.01778742,-0.01778742,-0.01778742,-0.01778742,-0.01778742,-0.01778742,-0.01778742,-0.01778742,-0.01778742,-0.01778743,-0.01778743,-0.01778743,-0.01778743,-0.01778743,-0.01778743,-0.01778743,-0.01778743,-0.01778743,-0.01778743,-0.01778743,-0.01778743,-0.01778743,-0.01778743,-0.01778743,-0.01778743,-0.01778743,-0.01778743,-0.01778743,-0.01778743,-0.01778743,-0.01778743,-0.01778743,-0.01778743,-0.01778743,-0.01778743,-0.01778743,-0.01778743,-0.01778743,-0.01778743,-0.01778744,-0.01778744,-0.01778744,-0.01778744,-0.01778744,-0.01778744,-0.01778744,-0.01778744,-0.01778744,-0.01778744,-0.01778744,-0.01778744,-0.01778745,-0.01778745,-0.01778745,-0.01778745,-0.01778745,-0.01778745,-0.01778745,-0.01778745,-0.01778745,-0.01778746,-0.01778746,-0.01778746,-0.01778746,-0.01778746,-0.01778746,-0.01778746,-0.01778746,-0.01778747,-0.01778747,-0.01778747,-0.01778747,-0.01778747,-0.01778747,-0.01778747,-0.01778747,-0.01778747,-0.01778748,-0.01778748,-0.01778748,-0.01778748,-0.01778748,-0.01778748,-0.01778748,-0.01778748,-0.01778748,-0.01778748,-0.01778748,-0.01778748,-0.01778748,-0.01778749,-0.01778749,-0.01778749,-0.01778749,-0.01778749,-0.01778749,-0.01778749,-0.01778749,-0.01778749,-0.01778749,-0.01778749,-0.01778749,-0.01778749,-0.01778749,-0.01778749,-0.01778749,-0.01778749,-0.01778749,-0.01778749,-0.01778749,-0.0177875,-0.0177875,-0.0177875,-0.0177875,-0.0177875,-0.0177875,-0.0177875,-0.0177875,-0.0177875,-0.0177875,-0.0177875,-0.0177875,-0.0177875,-0.0177875,-0.0177875,-0.0177875,-0.0177875,-0.0177875,-0.0177875,-0.0177875,-0.0177875,-0.01778751,-0.01778751,-0.01778751,-0.01778751,-0.01778751,-0.01778751,-0.01778751,-0.01778751,-0.01778751,-0.01778751,-0.01778751,-0.01778751,-0.01778751,-0.01778751,-0.01778751,-0.01778751,-0.01778751,-0.01778751,-0.01778751,-0.01778751,-0.01778751,-0.01778751,-0.01778751,-0.01778751,-0.01778751,-0.01778751,-0.01778751,-0.01778751,-0.01778751,-0.01778751,-0.01778751,-0.01778751,-0.01778751,-0.01778751,-0.01778751,-0.01778751,-0.01778751,-0.01778751,-0.01778751,-0.01778751,-0.01778751,-0.01778751,-0.01778751,-0.01778751,-0.01778751,-0.01778751,-0.01778751,-0.01778751,-0.01778751,-0.01778751,-0.01778751,-0.01778751,-0.01778751,-0.01778751,-0.01778751,-0.01778751,-0.01778751],"instab":[null,null,null,null,null,null,null,null,null,null,null,null,null,null,null,null,null,null,null,null,null,null,null,null,null,null,null,null,null,null,null,null,null,null,null,null,null,null,null,null,null,null,null,null,null,null,null,null,null,null,null,null,null,null,null,null,null,155.613462,142.105373,131.407461,122.892157,115.91356,110.002225,104.846839,100.42326,96.497873,92.986327,89.827763,86.980733,84.398456,82.047487,79.845723,1.015744,1.017882,1.111792,1.098463,1.128844,1.227565,1.239708,1.083921,1.085125,1.075589,1.066126,0.992964,0.968699,0.973605,0.969805,0.970943,0.971297,0.971823,0.939481,0.896639,0.872928,0.896249,0.726259,0.789359,0.772423,0.648731,0.600031,0.570625,0.554549,0.550332,0.553753,0.569521,0.567326,0.567138,0.571491,0.808871,0.821814,0.82354,0.799994,0.937374,0.925371,0.914635,0.913159,0.924259,0.925328,0.95186,0.984847,1.010933,1.020116,1.015748,1.019289,1.073405,1.098124,1.089844,1.175513,1.053504,1.06354,0.995282,1.001284,0.897095,0.881202,0.881704,0.908747,0.897586,0.846326,0.82518,0.849157,0.82925,0.836852,0.879106,0.880556,0.849098,0.833364,0.903399,0.939995,0.890619,0.865602,0.874946,0.870605,0.871543,0.868359,0.886484,0.886484,0.84698,0.864896,0.882245,0.860168,0.89809,0.923468,0.910796,0.92589,0.92589,0.897438,0.737118,0.644518,0.637796,0.629434,0.787615,0.819826,0.829503,0.836522,1.135004,1.103239,1.080863,1.054931,1.054931,1.100805,1.125389,1.09436,1.048901,1.02684,0.997927,0.992758,1.018979,1.010938,1.022551,1.184687,1.135255,1.06825,1.071062,1.190445,0.954242,0.949046,1.01398,1.012734,0.982624,0.935161,0.991667,1.006265,0.982186,0.984357,1.004116,0.99431,0.972322,0.954963,1.077831,1.170762],