{"word":"colonialism","years":[1800,1801,1802,1803,1804,1805,1806,1807,1808,1809,1810,1811,1812,1813,1814,1815,1816,1817,1818,1819,1820,1821,1822,1823,1824,1825,1826,1827,1828,1829,1830,1831,1832,1833,1834,1835,1836,1837,1838,1839,1840,1841,1842,1843,1844,1845,1846,1847,1848,1849,1850,1851,1852,1853,1854,1855,1856,1857,1858,1859,1860,1861,1862,1863,1864,1865,1866,1867,1868,1869,1870,1871,1872,1873,1874,1875,1876,1877,1878,1879,1880,1881,1882,1883,1884,1885,1886,1887,1888,1889,1890,1891,1892,1893,1894,1895,1896,1897,1898,1899,1900,1901,1902,1903,1904,1905,1906,1907,1908,1909,1910,1911,1912,1913,1914,1915,1916,1917,1918,1919,1920,1921,1922,1923,1924,1925,1926,1927,1928,1929,1930,1931,1932,1933,1934,1935,1936,1937,1938,1939,1940,1941,1942,1943,1944,1945,1946,1947,1948,1949,1950,1951,1952,1953,1954,1955,1956,1957,1958,1959,1960,1961,1962,1963,1964,1965,1966,1967,1968,1969,1970,1971,1972,1973,1974,1975,1976,1977,1978,1979,1980,1981,1982,1983,1984,1985,1986,1987,1988,1989,1990,1991,1992,1993,1994,1995,1996,1997,1998,1999,2000,2001,2002,2003,2004,2005,2006,2007,2008,2009,2010,2011,2012,2013,2014,2015,2016,2017,2018,2019],"level":[-18.849352,-18.887332,-18.84565,-18.743742,-18.963487,-19.107586,-19.211625,-19.296798,-19.362716,-19.424789,-19.483762,-19.531172,-19.536542,-19.508651,-19.487326,-19.426035,-19.328422,-19.159519,-19.431072,-19.595662,-19.740373,-19.827835,-19.946229,-20.019749,-20.085326,-20.108068,-20.08598,-20.085083,-20.09444,-20.096201,-20.071793,-19.973648,-19.799242,-19.933035,-19.982239,-19.967973,-20.136879,-20.231604,-20.29925,-20.341644,-20.331668,-20.260231,-20.132455,-19.942535,-20.031639,-20.276669,-20.425416,-20.516132,-20.582408,-20.628847,-20.664341,-20.68089,-20.665626,-20.604175,-20.744699,-20.80608,-20.837159,-20.826351,-20.80769,-20.789048,-20.74334,-20.649527,-20.555457,-20.477423,-20.380401,-20.488998,-20.532193,-20.498428,-20.393562,-20.469693,-20.447226,-20.324699,-20.358515,-20.259954,-19.994525,-20.194569,-20.184011,-20.241378,-20.090871,-20.002809,-20.080184,-19.863333,-19.724294,-19.180996,-18.898205,-18.699912,-18.502182,-18.471444,-18.397966,-18.439516,-18.51498,-18.398162,-18.30515,-18.378015,-18.500472,-18.458263,-18.314442,-18.278796,-18.234011,-17.950784,-17.602958,-17.440193,-17.279508,-17.377516,-17.494307,-17.749916,-17.937389,-18.022925,-18.114726,-18.346832,-18.529224,-18.615031,-18.594375,-18.583245,-18.519383,-18.52338,-18.459126,-18.374175,-18.3485,-18.248778,-18.08098,-17.850919,-17.874704,-18.013303,-18.103822,-18.208265,-18.263623,-18.321799,-18.2228,-18.09853,-17.929078,-17.685718,-17.581019,-17.589977,-17.458773,-17.284064,-17.303479,-17.348917,-17.397442,-17.398521,-17.270225,-17.069226,-16.844976,-16.540128,-16.324435,-16.002383,-15.608133,-15.459072,-15.400078,-15.249567,-15.034735,-14.843811,-14.643332,-14.427276,-14.17158,-13.950209,-13.821847,-13.765186,-13.694538,-13.599881,-13.467995,-13.342794,-13.300848,-13.291577,-13.284498,-13.314429,-13.363992,-13.41861,-13.454103,-13.470881,-13.452881,-13.427372,-13.400721,-13.398246,-13.414041,-13.441257,-13.47841,-13.531792,-13.601908,-13.668256,-13.701402,-13.726832,-13.757947,-13.805194,-13.834467,-13.865554,-13.898588,-13.925667,-13.950659,-13.956761,-13.935579,-13.887929,-13.837323,-13.789736,-13.748192,-13.700681,-13.632921,-13.578173,-13.514581,-13.454719,-13.391956,-13.344455,-13.288173,-13.241538,-13.212603,-13.16489,-13.122848,-13.080557,-13.041009,-13.009155,-12.970656,-12.959782,-12.952339,-12.902049,-12.81192,-12.709248,-12.627001,-12.558408,-12.467387,-12.388292],"drift":[-0.01623253,-0.01621807,-0.01624211,-0.0163447,-0.01631206,-0.01619444,-0.01601842,-0.01579642,-0.01554109,-0.01525483,-0.01493949,-0.01460256,-0.01427177,-0.01396902,-0.01368973,-0.0134603,-0.01330473,-0.0132703,-0.01306414,-0.01275723,-0.01236258,-0.011918,-0.01140262,-0.01084594,-0.01025287,-0.00965149,-0.00907122,-0.00849757,-0.00792336,-0.00735324,-0.00680424,-0.00632502,-0.00596597,-0.00552193,-0.00504884,-0.00458859,-0.00401909,-0.00338928,-0.00271675,-0.00201783,-0.00132688,-0.00068432,-0.00012717,0.00030361,0.00079384,0.00144752,0.00220107,0.0030164,0.0038778,0.00477266,0.00569429,0.00663071,0.0075614,0.00845625,0.00945015,0.01049116,0.0115598,0.01262895,0.01369408,0.01475592,0.01579719,0.01678658,0.01772458,0.01862248,0.01946826,0.02039918,0.02137239,0.02233737,0.02324746,0.02422364,0.02520098,0.02611361,0.02706609,0.02797103,0.02871808,0.02961723,0.03052906,0.03149934,0.03239048,0.03324461,0.03417229,0.0349785,0.03571553,0.03611506,0.03635057,0.0364784,0.03649902,0.03652347,0.03652334,0.03657513,0.03670141,0.03677443,0.03681005,0.03691859,0.03713311,0.03734425,0.03748459,0.03762615,0.03776296,0.03773655,0.03750396,0.03718809,0.0367901,0.03648174,0.03627529,0.03626292,0.03639931,0.03661678,0.03691963,0.03740137,0.03802924,0.03873945,0.03946169,0.04020277,0.04092811,0.04168333,0.04242353,0.04313547,0.04385901,0.0445454,0.04514985,0.04563134,0.046159,0.04680949,0.0475513,0.04839418,0.04930603,0.05028936,0.05124029,0.05214267,0.05296705,0.05366483,0.05432868,0.05503462,0.0556899,0.05626605,0.05689252,0.05758703,0.05835209,0.05915667,0.05991528,0.06058009,0.06113606,0.06152999,0.06182142,0.06193981,0.06183726,0.0616767,0.06151793,0.06129998,0.06097996,0.06057353,0.06007407,0.05947091,0.05873727,0.05789549,0.05700686,0.05611846,0.0552204,0.05429612,0.05332025,0.05229658,0.0512798,0.05029095,0.04933083,0.04842341,0.04758114,0.04680683,0.04608724,0.04540945,0.04474988,0.04410311,0.04346794,0.04286002,0.04229111,0.04176841,0.04129819,0.04089093,0.04055747,0.04029509,0.04008155,0.03991156,0.0397888,0.03972392,0.0397049,0.03973296,0.0398094,0.03993032,0.04009441,0.04028921,0.04049671,0.04069946,0.04089562,0.04108734,0.04127874,0.04146601,0.04163579,0.04179685,0.04194343,0.04207808,0.04219899,0.04231637,0.04242446,0.04252975,0.04264409,0.04275505,0.04286648,0.0429783,0.0430924,0.04321397,0.04333868,0.04348497,0.04365523,0.04382108,0.04395613,0.04405215,0.04412277,0.04417712,0.04420032,0.04420032],"instab":[null,null,null,null,8.512764,7.717459,7.133235,6.670073,6.292528,5.972909,5.696605,5.453165,5.242014,5.058899,4.889,4.737096,4.597558,4.527688,4.400319,4.284392,0.833878,0.827943,0.823317,0.709669,0.616206,0.601123,0.602166,0.602306,0.602375,0.602381,0.603003,0.602545,0.708846,0.725038,0.729416,0.748189,0.765561,0.576545,0.524256,0.517294,0.505358,0.505601,0.499709,0.609944,0.608504,0.654031,0.66744,0.67032,0.671743,0.672115,0.671882,0.672093,0.543441,0.577516,0.589173,0.558927,0.541937,0.539604,0.538987,0.536594,0.535802,0.539675,0.54381,0.404113,0.46394,0.424338,0.413795,0.410494,0.45807,0.478307,0.483864,0.519628,0.540248,0.503871,0.719357,0.789018,0.787252,0.821874,0.830874,0.846317,0.906928,0.921799,0.962592,1.092902,1.089782,1.080913,1.088734,1.089661,1.078273,1.065919,1.097405,1.084975,1.077033,1.071315,0.978198,0.928122,0.935741,0.90241,0.927084,0.91431,0.899503,0.888477,0.853243,0.721186,0.697855,0.743947,0.744202,0.745852,0.737276,0.760169,0.752676,0.758854,0.731899,0.731928,0.711082,0.71022,0.68764,0.696944,0.674335,0.665645,0.559129,0.661542,0.591042,0.599189,0.596955,0.56732,0.53323,0.553192,0.550927,0.525583,0.491427,0.527642,0.542482,0.562125,0.557191,0.596623,0.597612,0.597468,0.602128,0.61871,0.618438,0.524851,0.522123,0.550673,0.546028,0.53329,0.643233,0.601823,0.618838,0.621506,0.622134,0.591922,0.584883,0.550792,0.553822,0.529328,0.524818,0.522741,0.509297,0.479474,0.475373,0.475595,0.480715,0.46445,0.468016,0.477841,0.321088,0.324876,0.324663,0.338232,0.326606,0.322376,0.316251,0.312321,0.278754,0.214208,0.182632,0.183675,0.188776,0.198442,0.185528,0.124055,0.11549,0.116649,0.111494,0.112264,0.110219,0.100895,0.094969,0.087529,0.08875,0.101094,0.109229,0.121231,0.12759,0.130637,0.146276,0.149274,0.148524,0.131846,0.134495,0.133028,0.135441,0.124645,0.120767,0.116283,0.107155,0.099598,0.083467,0.066945,0.058272,0.062121,0.086474,0.090755,0.092428,0.104367,0.10578,0.106193,0.110238,0.118152],