{"word":"combobox","years":[1800,1801,1802,1803,1804,1805,1806,1807,1808,1809,1810,1811,1812,1813,1814,1815,1816,1817,1818,1819,1820,1821,1822,1823,1824,1825,1826,1827,1828,1829,1830,1831,1832,1833,1834,1835,1836,1837,1838,1839,1840,1841,1842,1843,1844,1845,1846,1847,1848,1849,1850,1851,1852,1853,1854,1855,1856,1857,1858,1859,1860,1861,1862,1863,1864,1865,1866,1867,1868,1869,1870,1871,1872,1873,1874,1875,1876,1877,1878,1879,1880,1881,1882,1883,1884,1885,1886,1887,1888,1889,1890,1891,1892,1893,1894,1895,1896,1897,1898,1899,1900,1901,1902,1903,1904,1905,1906,1907,1908,1909,1910,1911,1912,1913,1914,1915,1916,1917,1918,1919,1920,1921,1922,1923,1924,1925,1926,1927,1928,1929,1930,1931,1932,1933,1934,1935,1936,1937,1938,1939,1940,1941,1942,1943,1944,1945,1946,1947,1948,1949,1950,1951,1952,1953,1954,1955,1956,1957,1958,1959,1960,1961,1962,1963,1964,1965,1966,1967,1968,1969,1970,1971,1972,1973,1974,1975,1976,1977,1978,1979,1980,1981,1982,1983,1984,1985,1986,1987,1988,1989,1990,1991,1992,1993,1994,1995,1996,1997,1998,1999,2000,2001,2002,2003,2004,2005,2006,2007,2008],"level":[-73.361544,-73.081875,-72.802206,-72.522536,-72.242864,-71.963191,-71.683516,-71.403838,-71.124157,-70.844473,-70.564784,-70.285092,-70.005394,-69.725691,-69.445983,-69.166268,-68.886547,-68.606819,-68.327084,-68.047341,-67.767589,-67.487829,-67.20806,-66.928281,-66.648492,-66.368692,-66.088882,-65.809061,-65.529227,-65.249382,-64.969523,-64.689652,-64.409767,-64.129869,-63.849956,-63.570028,-63.290085,-63.010126,-62.730151,-62.45016,-62.170151,-61.890126,-61.610082,-61.33002,-61.049939,-60.769839,-60.48972,-60.209581,-59.929421,-59.64924,-59.369038,-59.088814,-58.808568,-58.528299,-58.248007,-57.967692,-57.687352,-57.406989,-57.1266,-56.846186,-56.565747,-56.285281,-56.004789,-55.72427,-55.443724,-55.163149,-54.882547,-54.601915,-54.321255,-54.040564,-53.759844,-53.479093,-53.198312,-52.917499,-52.636654,-52.355777,-52.074867,-51.793925,-51.512948,-51.231938,-50.950894,-50.669814,-50.388699,-50.107549,-49.826362,-49.545139,-49.263879,-48.982582,-48.701246,-48.419873,-48.13846,-47.857008,-47.575517,-47.293986,-47.012414,-46.730801,-46.449147,-46.167451,-45.885713,-45.603932,-45.322108,-45.040241,-44.758329,-44.476373,-44.194373,-43.912327,-43.630235,-43.348097,-43.065913,-42.783681,-42.501402,-42.219076,-41.936701,-41.654277,-41.371804,-41.089281,-40.806708,-40.524085,-40.241411,-39.958685,-39.675908,-39.393078,-39.110196,-38.82726,-38.544271,-38.261228,-37.978131,-37.694979,-37.411771,-37.128508,-36.845189,-36.561813,-36.27838,-35.994889,-35.711341,-35.427734,-35.144068,-34.860344,-34.576559,-34.292715,-34.00881,-33.724844,-33.440816,-33.156727,-32.872576,-32.588362,-32.304085,-32.019744,-31.735339,-31.45087,-31.166336,-30.881736,-30.597071,-30.31234,-30.027542,-29.742677,-29.457744,-29.172744,-28.887675,-28.602538,-28.317331,-28.032055,-27.746708,-27.461291,-27.175803,-26.890244,-26.604613,-26.318909,-26.033133,-25.747284,-25.461361,-25.175364,-24.889292,-24.603146,-24.316925,-24.030627,-23.744254,-23.457804,-23.171276,-22.884672,-22.597989,-22.311228,-22.024388,-21.737469,-21.450471,-21.163392,-20.876234,-20.591229,-20.310615,-20.036628,-19.771502,-19.517476,-19.272665,-19.047451,-18.838596,-18.651574,-18.491199,-18.361916,-18.263373,-18.190771,-18.141354,-18.112918,-18.103458,-18.116856,-18.15397,-18.212967,-18.284404,-18.358767,-18.433688],"drift":[0.27966875,0.27966919,0.27967006,0.27967137,0.27967311,0.27967529,0.27967791,0.27968096,0.27968444,0.27968836,0.27969272,0.27969751,0.27970273,0.27970839,0.27971449,0.27972102,0.27972799,0.27973539,0.27974323,0.2797515,0.27976021,0.27976936,0.27977894,0.27978895,0.2797994,0.27981029,0.27982161,0.27983336,0.27984556,0.27985818,0.27987124,0.27988474,0.27989868,0.27991304,0.27992785,0.27994309,0.27995876,0.27997487,0.27999142,0.2800084,0.28002581,0.28004366,0.28006195,0.28008067,0.28009983,0.28011942,0.28013945,0.28015991,0.28018081,0.28020215,0.28022392,0.28024612,0.28026876,0.28029184,0.28031535,0.28033929,0.28036367,0.28038849,0.28041374,0.28043943,0.28046555,0.28049211,0.28051911,0.28054654,0.2805744,0.2806027,0.28063143,0.2806606,0.28069021,0.28072025,0.28075073,0.28078164,0.28081299,0.28084477,0.28087699,0.28090964,0.28094273,0.28097625,0.28101021,0.28104461,0.28107944,0.2811147,0.2811504,0.28118654,0.28122311,0.28126012,0.28129756,0.28133544,0.28137375,0.2814125,0.28145168,0.2814913,0.28153136,0.28157185,0.28161277,0.28165413,0.28169593,0.28173816,0.28178082,0.28182393,0.28186746,0.28191144,0.28195584,0.28200069,0.28204597,0.28209168,0.28213783,0.28218441,0.28223143,0.28227889,0.28232678,0.28237511,0.28242387,0.28247306,0.2825227,0.28257276,0.28262327,0.2826742,0.28272558,0.28277739,0.28282963,0.28288231,0.28293543,0.28298898,0.28304296,0.28309738,0.28315224,0.28320753,0.28326326,0.28331942,0.28337602,0.28343305,0.28349052,0.28354842,0.28360676,0.28366554,0.28372475,0.28378439,0.28384447,0.28390499,0.28396594,0.28402733,0.28408915,0.28415141,0.2842141,0.28427723,0.28434079,0.28440479,0.28446923,0.28453409,0.2845994,0.28466514,0.28473132,0.28479793,0.28486497,0.28493245,0.28500037,0.28506872,0.28513751,0.28520674,0.28527639,0.28534649,0.28541702,0.28548798,0.28555938,0.28563122,0.28570349,0.28577619,0.28584933,0.28592291,0.28599692,0.28607137,0.28614625,0.28622157,0.28629732,0.28637351,0.28645014,0.2865272,0.28660469,0.28668262,0.28676099,0.28683979,0.28691902,0.2869987,0.2870788,0.28715935,0.28500422,0.28061343,0.27398699,0.26512488,0.25402712,0.24480803,0.22521533,0.20885403,0.18702041,0.16037461,0.1292824,0.09854462,0.07260178,0.04941789,0.02843672,0.00945871,-0.01339762,-0.03711348,-0.05899529,-0.07143529,-0.0743626,-0.07492058,-0.07492058],"instab":[null,null,null,null,null,null,null,null,null,null,null,null,null,null,null,null,null,null,null,null,null,null,null,null,null,null,null,null,null,null,null,null,null,null,null,null,null,null,null,null,null,null,null,null,null,null,null,null,null,null,null,null,null,null,null,null,null,null,null,null,null,null,null,null,null,null,null,null,null,null,null,null,null,null,null,null,null,null,null,null,null,null,null,null,null,null,null,null,null,null,null,null,null,null,null,null,null,null,null,null,null,null,null,null,null,null,null,null,null,null,null,null,null,null,null,null,null,null,null,null,null,null,null,null,null,null,null,null,null,null,null,null,null,null,null,null,null,null,null,null,null,null,null,null,null,null,null,null,null,null,null,null,null,null,null,null,null,null,null,null,null,null,null,null,null,null,null,null,null,null,null,null,null,null,null,null,null,null,null,null,null,null,null,null,null,null,null,null,null,null,null,null,null,10.108312,9.207285,8.500022,7.963561,7.498606,7.077257,6.727057,6.426814,6.154579,5.942344,5.743971,5.576651,1.526203,1.539597,1.495027,1.453022],