{"word":"commirment","years":[1800,1801,1802,1803,1804,1805,1806,1807,1808,1809,1810,1811,1812,1813,1814,1815,1816,1817,1818,1819,1820,1821,1822,1823,1824,1825,1826,1827,1828,1829,1830,1831,1832,1833,1834,1835,1836,1837,1838,1839,1840,1841,1842,1843,1844,1845,1846,1847,1848,1849,1850,1851,1852,1853,1854,1855,1856,1857,1858,1859,1860,1861,1862,1863,1864,1865,1866,1867,1868,1869,1870,1871,1872,1873,1874,1875,1876,1877,1878,1879,1880,1881,1882,1883,1884,1885,1886,1887,1888,1889,1890,1891,1892,1893,1894,1895,1896,1897,1898,1899,1900,1901,1902,1903,1904,1905,1906,1907,1908,1909,1910,1911,1912,1913,1914,1915,1916,1917,1918,1919,1920,1921,1922,1923,1924,1925,1926,1927,1928,1929,1930,1931,1932,1933,1934,1935,1936,1937,1938,1939,1940,1941,1942,1943,1944,1945,1946,1947,1948,1949,1950,1951,1952,1953,1954,1955,1956,1957,1958,1959,1960,1961,1962,1963,1964,1965,1966,1967,1968,1969,1970,1971,1972,1973,1974,1975,1976,1977,1978,1979,1980,1981,1982,1983,1984,1985,1986,1987,1988,1989,1990,1991,1992,1993,1994,1995,1996,1997,1998,1999,2000,2001,2002,2003,2004,2005,2006,2007,2008],"level":[-18.263368,-18.279955,-18.296542,-18.313129,-18.329716,-18.346303,-18.36289,-18.379477,-18.396064,-18.412651,-18.429238,-18.449672,-18.470106,-18.490541,-18.510975,-18.531409,-18.551843,-18.572278,-18.592712,-18.613146,-18.63358,-18.654015,-18.674449,-18.694883,-18.715317,-18.735752,-18.756186,-18.77662,-18.797054,-18.817488,-18.837923,-18.858357,-18.878791,-18.899225,-18.91966,-18.940094,-18.960528,-18.980962,-19.001397,-19.021831,-19.042265,-19.062699,-19.083134,-19.103568,-19.124002,-19.144436,-19.164871,-19.185305,-19.205739,-19.226173,-19.246608,-19.267042,-19.287476,-19.30791,-19.328345,-19.348779,-19.369213,-19.389647,-19.410082,-19.430516,-19.45095,-19.471384,-19.491818,-19.512253,-19.532687,-19.553121,-19.573555,-19.59399,-19.614424,-19.634858,-19.655292,-19.675727,-19.696161,-19.716595,-19.737029,-19.757464,-19.777898,-19.798332,-19.818766,-19.839201,-19.859635,-19.880069,-19.900503,-19.920938,-19.941372,-19.961806,-19.98224,-20.002675,-20.023109,-20.043543,-20.063977,-20.084412,-20.104846,-20.12528,-20.145714,-20.166149,-20.186583,-20.207017,-20.227451,-20.247885,-20.26832,-20.288754,-20.309188,-20.329622,-20.350057,-20.370491,-20.390925,-20.411359,-20.431794,-20.452228,-20.472662,-20.493096,-20.513531,-20.533965,-20.554399,-20.574833,-20.595268,-20.615702,-20.636136,-20.65657,-20.677005,-20.697439,-20.717873,-20.738307,-20.758742,-20.779176,-20.79961,-20.820044,-20.840479,-20.860913,-20.881347,-20.901781,-20.922215,-20.94265,-20.963084,-20.983518,-21.003952,-21.024387,-21.044821,-21.065255,-21.085689,-21.106124,-21.126558,-21.146992,-21.167426,-21.187861,-21.208295,-21.228729,-21.249163,-21.269598,-21.290032,-21.310466,-21.3309,-21.351335,-21.371769,-21.392203,-21.412637,-21.433072,-21.453506,-21.47394,-21.494374,-21.514809,-21.535243,-21.555677,-21.576111,-21.596545,-21.61698,-21.637414,-21.657848,-21.678282,-21.698717,-21.671712,-21.644707,-21.617702,-21.411626,-20.666761,-19.921896,-19.935554,-19.949213,-19.962872,-19.976531,-19.99019,-20.466157,-20.942123,-21.17999,-21.488875,-21.797761,-21.615608,-21.482238,-20.180394,-19.850818,-21.111615,-20.35564,-20.094146,-20.413412,-19.156571,-18.816906,-18.170622,-17.674556,-17.382094,-17.108732,-17.517574,-17.791444,-18.039486,-19.071443,-20.734596,-21.677028,-21.693599,-21.71017],"drift":[-0.01657116,-0.01657116,-0.01657116,-0.01657116,-0.01657116,-0.01657116,-0.01657116,-0.01657116,-0.01657116,-0.01657116,-0.01657116,-0.01657116,-0.01657116,-0.01657116,-0.01657116,-0.01657116,-0.01657116,-0.01657116,-0.01657116,-0.01657116,-0.01657116,-0.01657116,-0.01657116,-0.01657116,-0.01657116,-0.01657116,-0.01657116,-0.01657116,-0.01657116,-0.01657116,-0.01657116,-0.01657116,-0.01657116,-0.01657116,-0.01657116,-0.01657116,-0.01657116,-0.01657116,-0.01657116,-0.01657116,-0.01657116,-0.01657116,-0.01657116,-0.01657116,-0.01657116,-0.01657116,-0.01657116,-0.01657116,-0.01657116,-0.01657116,-0.01657116,-0.01657116,-0.01657116,-0.01657116,-0.01657116,-0.01657116,-0.01657116,-0.01657116,-0.01657116,-0.01657116,-0.01657116,-0.01657116,-0.01657116,-0.01657116,-0.01657116,-0.01657116,-0.01657116,-0.01657116,-0.01657116,-0.01657116,-0.01657116,-0.01657116,-0.01657116,-0.01657116,-0.01657116,-0.01657116,-0.01657116,-0.01657116,-0.01657116,-0.01657116,-0.01657116,-0.01657116,-0.01657116,-0.01657116,-0.01657116,-0.01657116,-0.01657116,-0.01657116,-0.01657116,-0.01657116,-0.01657116,-0.01657116,-0.01657116,-0.01657116,-0.01657116,-0.01657116,-0.01657116,-0.01657116,-0.01657116,-0.01657116,-0.01657116,-0.01657116,-0.01657116,-0.01657116,-0.01657116,-0.01657116,-0.01657116,-0.01657116,-0.01657116,-0.01657116,-0.01657116,-0.01657116,-0.01657116,-0.01657116,-0.01657116,-0.01657116,-0.01657116,-0.01657116,-0.01657116,-0.01657116,-0.01657116,-0.01657116,-0.01657116,-0.01657116,-0.01657116,-0.01657116,-0.01657116,-0.01657116,-0.01657116,-0.01657116,-0.01657116,-0.01657116,-0.01657116,-0.01657116,-0.01657116,-0.01657116,-0.01657116,-0.01657116,-0.01657116,-0.01657116,-0.01657116,-0.01657116,-0.01657116,-0.01657116,-0.01657116,-0.01657116,-0.01657116,-0.01657116,-0.01657116,-0.01657116,-0.01657116,-0.01657116,-0.01657116,-0.01657116,-0.01657116,-0.01657116,-0.01657116,-0.01657116,-0.01657116,-0.01657116,-0.01657116,-0.01657116,-0.01657116,-0.01657116,-0.01657116,-0.01657116,-0.01657116,-0.01657116,-0.01657116,-0.01657116,-0.01657116,-0.01657116,-0.01657116,-0.01657116,-0.01657116,-0.01657116,-0.01657116,-0.01657116,-0.01657116,-0.01657116,-0.01657116,-0.01657116,-0.01657116,-0.01657116,-0.01657116,-0.01657116,-0.01657116,-0.01657116,-0.01657116,-0.01657116,-0.01657116,-0.01657116,-0.01657116,-0.01657116,-0.01657116,-0.01657116,-0.01657116,-0.01657116,-0.01657116,-0.01657116,-0.01657116,-0.01657116,-0.01657116,-0.01657116,-0.01657116,-0.01657116,-0.01657116,-0.01657116,-0.01657116],"instab":[null,null,null,null,null,null,null,null,null,null,null,null,null,null,null,null,null,null,null,null,null,null,null,null,null,null,null,null,null,null,null,null,null,null,null,null,null,null,null,null,null,null,null,null,null,null,null,null,null,null,null,null,null,null,null,null,null,null,null,null,null,null,null,null,null,null,null,null,null,null,null,null,null,null,null,null,null,null,null,null,null,null,null,null,null,null,null,null,null,null,null,null,null,null,null,null,null,null,null,null,null,null,null,null,null,null,null,null,null,null,null,null,null,null,null,null,null,null,null,null,null,null,null,null,null,null,null,null,null,null,null,null,null,null,null,null,null,null,null,null,null,null,null,null,null,null,null,null,null,null,null,null,null,null,null,null,null,null,null,null,null,null,null,null,null,null,null,null,null,null,null,null,null,null,null,null,null,null,null,null,null,128.784772,128.784772,117.726536,109.028053,109.028053,102.045291,96.195955,91.276738,86.959165,1.212918,1.485925,1.467436,1.474692,1.535395,1.586904,1.479281,1.443051,1.402872,1.359131,1.324377,1.342213,1.312131,1.262094,1.294674,1.422437,1.467117,1.505583,1.545131],