{"word":"communication","years":[1800,1801,1802,1803,1804,1805,1806,1807,1808,1809,1810,1811,1812,1813,1814,1815,1816,1817,1818,1819,1820,1821,1822,1823,1824,1825,1826,1827,1828,1829,1830,1831,1832,1833,1834,1835,1836,1837,1838,1839,1840,1841,1842,1843,1844,1845,1846,1847,1848,1849,1850,1851,1852,1853,1854,1855,1856,1857,1858,1859,1860,1861,1862,1863,1864,1865,1866,1867,1868,1869,1870,1871,1872,1873,1874,1875,1876,1877,1878,1879,1880,1881,1882,1883,1884,1885,1886,1887,1888,1889,1890,1891,1892,1893,1894,1895,1896,1897,1898,1899,1900,1901,1902,1903,1904,1905,1906,1907,1908,1909,1910,1911,1912,1913,1914,1915,1916,1917,1918,1919,1920,1921,1922,1923,1924,1925,1926,1927,1928,1929,1930,1931,1932,1933,1934,1935,1936,1937,1938,1939,1940,1941,1942,1943,1944,1945,1946,1947,1948,1949,1950,1951,1952,1953,1954,1955,1956,1957,1958,1959,1960,1961,1962,1963,1964,1965,1966,1967,1968,1969,1970,1971,1972,1973,1974,1975,1976,1977,1978,1979,1980,1981,1982,1983,1984,1985,1986,1987,1988,1989,1990,1991,1992,1993,1994,1995,1996,1997,1998,1999,2000,2001,2002,2003,2004,2005,2006,2007,2008,2009,2010,2011,2012,2013,2014,2015,2016,2017,2018,2019],"level":[-10.728286,-10.664202,-10.589041,-10.519428,-10.485452,-10.422687,-10.432037,-10.459976,-10.405006,-10.391121,-10.365034,-10.306715,-10.18752,-10.11443,-10.052723,-10.050171,-10.049065,-10.041306,-10.05627,-10.067568,-10.058007,-10.106943,-10.118648,-10.111635,-10.073115,-10.014911,-10.017897,-10.031118,-10.029979,-10.056139,-10.081542,-10.095483,-10.096503,-10.040544,-9.987716,-9.979492,-9.973745,-9.976026,-9.973834,-10.002364,-10.023363,-10.051964,-10.060579,-10.08109,-10.092737,-10.113176,-10.107834,-10.103427,-10.095595,-10.103315,-10.119179,-10.12077,-10.097032,-10.10279,-10.11419,-10.121958,-10.126093,-10.137046,-10.132826,-10.142032,-10.124036,-10.097038,-10.107425,-10.12899,-10.132939,-10.150275,-10.183398,-10.209429,-10.22298,-10.265969,-10.302707,-10.345214,-10.360325,-10.404555,-10.430702,-10.446616,-10.458138,-10.471811,-10.461718,-10.448437,-10.457535,-10.477396,-10.496532,-10.519819,-10.519601,-10.525145,-10.522332,-10.516756,-10.531421,-10.564022,-10.591449,-10.609875,-10.6129,-10.641115,-10.661747,-10.669787,-10.673893,-10.66528,-10.660532,-10.66146,-10.665421,-10.670824,-10.669227,-10.679074,-10.691588,-10.712022,-10.731138,-10.752458,-10.775682,-10.781841,-10.786123,-10.792581,-10.792135,-10.79167,-10.790022,-10.788633,-10.801846,-10.808351,-10.829715,-10.854808,-10.896356,-10.926193,-10.954589,-10.991709,-11.01284,-11.026292,-11.043527,-11.049254,-11.056483,-11.04981,-11.054875,-11.059116,-11.069785,-11.059943,-11.059306,-11.059904,-11.064156,-11.058689,-11.057073,-11.032201,-10.999556,-10.977891,-10.955625,-10.939317,-10.927468,-10.921634,-10.910146,-10.913716,-10.909398,-10.892301,-10.883503,-10.86221,-10.842249,-10.807471,-10.778815,-10.744537,-10.701706,-10.657292,-10.61096,-10.564184,-10.523273,-10.482744,-10.452064,-10.431402,-10.389564,-10.354444,-10.336393,-10.320578,-10.309877,-10.298811,-10.293149,-10.279128,-10.272361,-10.263012,-10.24681,-10.227966,-10.206026,-10.190647,-10.175413,-10.172156,-10.150006,-10.12951,-10.115499,-10.108019,-10.095801,-10.079258,-10.065736,-10.062863,-10.062257,-10.063845,-10.058298,-10.049295,-10.033927,-10.015061,-9.991943,-9.977579,-9.96433,-9.945621,-9.931669,-9.923887,-9.921534,-9.922335,-9.922837,-9.92259,-9.905243,-9.886975,-9.866044,-9.850933,-9.830942,-9.811039,-9.786811,-9.780045,-9.769248,-9.750056,-9.745015,-9.726931,-9.701976,-9.682238,-9.658382,-9.629349],"drift":[0.03418508,0.03393847,0.03335184,0.03246613,0.03156796,0.03041246,0.02958494,0.02923189,0.02866654,0.02822312,0.02779732,0.02711977,0.02568275,0.02385471,0.02171446,0.01973226,0.0179037,0.01615881,0.01467063,0.01339665,0.0121543,0.01141584,0.01086809,0.01035214,0.00960385,0.0084547,0.00739991,0.00651521,0.00567484,0.00509707,0.00477086,0.00459899,0.00447347,0.00392328,0.00296972,0.00197282,0.00094479,-5.664e-05,-0.00107661,-0.00187014,-0.00250589,-0.0029264,-0.00329999,-0.00353162,-0.00369632,-0.00372291,-0.00382427,-0.00399353,-0.00426033,-0.00449859,-0.00464311,-0.0048128,-0.00521798,-0.00561872,-0.00597176,-0.00630999,-0.00666616,-0.00698697,-0.00740022,-0.00779857,-0.00840969,-0.00931285,-0.01020716,-0.01100778,-0.01186663,-0.01268036,-0.01332547,-0.01386579,-0.01440871,-0.01471589,-0.01484142,-0.01473876,-0.01463303,-0.01428318,-0.01383548,-0.01337063,-0.01292103,-0.01246523,-0.01219549,-0.01213588,-0.01210134,-0.01200279,-0.0118454,-0.01159364,-0.0114393,-0.01133359,-0.01134456,-0.01149511,-0.01161951,-0.01157084,-0.01139138,-0.01115391,-0.01098348,-0.01067093,-0.01027621,-0.00989994,-0.00957146,-0.00939296,-0.00933111,-0.00933856,-0.00939038,-0.00947508,-0.00965111,-0.00982552,-0.00997776,-0.01004375,-0.01003491,-0.00993298,-0.00972144,-0.00953927,-0.00940046,-0.00928593,-0.00925167,-0.00929755,-0.00943372,-0.00965916,-0.00985528,-0.01007903,-0.0102097,-0.01021762,-0.00996711,-0.00955271,-0.00898288,-0.00818098,-0.00727225,-0.00631256,-0.00526277,-0.00420915,-0.00313063,-0.00213297,-0.00111112,-6.346e-05,0.00107168,0.00213448,0.00320963,0.00431619,0.00549343,0.00667088,0.00789002,0.0089691,0.00985289,0.01063925,0.01132971,0.01197911,0.01262957,0.01333609,0.01405785,0.01492502,0.01587967,0.01682428,0.0178351,0.01881739,0.01979025,0.02063949,0.02142261,0.02209968,0.02260577,0.02293197,0.02306516,0.02300278,0.02279269,0.0224363,0.02201191,0.02159866,0.02101848,0.02032197,0.0196442,0.01899802,0.01842026,0.01790317,0.01748704,0.01709951,0.0167972,0.01655633,0.01631838,0.0160596,0.01575231,0.01544811,0.01514566,0.01494128,0.01467744,0.01436561,0.0140567,0.01380204,0.01356044,0.01329425,0.01302617,0.01284184,0.01275844,0.01279337,0.01288807,0.01301481,0.01312215,0.01318211,0.01316011,0.01312819,0.01309527,0.01301604,0.0129291,0.0128846,0.01292697,0.01308258,0.01335024,0.01372597,0.01407185,0.0143831,0.01464035,0.01489372,0.01510504,0.01527679,0.01537471,0.01554363,0.01575171,0.01593142,0.01620094,0.01645494,0.01663882,0.01679715,0.01689724,0.01689724],"instab":[null,null,null,null,4.827342,4.426454,4.085215,3.800701,3.595459,3.408905,3.248289,3.10858,2.99903,2.893019,2.799926,2.709218,2.626617,2.552659,2.483121,2.418714,0.20285,0.208684,0.209096,0.208204,0.202021,0.208809,0.20576,0.176425,0.170852,0.170739,0.170812,0.170165,0.147114,0.149257,0.152621,0.151927,0.150676,0.150635,0.150238,0.147766,0.143227,0.130767,0.128242,0.126811,0.126832,0.106284,0.107239,0.105321,0.106592,0.105076,0.102898,0.1021,0.100468,0.095139,0.074479,0.074417,0.074687,0.075104,0.0745,0.073006,0.073453,0.080165,0.080139,0.081808,0.082247,0.076736,0.07999,0.082419,0.082527,0.085597,0.084527,0.089857,0.0842,0.087582,0.08775,0.087846,0.088073,0.087905,0.087962,0.093134,0.093534,0.081364,0.081266,0.080561,0.081396,0.081202,0.079703,0.081647,0.080326,0.078298,0.078981,0.071559,0.072524,0.067668,0.067825,0.067781,0.067737,0.06738,0.06728,0.060082,0.059513,0.059365,0.06069,0.05564,0.054694,0.05552,0.055554,0.050681,0.052802,0.050537,0.048574,0.046472,0.040506,0.037952,0.03555,0.037936,0.039085,0.037791,0.036661,0.036122,0.044865,0.045961,0.043358,0.048312,0.048132,0.048599,0.048844,0.049911,0.046938,0.051923,0.051772,0.052707,0.0538,0.057129,0.057249,0.055516,0.055102,0.055029,0.055831,0.05735,0.057408,0.056469,0.057448,0.049717,0.047676,0.048771,0.046891,0.050317,0.051625,0.049859,0.051491,0.051507,0.048557,0.048658,0.048647,0.048628,0.048253,0.048734,0.045427,0.04637,0.041648,0.042138,0.041326,0.048508,0.049004,0.048711,0.049566,0.047353,0.047436,0.048276,0.051657,0.051732,0.053406,0.053304,0.053613,0.053661,0.05209,0.050455,0.048527,0.049527,0.048381,0.045673,0.044338,0.041869,0.038607,0.033608,0.034903,0.035008,0.034649,0.03615,0.033872,0.033759,0.033167,0.03234,0.035425,0.035547,0.034673,0.035647,0.035277,0.028294,0.028088,0.027838,0.028043,0.031265,0.031753,0.031861,0.03316,0.032873,0.032994,0.030272,0.034784,0.035022,0.035959,0.038096,0.039071,0.039069,0.040237,0.039751,0.03954,0.042669],