{"word":"commonmode","years":[1800,1801,1802,1803,1804,1805,1806,1807,1808,1809,1810,1811,1812,1813,1814,1815,1816,1817,1818,1819,1820,1821,1822,1823,1824,1825,1826,1827,1828,1829,1830,1831,1832,1833,1834,1835,1836,1837,1838,1839,1840,1841,1842,1843,1844,1845,1846,1847,1848,1849,1850,1851,1852,1853,1854,1855,1856,1857,1858,1859,1860,1861,1862,1863,1864,1865,1866,1867,1868,1869,1870,1871,1872,1873,1874,1875,1876,1877,1878,1879,1880,1881,1882,1883,1884,1885,1886,1887,1888,1889,1890,1891,1892,1893,1894,1895,1896,1897,1898,1899,1900,1901,1902,1903,1904,1905,1906,1907,1908,1909,1910,1911,1912,1913,1914,1915,1916,1917,1918,1919,1920,1921,1922,1923,1924,1925,1926,1927,1928,1929,1930,1931,1932,1933,1934,1935,1936,1937,1938,1939,1940,1941,1942,1943,1944,1945,1946,1947,1948,1949,1950,1951,1952,1953,1954,1955,1956,1957,1958,1959,1960,1961,1962,1963,1964,1965,1966,1967,1968,1969,1970,1971,1972,1973,1974,1975,1976,1977,1978,1979,1980,1981,1982,1983,1984,1985,1986,1987,1988,1989,1990,1991,1992,1993,1994,1995,1996,1997,1998,1999,2000,2001,2002,2003,2004,2005,2006,2007,2008],"level":[-18.603082,-18.604711,-18.606339,-18.607967,-18.609596,-18.611224,-18.612853,-18.614481,-18.61611,-18.617738,-18.619366,-18.620995,-18.622623,-18.624252,-18.62588,-18.627509,-18.629137,-18.630765,-18.632394,-18.634022,-18.635651,-18.637279,-18.648419,-18.659559,-18.670698,-18.681838,-18.692977,-18.704117,-18.715257,-18.726396,-18.737536,-18.748676,-18.759815,-18.770955,-18.782095,-18.793234,-18.804374,-18.815514,-18.826653,-18.837793,-18.848933,-18.860072,-18.871212,-18.882352,-18.893491,-18.904631,-18.915771,-18.92691,-18.93805,-18.94919,-18.960329,-18.971469,-18.982609,-18.993748,-19.004888,-19.016028,-19.027167,-19.038307,-19.049447,-19.060586,-19.071726,-19.082866,-19.094005,-19.105145,-19.116285,-19.127424,-19.138564,-19.149704,-19.160843,-19.171983,-19.183122,-19.194262,-19.205402,-19.216541,-19.227681,-19.238821,-19.24996,-19.2611,-19.27224,-19.283379,-19.294519,-19.305659,-19.316798,-19.327938,-19.339078,-19.350217,-19.361357,-19.372497,-19.383636,-19.394776,-19.405916,-19.417055,-19.428195,-19.439335,-19.450474,-19.461614,-19.472754,-19.483893,-19.495033,-19.506172,-19.517312,-19.528452,-19.539591,-19.550731,-19.561871,-19.57301,-19.58415,-19.59529,-19.606429,-19.617569,-19.628709,-19.639848,-19.650988,-19.662128,-19.673267,-19.684407,-19.695546,-19.706686,-19.717826,-19.728965,-19.740105,-19.751245,-19.762384,-19.773524,-19.784664,-19.795803,-19.806943,-19.818083,-19.829222,-19.840362,-19.851501,-19.862641,-19.873781,-19.88492,-19.89606,-19.9072,-19.918339,-19.929479,-19.940619,-19.951758,-19.962898,-19.974037,-19.985177,-19.996317,-20.007456,-20.018596,-20.029736,-20.040875,-20.052015,-20.005695,-19.959374,-19.913054,-19.866734,-19.820413,-19.774093,-19.727773,-19.681452,-19.867944,-20.054435,-20.075962,-20.052106,-20.097708,-20.19507,-20.17386,-19.685728,-19.288312,-19.075181,-18.892134,-18.735941,-18.646386,-18.412063,-18.161548,-18.153578,-18.108851,-18.036088,-17.908853,-17.94242,-17.992625,-18.09285,-18.261303,-18.231063,-18.131846,-18.217785,-18.271734,-18.242776,-18.353199,-18.303986,-18.285023,-18.335,-18.251542,-18.226766,-18.280215,-18.211113,-17.956339,-18.081362,-18.135328,-18.207532,-18.243915,-18.255891,-18.202881,-18.285402,-18.32183,-18.31731,-18.427101,-18.53422,-18.624235,-18.729506,-18.824744,-18.941538],"drift":[-0.0016272,-0.0016272,-0.0016272,-0.0016272,-0.0016272,-0.0016272,-0.0016272,-0.0016272,-0.0016272,-0.0016272,-0.0016272,-0.0016272,-0.0016272,-0.0016272,-0.0016272,-0.0016272,-0.0016272,-0.0016272,-0.0016272,-0.0016272,-0.0016272,-0.0016272,-0.0016272,-0.0016272,-0.0016272,-0.0016272,-0.0016272,-0.0016272,-0.0016272,-0.0016272,-0.0016272,-0.0016272,-0.0016272,-0.0016272,-0.0016272,-0.0016272,-0.0016272,-0.0016272,-0.0016272,-0.0016272,-0.0016272,-0.0016272,-0.0016272,-0.0016272,-0.0016272,-0.0016272,-0.0016272,-0.0016272,-0.0016272,-0.0016272,-0.0016272,-0.0016272,-0.0016272,-0.0016272,-0.0016272,-0.0016272,-0.0016272,-0.0016272,-0.0016272,-0.0016272,-0.0016272,-0.0016272,-0.0016272,-0.0016272,-0.0016272,-0.0016272,-0.0016272,-0.0016272,-0.0016272,-0.0016272,-0.0016272,-0.0016272,-0.0016272,-0.0016272,-0.0016272,-0.0016272,-0.0016272,-0.0016272,-0.0016272,-0.0016272,-0.0016272,-0.0016272,-0.0016272,-0.0016272,-0.0016272,-0.0016272,-0.0016272,-0.0016272,-0.0016272,-0.0016272,-0.0016272,-0.0016272,-0.00162719,-0.00162719,-0.00162719,-0.00162719,-0.00162719,-0.00162719,-0.00162719,-0.00162719,-0.00162719,-0.00162719,-0.00162719,-0.00162719,-0.00162719,-0.00162719,-0.00162719,-0.00162719,-0.00162719,-0.00162719,-0.00162719,-0.00162719,-0.00162719,-0.00162719,-0.00162719,-0.00162719,-0.00162719,-0.00162719,-0.00162719,-0.00162719,-0.00162719,-0.00162719,-0.00162719,-0.00162719,-0.00162718,-0.00162718,-0.00162718,-0.00162718,-0.00162718,-0.00162718,-0.00162718,-0.00162718,-0.00162718,-0.00162718,-0.00162718,-0.00162718,-0.00162718,-0.00162718,-0.00162718,-0.00162718,-0.00162718,-0.00162718,-0.00162718,-0.00162718,-0.00162718,-0.00162718,-0.00162718,-0.00162718,-0.00162718,-0.00162717,-0.00162717,-0.00162717,-0.00162717,-0.00162717,-0.00162717,-0.00162717,-0.00162717,-0.00162717,-0.00162717,-0.00162717,-0.00162717,-0.00162717,-0.00162717,-0.00162717,-0.00162717,-0.00162717,-0.00162717,-0.00162717,-0.00162717,-0.00162717,-0.00162717,-0.00162717,-0.00162717,-0.00162717,-0.00162717,-0.00162717,-0.00162717,-0.00162717,-0.00162717,-0.00162717,-0.00162717,-0.00162717,-0.00162717,-0.00162717,-0.00162717,-0.00162717,-0.00162717,-0.00162717,-0.00162717,-0.00162717,-0.00162717,-0.00162717,-0.00162717,-0.00162718,-0.00162718,-0.00162718,-0.00162718,-0.00162718,-0.00162718,-0.00162718,-0.00162718,-0.00162718,-0.00162718,-0.00162718,-0.00162718,-0.00162718,-0.00162718,-0.00162718,-0.00162718],"instab":[null,null,null,null,null,null,null,null,null,null,null,null,null,null,null,null,null,null,null,null,null,null,null,null,null,null,null,null,null,null,null,null,null,null,null,null,null,null,null,null,null,null,null,null,null,null,null,null,null,null,null,null,null,null,null,null,null,null,null,null,null,null,null,null,null,null,null,null,null,null,null,null,null,null,null,null,null,null,null,null,null,null,null,null,null,null,null,null,null,null,null,null,null,null,null,null,null,null,null,null,null,null,null,null,null,null,null,null,null,null,null,null,null,null,null,null,null,null,null,null,null,null,null,null,null,null,null,null,null,null,null,null,null,null,null,null,null,null,null,null,null,null,null,null,null,null,null,null,null,null,null,null,null,null,null,null,null,null,null,null,49.501651,45.187168,41.870166,39.223758,36.919398,34.978507,33.338217,31.911125,0.876736,0.847425,0.817379,0.825996,0.803504,0.780314,0.759155,0.745188,0.70939,0.691708,0.616486,0.663005,0.666744,0.675687,0.664878,0.597241,0.543029,0.505158,0.494781,0.487552,0.491239,0.492613,0.485315,0.416947,0.422641,0.553566,0.565163,0.54194,0.544467,0.544911,0.546044,0.519115,0.523428,0.498582,0.500828,0.498078,0.491072,0.469441,0.470025,0.46673,0.471455],