{"word":"computationalism","years":[1800,1801,1802,1803,1804,1805,1806,1807,1808,1809,1810,1811,1812,1813,1814,1815,1816,1817,1818,1819,1820,1821,1822,1823,1824,1825,1826,1827,1828,1829,1830,1831,1832,1833,1834,1835,1836,1837,1838,1839,1840,1841,1842,1843,1844,1845,1846,1847,1848,1849,1850,1851,1852,1853,1854,1855,1856,1857,1858,1859,1860,1861,1862,1863,1864,1865,1866,1867,1868,1869,1870,1871,1872,1873,1874,1875,1876,1877,1878,1879,1880,1881,1882,1883,1884,1885,1886,1887,1888,1889,1890,1891,1892,1893,1894,1895,1896,1897,1898,1899,1900,1901,1902,1903,1904,1905,1906,1907,1908,1909,1910,1911,1912,1913,1914,1915,1916,1917,1918,1919,1920,1921,1922,1923,1924,1925,1926,1927,1928,1929,1930,1931,1932,1933,1934,1935,1936,1937,1938,1939,1940,1941,1942,1943,1944,1945,1946,1947,1948,1949,1950,1951,1952,1953,1954,1955,1956,1957,1958,1959,1960,1961,1962,1963,1964,1965,1966,1967,1968,1969,1970,1971,1972,1973,1974,1975,1976,1977,1978,1979,1980,1981,1982,1983,1984,1985,1986,1987,1988,1989,1990,1991,1992,1993,1994,1995,1996,1997,1998,1999,2000,2001,2002,2003,2004,2005,2006,2007,2008],"level":[-63.302038,-63.071793,-62.841548,-62.611302,-62.381055,-62.150808,-61.92056,-61.69031,-61.460059,-61.229807,-60.999552,-60.769296,-60.539037,-60.308775,-60.078511,-59.848244,-59.617974,-59.387701,-59.157424,-58.927143,-58.696858,-58.466569,-58.236276,-58.005978,-57.775676,-57.545368,-57.315056,-57.084738,-56.854414,-56.624084,-56.393749,-56.163407,-55.933058,-55.702704,-55.472342,-55.241973,-55.011597,-54.781213,-54.550822,-54.320423,-54.090015,-53.8596,-53.629175,-53.398743,-53.168301,-52.93785,-52.707389,-52.47692,-52.24644,-52.01595,-51.78545,-51.55494,-51.324419,-51.093888,-50.863345,-50.632791,-50.402226,-50.171649,-49.94106,-49.710459,-49.479846,-49.249221,-49.018582,-48.787931,-48.557267,-48.32659,-48.095898,-47.865194,-47.634475,-47.403742,-47.172995,-46.942233,-46.711457,-46.480665,-46.249859,-46.019037,-45.788199,-45.557346,-45.326476,-45.095591,-44.864688,-44.63377,-44.402834,-44.171882,-43.940912,-43.709925,-43.47892,-43.247897,-43.016856,-42.785797,-42.554719,-42.323623,-42.092507,-41.861373,-41.630219,-41.399046,-41.167853,-40.93664,-40.705407,-40.474153,-40.242879,-40.011584,-39.780268,-39.548931,-39.317573,-39.086192,-38.85479,-38.623366,-38.39192,-38.160451,-37.92896,-37.697446,-37.465909,-37.234348,-37.002764,-36.771156,-36.539525,-36.307869,-36.076189,-35.844484,-35.612755,-35.381001,-35.149221,-34.917416,-34.685586,-34.45373,-34.221848,-33.989939,-33.758005,-33.526043,-33.294055,-33.06204,-32.829998,-32.597928,-32.36583,-32.133705,-31.901552,-31.66937,-31.43716,-31.204921,-30.972653,-30.740357,-30.50803,-30.275675,-30.043289,-29.810874,-29.578429,-29.345953,-29.113447,-28.880909,-28.648341,-28.415742,-28.183111,-27.950449,-27.717755,-27.485029,-27.252271,-27.01948,-26.786657,-26.553801,-26.320912,-26.087989,-25.855033,-25.622043,-25.38902,-25.155962,-24.922871,-24.689744,-24.456583,-24.223387,-23.990156,-23.756889,-23.523587,-23.29025,-23.056876,-22.823466,-22.59002,-22.356537,-22.123017,-21.88946,-21.655867,-21.422235,-21.188566,-21.046821,-21.047667,-20.763032,-19.988362,-19.380485,-18.684254,-18.539307,-18.05434,-18.196823,-18.188869,-18.357333,-18.366545,-18.059546,-17.800229,-17.662049,-17.934212,-17.991782,-18.101286,-18.091539,-18.027752,-17.848364,-17.970572,-17.863546,-17.74682,-17.862679,-18.002804],"drift":[0.23025601,0.23025622,0.23025664,0.23025726,0.23025809,0.23025913,0.23026038,0.23026184,0.2302635,0.23026537,0.23026745,0.23026974,0.23027223,0.23027494,0.23027785,0.23028097,0.23028429,0.23028783,0.23029157,0.23029552,0.23029968,0.23030404,0.23030862,0.2303134,0.23031839,0.23032359,0.23032899,0.2303346,0.23034042,0.23034645,0.23035269,0.23035913,0.23036579,0.23037265,0.23037971,0.23038699,0.23039447,0.23040216,0.23041006,0.23041817,0.23042649,0.23043501,0.23044374,0.23045268,0.23046182,0.23047118,0.23048074,0.23049051,0.23050049,0.23051067,0.23052107,0.23053167,0.23054248,0.2305535,0.23056472,0.23057615,0.23058779,0.23059964,0.2306117,0.23062396,0.23063644,0.23064912,0.230662,0.2306751,0.2306884,0.23070191,0.23071563,0.23072956,0.2307437,0.23075804,0.23077259,0.23078735,0.23080231,0.23081749,0.23083287,0.23084846,0.23086426,0.23088026,0.23089648,0.2309129,0.23092953,0.23094637,0.23096341,0.23098066,0.23099812,0.23101579,0.23103367,0.23105175,0.23107005,0.23108855,0.23110725,0.23112617,0.23114529,0.23116462,0.23118416,0.23120391,0.23122387,0.23124403,0.2312644,0.23128498,0.23130576,0.23132676,0.23134796,0.23136937,0.23139099,0.23141281,0.23143485,0.23145709,0.23147954,0.2315022,0.23152506,0.23154813,0.23157141,0.2315949,0.2316186,0.2316425,0.23166662,0.23169094,0.23171546,0.2317402,0.23176514,0.23179029,0.23181565,0.23184122,0.231867,0.23189298,0.23191917,0.23194557,0.23197217,0.23199899,0.23202601,0.23205324,0.23208068,0.23210832,0.23213618,0.23216424,0.23219251,0.23222099,0.23224967,0.23227856,0.23230766,0.23233697,0.23236649,0.23239621,0.23242615,0.23245629,0.23248663,0.23251719,0.23254795,0.23257892,0.2326101,0.23264149,0.23267309,0.23270489,0.2327369,0.23276912,0.23280154,0.23283418,0.23286702,0.23290007,0.23293333,0.23296679,0.23300047,0.23303435,0.23306844,0.23310273,0.23313724,0.23317195,0.23320687,0.233242,0.23327734,0.23331288,0.23334863,0.23338459,0.23342076,0.23345714,0.23349372,0.23353051,0.23356751,0.23360472,0.23364213,0.23367976,0.23371759,0.23551698,0.24184334,0.24735012,0.24275733,0.23117152,0.21067861,0.19144463,0.1665889,0.14765274,0.13139217,0.12087464,0.11284861,0.1011041,0.08632938,0.07056159,0.06135787,0.05443195,0.05064584,0.04764304,0.04433105,0.03843235,0.03561034,0.03142053,0.02559691,0.02248253,0.02248253],"instab":[null,null,null,null,null,null,null,null,null,null,null,null,null,null,null,null,null,null,null,null,null,null,null,null,null,null,null,null,null,null,null,null,null,null,null,null,null,null,null,null,null,null,null,null,null,null,null,null,null,null,null,null,null,null,null,null,null,null,null,null,null,null,null,null,null,null,null,null,null,null,null,null,null,null,null,null,null,null,null,null,null,null,null,null,null,null,null,null,null,null,null,null,null,null,null,null,null,null,null,null,null,null,null,null,null,null,null,null,null,null,null,null,null,null,null,null,null,null,null,null,null,null,null,null,null,null,null,null,null,null,null,null,null,null,null,null,null,null,null,null,null,null,null,null,null,null,null,null,null,null,null,null,null,null,null,null,null,null,null,null,null,null,null,null,null,null,null,null,null,null,null,null,null,null,null,null,null,null,null,null,null,null,null,null,null,null,9.63681,8.808901,8.234213,7.63681,7.236731,6.825045,6.490695,6.191036,5.931313,5.723053,5.534744,5.367607,5.197163,5.04708,4.906765,4.78071,0.945044,0.956356,0.952426,0.952584,0.833898,0.818559,0.71637],