{"word":"computer","years":[1800,1801,1802,1803,1804,1805,1806,1807,1808,1809,1810,1811,1812,1813,1814,1815,1816,1817,1818,1819,1820,1821,1822,1823,1824,1825,1826,1827,1828,1829,1830,1831,1832,1833,1834,1835,1836,1837,1838,1839,1840,1841,1842,1843,1844,1845,1846,1847,1848,1849,1850,1851,1852,1853,1854,1855,1856,1857,1858,1859,1860,1861,1862,1863,1864,1865,1866,1867,1868,1869,1870,1871,1872,1873,1874,1875,1876,1877,1878,1879,1880,1881,1882,1883,1884,1885,1886,1887,1888,1889,1890,1891,1892,1893,1894,1895,1896,1897,1898,1899,1900,1901,1902,1903,1904,1905,1906,1907,1908,1909,1910,1911,1912,1913,1914,1915,1916,1917,1918,1919,1920,1921,1922,1923,1924,1925,1926,1927,1928,1929,1930,1931,1932,1933,1934,1935,1936,1937,1938,1939,1940,1941,1942,1943,1944,1945,1946,1947,1948,1949,1950,1951,1952,1953,1954,1955,1956,1957,1958,1959,1960,1961,1962,1963,1964,1965,1966,1967,1968,1969,1970,1971,1972,1973,1974,1975,1976,1977,1978,1979,1980,1981,1982,1983,1984,1985,1986,1987,1988,1989,1990,1991,1992,1993,1994,1995,1996,1997,1998,1999,2000,2001,2002,2003,2004,2005,2006,2007,2008],"level":[-16.538824,-16.533513,-16.597882,-16.619299,-16.647758,-16.664629,-16.606747,-16.574603,-16.542563,-16.546531,-16.548696,-16.550209,-16.537992,-16.542408,-16.537016,-16.549776,-16.534522,-16.536689,-16.543566,-16.566553,-16.589665,-16.635073,-16.689886,-16.728183,-16.779582,-16.84882,-16.951704,-17.036393,-17.120134,-17.107412,-17.09158,-17.075643,-17.081871,-17.102624,-17.076271,-17.108337,-17.158916,-17.166699,-17.176074,-17.228002,-17.277473,-17.312571,-17.366255,-17.401194,-17.417094,-17.406318,-17.339307,-17.250016,-17.15073,-17.090678,-17.028746,-16.953646,-16.916133,-16.895193,-16.830798,-16.766894,-16.732335,-16.733974,-16.725401,-16.704046,-16.686634,-16.704957,-16.750027,-16.770868,-16.791706,-16.802666,-16.800559,-16.794116,-16.821819,-16.872665,-16.901483,-16.874542,-16.864605,-16.833717,-16.803584,-16.792374,-16.748249,-16.694164,-16.657969,-16.63244,-16.590631,-16.553582,-16.51374,-16.474522,-16.455681,-16.429927,-16.386375,-16.347286,-16.306333,-16.273005,-16.27451,-16.281547,-16.270122,-16.242799,-16.23411,-16.214135,-16.18238,-16.141236,-16.105864,-16.087031,-16.049605,-16.015217,-15.988927,-15.932549,-15.858408,-15.81873,-15.765594,-15.744551,-15.737562,-15.750914,-15.765554,-15.78193,-15.781718,-15.778554,-15.778373,-15.778024,-15.759628,-15.749,-15.737027,-15.735509,-15.733171,-15.711965,-15.695933,-15.674506,-15.661383,-15.624092,-15.593995,-15.607455,-15.565782,-15.525509,-15.49704,-15.483054,-15.498976,-15.508137,-15.487465,-15.443123,-15.376467,-15.277782,-15.160719,-15.033602,-14.90352,-14.764328,-14.598187,-14.428145,-14.277754,-14.138284,-13.980829,-13.892454,-13.779818,-13.645949,-13.472502,-13.255844,-13.015132,-12.786959,-12.547468,-12.276713,-12.022064,-11.798969,-11.6033,-11.404667,-11.20965,-11.031567,-10.867654,-10.71632,-10.576685,-10.438596,-10.313619,-10.202651,-10.105432,-10.022079,-9.946964,-9.883086,-9.828232,-9.780981,-9.739335,-9.69654,-9.656038,-9.612992,-9.568115,-9.516912,-9.463282,-9.405895,-9.345462,-9.287063,-9.235779,-9.198919,-9.174937,-9.161531,-9.154178,-9.150976,-9.149068,-9.149932,-9.151036,-9.154077,-9.156886,-9.16118,-9.167743,-9.174322,-9.184716,-9.198215,-9.214585,-9.234497,-9.259279,-9.290993,-9.3302,-9.372148,-9.416149,-9.459467,-9.501696],"drift":[-0.00846998,-0.00880524,-0.00778876,-0.00644075,-0.0045571,-0.00237387,-0.00165651,-0.00176144,-0.00268867,-0.00358478,-0.00451543,-0.0055191,-0.00695425,-0.00845116,-0.01028484,-0.0120583,-0.01449619,-0.01723401,-0.02022379,-0.02314637,-0.02606976,-0.02852272,-0.03033609,-0.0319558,-0.03310252,-0.03337015,-0.0319467,-0.02924016,-0.02520776,-0.02209809,-0.01991115,-0.0185963,-0.01758234,-0.01649126,-0.01644246,-0.01601358,-0.01474382,-0.0136434,-0.01264682,-0.01069462,-0.00779909,-0.00423945,0.00052303,0.00614822,0.0123098,0.01850868,0.02352762,0.0269467,0.02860598,0.02950025,0.02960554,0.02860406,0.02738585,0.02632446,0.02433691,0.02138679,0.01811622,0.01532626,0.01270059,0.00986438,0.00684454,0.00443697,0.00323377,0.00261626,0.00256933,0.00285152,0.00315182,0.00337207,0.0043483,0.00666726,0.00984948,0.01261591,0.01544751,0.01790347,0.02006191,0.02243572,0.02428187,0.025403,0.02626158,0.027138,0.02765749,0.0279485,0.0279502,0.02767777,0.0276203,0.02760824,0.02720832,0.02651937,0.02547929,0.02424828,0.02364377,0.02378564,0.02422823,0.0245955,0.02534975,0.02623476,0.02698548,0.02739175,0.02760389,0.0280294,0.0282263,0.02827331,0.02836857,0.02778244,0.02606851,0.02402352,0.02127029,0.01852259,0.01605548,0.01430377,0.01325618,0.01292948,0.01291215,0.01313197,0.01366686,0.01452574,0.01529046,0.01616859,0.01714881,0.01850927,0.02026313,0.02199406,0.02387004,0.02580544,0.02804939,0.03006851,0.03208694,0.03521339,0.0381827,0.04110116,0.04432692,0.0482908,0.05381681,0.06087492,0.06891107,0.07754491,0.08644366,0.0950446,0.10310989,0.11059114,0.11759823,0.12408001,0.12953854,0.13401173,0.13808645,0.14212753,0.14579572,0.1508608,0.1568558,0.16341001,0.16972003,0.1748882,0.17845502,0.18081235,0.18174218,0.18050656,0.17746724,0.17331793,0.16862488,0.16320178,0.15700472,0.15029488,0.14325375,0.13601604,0.1286903,0.12113591,0.11348809,0.10590155,0.09852625,0.09152007,0.08491298,0.07881762,0.07330522,0.06842666,0.06419961,0.06049327,0.05727327,0.05439938,0.05175716,0.04912841,0.04639014,0.04338434,0.03996381,0.03609478,0.03185625,0.02749598,0.02322121,0.0191852,0.01543707,0.01198657,0.00878125,0.00581058,0.00300811,0.0003528,-0.0022256,-0.00475366,-0.00723771,-0.00973777,-0.01222188,-0.01467493,-0.01708673,-0.01942979,-0.02164265,-0.0236105,-0.02519893,-0.0263799,-0.02713221,-0.02749075,-0.02749075],"instab":[null,null,null,null,7.645036,6.914397,6.605696,6.605696,6.274755,5.903467,5.593972,5.322471,5.106981,4.89928,4.728795,4.558429,4.422289,4.290134,4.172244,4.058156,1.253433,1.184243,0.708468,0.695251,0.694297,0.621699,0.517904,0.509749,0.619343,0.636314,0.658977,0.697968,0.699872,0.726368,0.816815,0.803262,0.833806,0.835023,0.86587,0.866933,0.868313,0.873683,0.869206,0.871592,0.873052,0.880472,0.866724,0.877121,0.777946,0.757823,0.751481,0.764047,0.761602,0.7669,0.686889,0.704424,0.658808,0.676785,0.65896,0.654585,0.653457,0.651658,0.681908,0.677387,0.677714,0.651717,0.652817,0.661481,0.57759,0.605022,0.668917,0.634302,0.6277,0.596456,0.611925,0.594842,0.56835,0.587488,0.587058,0.590001,0.572957,0.570052,0.528983,0.538224,0.532132,0.532756,0.533445,0.507559,0.506376,0.493518,0.382746,0.399636,0.405677,0.411102,0.400156,0.375838,0.377321,0.350525,0.353912,0.361756,0.359069,0.362142,0.389147,0.370554,0.436463,0.432021,0.461128,0.461564,0.46094,0.43947,0.442438,0.440879,0.432754,0.420872,0.415115,0.423141,0.42626,0.421805,0.413732,0.402709,0.411464,0.411103,0.386725,0.389225,0.326978,0.334377,0.368797,0.470945,0.473023,0.482917,0.488934,0.485736,0.49251,0.522836,0.529343,0.522042,0.521554,0.524167,0.530708,0.545342,0.540069,0.539046,0.551092,0.587031,0.578707,0.581024,0.658105,0.592152,0.609042,0.632952,0.643051,0.63303,0.657626,0.624327,0.613884,0.632151,0.646477,0.651413,0.660118,0.661111,0.660974,0.658607,0.658983,0.641069,0.646598,0.645061,0.529432,0.500035,0.489407,0.468639,0.457917,0.469815,0.431435,0.436842,0.450439,0.387612,0.278753,0.193317,0.195964,0.188149,0.148874,0.128587,0.129704,0.146419,0.173392,0.181834,0.183889,0.183621,0.183612,0.181418,0.180763,0.17863,0.175096,0.169755,0.154335,0.149138,0.137463,0.132168,0.12089,0.119235,0.11777,0.117942,0.117163,0.10976,0.085517,0.073427,0.072096,0.072039,0.095135],