{"word":"computer","years":[1800,1801,1802,1803,1804,1805,1806,1807,1808,1809,1810,1811,1812,1813,1814,1815,1816,1817,1818,1819,1820,1821,1822,1823,1824,1825,1826,1827,1828,1829,1830,1831,1832,1833,1834,1835,1836,1837,1838,1839,1840,1841,1842,1843,1844,1845,1846,1847,1848,1849,1850,1851,1852,1853,1854,1855,1856,1857,1858,1859,1860,1861,1862,1863,1864,1865,1866,1867,1868,1869,1870,1871,1872,1873,1874,1875,1876,1877,1878,1879,1880,1881,1882,1883,1884,1885,1886,1887,1888,1889,1890,1891,1892,1893,1894,1895,1896,1897,1898,1899,1900,1901,1902,1903,1904,1905,1906,1907,1908,1909,1910,1911,1912,1913,1914,1915,1916,1917,1918,1919,1920,1921,1922,1923,1924,1925,1926,1927,1928,1929,1930,1931,1932,1933,1934,1935,1936,1937,1938,1939,1940,1941,1942,1943,1944,1945,1946,1947,1948,1949,1950,1951,1952,1953,1954,1955,1956,1957,1958,1959,1960,1961,1962,1963,1964,1965,1966,1967,1968,1969,1970,1971,1972,1973,1974,1975,1976,1977,1978,1979,1980,1981,1982,1983,1984,1985,1986,1987,1988,1989,1990,1991,1992,1993,1994,1995,1996,1997,1998,1999,2000,2001,2002,2003,2004,2005,2006,2007,2008],"level":[-16.080422,-16.126111,-16.170844,-16.215124,-16.259694,-16.304861,-16.350906,-16.396618,-16.440579,-16.48109,-16.517854,-16.550449,-16.578593,-16.601967,-16.619827,-16.631874,-16.63925,-16.643267,-16.644982,-16.644596,-16.642608,-16.639351,-16.63481,-16.629209,-16.62298,-16.61633,-16.60942,-16.602261,-16.594816,-16.587762,-16.581221,-16.57574,-16.571631,-16.569507,-16.568207,-16.566576,-16.563628,-16.558253,-16.549822,-16.538104,-16.523093,-16.504916,-16.484021,-16.461293,-16.437932,-16.414404,-16.39191,-16.370104,-16.349055,-16.328909,-16.309714,-16.291513,-16.274288,-16.258027,-16.242692,-16.228477,-16.215438,-16.203524,-16.192679,-16.182612,-16.173033,-16.163607,-16.154122,-16.144248,-16.13375,-16.122319,-16.109448,-16.095012,-16.078968,-16.060775,-16.039801,-16.015716,-15.988697,-15.958964,-15.926623,-15.892028,-15.855513,-15.817456,-15.778298,-15.738466,-15.698408,-15.658351,-15.618541,-15.579478,-15.541749,-15.505695,-15.471439,-15.439061,-15.408566,-15.379943,-15.353069,-15.327623,-15.303599,-15.281162,-15.260709,-15.242285,-15.225753,-15.211238,-15.198932,-15.189163,-15.182386,-15.17857,-15.177381,-15.178476,-15.181516,-15.186226,-15.192339,-15.199645,-15.207985,-15.217137,-15.226921,-15.237127,-15.247611,-15.258337,-15.269367,-15.280137,-15.29012,-15.298657,-15.305115,-15.308936,-15.309509,-15.306114,-15.298139,-15.285048,-15.266342,-15.241639,-15.210826,-15.173517,-15.129398,-15.078124,-15.019669,-14.954326,-14.882448,-14.804558,-14.721058,-14.632066,-14.537324,-14.436693,-14.329665,-14.216157,-14.096071,-13.969707,-13.83751,-13.699744,-13.556506,-13.408075,-13.254508,-13.096241,-12.933763,-12.76741,-12.597676,-12.425089,-12.250238,-12.074036,-11.897517,-11.721742,-11.547813,-11.376838,-11.209863,-11.04788,-10.891734,-10.742133,-10.599698,-10.46493,-10.33819,-10.21977,-10.10986,-10.008485,-9.915506,-9.830647,-9.753519,-9.683652,-9.620495,-9.563473,-9.512015,-9.465609,-9.423779,-9.386135,-9.352385,-9.322312,-9.295792,-9.272797,-9.25337,-9.237615,-9.22563,-9.217446,-9.212971,-9.212012,-9.214289,-9.219498,-9.227341,-9.237547,-9.249864,-9.264087,-9.280028,-9.297531,-9.316446,-9.336639,-9.357987,-9.38037,-9.403659,-9.427714,-9.45239,-9.477548,-9.50305,-9.528782,-9.554651,-9.580584,-9.606535],"drift":[-0.04568876,-0.04473293,-0.04428023,-0.04456992,-0.04516756,-0.04604507,-0.04571215,-0.04396036,-0.04051096,-0.03676445,-0.03259454,-0.02814426,-0.02337414,-0.01785977,-0.01204729,-0.00737533,-0.0040174,-0.00171484,0.00038544,0.0019881,0.00325692,0.00454178,0.00560099,0.00622835,0.00664987,0.0069103,0.00715931,0.00744511,0.00705374,0.00654125,0.00548027,0.00410903,0.00212417,0.00130032,0.00163098,0.00294774,0.00537559,0.00843057,0.01171789,0.01501154,0.01817672,0.02089484,0.02272776,0.02336102,0.02352846,0.02249326,0.02180669,0.02104906,0.02014567,0.01919519,0.01820068,0.01722514,0.01626102,0.01533462,0.01421505,0.01303978,0.01191309,0.01084546,0.01006674,0.0095789,0.00942605,0.00948553,0.00987385,0.01049802,0.01143114,0.01287107,0.014436,0.01604321,0.01819312,0.02097388,0.02408511,0.0270196,0.02973245,0.03234117,0.03459523,0.0365152,0.03805639,0.03915815,0.03983253,0.04005795,0.0400569,0.03980971,0.03906307,0.0377288,0.03605391,0.03425586,0.03237892,0.03049487,0.02862258,0.02687376,0.02544584,0.02402431,0.02243674,0.02045305,0.0184245,0.0165315,0.01451544,0.0123063,0.00976889,0.00677709,0.00381585,0.00118845,-0.00109433,-0.00304027,-0.00470978,-0.00611371,-0.00730594,-0.00833949,-0.00915209,-0.00978417,-0.01020562,-0.01048434,-0.01072552,-0.01103036,-0.01076966,-0.00998372,-0.0085364,-0.00645793,-0.00382108,-0.0005735,0.00339481,0.00797571,0.01309079,0.01870557,0.02470362,0.03081236,0.03730939,0.04411853,0.05127471,0.05845461,0.06534277,0.07187807,0.07789064,0.08350003,0.08899153,0.09474247,0.10063027,0.10702883,0.11350755,0.12008618,0.1263643,0.13219625,0.13776671,0.14323716,0.14843116,0.15356747,0.15826663,0.16247806,0.16635292,0.16973439,0.1725867,0.17485155,0.17620171,0.1765184,0.17577522,0.17392875,0.17097549,0.16697541,0.16198216,0.15614636,0.1496007,0.14243483,0.13476809,0.12674065,0.11842009,0.10991011,0.10137416,0.09297907,0.08485943,0.07712758,0.06986697,0.06315688,0.05702283,0.05145786,0.04640577,0.04182995,0.03764449,0.03374971,0.03007239,0.02652079,0.02299442,0.01942679,0.01575579,0.01198423,0.00818448,0.00447536,0.00095876,-0.00227759,-0.00520901,-0.00784228,-0.01020623,-0.01231755,-0.01422266,-0.01594131,-0.01750226,-0.01891547,-0.02019263,-0.02134797,-0.02238324,-0.02328876,-0.02405527,-0.0246763,-0.02515769,-0.02550182,-0.02573228,-0.0258684,-0.02593298,-0.0259512,-0.0259512],"instab":[null,null,null,null,8.477696,7.817887,7.145908,6.616252,6.297167,5.965149,5.665968,5.415925,5.21408,5.010174,4.856522,4.708588,4.594436,4.519779,4.392455,4.282943,2.821389,2.520782,1.909804,1.705015,1.703584,1.536373,1.493494,1.514464,1.164026,1.187209,1.190627,1.202688,1.453714,1.43842,1.279966,1.284272,1.312632,1.217252,1.218123,1.208734,1.190561,1.192851,1.192087,1.280907,1.313334,1.568954,1.591482,1.550515,1.517563,1.502408,1.495376,1.488757,1.185185,1.183625,1.171864,1.172625,1.125057,1.101101,1.09624,1.095773,1.095348,1.083261,1.087105,0.979589,0.927017,0.400496,0.328713,0.418993,0.41557,0.451388,0.503599,0.506605,0.523144,0.515131,0.515339,0.514875,0.516749,0.512525,0.514718,0.540056,0.530608,0.539081,0.533343,0.55721,0.565026,0.510009,0.506183,0.450762,0.450913,0.403399,0.376857,0.397805,0.407345,0.430637,0.429811,0.4666,0.469798,0.472515,0.473952,0.510593,0.520376,0.514388,0.520275,0.500625,0.484748,0.486935,0.486925,0.487345,0.485102,0.477085,0.444336,0.44003,0.432116,0.498011,0.494731,0.473899,0.476589,0.478174,0.476443,0.39717,0.378019,0.377339,0.375633,0.371049,0.377713,0.431935,0.429352,0.435364,0.444543,0.448062,0.455622,0.452939,0.485272,0.451619,0.505,0.506754,0.537378,0.570342,0.57066,0.592049,0.580487,0.596865,0.6052,0.600055,0.590592,0.604412,0.601396,0.611754,0.58773,0.568962,0.569162,0.58508,0.573819,0.545473,0.507817,0.503963,0.475867,0.406649,0.410524,0.35756,0.356523,0.333801,0.319687,0.322439,0.3015,0.25282,0.26281,0.2511,0.273591,0.3001,0.324001,0.346125,0.376671,0.396231,0.404399,0.407037,0.393376,0.374004,0.332408,0.296046,0.270667,0.241556,0.217617,0.225406,0.236496,0.234795,0.233699,0.23262,0.232615,0.232457,0.232396,0.227512,0.21974,0.203895,0.194408,0.17591,0.15592,0.145387,0.133337,0.12089,0.116801,0.11356,0.11422,0.107574,0.093716,0.088296,0.088183,0.088866,0.086085],