{"word":"computer","years":[1800,1801,1802,1803,1804,1805,1806,1807,1808,1809,1810,1811,1812,1813,1814,1815,1816,1817,1818,1819,1820,1821,1822,1823,1824,1825,1826,1827,1828,1829,1830,1831,1832,1833,1834,1835,1836,1837,1838,1839,1840,1841,1842,1843,1844,1845,1846,1847,1848,1849,1850,1851,1852,1853,1854,1855,1856,1857,1858,1859,1860,1861,1862,1863,1864,1865,1866,1867,1868,1869,1870,1871,1872,1873,1874,1875,1876,1877,1878,1879,1880,1881,1882,1883,1884,1885,1886,1887,1888,1889,1890,1891,1892,1893,1894,1895,1896,1897,1898,1899,1900,1901,1902,1903,1904,1905,1906,1907,1908,1909,1910,1911,1912,1913,1914,1915,1916,1917,1918,1919,1920,1921,1922,1923,1924,1925,1926,1927,1928,1929,1930,1931,1932,1933,1934,1935,1936,1937,1938,1939,1940,1941,1942,1943,1944,1945,1946,1947,1948,1949,1950,1951,1952,1953,1954,1955,1956,1957,1958,1959,1960,1961,1962,1963,1964,1965,1966,1967,1968,1969,1970,1971,1972,1973,1974,1975,1976,1977,1978,1979,1980,1981,1982,1983,1984,1985,1986,1987,1988,1989,1990,1991,1992,1993,1994,1995,1996,1997,1998,1999,2000,2001,2002,2003,2004,2005,2006,2007,2008,2009,2010,2011,2012,2013,2014,2015,2016,2017,2018,2019],"level":[-16.081405,-16.12695,-16.171548,-16.215696,-16.260129,-16.305149,-16.351033,-16.39658,-16.440382,-16.480757,-16.517407,-16.549914,-16.577996,-16.601336,-16.619197,-16.631282,-16.638721,-16.642815,-16.64461,-16.644307,-16.6424,-16.639219,-16.63475,-16.629217,-16.623049,-16.616451,-16.609584,-16.602459,-16.595041,-16.588001,-16.581461,-16.575963,-16.571815,-16.569627,-16.568246,-16.566532,-16.563506,-16.558069,-16.549599,-16.537866,-16.522866,-16.504725,-16.483887,-16.461229,-16.437941,-16.414485,-16.392052,-16.370298,-16.349294,-16.329185,-16.310019,-16.291839,-16.274626,-16.25837,-16.243032,-16.228805,-16.215742,-16.203795,-16.192905,-16.182785,-16.173145,-16.163654,-16.154098,-16.144152,-16.133582,-16.122079,-16.109141,-16.094643,-16.078542,-16.060302,-16.039295,-16.015195,-15.988178,-15.958462,-15.926152,-15.8916,-15.855138,-15.817142,-15.778049,-15.738283,-15.698292,-15.658301,-15.618557,-15.579554,-15.541879,-15.505869,-15.471648,-15.439297,-15.408824,-15.380218,-15.353359,-15.327931,-15.303927,-15.281514,-15.261084,-15.242683,-15.226177,-15.211687,-15.199406,-15.189658,-15.182893,-15.17908,-15.177887,-15.178972,-15.182001,-15.186697,-15.192796,-15.200086,-15.208409,-15.217541,-15.227303,-15.237482,-15.247935,-15.25862,-15.269598,-15.280305,-15.290217,-15.298675,-15.305051,-15.308788,-15.309277,-15.305801,-15.297749,-15.284589,-15.265823,-15.241069,-15.210213,-15.172869,-15.128726,-15.077438,-15.01898,-14.95364,-14.881766,-14.803876,-14.720369,-14.631361,-14.536597,-14.435941,-14.328888,-14.21536,-14.095262,-13.968891,-13.836693,-13.69893,-13.555703,-13.407292,-13.253756,-13.095534,-12.933113,-12.766832,-12.597185,-12.424702,-12.24997,-12.073903,-11.897529,-11.721905,-11.54813,-11.377307,-11.210479,-11.048634,-10.892615,-10.743127,-10.600792,-10.466109,-10.339439,-10.221077,-10.111212,-10.009872,-9.916919,-9.832082,-9.754975,-9.685133,-9.622007,-9.565027,-9.513625,-9.46729,-9.425546,-9.388002,-9.354364,-9.32441,-9.298007,-9.275123,-9.255789,-9.240095,-9.22813,-9.219909,-9.215327,-9.21418,-9.216171,-9.220983,-9.228301,-9.237839,-9.249328,-9.262543,-9.277281,-9.293366,-9.310635,-9.328938,-9.348141,-9.368116,-9.38873,-9.409847,-9.431331,-9.453061,-9.474928,-9.496857,-9.518807,-9.540773,-9.562793,-9.584953,-9.607374,-9.630174,-9.653426,-9.677161,-9.701344,-9.725907,-9.750743,-9.775754,-9.800849,-9.825969],"drift":[-0.04554499,-0.04459779,-0.04414808,-0.04443248,-0.04502046,-0.04588396,-0.04554675,-0.0438023,-0.04037456,-0.03665079,-0.03250605,-0.02808222,-0.02334046,-0.01786069,-0.01208509,-0.0074389,-0.00409425,-0.0017952,0.00030301,0.00190767,0.00318087,0.00446906,0.00553279,0.00616779,0.00659792,0.00686755,0.00712496,0.007418,0.00703958,0.00654059,0.00549783,0.00414736,0.00218883,0.00138005,0.00171465,0.00302585,0.0054374,0.00846991,0.01173226,0.01500049,0.01814096,0.02083801,0.02265758,0.02328815,0.02345653,0.02243293,0.02175388,0.02100375,0.02010867,0.01916645,0.01818027,0.01721266,0.01625632,0.01533744,0.01422749,0.0130628,0.01194681,0.01089004,0.01012028,0.0096396,0.00949176,0.00955532,0.00994571,0.0105708,0.01150297,0.01293811,0.01449791,0.01610032,0.01824081,0.0210065,0.02409962,0.02701757,0.02971563,0.03230994,0.03455213,0.03646234,0.0379961,0.03909317,0.03976533,0.0399911,0.03999075,0.03974474,0.03900216,0.03767568,0.03600998,0.03422054,0.03235124,0.03047332,0.02860557,0.02685875,0.02542855,0.02400359,0.02241322,0.02042971,0.01840114,0.01650639,0.01448948,0.01228127,0.00974807,0.00676518,0.00381318,0.00119268,-0.00108539,-0.00302849,-0.00469623,-0.00609913,-0.00729033,-0.00832212,-0.00913263,-0.00976168,-0.01017929,-0.01045251,-0.01068538,-0.01097796,-0.01070691,-0.00991205,-0.00845846,-0.00637602,-0.0037368,-0.00048899,0.0034763,0.00805186,0.01315985,0.01876597,0.02475465,0.03085568,0.03734374,0.04414308,0.05128801,0.05845795,0.06534013,0.07187368,0.07789003,0.08350726,0.08900764,0.09476457,0.1006563,0.10705283,0.1135273,0.12009892,0.12637069,0.13219796,0.13776328,0.14322618,0.14841153,0.15353562,0.15822225,0.16242095,0.16628111,0.16964709,0.17248321,0.17473147,0.17606758,0.17637376,0.17562381,0.17377472,0.17082309,0.16682849,0.16184428,0.15601992,0.14948721,0.14233534,0.13468301,0.12666955,0.11836247,0.10986507,0.10133986,0.09295272,0.08483761,0.07710648,0.06984264,0.06312533,0.05698052,0.05140201,0.0463349,0.04174367,0.03754403,0.03363808,0.02995417,0.02640239,0.02288419,0.01933475,0.01569367,0.01196485,0.00822115,0.00458146,0.00114785,-0.00199168,-0.00481164,-0.00731787,-0.00953823,-0.01148879,-0.01321539,-0.01473783,-0.01608535,-0.01726911,-0.01830265,-0.0192028,-0.01997494,-0.02061415,-0.02111704,-0.02148425,-0.02173001,-0.02186662,-0.02192904,-0.02194968,-0.02196622,-0.02202054,-0.02215933,-0.02242128,-0.02279982,-0.02325259,-0.02373426,-0.02418338,-0.02456296,-0.02483572,-0.02501115,-0.02509535,-0.02511927,-0.02511927],"instab":[null,null,null,null,8.477697,7.817889,7.145909,6.616252,6.297169,5.965146,5.665964,5.415919,5.214072,5.010166,4.856516,4.708574,4.594414,4.519759,4.392437,4.282932,2.821384,2.520754,1.90977,1.705,1.703575,1.536395,1.49351,1.514429,1.163909,1.187075,1.190487,1.202544,1.453605,1.438223,1.279582,1.283894,1.312304,1.217026,1.217914,1.208544,1.190401,1.192732,1.191975,1.280643,1.3131,1.568613,1.591112,1.550173,1.517213,1.502076,1.495038,1.488427,1.184747,1.183227,1.171526,1.172296,1.124784,1.100839,1.095961,1.095484,1.095033,1.082905,1.086735,0.979347,0.926721,0.400388,0.328729,0.418897,0.415462,0.451301,0.503563,0.506544,0.523035,0.515061,0.515237,0.514756,0.516629,0.512382,0.51459,0.539963,0.530538,0.538978,0.533248,0.557151,0.565003,0.509994,0.506152,0.450782,0.450938,0.403431,0.376707,0.397659,0.407274,0.43048,0.429674,0.46649,0.469709,0.472466,0.473933,0.510494,0.520264,0.514287,0.520181,0.500538,0.484642,0.486834,0.486821,0.487229,0.484974,0.476913,0.444252,0.43998,0.432092,0.497896,0.494592,0.473798,0.476487,0.478074,0.476341,0.39707,0.377879,0.377212,0.375517,0.370949,0.377623,0.431833,0.429252,0.435276,0.444434,0.447947,0.455507,0.452819,0.485176,0.451686,0.505198,0.506919,0.537661,0.570431,0.570763,0.592071,0.580487,0.59688,0.605234,0.600022,0.590525,0.604346,0.601308,0.611686,0.587572,0.568721,0.568921,0.584809,0.573605,0.545318,0.50769,0.503837,0.475732,0.406558,0.41044,0.357467,0.356412,0.333718,0.319607,0.322366,0.301436,0.252808,0.262831,0.251182,0.273753,0.300344,0.324334,0.346602,0.377266,0.396962,0.405245,0.408,0.394449,0.375139,0.333609,0.29726,0.271805,0.24257,0.218377,0.22587,0.236694,0.234769,0.233513,0.23236,0.232332,0.232193,0.232164,0.227341,0.219642,0.203868,0.194429,0.175967,0.155983,0.145438,0.133356,0.120849,0.116717,0.113429,0.11412,0.107555,0.093822,0.088491,0.08843,0.089118,0.086343,0.087887,0.098607,0.097342,0.101967,0.097301,0.095076,0.09139,0.087527,0.087148,0.087696,0.087111],