{"word":"comstocki","years":[1800,1801,1802,1803,1804,1805,1806,1807,1808,1809,1810,1811,1812,1813,1814,1815,1816,1817,1818,1819,1820,1821,1822,1823,1824,1825,1826,1827,1828,1829,1830,1831,1832,1833,1834,1835,1836,1837,1838,1839,1840,1841,1842,1843,1844,1845,1846,1847,1848,1849,1850,1851,1852,1853,1854,1855,1856,1857,1858,1859,1860,1861,1862,1863,1864,1865,1866,1867,1868,1869,1870,1871,1872,1873,1874,1875,1876,1877,1878,1879,1880,1881,1882,1883,1884,1885,1886,1887,1888,1889,1890,1891,1892,1893,1894,1895,1896,1897,1898,1899,1900,1901,1902,1903,1904,1905,1906,1907,1908,1909,1910,1911,1912,1913,1914,1915,1916,1917,1918,1919,1920,1921,1922,1923,1924,1925,1926,1927,1928,1929,1930,1931,1932,1933,1934,1935,1936,1937,1938,1939,1940,1941,1942,1943,1944,1945,1946,1947,1948,1949,1950,1951,1952,1953,1954,1955,1956,1957,1958,1959,1960,1961,1962,1963,1964,1965,1966,1967,1968,1969,1970,1971,1972,1973,1974,1975,1976,1977,1978,1979,1980,1981,1982,1983,1984,1985,1986,1987,1988,1989,1990,1991,1992,1993,1994,1995,1996,1997,1998,1999,2000,2001,2002,2003,2004,2005,2006,2007,2008],"level":[-16.7848,-16.821942,-16.859084,-16.896226,-16.933368,-16.97051,-17.007652,-17.044794,-17.081927,-17.119041,-17.156129,-17.19318,-17.230185,-17.267136,-17.304023,-17.340837,-17.37757,-17.414211,-17.450752,-17.487184,-17.523498,-17.559684,-17.595734,-17.631638,-17.667387,-17.702973,-17.738385,-17.773616,-17.808655,-17.843494,-17.878124,-17.912535,-17.946719,-17.980666,-18.014367,-18.047814,-18.080996,-18.113905,-18.146533,-18.178869,-18.210904,-18.24263,-18.274038,-18.305117,-18.335861,-18.366258,-18.3963,-18.425978,-18.455283,-18.484205,-18.512737,-18.540867,-18.568588,-18.595891,-18.622765,-18.649203,-18.675195,-18.700731,-18.725804,-18.750403,-18.774519,-18.798144,-18.821269,-18.843883,-18.865979,-18.887547,-18.908578,-18.929063,-18.948993,-18.968358,-18.98715,-19.005359,-19.022977,-19.039994,-19.056401,-19.072189,-19.087349,-19.101871,-19.115748,-19.128969,-19.141526,-19.153409,-19.16461,-19.175119,-19.184927,-19.194024,-19.202403,-19.210054,-19.216967,-19.223134,-19.228546,-19.233203,-19.237132,-19.240361,-19.242917,-19.244827,-19.246118,-19.246825,-19.246981,-19.24662,-19.245812,-19.244668,-19.243263,-19.241622,-19.239732,-19.237537,-19.234984,-19.232008,-19.228533,-19.224479,-19.219737,-19.214214,-19.207861,-19.200627,-19.192511,-19.183552,-19.173794,-19.163283,-19.152033,-19.140104,-19.127528,-19.114383,-19.100764,-19.086767,-19.072496,-19.058074,-19.043661,-19.029419,-19.015553,-19.002179,-18.989429,-18.977428,-18.966232,-18.95589,-18.946444,-18.937928,-18.930418,-18.924011,-18.918765,-18.914643,-18.911659,-18.909831,-18.909159,-18.909631,-18.91123,-18.913953,-18.917782,-18.92271,-18.928726,-18.935799,-18.943929,-18.953129,-18.963382,-18.974584,-18.986644,-18.99953,-19.013251,-19.027815,-19.043222,-19.059487,-19.076591,-19.094491,-19.113144,-19.132544,-19.152701,-19.173659,-19.195451,-19.218136,-19.241753,-19.26634,-19.291937,-19.318594,-19.346393,-19.375375,-19.405546,-19.436924,-19.469526,-19.503319,-19.538275,-19.574367,-19.611538,-19.649765,-19.689022,-19.729301,-19.770577,-19.81283,-19.856045,-19.90023,-19.945348,-19.991386,-20.038323,-20.086099,-20.13467,-20.183986,-20.234022,-20.284777,-20.336267,-20.38844,-20.441234,-20.494588,-20.548452,-20.602736,-20.657348,-20.712214,-20.767267,-20.822464,-20.877725,-20.932979,-20.988219],"drift":[-0.03714201,-0.03714201,-0.037142,-0.037142,-0.037142,-0.037142,-0.03714199,-0.03713289,-0.03711468,-0.03708737,-0.03705096,-0.03700544,-0.03695083,-0.03688711,-0.03681429,-0.03673237,-0.03664134,-0.03654121,-0.03643198,-0.03631365,-0.03618622,-0.03604968,-0.03590404,-0.0357493,-0.03558546,-0.03541252,-0.03523047,-0.03503932,-0.03483907,-0.03462972,-0.03441126,-0.0341837,-0.03394704,-0.03370128,-0.03344642,-0.03318245,-0.03290938,-0.03262721,-0.03233594,-0.03203556,-0.03172609,-0.03140751,-0.03107982,-0.03074304,-0.03039715,-0.03004217,-0.02967808,-0.02930488,-0.02892259,-0.02853119,-0.02813069,-0.02772109,-0.02730239,-0.02687458,-0.02643768,-0.02599167,-0.02553655,-0.02507234,-0.02459902,-0.0241166,-0.02362508,-0.02312446,-0.02261474,-0.02209591,-0.02156798,-0.02103095,-0.02048481,-0.01992958,-0.01936524,-0.0187918,-0.01820926,-0.01761761,-0.01701687,-0.01640702,-0.01578807,-0.01516001,-0.01452286,-0.0138766,-0.01322124,-0.01255678,-0.01188321,-0.01120055,-0.01050878,-0.00980791,-0.00909793,-0.00837886,-0.00765068,-0.0069134,-0.00616702,-0.00541154,-0.00465675,-0.00392921,-0.00322892,-0.00255587,-0.00191008,-0.00129154,-0.00070681,-0.00015591,0.00036116,0.00080772,0.00114376,0.0014051,0.00164126,0.00189031,0.00219447,0.00255371,0.00297518,0.00347538,0.00405432,0.004742,0.00552293,0.00635331,0.00723316,0.00811658,0.00895914,0.00975749,0.01051163,0.01124941,0.01192951,0.01257509,0.01314537,0.01361936,0.01399707,0.01427026,0.01442254,0.01441291,0.01424138,0.0138665,0.01337359,0.01275027,0.01200123,0.01119614,0.01034203,0.00944522,0.00851617,0.00751041,0.00640675,0.00524586,0.00412207,0.0029844,0.00182788,0.00067206,-0.0004719,-0.0015991,-0.00272345,-0.0038282,-0.00492833,-0.00601572,-0.00707324,-0.00813022,-0.00919948,-0.01025353,-0.01120151,-0.01206024,-0.01288619,-0.01372086,-0.01456426,-0.01540716,-0.01626495,-0.01710362,-0.01790052,-0.01865237,-0.01940037,-0.02015688,-0.02095846,-0.0217919,-0.02268447,-0.02361698,-0.02458758,-0.02559625,-0.0266579,-0.02779829,-0.02898192,-0.03017097,-0.03137785,-0.03260256,-0.0337927,-0.03495628,-0.03609147,-0.03717161,-0.03822653,-0.0392574,-0.04027877,-0.04127636,-0.04225249,-0.04321561,-0.04418433,-0.04511874,-0.04603724,-0.04693755,-0.04777577,-0.04857147,-0.04931547,-0.05003625,-0.0507551,-0.05148941,-0.05217368,-0.05279336,-0.05335404,-0.05386422,-0.05428369,-0.05461207,-0.05486604,-0.05505318,-0.05519697,-0.05526144,-0.05525341,-0.05524063,-0.05524063],"instab":[null,null,null,null,null,null,null,null,null,null,null,null,null,null,null,null,null,null,null,null,null,null,null,null,null,null,null,null,null,null,null,null,null,null,null,null,null,null,null,null,null,null,null,null,null,null,null,null,null,null,null,null,null,null,null,null,null,null,null,null,null,null,null,null,null,null,null,null,null,null,null,null,null,null,null,null,null,null,null,null,null,null,null,null,null,null,null,null,null,null,null,null,null,null,null,null,null,null,null,99.459879,90.605737,83.766565,78.313389,73.80794,73.80794,70.047446,66.799094,66.799094,63.954173,1.051625,1.196903,1.196903,1.26159,1.274104,1.228393,1.270329,1.262332,1.260212,1.272118,1.298915,1.197612,1.099096,1.027775,0.948283,0.924694,0.954707,0.944397,1.341008,1.326364,1.320381,1.395297,1.351019,1.27604,1.213164,1.300509,1.280001,1.285474,1.389668,1.496538,1.470942,1.464604,1.424773,1.429404,1.449955,1.428078,1.413482,1.400222,1.170954,1.214233,1.219764,1.076976,1.232203,1.259896,1.358921,1.365455,1.398344,1.349007,1.112446,1.076647,1.087092,1.076538,1.122861,1.123711,1.142565,1.146827,1.150528,1.170505,1.164563,1.175687,1.174454,1.154927,0.970045,1.021092,0.897974,0.853353,0.911215,0.920938,0.911007,0.886317,0.924308,0.925001,0.865808,0.863764,0.815541,0.813428,0.808586,0.84035,0.861185,0.836948,0.881388,0.891074,0.837228,0.816576,0.826493,0.81056,0.8768,0.87603,0.878747,0.864817,0.869085,0.869679,0.876352,0.87535,0.893973,0.930386,0.921256,1.002163,0.995261,1.009539],