{"word":"concessionality","years":[1800,1801,1802,1803,1804,1805,1806,1807,1808,1809,1810,1811,1812,1813,1814,1815,1816,1817,1818,1819,1820,1821,1822,1823,1824,1825,1826,1827,1828,1829,1830,1831,1832,1833,1834,1835,1836,1837,1838,1839,1840,1841,1842,1843,1844,1845,1846,1847,1848,1849,1850,1851,1852,1853,1854,1855,1856,1857,1858,1859,1860,1861,1862,1863,1864,1865,1866,1867,1868,1869,1870,1871,1872,1873,1874,1875,1876,1877,1878,1879,1880,1881,1882,1883,1884,1885,1886,1887,1888,1889,1890,1891,1892,1893,1894,1895,1896,1897,1898,1899,1900,1901,1902,1903,1904,1905,1906,1907,1908,1909,1910,1911,1912,1913,1914,1915,1916,1917,1918,1919,1920,1921,1922,1923,1924,1925,1926,1927,1928,1929,1930,1931,1932,1933,1934,1935,1936,1937,1938,1939,1940,1941,1942,1943,1944,1945,1946,1947,1948,1949,1950,1951,1952,1953,1954,1955,1956,1957,1958,1959,1960,1961,1962,1963,1964,1965,1966,1967,1968,1969,1970,1971,1972,1973,1974,1975,1976,1977,1978,1979,1980,1981,1982,1983,1984,1985,1986,1987,1988,1989,1990,1991,1992,1993,1994,1995,1996,1997,1998,1999,2000,2001,2002,2003,2004,2005,2006,2007,2008],"level":[-19.474065,-19.473079,-19.472094,-19.471108,-19.470122,-19.469136,-19.46815,-19.467164,-19.466178,-19.465192,-19.464206,-19.46322,-19.462234,-19.461248,-19.460262,-19.459276,-19.45829,-19.457304,-19.456318,-19.455332,-19.454347,-19.453361,-19.452375,-19.451389,-19.450403,-19.449417,-19.448431,-19.447445,-19.446459,-19.445473,-19.444487,-19.443501,-19.442515,-19.441529,-19.440543,-19.439557,-19.438571,-19.437585,-19.4366,-19.435614,-19.452638,-19.469663,-19.486687,-19.503712,-19.520736,-19.537761,-19.554785,-19.57181,-19.588834,-19.605859,-19.622883,-19.639908,-19.656932,-19.673957,-19.690981,-19.708006,-19.72503,-19.742055,-19.759079,-19.776104,-19.793128,-19.810153,-19.827177,-19.844202,-19.861226,-19.878251,-19.895275,-19.9123,-19.929324,-19.946349,-19.963373,-19.980398,-19.997422,-20.014447,-20.031471,-20.048496,-20.06552,-20.082545,-20.099569,-20.116594,-20.133618,-20.150643,-20.167667,-20.184692,-20.201716,-20.218741,-20.235765,-20.25279,-20.269814,-20.286839,-20.303863,-20.320888,-20.337912,-20.354937,-20.371961,-20.388986,-20.40601,-20.423035,-20.440059,-20.457084,-20.474108,-20.491133,-20.508157,-20.525182,-20.542206,-20.559231,-20.576255,-20.59328,-20.610304,-20.627329,-20.644353,-20.661378,-20.678403,-20.695427,-20.712452,-20.729476,-20.746501,-20.763525,-20.78055,-20.797574,-20.814599,-20.831623,-20.848648,-20.865672,-20.882697,-20.899721,-20.916746,-20.93377,-20.950795,-20.967819,-20.984844,-21.001868,-21.018893,-21.035917,-21.052942,-21.069966,-21.086991,-21.104015,-21.12104,-21.138064,-21.155089,-21.172113,-21.189138,-21.206162,-21.223187,-21.240211,-21.257236,-21.27426,-21.291285,-21.308309,-21.325334,-21.342358,-21.359383,-21.376407,-21.393432,-21.410456,-21.427481,-21.444505,-21.46153,-21.478554,-21.495579,-21.512603,-21.529628,-21.546652,-21.563677,-21.580701,-21.597726,-21.61475,-21.651655,-21.688559,-21.725463,-20.675958,-19.626453,-19.872839,-20.41612,-20.882558,-19.565688,-19.16484,-19.393716,-19.034946,-18.974698,-18.905358,-18.675743,-18.55637,-17.678687,-17.82335,-18.196493,-18.141297,-17.897319,-17.762388,-17.62041,-17.262814,-17.67895,-17.690473,-17.649943,-17.082498,-17.685003,-18.555135,-19.062716,-18.542564,-18.655372,-18.207221,-18.767584,-18.173763,-18.487866,-18.886892,-18.71123,-19.171364,-19.267958],"drift":[0.0009909,0.0009909,0.0009909,0.0009909,0.0009909,0.0009909,0.0009909,0.0009909,0.0009909,0.0009909,0.0009909,0.0009909,0.0009909,0.0009909,0.0009909,0.0009909,0.0009909,0.0009909,0.0009909,0.0009909,0.0009909,0.0009909,0.0009909,0.0009909,0.0009909,0.0009909,0.0009909,0.0009909,0.0009909,0.0009909,0.0009909,0.0009909,0.0009909,0.0009909,0.0009909,0.0009909,0.0009909,0.0009909,0.0009909,0.0009909,0.0009909,0.0009909,0.0009909,0.0009909,0.0009909,0.0009909,0.0009909,0.0009909,0.0009909,0.0009909,0.0009909,0.0009909,0.0009909,0.0009909,0.0009909,0.0009909,0.0009909,0.0009909,0.0009909,0.0009909,0.0009909,0.0009909,0.0009909,0.0009909,0.0009909,0.0009909,0.0009909,0.0009909,0.0009909,0.0009909,0.0009909,0.0009909,0.0009909,0.0009909,0.0009909,0.0009909,0.0009909,0.0009909,0.0009909,0.0009909,0.0009909,0.0009909,0.0009909,0.0009909,0.0009909,0.0009909,0.0009909,0.0009909,0.0009909,0.0009909,0.0009909,0.0009909,0.0009909,0.0009909,0.0009909,0.0009909,0.0009909,0.0009909,0.0009909,0.0009909,0.0009909,0.0009909,0.0009909,0.0009909,0.0009909,0.0009909,0.0009909,0.0009909,0.0009909,0.0009909,0.0009909,0.0009909,0.0009909,0.0009909,0.0009909,0.0009909,0.0009909,0.0009909,0.0009909,0.0009909,0.0009909,0.0009909,0.0009909,0.0009909,0.0009909,0.0009909,0.0009909,0.0009909,0.0009909,0.0009909,0.0009909,0.0009909,0.0009909,0.0009909,0.0009909,0.0009909,0.0009909,0.0009909,0.0009909,0.0009909,0.0009909,0.0009909,0.0009909,0.0009909,0.0009909,0.0009909,0.0009909,0.0009909,0.0009909,0.0009909,0.0009909,0.0009909,0.0009909,0.0009909,0.0009909,0.0009909,0.0009909,0.0009909,0.0009909,0.0009909,0.0009909,0.0009909,0.0009909,0.0009909,0.0009909,0.0009909,0.0009909,0.00099091,0.00099091,0.00099091,0.00099091,0.00099091,0.00099091,0.00099091,0.00099091,0.00099091,0.00099091,0.00099091,0.00099091,0.00099091,0.00099091,0.00099091,0.00099091,0.00099091,0.00099091,0.00099091,0.00099091,0.00099091,0.00099091,0.00099091,0.00099091,0.00099091,0.0009909,0.0009909,0.0009909,0.0009909,0.0009909,0.0009909,0.0009909,0.0009909,0.0009909,0.0009909,0.0009909,0.0009909,0.0009909,0.0009909,0.0009909,0.0009909,0.0009909],"instab":[null,null,null,null,null,null,null,null,null,null,null,null,null,null,null,null,null,null,null,null,null,null,null,null,null,null,null,null,null,null,null,null,null,null,null,null,null,null,null,null,null,null,null,null,null,null,null,null,null,null,null,null,null,null,null,null,null,null,null,null,null,null,null,null,null,null,null,null,null,null,null,null,null,null,null,null,null,null,null,null,null,null,null,null,null,null,null,null,null,null,null,null,null,null,null,null,null,null,null,null,null,null,null,null,null,null,null,null,null,null,null,null,null,null,null,null,null,null,null,null,null,null,null,null,null,null,null,null,null,null,null,null,null,null,null,null,null,null,null,null,null,null,null,null,null,null,null,null,null,null,null,null,null,null,null,null,null,null,null,null,null,null,null,null,null,null,null,null,null,null,null,null,null,null,27.410225,25.086962,23.15644,21.658323,20.445148,19.393387,18.4981,17.716009,17.021565,16.405196,15.838085,15.342887,14.895258,0.684605,0.664196,0.645773,0.642916,0.626453,0.452681,0.446641,0.420828,0.406685,0.346823,0.399941,0.414062,0.42261,0.423525,0.434554,0.451249,0.470473,0.429311,0.436092,0.432203,0.442156,0.436694],