{"word":"conceptualizations","years":[1800,1801,1802,1803,1804,1805,1806,1807,1808,1809,1810,1811,1812,1813,1814,1815,1816,1817,1818,1819,1820,1821,1822,1823,1824,1825,1826,1827,1828,1829,1830,1831,1832,1833,1834,1835,1836,1837,1838,1839,1840,1841,1842,1843,1844,1845,1846,1847,1848,1849,1850,1851,1852,1853,1854,1855,1856,1857,1858,1859,1860,1861,1862,1863,1864,1865,1866,1867,1868,1869,1870,1871,1872,1873,1874,1875,1876,1877,1878,1879,1880,1881,1882,1883,1884,1885,1886,1887,1888,1889,1890,1891,1892,1893,1894,1895,1896,1897,1898,1899,1900,1901,1902,1903,1904,1905,1906,1907,1908,1909,1910,1911,1912,1913,1914,1915,1916,1917,1918,1919,1920,1921,1922,1923,1924,1925,1926,1927,1928,1929,1930,1931,1932,1933,1934,1935,1936,1937,1938,1939,1940,1941,1942,1943,1944,1945,1946,1947,1948,1949,1950,1951,1952,1953,1954,1955,1956,1957,1958,1959,1960,1961,1962,1963,1964,1965,1966,1967,1968,1969,1970,1971,1972,1973,1974,1975,1976,1977,1978,1979,1980,1981,1982,1983,1984,1985,1986,1987,1988,1989,1990,1991,1992,1993,1994,1995,1996,1997,1998,1999,2000,2001,2002,2003,2004,2005,2006,2007,2008],"level":[-17.916588,-17.965043,-18.013497,-18.061951,-18.110405,-18.158859,-18.207314,-18.255768,-18.304222,-18.352676,-18.402545,-18.452397,-18.502215,-18.551983,-18.601683,-18.6513,-18.700816,-18.750214,-18.799478,-18.848591,-18.897536,-18.946296,-18.994855,-19.043195,-19.0913,-19.139154,-19.186738,-19.234038,-19.281035,-19.327712,-19.374055,-19.420044,-19.465664,-19.510898,-19.555729,-19.60014,-19.644114,-19.687636,-19.730687,-19.773251,-19.815311,-19.856851,-19.897853,-19.938301,-19.978179,-20.017468,-20.056154,-20.094218,-20.131643,-20.168414,-20.204514,-20.239925,-20.274631,-20.308614,-20.341859,-20.374348,-20.406065,-20.436993,-20.467115,-20.496414,-20.524873,-20.552476,-20.579206,-20.605046,-20.62998,-20.653989,-20.677059,-20.699171,-20.72031,-20.740458,-20.759598,-20.777714,-20.79479,-20.810807,-20.82575,-20.839601,-20.852344,-20.863962,-20.874438,-20.883756,-20.891898,-20.898849,-20.90459,-20.909106,-20.912379,-20.914392,-20.91513,-20.914575,-20.91271,-20.909518,-20.904983,-20.899089,-20.891817,-20.883152,-20.873076,-20.861573,-20.848626,-20.834218,-20.818333,-20.800953,-20.782062,-20.761643,-20.73968,-20.716155,-20.691051,-20.664352,-20.640059,-20.614089,-20.586379,-20.556863,-20.524564,-20.490341,-20.442811,-20.393385,-20.342143,-20.289167,-20.234538,-20.178335,-20.120641,-20.040713,-19.969037,-19.911525,-19.874815,-19.837061,-19.798043,-19.757545,-19.715348,-19.688251,-19.658817,-19.626627,-19.591261,-19.552298,-19.426804,-19.311245,-19.253631,-19.094036,-18.964137,-18.793552,-18.675014,-18.601776,-18.550274,-18.548341,-18.560117,-18.483459,-18.437891,-18.239468,-18.013254,-17.817885,-17.582659,-17.406394,-17.228578,-17.025646,-16.880603,-16.717599,-16.590999,-16.498607,-16.429703,-16.337586,-16.206676,-16.081492,-15.966515,-15.84312,-15.738766,-15.642068,-15.532917,-15.421543,-15.30833,-15.193111,-15.083787,-14.981008,-14.878376,-14.77849,-14.692757,-14.60451,-14.529808,-14.464816,-14.410521,-14.365587,-14.335107,-14.308598,-14.289054,-14.264822,-14.254278,-14.250869,-14.257053,-14.252091,-14.256602,-14.257699,-14.252374,-14.238689,-14.222837,-14.203027,-14.181223,-14.153037,-14.128526,-14.107943,-14.092338,-14.081446,-14.079082,-14.077031,-14.073076,-14.071977,-14.068658,-14.06738,-14.06436,-14.055715,-14.050258,-14.05223,-14.059169],"drift":[-0.04845401,-0.04845401,-0.048454,-0.04845399,-0.04845398,-0.04845397,-0.04845395,-0.04845393,-0.04845391,-0.04845388,-0.04843707,-0.04840346,-0.04835307,-0.04828588,-0.0482019,-0.04810113,-0.04798358,-0.04784923,-0.04769809,-0.04753016,-0.04734544,-0.04714392,-0.04692562,-0.04669053,-0.04643865,-0.04616997,-0.04588451,-0.04558226,-0.04526321,-0.04492737,-0.04457475,-0.04420533,-0.04381912,-0.04341613,-0.04299634,-0.04255976,-0.04210639,-0.04163623,-0.04114928,-0.04064554,-0.04012501,-0.03958768,-0.03903357,-0.03846267,-0.03787497,-0.03727049,-0.03664921,-0.03601115,-0.03535629,-0.03468465,-0.03399621,-0.03329098,-0.03256896,-0.03183015,-0.03107455,-0.03030216,-0.02951298,-0.02870701,-0.02788425,-0.0270447,-0.02618836,-0.02531522,-0.0244253,-0.02351858,-0.02259508,-0.02165478,-0.0206977,-0.01972382,-0.01873315,-0.0177257,-0.01670145,-0.01566041,-0.01460258,-0.01352796,-0.01243655,-0.01132835,-0.01020336,-0.00906158,-0.007903,-0.00672764,-0.00553549,-0.00432654,-0.00310081,-0.00185828,-0.00059897,0.00067714,0.00197004,0.00327972,0.0046062,0.00594947,0.00730953,0.00868638,0.01008002,0.01149045,0.01291767,0.01436168,0.01582249,0.01730008,0.01879446,0.02030564,0.0218336,0.02337836,0.0249399,0.02651824,0.02811337,0.02972528,0.03140167,0.03314252,0.03494785,0.03681764,0.03874105,0.04071809,0.04261428,0.04442963,0.04616413,0.04781779,0.04939061,0.05088258,0.0522937,0.05337686,0.05424283,0.05507,0.05611507,0.05737806,0.05885896,0.06055776,0.06247448,0.06481107,0.06756752,0.07074385,0.07434005,0.07835612,0.08181274,0.08486885,0.08824844,0.09078125,0.09284981,0.09399578,0.09485047,0.09596166,0.09760052,0.10037479,0.1044801,0.10891562,0.11410296,0.11828957,0.12119529,0.1232207,0.12391679,0.1239916,0.1234276,0.12192001,0.120138,0.11784724,0.1154526,0.11333165,0.11173798,0.11037717,0.10877268,0.10697342,0.10507916,0.10296753,0.10083944,0.09876051,0.09655825,0.09418016,0.09157618,0.0886916,0.08556215,0.08222836,0.07865242,0.07482447,0.07086704,0.06670335,0.06244472,0.05815587,0.05391284,0.04977638,0.04586893,0.04219124,0.03878234,0.03554613,0.03260665,0.0300137,0.02785035,0.02595865,0.02442858,0.02320146,0.02218649,0.02127243,0.02042269,0.01958023,0.01871138,0.01773008,0.0166683,0.01556006,0.01445129,0.01338476,0.01244903,0.0116367,0.01091555,0.0103109,0.00978923,0.00936858,0.00902327,0.00868246,0.00837992,0.00820024,0.00820024],"instab":[null,null,null,null,null,null,null,null,null,null,null,null,null,null,null,null,null,null,null,null,null,null,null,null,null,null,null,null,null,null,null,null,null,null,null,null,null,null,null,null,null,null,null,null,null,null,null,null,null,null,null,null,null,null,null,null,null,null,null,null,null,null,null,null,null,null,null,null,null,null,null,null,null,null,null,null,null,null,null,null,null,null,null,null,null,null,null,null,null,null,null,null,null,null,null,null,null,null,null,null,null,null,null,null,null,null,null,null,null,null,null,null,null,null,null,null,null,null,null,85.266007,77.829144,72.054385,72.054385,72.054385,72.054385,0.170238,0.172414,0.172414,0.172414,0.181089,0.181089,0.636369,0.642672,0.672372,0.790713,0.781633,0.748711,0.759787,0.76996,0.766806,0.767485,0.779163,0.869505,0.840338,0.94977,0.922303,0.961026,0.930513,0.949462,0.923269,0.899337,0.862709,0.856743,0.83639,0.777102,0.763701,0.780086,0.769047,0.75612,0.755697,0.752504,0.750991,0.668543,0.670031,0.501131,0.501934,0.453797,0.45378,0.353291,0.349537,0.349623,0.261156,0.261083,0.226447,0.209027,0.207448,0.170949,0.110403,0.116805,0.115516,0.130467,0.112221,0.113381,0.107991,0.131495,0.130934,0.135114,0.132275,0.12766,0.126452,0.123595,0.111565,0.112483,0.112584,0.118293,0.123895,0.128469,0.133643,0.131472,0.130474,0.121829,0.121582,0.121202,0.120274,0.093492,0.096333,0.089178,0.075892,0.077532],