{"word":"conferrals","years":[1800,1801,1802,1803,1804,1805,1806,1807,1808,1809,1810,1811,1812,1813,1814,1815,1816,1817,1818,1819,1820,1821,1822,1823,1824,1825,1826,1827,1828,1829,1830,1831,1832,1833,1834,1835,1836,1837,1838,1839,1840,1841,1842,1843,1844,1845,1846,1847,1848,1849,1850,1851,1852,1853,1854,1855,1856,1857,1858,1859,1860,1861,1862,1863,1864,1865,1866,1867,1868,1869,1870,1871,1872,1873,1874,1875,1876,1877,1878,1879,1880,1881,1882,1883,1884,1885,1886,1887,1888,1889,1890,1891,1892,1893,1894,1895,1896,1897,1898,1899,1900,1901,1902,1903,1904,1905,1906,1907,1908,1909,1910,1911,1912,1913,1914,1915,1916,1917,1918,1919,1920,1921,1922,1923,1924,1925,1926,1927,1928,1929,1930,1931,1932,1933,1934,1935,1936,1937,1938,1939,1940,1941,1942,1943,1944,1945,1946,1947,1948,1949,1950,1951,1952,1953,1954,1955,1956,1957,1958,1959,1960,1961,1962,1963,1964,1965,1966,1967,1968,1969,1970,1971,1972,1973,1974,1975,1976,1977,1978,1979,1980,1981,1982,1983,1984,1985,1986,1987,1988,1989,1990,1991,1992,1993,1994,1995,1996,1997,1998,1999,2000,2001,2002,2003,2004,2005,2006,2007,2008],"level":[-19.222701,-19.224288,-19.225875,-19.227461,-19.229048,-19.230635,-19.232222,-19.233808,-19.235395,-19.236982,-19.238568,-19.240155,-19.241742,-19.243329,-19.244915,-19.246502,-19.248089,-19.249676,-19.251262,-19.252849,-19.254436,-19.256023,-19.257609,-19.259196,-19.260783,-19.26237,-19.263956,-19.265543,-19.26713,-19.268717,-19.270303,-19.27189,-19.273477,-19.275064,-19.27665,-19.278237,-19.278771,-19.279304,-19.279838,-19.280371,-19.280905,-19.281438,-19.281972,-19.282506,-19.283039,-19.283573,-19.284106,-19.28464,-19.285174,-19.285707,-19.286241,-19.286774,-19.287308,-19.287841,-19.288375,-19.288909,-19.289442,-19.289976,-19.290509,-19.291043,-19.291576,-19.29211,-19.292644,-19.293177,-19.293711,-19.294244,-19.294778,-19.295311,-19.295845,-19.296379,-19.296912,-19.297446,-19.297979,-19.298513,-19.299046,-19.29958,-19.300114,-19.300647,-19.301181,-19.301714,-19.302248,-19.302781,-19.303315,-19.303849,-19.304382,-19.304916,-19.305449,-19.305983,-19.306516,-19.30705,-19.307584,-19.308117,-19.308651,-19.309184,-19.309718,-19.310251,-19.310785,-19.311319,-19.311852,-19.312386,-19.312919,-19.313453,-19.313986,-19.31452,-19.315054,-19.315587,-19.316121,-19.316654,-19.317188,-19.317721,-19.318255,-19.318789,-19.319322,-19.319856,-19.320389,-19.320923,-19.321456,-19.32199,-19.322524,-19.323057,-19.323591,-19.324124,-19.324658,-19.325192,-19.325725,-19.326259,-19.326792,-19.327326,-19.327859,-19.328393,-19.328927,-19.32946,-19.329994,-19.330527,-19.331061,-19.331594,-19.332128,-19.332662,-19.333195,-19.333729,-19.334262,-19.334796,-19.335329,-19.335863,-19.336397,-19.33693,-19.337464,-19.337997,-19.338531,-19.339064,-19.339598,-19.340132,-19.340665,-19.309185,-19.483951,-19.658717,-19.833484,-20.00825,-20.09021,-20.172171,-20.254131,-20.558714,-20.723995,-20.865619,-21.007243,-21.148867,-21.218471,-21.220116,-21.143473,-21.058509,-20.84836,-20.682154,-20.601222,-20.659221,-20.717219,-20.745285,-20.679371,-20.656255,-20.410253,-20.3261,-20.28808,-20.109013,-19.929945,-19.680407,-19.523074,-19.297516,-19.397387,-19.520266,-19.475702,-19.486504,-19.57575,-19.579705,-19.676204,-19.751996,-19.766099,-19.79478,-19.884568,-19.862304,-19.823076,-19.739443,-19.621567,-19.514152,-19.428801,-19.359357,-19.225308,-19.074686,-19.269784,-19.458737,-19.552392],"drift":[-0.00158505,-0.00158505,-0.00158505,-0.00158505,-0.00158505,-0.00158505,-0.00158505,-0.00158505,-0.00158505,-0.00158505,-0.00158505,-0.00158505,-0.00158505,-0.00158505,-0.00158505,-0.00158505,-0.00158505,-0.00158505,-0.00158505,-0.00158505,-0.00158505,-0.00158505,-0.00158505,-0.00158505,-0.00158505,-0.00158505,-0.00158505,-0.00158505,-0.00158505,-0.00158505,-0.00158505,-0.00158505,-0.00158505,-0.00158505,-0.00158505,-0.00158505,-0.00158505,-0.00158505,-0.00158505,-0.00158505,-0.00158505,-0.00158505,-0.00158505,-0.00158505,-0.00158505,-0.00158505,-0.00158505,-0.00158505,-0.00158505,-0.00158505,-0.00158505,-0.00158505,-0.00158505,-0.00158505,-0.00158505,-0.00158505,-0.00158505,-0.00158505,-0.00158505,-0.00158505,-0.00158505,-0.00158505,-0.00158505,-0.00158505,-0.00158505,-0.00158505,-0.00158505,-0.00158505,-0.00158505,-0.00158505,-0.00158505,-0.00158505,-0.00158505,-0.00158505,-0.00158505,-0.00158505,-0.00158505,-0.00158505,-0.00158505,-0.00158505,-0.00158505,-0.00158505,-0.00158505,-0.00158505,-0.00158505,-0.00158505,-0.00158505,-0.00158505,-0.00158505,-0.00158505,-0.00158505,-0.00158505,-0.00158505,-0.00158505,-0.00158505,-0.00158505,-0.00158505,-0.00158505,-0.00158505,-0.00158505,-0.00158505,-0.00158505,-0.00158505,-0.00158505,-0.00158505,-0.00158505,-0.00158505,-0.00158505,-0.00158505,-0.00158505,-0.00158505,-0.00158505,-0.00158505,-0.00158505,-0.00158505,-0.00158505,-0.00158505,-0.00158505,-0.00158505,-0.00158505,-0.00158505,-0.00158505,-0.00158505,-0.00158505,-0.00158505,-0.00158505,-0.00158505,-0.00158505,-0.00158505,-0.00158505,-0.00158505,-0.00158505,-0.00158505,-0.00158505,-0.00158505,-0.00158505,-0.00158505,-0.00158505,-0.00158505,-0.00158505,-0.00158505,-0.00158505,-0.00158505,-0.00158505,-0.00158505,-0.00158505,-0.00158505,-0.00158505,-0.00158505,-0.00158505,-0.00158505,-0.00158505,-0.00158505,-0.00158505,-0.00158505,-0.00158505,-0.00158505,-0.00158505,-0.00158505,-0.00158505,-0.00158505,-0.00158505,-0.00158505,-0.00158505,-0.00158505,-0.00158505,-0.00158505,-0.00158505,-0.00158505,-0.00158505,-0.00158505,-0.00158505,-0.00158505,-0.00158505,-0.00158505,-0.00158505,-0.00158505,-0.00158505,-0.00158505,-0.00158505,-0.00158505,-0.00158505,-0.00158505,-0.00158505,-0.00158505,-0.00158505,-0.00158505,-0.00158505,-0.00158505,-0.00158505,-0.00158505,-0.00158505,-0.00158505,-0.00158505,-0.00158505,-0.00158505,-0.00158505,-0.00158505,-0.00158505,-0.00158505,-0.00158505,-0.00158505,-0.00158505,-0.00158505,-0.00158505,-0.00158505,-0.00158505,-0.00158505,-0.00158505],"instab":[null,null,null,null,null,null,null,null,null,null,null,null,null,null,null,null,null,null,null,null,null,null,null,null,null,null,null,null,null,null,null,null,null,null,null,null,null,null,null,null,null,null,null,null,null,null,null,null,null,null,null,null,null,null,null,null,null,null,null,null,null,null,null,null,null,null,null,null,null,null,null,null,null,null,null,null,null,null,null,null,null,null,null,null,null,null,null,null,null,null,null,null,null,null,null,null,null,null,null,null,null,null,null,null,null,null,null,null,null,null,null,null,null,null,null,null,null,null,null,null,null,null,null,null,null,null,null,null,null,null,null,null,null,null,null,null,null,null,null,null,null,null,null,null,null,null,null,null,null,null,null,null,null,null,null,null,null,null,null,null,null,28.917572,26.414526,26.414526,26.414526,24.491326,22.909066,21.590904,20.457921,19.503037,18.642563,17.88564,1.01861,0.976279,0.935221,0.902008,0.88778,0.826068,0.905848,0.887309,0.878081,0.7814,0.767526,0.799194,0.775333,0.872198,0.854929,0.915922,0.916108,0.901521,0.922811,0.909054,0.900822,0.889257,0.88254,0.867309,0.893904,0.850817,0.784322,0.778066,0.765128,0.747841,0.7473,0.697712,0.699586,0.677976,0.691728,0.676184,0.691787],