{"word":"congnois","years":[1800,1801,1802,1803,1804,1805,1806,1807,1808,1809,1810,1811,1812,1813,1814,1815,1816,1817,1818,1819,1820,1821,1822,1823,1824,1825,1826,1827,1828,1829,1830,1831,1832,1833,1834,1835,1836,1837,1838,1839,1840,1841,1842,1843,1844,1845,1846,1847,1848,1849,1850,1851,1852,1853,1854,1855,1856,1857,1858,1859,1860,1861,1862,1863,1864,1865,1866,1867,1868,1869,1870,1871,1872,1873,1874,1875,1876,1877,1878,1879,1880,1881,1882,1883,1884,1885,1886,1887,1888,1889,1890,1891,1892,1893,1894,1895,1896,1897,1898,1899,1900,1901,1902,1903,1904,1905,1906,1907,1908,1909,1910,1911,1912,1913,1914,1915,1916,1917,1918,1919,1920,1921,1922,1923,1924,1925,1926,1927,1928,1929,1930,1931,1932,1933,1934,1935,1936,1937,1938,1939,1940,1941,1942,1943,1944,1945,1946,1947,1948,1949,1950,1951,1952,1953,1954,1955,1956,1957,1958,1959,1960,1961,1962,1963,1964,1965,1966,1967,1968,1969,1970,1971,1972,1973,1974,1975,1976,1977,1978,1979,1980,1981,1982,1983,1984,1985,1986,1987,1988,1989,1990,1991,1992,1993,1994,1995,1996,1997,1998,1999,2000,2001,2002,2003,2004,2005,2006,2007,2008],"level":[-17.770311,-17.783802,-17.797294,-17.810785,-17.824277,-17.837768,-17.85126,-17.864751,-17.878243,-17.891734,-17.905226,-17.918718,-17.932209,-17.945701,-17.959192,-17.972684,-17.986175,-17.999667,-18.013158,-18.02665,-18.040142,-18.053633,-18.067125,-18.080616,-18.094108,-18.107599,-18.121091,-18.134582,-18.148074,-18.161565,-18.175057,-18.188549,-18.20204,-18.215532,-18.229023,-18.242515,-18.256006,-18.269498,-18.282989,-18.296481,-18.309973,-18.323464,-18.336956,-18.350447,-18.363939,-18.37743,-18.390922,-18.404413,-18.417905,-18.431396,-18.444888,-18.45838,-18.471871,-18.485363,-18.498854,-18.512346,-18.525837,-18.539329,-18.55282,-18.566312,-18.579804,-18.593295,-18.606787,-18.620278,-18.63377,-18.647261,-18.660753,-18.674244,-18.687736,-18.701227,-18.714719,-18.728211,-18.741702,-18.755194,-18.768685,-18.782177,-18.795668,-18.80916,-18.822651,-18.836143,-18.849635,-18.863126,-18.876618,-18.890109,-18.903601,-18.917092,-18.930584,-18.944075,-18.957567,-18.971059,-18.98455,-18.998042,-19.011533,-19.025025,-19.038516,-19.052008,-19.065499,-19.078991,-19.092483,-19.105974,-19.119466,-19.132957,-19.146449,-19.15994,-19.173432,-19.186923,-19.200415,-19.213907,-19.227398,-19.24089,-19.254381,-19.267873,-19.281364,-19.294856,-19.308347,-19.321839,-19.335331,-19.348822,-19.362314,-19.375805,-19.389297,-19.402788,-19.41628,-19.429772,-19.443263,-19.456755,-19.470246,-19.483738,-19.49723,-19.510721,-19.524213,-19.537704,-19.551196,-19.564688,-19.578179,-19.591671,-19.605162,-19.618654,-19.632146,-19.645637,-19.659129,-19.672621,-19.686112,-19.699604,-19.713095,-19.726587,-19.740079,-19.75357,-19.767062,-19.780554,-19.794045,-19.807537,-19.821028,-19.83452,-19.848012,-19.861503,-19.874995,-19.888487,-19.901978,-19.91547,-19.928962,-19.942453,-19.955945,-19.969437,-19.982928,-19.99642,-20.009912,-20.023403,-20.036895,-20.050387,-20.063878,-20.07737,-20.090862,-20.104353,-20.117845,-20.131337,-20.144828,-20.15832,-20.171812,-20.185303,-20.198795,-20.212287,-20.225779,-20.23927,-20.252762,-20.266254,-20.279745,-20.293237,-20.306729,-20.32022,-20.333712,-20.347204,-20.360695,-20.374187,-20.387679,-20.401171,-20.414662,-20.428154,-20.441646,-20.455137,-20.468629,-20.482121,-20.495612,-20.509104,-20.522596,-20.536088,-20.549579,-20.563071,-20.576563],"drift":[-0.01349155,-0.01349155,-0.01349155,-0.01349155,-0.01349155,-0.01349155,-0.01349155,-0.01349155,-0.01349155,-0.01349155,-0.01349155,-0.01349155,-0.01349155,-0.01349155,-0.01349155,-0.01349155,-0.01349155,-0.01349155,-0.01349155,-0.01349155,-0.01349155,-0.01349155,-0.01349155,-0.01349155,-0.01349155,-0.01349155,-0.01349155,-0.01349155,-0.01349155,-0.01349155,-0.01349155,-0.01349155,-0.01349155,-0.01349155,-0.01349155,-0.01349155,-0.01349155,-0.01349155,-0.01349155,-0.01349155,-0.01349155,-0.01349155,-0.01349155,-0.01349155,-0.01349155,-0.01349155,-0.01349155,-0.01349155,-0.01349155,-0.01349155,-0.01349155,-0.01349155,-0.01349155,-0.01349155,-0.01349155,-0.01349155,-0.01349155,-0.01349155,-0.01349155,-0.01349155,-0.01349155,-0.01349155,-0.01349155,-0.01349155,-0.01349155,-0.01349155,-0.01349155,-0.01349155,-0.01349155,-0.01349155,-0.01349155,-0.01349155,-0.01349155,-0.01349155,-0.01349155,-0.01349155,-0.01349155,-0.01349155,-0.01349155,-0.01349155,-0.01349155,-0.01349155,-0.01349155,-0.01349155,-0.01349155,-0.01349155,-0.01349155,-0.01349155,-0.01349155,-0.01349155,-0.01349155,-0.01349155,-0.01349155,-0.01349155,-0.01349155,-0.01349156,-0.01349156,-0.01349156,-0.01349156,-0.01349156,-0.01349156,-0.01349156,-0.01349156,-0.01349156,-0.01349156,-0.01349156,-0.01349156,-0.01349156,-0.01349156,-0.01349156,-0.01349156,-0.01349156,-0.01349156,-0.01349157,-0.01349157,-0.01349157,-0.01349157,-0.01349157,-0.01349157,-0.01349158,-0.01349158,-0.01349158,-0.01349158,-0.01349158,-0.01349159,-0.01349159,-0.01349159,-0.01349159,-0.0134916,-0.0134916,-0.0134916,-0.0134916,-0.01349161,-0.01349161,-0.01349161,-0.01349161,-0.01349162,-0.01349162,-0.01349162,-0.01349162,-0.01349162,-0.01349163,-0.01349163,-0.01349163,-0.01349163,-0.01349163,-0.01349164,-0.01349164,-0.01349164,-0.01349164,-0.01349164,-0.01349164,-0.01349165,-0.01349165,-0.01349165,-0.01349165,-0.01349165,-0.01349165,-0.01349165,-0.01349166,-0.01349166,-0.01349166,-0.01349166,-0.01349166,-0.01349166,-0.01349167,-0.01349167,-0.01349167,-0.01349167,-0.01349167,-0.01349167,-0.01349168,-0.01349168,-0.01349168,-0.01349168,-0.01349168,-0.01349168,-0.01349168,-0.01349169,-0.01349169,-0.01349169,-0.01349169,-0.01349169,-0.01349169,-0.01349169,-0.01349169,-0.01349169,-0.01349169,-0.01349169,-0.0134917,-0.0134917,-0.0134917,-0.0134917,-0.0134917,-0.0134917,-0.0134917,-0.0134917,-0.0134917,-0.0134917,-0.0134917,-0.0134917,-0.0134917,-0.0134917,-0.0134917,-0.0134917,-0.0134917,-0.0134917,-0.0134917,-0.0134917],"instab":[null,null,null,null,null,null,null,null,null,null,null,null,null,null,null,null,null,null,null,null,null,null,null,null,null,null,null,null,null,null,null,null,null,null,null,null,null,null,null,null,null,null,null,null,null,null,null,null,null,null,null,null,null,null,null,null,null,null,null,null,null,null,null,null,null,null,null,null,null,null,null,null,null,null,null,null,null,45.66126,45.66126,41.556144,41.556144,41.556144,38.463439,38.463439,38.463439,38.463439,38.463439,35.900523,1.097077,1.097077,1.097077,1.097077,1.106086,1.106086,1.194663,1.194663,1.180737,1.177596,1.181682,1.141283,1.141283,1.092318,1.091681,1.050847,0.985047,0.985047,0.985047,0.734609,0.646425,0.646425,0.646425,0.646425,0.687774,0.687774,0.687774,0.687774,0.687774,1.645053,1.652378,1.652378,1.652378,1.740253,1.855268,1.723286,1.881371,1.881371,1.734709,1.762878,2.223248,2.209305,2.092364,2.09142,1.976383,1.976383,1.875023,1.790887,1.790887,1.545555,1.575209,1.559145,1.559145,1.559145,1.499697,1.563761,1.563761,1.563761,1.570195,1.560946,1.080615,1.066798,0.861012,0.860386,0.846002,0.846002,0.771902,0.77599,0.77599,0.723035,0.719928,0.856652,0.82847,0.843266,0.884932,0.904663,0.889235,0.891882,0.892736,0.89387,0.964327,1.041549,1.0105,0.990104,0.985913,0.964307,0.976777,0.926706,0.932606,1.029262,0.987044,1.017666,1.047382,1.039646,1.076454,1.073729,1.090266,1.086382,1.089556,1.116164,1.06122,0.975943,1.003098,0.976385,0.983345,1.016944,1.011227,1.010041,0.998903,0.883427,0.893572,0.878857,0.921802,0.896528,0.762384,0.763812,0.789088,0.788915,0.814981,0.783502,0.827696],