{"word":"conjuctiva","years":[1800,1801,1802,1803,1804,1805,1806,1807,1808,1809,1810,1811,1812,1813,1814,1815,1816,1817,1818,1819,1820,1821,1822,1823,1824,1825,1826,1827,1828,1829,1830,1831,1832,1833,1834,1835,1836,1837,1838,1839,1840,1841,1842,1843,1844,1845,1846,1847,1848,1849,1850,1851,1852,1853,1854,1855,1856,1857,1858,1859,1860,1861,1862,1863,1864,1865,1866,1867,1868,1869,1870,1871,1872,1873,1874,1875,1876,1877,1878,1879,1880,1881,1882,1883,1884,1885,1886,1887,1888,1889,1890,1891,1892,1893,1894,1895,1896,1897,1898,1899,1900,1901,1902,1903,1904,1905,1906,1907,1908,1909,1910,1911,1912,1913,1914,1915,1916,1917,1918,1919,1920,1921,1922,1923,1924,1925,1926,1927,1928,1929,1930,1931,1932,1933,1934,1935,1936,1937,1938,1939,1940,1941,1942,1943,1944,1945,1946,1947,1948,1949,1950,1951,1952,1953,1954,1955,1956,1957,1958,1959,1960,1961,1962,1963,1964,1965,1966,1967,1968,1969,1970,1971,1972,1973,1974,1975,1976,1977,1978,1979,1980,1981,1982,1983,1984,1985,1986,1987,1988,1989,1990,1991,1992,1993,1994,1995,1996,1997,1998,1999,2000,2001,2002,2003,2004,2005,2006,2007,2008],"level":[-17.542766,-17.562213,-17.604998,-17.647778,-17.690549,-17.733308,-17.776049,-17.818768,-17.86146,-17.904123,-17.94675,-17.989338,-18.031882,-18.074378,-18.116821,-18.159208,-18.201534,-18.243794,-18.285984,-18.3281,-18.370137,-18.412092,-18.453958,-18.495733,-18.537412,-18.578991,-18.620464,-18.661829,-18.703079,-18.744212,-18.785222,-18.826105,-18.879786,-18.933328,-18.971257,-19.009037,-19.026888,-19.044586,-19.062132,-19.062945,-19.063608,-19.064124,-19.103559,-19.142845,-19.162603,-19.182206,-19.201655,-19.220948,-19.240085,-19.273214,-19.284967,-19.29656,-19.307994,-19.319269,-19.330386,-19.334418,-19.340363,-19.385656,-19.404321,-19.401161,-19.397842,-19.363944,-19.329899,-19.327931,-19.354108,-19.380147,-19.387996,-19.372019,-19.335072,-19.30739,-19.27959,-19.313709,-19.317103,-19.320384,-19.351491,-19.345394,-19.300848,-19.290205,-19.279466,-19.332825,-19.345664,-19.358402,-19.355772,-19.390894,-19.457952,-19.551174,-19.600137,-19.648963,-19.665367,-19.651068,-19.644867,-19.607289,-19.530122,-19.516806,-19.452023,-19.387144,-19.389216,-19.436682,-19.511922,-19.558335,-19.595896,-19.639341,-19.721323,-19.819822,-19.865288,-19.910596,-19.904713,-19.844817,-19.786987,-19.726704,-19.605744,-19.490654,-19.419191,-19.425339,-19.381951,-19.397566,-19.369815,-19.367716,-19.378613,-19.398167,-19.403234,-19.424346,-19.446056,-19.467711,-19.47895,-19.530528,-19.582039,-19.701675,-19.762734,-19.7698,-19.806125,-19.868839,-19.886928,-19.930855,-19.974648,-19.989815,-20.004839,-19.984043,-19.924015,-19.855535,-19.774408,-19.758098,-19.75659,-19.772403,-19.788119,-19.780562,-19.772909,-19.837546,-19.880772,-19.924905,-19.904927,-19.819254,-19.724593,-19.613321,-19.570558,-19.516451,-19.480134,-19.473372,-19.473488,-19.45728,-19.451803,-19.401749,-19.333686,-19.253045,-19.234662,-19.193769,-19.170683,-19.156412,-19.105256,-19.08907,-19.058335,-19.016498,-18.978282,-18.94192,-18.912474,-18.904951,-18.882388,-18.856505,-18.837127,-18.82201,-18.788653,-18.761009,-18.740905,-18.719609,-18.67716,-18.660311,-18.642612,-18.663837,-18.693863,-18.73582,-18.769453,-18.820545,-18.884918,-18.945908,-19.008899,-19.070208,-19.119402,-19.157994,-19.20235,-19.22425,-19.253449,-19.267658,-19.273837,-19.311471,-19.348574,-19.39538,-19.442302,-19.488423,-19.521524],"drift":[-0.01944688,-0.01944688,-0.01944251,-0.01943377,-0.01942066,-0.01940318,-0.01938133,-0.0193551,-0.01932451,-0.01928955,-0.01925022,-0.01920652,-0.01915844,-0.019106,-0.01904919,-0.01898801,-0.01892246,-0.01885253,-0.01877824,-0.01869958,-0.01861654,-0.01852914,-0.01843737,-0.01834122,-0.01824071,-0.01813582,-0.01802656,-0.01791294,-0.01779495,-0.01767258,-0.01754584,-0.01741473,-0.01727683,-0.01713214,-0.01698356,-0.01683108,-0.01667841,-0.01652555,-0.0163725,-0.01622236,-0.01607514,-0.01593083,-0.01578212,-0.015629,-0.01547512,-0.01532046,-0.01516503,-0.01500882,-0.01485184,-0.01469144,-0.01453159,-0.01437229,-0.01421354,-0.01405534,-0.01389769,-0.01374189,-0.01358755,-0.01342727,-0.01326601,-0.01310782,-0.01295271,-0.01280638,-0.01266882,-0.012534,-0.01239662,-0.01225669,-0.01211759,-0.01198374,-0.01185906,-0.01174179,-0.01163191,-0.01151783,-0.01140527,-0.01129423,-0.01117948,-0.01106796,-0.01096686,-0.01086981,-0.0107768,-0.01067582,-0.01057444,-0.01047264,-0.01037331,-0.01026933,-0.01015473,-0.01002456,-0.00988711,-0.00974236,-0.00959637,-0.00945485,-0.00931627,-0.00918646,-0.00907283,-0.00896339,-0.00886775,-0.00878593,-0.00870537,-0.00861754,-0.00851724,-0.00840985,-0.00829699,-0.00817756,-0.0080443,-0.00789411,-0.00773688,-0.00757261,-0.00741086,-0.00726172,-0.00712476,-0.00700043,-0.00690006,-0.00682254,-0.00675967,-0.00669692,-0.00664355,-0.0065885,-0.00653988,-0.00649287,-0.00644505,-0.00639476,-0.00634473,-0.00629193,-0.00623624,-0.00617767,-0.00611814,-0.00605011,-0.00597356,-0.00587573,-0.00576756,-0.00565915,-0.005545,-0.00542014,-0.00529291,-0.00515845,-0.00501675,-0.00487315,-0.00472765,-0.00458693,-0.00445831,-0.00434334,-0.00424438,-0.00414928,-0.00405523,-0.00395898,-0.00386052,-0.00376421,-0.00367003,-0.00356444,-0.00345142,-0.00333078,-0.00321451,-0.00311488,-0.00303356,-0.00297364,-0.00292229,-0.00288163,-0.0028483,-0.00281677,-0.00278574,-0.00275827,-0.00273235,-0.00271631,-0.00271352,-0.00272635,-0.00274312,-0.00276807,-0.00279786,-0.00283084,-0.00287394,-0.0029206,-0.00297357,-0.00303493,-0.00310401,-0.00318048,-0.00326306,-0.00334767,-0.00343712,-0.00353207,-0.0036313,-0.00373405,-0.00384374,-0.00395933,-0.00407942,-0.00420427,-0.00433785,-0.0044754,-0.0046171,-0.00475569,-0.00488955,-0.00501647,-0.00513803,-0.00525099,-0.00535287,-0.00544434,-0.00552502,-0.00559527,-0.00565734,-0.00571325,-0.00576193,-0.00580758,-0.00584885,-0.00588856,-0.00592821,-0.00596193,-0.00598981,-0.00601005,-0.00602263,-0.0060277,-0.0060277],"instab":[null,null,null,null,null,null,null,null,null,null,null,null,null,null,null,null,null,null,null,null,null,null,null,null,null,null,null,null,null,null,null,null,null,null,null,null,null,null,null,null,null,114.963571,114.963571,104.976169,104.976169,104.976169,104.976169,104.976169,97.16299,90.905586,90.905586,0.493514,0.493514,0.493545,0.451351,0.426719,0.435594,0.46939,0.488122,0.488122,0.474272,0.391912,0.456156,0.456362,0.456362,0.452192,0.444408,0.428808,0.428459,0.43266,0.503118,0.518494,0.518494,0.507299,0.543205,0.558491,0.564498,0.56533,0.605783,0.635301,0.650546,0.633795,0.61833,0.61098,0.590263,0.64527,0.66222,0.686777,0.689492,0.669446,0.602304,0.594457,0.664433,0.668809,0.675398,0.747365,0.742277,0.71919,0.700643,0.677215,0.657165,0.660281,0.645622,0.692545,0.712427,0.7046,0.696617,0.692622,0.690462,0.696732,0.713188,0.757955,0.770012,0.775378,0.784133,0.744678,0.737503,0.737565,0.71596,0.71557,0.715857,0.7126,0.732384,0.675591,0.663372,0.634229,0.607983,0.723382,0.773467,0.761616,0.750327,0.736654,0.652185,0.652049,0.605072,0.608235,0.596832,0.591782,0.59707,0.602955,0.699937,0.706306,0.688271,0.70877,0.698227,0.698227,0.734616,0.659759,0.605094,0.657727,0.678758,0.653233,0.650107,0.727071,0.708553,0.693928,0.683236,0.669854,0.67737,0.677436,0.637689,0.635256,0.633126,0.671042,0.666708,0.65236,0.611896,0.604213,0.615285,0.552368,0.507316,0.506962,0.507062,0.411865,0.41488,0.415342,0.402334,0.402572,0.394992,0.401595,0.36707,0.365075,0.366019,0.275778,0.280994,0.272213,0.291987,0.261124,0.226443,0.241199,0.239525,0.240673,0.258992,0.264991,0.260439,0.27626,0.287355,0.283052,0.298088,0.296955,0.295565,0.287627,0.309364,0.30829,0.274385,0.272613,0.21469,0.215617,0.222059],