{"word":"consisterait","years":[1800,1801,1802,1803,1804,1805,1806,1807,1808,1809,1810,1811,1812,1813,1814,1815,1816,1817,1818,1819,1820,1821,1822,1823,1824,1825,1826,1827,1828,1829,1830,1831,1832,1833,1834,1835,1836,1837,1838,1839,1840,1841,1842,1843,1844,1845,1846,1847,1848,1849,1850,1851,1852,1853,1854,1855,1856,1857,1858,1859,1860,1861,1862,1863,1864,1865,1866,1867,1868,1869,1870,1871,1872,1873,1874,1875,1876,1877,1878,1879,1880,1881,1882,1883,1884,1885,1886,1887,1888,1889,1890,1891,1892,1893,1894,1895,1896,1897,1898,1899,1900,1901,1902,1903,1904,1905,1906,1907,1908,1909,1910,1911,1912,1913,1914,1915,1916,1917,1918,1919,1920,1921,1922,1923,1924,1925,1926,1927,1928,1929,1930,1931,1932,1933,1934,1935,1936,1937,1938,1939,1940,1941,1942,1943,1944,1945,1946,1947,1948,1949,1950,1951,1952,1953,1954,1955,1956,1957,1958,1959,1960,1961,1962,1963,1964,1965,1966,1967,1968,1969,1970,1971,1972,1973,1974,1975,1976,1977,1978,1979,1980,1981,1982,1983,1984,1985,1986,1987,1988,1989,1990,1991,1992,1993,1994,1995,1996,1997,1998,1999,2000,2001,2002,2003,2004,2005,2006,2007,2008],"level":[-17.815332,-17.824078,-17.832824,-17.84157,-17.873506,-17.905442,-17.937378,-17.969314,-18.00125,-18.033186,-18.065122,-18.097058,-18.128994,-18.16093,-18.192866,-18.224802,-18.256738,-18.288674,-18.32061,-18.352546,-18.384482,-18.416418,-18.448354,-18.48029,-18.512225,-18.544161,-18.576097,-18.608033,-18.639969,-18.671905,-18.703841,-18.735777,-18.767713,-18.799649,-18.831585,-18.863521,-18.895457,-18.894743,-18.894028,-18.893313,-18.892598,-18.891883,-18.920124,-18.987815,-19.055507,-19.123198,-19.158699,-19.204316,-19.226354,-19.248392,-19.311755,-19.349982,-19.388209,-19.39924,-19.410271,-19.421301,-19.401399,-19.343202,-19.292909,-19.242617,-19.149689,-19.070603,-18.954138,-18.837672,-18.818044,-18.872125,-18.926207,-18.984727,-18.990299,-18.995872,-19.009916,-19.02396,-19.022054,-19.107661,-19.140653,-19.173646,-19.206638,-19.249529,-19.326407,-19.361927,-19.397447,-19.432967,-19.417757,-19.413143,-19.343388,-19.351696,-19.336432,-19.321169,-19.3115,-19.366906,-19.422312,-19.477717,-19.533123,-19.588528,-19.643934,-19.699339,-19.707534,-19.750063,-19.785679,-19.771532,-19.76457,-19.757656,-19.839532,-19.921408,-19.953785,-19.986162,-20.018538,-20.001321,-19.972425,-19.94353,-19.914634,-19.870397,-19.853584,-19.812349,-19.771114,-19.731388,-19.670738,-19.610089,-19.547203,-19.460964,-19.412408,-19.40305,-19.393693,-19.4207,-19.452445,-19.484191,-19.482286,-19.480381,-19.499317,-19.553863,-19.537427,-19.528754,-19.520081,-19.530575,-19.552641,-19.57705,-19.618046,-19.71598,-19.750465,-19.762326,-19.753277,-19.687129,-19.620981,-19.582807,-19.582195,-19.540289,-19.509831,-19.487641,-19.465451,-19.460315,-19.464065,-19.463758,-19.359656,-19.268685,-19.203752,-19.113548,-19.051161,-19.014847,-18.990133,-18.980168,-18.944547,-18.900787,-18.897064,-18.89767,-18.854622,-18.821284,-18.792713,-18.759424,-18.718012,-18.671158,-18.658498,-18.644081,-18.63667,-18.621605,-18.622099,-18.655715,-18.626291,-18.6167,-18.631606,-18.65112,-18.69404,-18.717894,-18.780636,-18.815011,-18.853723,-18.91425,-18.943803,-18.969048,-18.979779,-18.992905,-19.022308,-19.040287,-19.06315,-19.102773,-19.127967,-19.167451,-19.225153,-19.287479,-19.327825,-19.3629,-19.415108,-19.459573,-19.506609,-19.539991,-19.571578,-19.592316,-19.599312,-19.610181,-19.634398],"drift":[-0.00874551,-0.00874551,-0.00874551,-0.00874551,-0.00874551,-0.00874551,-0.00874551,-0.00874551,-0.00874551,-0.00874551,-0.00874551,-0.00874551,-0.00874551,-0.00874551,-0.00874551,-0.00874551,-0.00874551,-0.00874551,-0.00874551,-0.00874551,-0.00874551,-0.00874551,-0.00874551,-0.00874551,-0.00874551,-0.00874551,-0.00874551,-0.00874551,-0.00874551,-0.00874551,-0.00874551,-0.00874551,-0.00874551,-0.00874551,-0.00874551,-0.00874551,-0.00874551,-0.00874551,-0.00874551,-0.00874551,-0.00874551,-0.00874551,-0.00874551,-0.00874551,-0.00874551,-0.00874551,-0.00874551,-0.00874551,-0.00874551,-0.00874551,-0.00874551,-0.00874551,-0.00874551,-0.00874551,-0.00874551,-0.00874551,-0.00874551,-0.00874551,-0.00874551,-0.00874551,-0.00874551,-0.00874551,-0.00874551,-0.00874551,-0.00874551,-0.00874551,-0.00874551,-0.00874551,-0.00874551,-0.00874551,-0.00874551,-0.00874551,-0.00874551,-0.00874551,-0.00874551,-0.00874551,-0.00874551,-0.00874551,-0.00874551,-0.00874551,-0.00874551,-0.00874551,-0.00874551,-0.00874551,-0.00874551,-0.00874551,-0.00874551,-0.00874551,-0.00874551,-0.00874551,-0.00874551,-0.00874551,-0.00874551,-0.00874551,-0.00874551,-0.00874551,-0.00874551,-0.00874551,-0.00874551,-0.00874551,-0.00874551,-0.00874551,-0.00874551,-0.00874551,-0.00874551,-0.00874551,-0.00874551,-0.00874551,-0.00874551,-0.00874551,-0.00874551,-0.00874551,-0.00874551,-0.00874551,-0.00874551,-0.00874551,-0.00874551,-0.00874551,-0.00874551,-0.00874551,-0.00874551,-0.00874551,-0.0087455,-0.0087455,-0.0087455,-0.0087455,-0.0087455,-0.0087455,-0.0087455,-0.0087455,-0.0087455,-0.0087455,-0.0087455,-0.0087455,-0.0087455,-0.0087455,-0.0087455,-0.0087455,-0.0087455,-0.0087455,-0.0087455,-0.0087455,-0.0087455,-0.0087455,-0.0087455,-0.0087455,-0.0087455,-0.0087455,-0.0087455,-0.0087455,-0.0087455,-0.0087455,-0.0087455,-0.0087455,-0.0087455,-0.0087455,-0.0087455,-0.0087455,-0.0087455,-0.0087455,-0.0087455,-0.0087455,-0.0087455,-0.0087455,-0.0087455,-0.0087455,-0.0087455,-0.0087455,-0.0087455,-0.0087455,-0.0087455,-0.0087455,-0.0087455,-0.0087455,-0.0087455,-0.0087455,-0.0087455,-0.0087455,-0.0087455,-0.0087455,-0.0087455,-0.0087455,-0.0087455,-0.0087455,-0.0087455,-0.0087455,-0.0087455,-0.00874551,-0.00874551,-0.00874551,-0.00874551,-0.00874551,-0.00874551,-0.00874551,-0.00874551,-0.00874551,-0.00874551,-0.00874551,-0.00874551,-0.00874551,-0.00874551,-0.00874551,-0.00874551,-0.00874551,-0.00874551,-0.00874551,-0.00874551,-0.00874551,-0.00874551],"instab":[null,null,null,null,null,null,null,null,null,null,null,null,null,null,null,null,null,null,null,null,null,null,null,null,null,null,null,null,null,null,null,null,null,null,null,null,null,null,null,null,null,null,null,null,null,null,76.785482,70.144574,70.144574,64.910328,60.752555,60.752555,57.297551,57.297551,57.297551,54.365954,0.565299,0.564532,0.564532,0.539202,0.558739,0.479812,0.476838,0.730012,0.749813,0.726044,0.735518,0.785266,0.785266,0.776603,0.783656,0.759377,0.786355,0.836095,0.836095,0.860025,0.853642,0.849094,0.865458,0.897726,0.918247,0.954849,0.916788,0.734692,0.777875,0.748847,0.779112,0.744619,0.760339,0.790669,0.790669,0.822333,0.775853,0.741561,0.741561,0.776766,0.794451,0.79173,0.781808,0.749407,0.718186,0.753508,0.785251,0.814265,0.741782,0.775989,0.770873,0.76616,0.727142,0.727142,0.695631,0.704711,0.675184,0.675184,0.657856,0.592648,0.600065,0.605162,0.558516,0.603403,0.625153,0.568846,0.558089,0.446448,0.446448,0.478097,0.416908,0.413216,0.398619,0.528109,0.527996,0.528448,0.522859,0.504016,0.505089,0.5032,0.497038,0.602465,0.615104,0.574781,0.55728,0.55728,0.574077,0.606933,0.597795,0.592159,0.578187,0.589765,0.588507,0.515538,0.514473,0.591022,0.606091,0.631135,0.631122,0.653999,0.655105,0.577754,0.562888,0.562859,0.524908,0.52209,0.50801,0.521601,0.4997,0.497842,0.497948,0.485492,0.482853,0.495086,0.493815,0.353425,0.346883,0.323705,0.323684,0.389491,0.377307,0.378451,0.376535,0.36687,0.386627,0.366805,0.399477,0.375531,0.371448,0.401536,0.403631,0.40875,0.407821,0.380812,0.383612,0.380812,0.383099,0.380881,0.364643,0.306518,0.2907,0.28942,0.289008,0.282131,0.276923,0.247497,0.227307,0.226898,0.21902,0.189161,0.193375,0.199462,0.201194],