{"word":"conservation","years":[1800,1801,1802,1803,1804,1805,1806,1807,1808,1809,1810,1811,1812,1813,1814,1815,1816,1817,1818,1819,1820,1821,1822,1823,1824,1825,1826,1827,1828,1829,1830,1831,1832,1833,1834,1835,1836,1837,1838,1839,1840,1841,1842,1843,1844,1845,1846,1847,1848,1849,1850,1851,1852,1853,1854,1855,1856,1857,1858,1859,1860,1861,1862,1863,1864,1865,1866,1867,1868,1869,1870,1871,1872,1873,1874,1875,1876,1877,1878,1879,1880,1881,1882,1883,1884,1885,1886,1887,1888,1889,1890,1891,1892,1893,1894,1895,1896,1897,1898,1899,1900,1901,1902,1903,1904,1905,1906,1907,1908,1909,1910,1911,1912,1913,1914,1915,1916,1917,1918,1919,1920,1921,1922,1923,1924,1925,1926,1927,1928,1929,1930,1931,1932,1933,1934,1935,1936,1937,1938,1939,1940,1941,1942,1943,1944,1945,1946,1947,1948,1949,1950,1951,1952,1953,1954,1955,1956,1957,1958,1959,1960,1961,1962,1963,1964,1965,1966,1967,1968,1969,1970,1971,1972,1973,1974,1975,1976,1977,1978,1979,1980,1981,1982,1983,1984,1985,1986,1987,1988,1989,1990,1991,1992,1993,1994,1995,1996,1997,1998,1999,2000,2001,2002,2003,2004,2005,2006,2007,2008,2009,2010,2011,2012,2013,2014,2015,2016,2017,2018,2019],"level":[-12.902995,-13.383749,-13.792502,-14.347379,-14.469056,-14.600474,-14.625782,-14.471392,-14.620675,-14.696539,-14.77534,-14.792828,-14.783623,-14.771666,-14.797191,-14.705845,-14.645467,-14.593491,-14.684363,-14.688213,-14.714919,-14.834223,-14.867524,-14.925123,-14.841887,-14.699157,-14.646322,-14.741143,-14.722322,-14.602522,-14.462168,-14.387588,-14.224802,-14.454146,-14.503115,-14.50535,-14.653776,-14.759623,-14.824333,-14.818491,-14.774379,-14.684677,-14.641737,-14.60265,-14.523302,-14.505465,-14.561963,-14.550648,-14.469764,-14.424094,-14.486927,-14.518849,-14.500864,-14.55898,-14.557414,-14.600137,-14.584589,-14.570716,-14.578133,-14.580532,-14.575447,-14.590925,-14.602182,-14.592409,-14.528096,-14.47435,-14.483896,-14.437734,-14.433376,-14.43086,-14.409625,-14.383828,-14.342137,-14.283667,-14.188414,-14.148103,-14.13744,-14.127172,-14.118558,-14.108573,-14.104451,-14.094996,-14.073313,-14.001684,-14.006571,-13.993016,-13.987563,-13.946513,-13.888488,-13.830516,-13.841798,-13.825943,-13.794696,-13.747178,-13.698539,-13.668785,-13.609794,-13.653564,-13.675761,-13.66423,-13.619544,-13.606322,-13.561904,-13.542098,-13.503561,-13.401751,-13.241193,-12.990178,-12.65879,-12.354755,-12.165312,-12.068031,-11.978076,-11.911383,-11.880356,-11.822066,-11.713452,-11.580977,-11.507441,-11.571621,-11.658706,-11.732421,-11.769286,-11.739952,-11.737471,-11.718113,-11.696199,-11.659927,-11.62404,-11.574936,-11.523985,-11.468258,-11.420029,-11.334322,-11.232387,-11.119854,-11.019397,-10.914972,-10.862743,-10.822853,-10.811577,-10.777786,-10.734899,-10.739313,-10.759991,-10.786711,-10.792404,-10.776881,-10.774854,-10.784257,-10.803795,-10.805511,-10.814172,-10.810828,-10.822877,-10.827798,-10.827095,-10.831309,-10.840248,-10.838517,-10.848788,-10.86753,-10.870828,-10.857084,-10.835523,-10.816496,-10.82089,-10.811499,-10.827463,-10.821401,-10.800958,-10.770411,-10.734481,-10.66509,-10.580219,-10.506078,-10.45038,-10.401552,-10.375146,-10.355954,-10.358279,-10.39533,-10.449819,-10.513471,-10.582037,-10.628636,-10.668824,-10.698217,-10.71775,-10.725023,-10.725669,-10.732233,-10.738851,-10.74222,-10.752689,-10.759249,-10.782972,-10.808632,-10.826631,-10.833597,-10.834966,-10.853703,-10.87446,-10.885365,-10.892773,-10.897308,-10.90899,-10.927247,-10.951496,-10.996542,-11.021558,-11.054778,-11.071411,-11.119878,-11.21067,-11.268884,-11.297555,-11.33089,-11.373609,-11.387111],"drift":[-0.07541702,-0.07447238,-0.07274868,-0.06990137,-0.06693339,-0.06381513,-0.06078661,-0.05825957,-0.0555204,-0.05273381,-0.04988648,-0.04711465,-0.04447407,-0.04196501,-0.03949426,-0.03732844,-0.03539032,-0.03365582,-0.03178797,-0.02998523,-0.02819014,-0.0261827,-0.02415867,-0.02205671,-0.02020013,-0.01872327,-0.01741318,-0.01592268,-0.01451316,-0.01341666,-0.01267852,-0.01214375,-0.01201665,-0.01138306,-0.01066188,-0.00996034,-0.0089361,-0.007686,-0.00630301,-0.00494833,-0.00370798,-0.00268532,-0.001769,-0.00094789,-0.00031392,0.00027776,0.00100175,0.00170171,0.00221713,0.00263128,0.003198,0.00384656,0.00446218,0.00522364,0.00599362,0.00687713,0.00774044,0.00858946,0.00947578,0.01038977,0.01131613,0.01230493,0.01334864,0.01440069,0.01533641,0.01618262,0.0170888,0.01792721,0.01879725,0.01970523,0.02060965,0.02150198,0.02234725,0.02310835,0.0237013,0.02425555,0.02484148,0.02546137,0.02612052,0.02681728,0.02756693,0.02835879,0.0291662,0.02987466,0.03066413,0.03149347,0.0323835,0.03325334,0.03406544,0.03482183,0.03568566,0.03659571,0.03751822,0.03841743,0.03929282,0.04019044,0.04104425,0.04209571,0.04329701,0.04457235,0.04584741,0.04719852,0.0485561,0.04998068,0.05143194,0.05276579,0.05384842,0.05447156,0.05444933,0.05384543,0.05292553,0.05190225,0.05079028,0.04964126,0.04853562,0.04740724,0.04613622,0.04466399,0.04312446,0.04183502,0.04084602,0.04012402,0.03958143,0.03906273,0.03862929,0.03824075,0.03789027,0.03754356,0.03720071,0.03683011,0.03642661,0.03597813,0.0355011,0.03490706,0.03415681,0.03322391,0.03213431,0.03087624,0.02956841,0.02823652,0.02694416,0.02563584,0.02428732,0.02300569,0.02182586,0.02075917,0.01975413,0.01875895,0.01780276,0.01690997,0.01610213,0.01533582,0.01462543,0.01394134,0.01331781,0.01273679,0.01218381,0.01166905,0.01120232,0.01075766,0.01036201,0.01003419,0.00973744,0.00943135,0.00909699,0.00873948,0.00841259,0.00808342,0.00781029,0.00754123,0.00724211,0.00688867,0.00646755,0.00589979,0.00514798,0.00423539,0.00320285,0.00206399,0.0008684,-0.0003699,-0.00160364,-0.00275477,-0.00378533,-0.00467637,-0.00541852,-0.00606469,-0.00663133,-0.00714493,-0.00762966,-0.00811522,-0.00861819,-0.00912594,-0.00963954,-0.01016775,-0.01069527,-0.01123241,-0.01174045,-0.01221605,-0.01267817,-0.01315361,-0.0136565,-0.01414756,-0.01462322,-0.01510754,-0.0156098,-0.01613787,-0.01667633,-0.01721111,-0.01772948,-0.01818419,-0.01862298,-0.01902775,-0.0194381,-0.0197808,-0.01995801,-0.02004606,-0.020114,-0.02015114,-0.02013568,-0.02013568],"instab":[null,null,null,null,5.750149,5.298588,4.910539,4.779378,4.475571,4.232657,4.019289,3.839198,3.683101,3.546369,3.417368,3.309645,3.208126,3.122514,3.035818,2.95581,1.304432,1.123964,1.000038,0.912182,0.771964,0.76203,0.763697,0.501854,0.512997,0.509434,0.520428,0.52571,0.666283,0.761703,0.766051,0.761549,0.776403,0.759843,0.760316,0.759284,0.752227,0.74723,0.746972,0.732499,0.737106,0.715213,0.700559,0.686704,0.686144,0.691846,0.680708,0.684483,0.492869,0.394464,0.390428,0.371286,0.350581,0.337769,0.322901,0.322464,0.322383,0.306024,0.305744,0.309434,0.291883,0.293781,0.284233,0.284609,0.27242,0.239054,0.229455,0.219438,0.20276,0.180297,0.201396,0.183683,0.184444,0.183846,0.183874,0.183391,0.18425,0.184805,0.189172,0.204538,0.205981,0.187947,0.182136,0.171817,0.172889,0.188518,0.196939,0.198411,0.199089,0.198967,0.174842,0.172069,0.206265,0.217872,0.226743,0.229881,0.233608,0.235899,0.233819,0.209949,0.213249,0.213159,0.209443,0.218037,0.295401,0.378212,0.395434,0.392485,0.390194,0.389799,0.399688,0.405762,0.396108,0.390512,0.389019,0.396647,0.423492,0.445239,0.468138,0.466632,0.466424,0.46764,0.469874,0.468198,0.424741,0.330082,0.27896,0.277861,0.273582,0.270865,0.272306,0.277013,0.279281,0.274774,0.236195,0.232477,0.2133,0.181464,0.141939,0.143491,0.141414,0.155006,0.160414,0.160385,0.159961,0.160992,0.167945,0.167051,0.167617,0.16679,0.165078,0.153066,0.147424,0.109773,0.105982,0.101048,0.097893,0.09925,0.077859,0.079489,0.083517,0.082668,0.076072,0.083384,0.086665,0.086603,0.079538,0.081977,0.078632,0.084256,0.102075,0.114937,0.118354,0.123182,0.119136,0.119739,0.119205,0.114457,0.118146,0.128151,0.148033,0.150961,0.153678,0.153497,0.151073,0.150737,0.151064,0.150588,0.150166,0.148219,0.135106,0.122167,0.115492,0.103584,0.100674,0.095166,0.09617,0.096722,0.094315,0.089726,0.068131,0.063236,0.055723,0.050305,0.047649,0.060399,0.059669,0.064187,0.072065,0.074616,0.104428,0.111113,0.111516,0.111382,0.115299,0.117285],