{"word":"consumerism","years":[1800,1801,1802,1803,1804,1805,1806,1807,1808,1809,1810,1811,1812,1813,1814,1815,1816,1817,1818,1819,1820,1821,1822,1823,1824,1825,1826,1827,1828,1829,1830,1831,1832,1833,1834,1835,1836,1837,1838,1839,1840,1841,1842,1843,1844,1845,1846,1847,1848,1849,1850,1851,1852,1853,1854,1855,1856,1857,1858,1859,1860,1861,1862,1863,1864,1865,1866,1867,1868,1869,1870,1871,1872,1873,1874,1875,1876,1877,1878,1879,1880,1881,1882,1883,1884,1885,1886,1887,1888,1889,1890,1891,1892,1893,1894,1895,1896,1897,1898,1899,1900,1901,1902,1903,1904,1905,1906,1907,1908,1909,1910,1911,1912,1913,1914,1915,1916,1917,1918,1919,1920,1921,1922,1923,1924,1925,1926,1927,1928,1929,1930,1931,1932,1933,1934,1935,1936,1937,1938,1939,1940,1941,1942,1943,1944,1945,1946,1947,1948,1949,1950,1951,1952,1953,1954,1955,1956,1957,1958,1959,1960,1961,1962,1963,1964,1965,1966,1967,1968,1969,1970,1971,1972,1973,1974,1975,1976,1977,1978,1979,1980,1981,1982,1983,1984,1985,1986,1987,1988,1989,1990,1991,1992,1993,1994,1995,1996,1997,1998,1999,2000,2001,2002,2003,2004,2005,2006,2007,2008],"level":[-17.719842,-17.733564,-17.747285,-17.761007,-17.774728,-17.78845,-17.802171,-17.815892,-17.829614,-17.843335,-17.857056,-17.870778,-17.884499,-17.89822,-17.927645,-17.957063,-17.986469,-18.015857,-18.04522,-18.074553,-18.103849,-18.133102,-18.162306,-18.191455,-18.220543,-18.249564,-18.278512,-18.30738,-18.336162,-18.364853,-18.393446,-18.421935,-18.450314,-18.478577,-18.506717,-18.53473,-18.562607,-18.590345,-18.617935,-18.645373,-18.672651,-18.699765,-18.726708,-18.753473,-18.780055,-18.806447,-18.832644,-18.858639,-18.884427,-18.91,-18.935353,-18.960481,-18.985375,-19.010032,-19.034444,-19.058606,-19.08251,-19.106152,-19.129525,-19.152623,-19.17544,-19.197969,-19.220205,-19.242142,-19.263773,-19.285092,-19.306093,-19.326771,-19.347118,-19.36713,-19.386799,-19.406119,-19.425085,-19.443691,-19.461929,-19.479795,-19.497282,-19.514384,-19.531094,-19.547408,-19.563318,-19.578818,-19.593903,-19.608566,-19.622801,-19.636603,-19.649964,-19.662879,-19.675342,-19.687346,-19.469061,-19.562548,-19.655616,-19.748226,-19.859097,-19.969426,-20.079169,-20.18828,-20.194026,-20.199089,-20.203464,-20.272886,-20.341583,-20.409524,-20.476678,-20.543014,-20.560099,-20.576322,-20.537416,-20.497644,-20.457017,-20.415543,-20.37323,-20.330089,-20.09932,-19.867813,-19.635648,-19.402908,-19.169673,-18.936026,-18.702048,-18.46782,-19.1589,-19.590362,-20.0212,-20.219402,-20.285554,-20.296909,-20.169192,-20.040572,-19.911087,-19.922134,-19.932338,-19.985938,-20.038644,-19.878981,-19.885968,-19.82621,-19.765564,-20.138923,-20.255124,-20.224942,-20.193656,-20.053728,-19.912729,-19.64496,-18.995713,-19.191926,-19.387332,-19.581835,-19.775341,-20.005259,-20.059245,-19.638482,-19.839971,-19.737095,-19.605799,-18.963758,-18.885864,-18.565564,-18.33248,-18.493585,-18.335674,-18.213576,-18.057364,-18.109555,-18.043886,-17.7339,-17.385271,-16.611954,-16.173022,-15.471819,-14.91461,-14.518549,-14.377029,-14.332316,-14.292327,-14.220207,-14.155316,-14.156604,-14.088595,-14.152882,-14.139764,-14.176117,-14.167204,-14.176491,-14.146396,-14.103477,-14.027876,-13.904241,-13.745751,-13.648793,-13.620382,-13.586409,-13.552325,-13.502187,-13.46064,-13.4219,-13.353802,-13.31886,-13.264633,-13.243862,-13.279795,-13.302497,-13.327409,-13.321131,-13.310473,-13.335982,-13.391707],"drift":[-0.01371876,-0.01371876,-0.01371875,-0.01371875,-0.01371875,-0.01371874,-0.01371873,-0.01371873,-0.01371872,-0.01371871,-0.0137187,-0.01371869,-0.01371868,-0.01371866,-0.01371254,-0.0137003,-0.01368195,-0.01365749,-0.01362692,-0.01359023,-0.01354743,-0.01349852,-0.0134435,-0.01338237,-0.01331512,-0.01324177,-0.0131623,-0.01307672,-0.01298503,-0.01288722,-0.0127833,-0.01267327,-0.01255713,-0.01243488,-0.01230652,-0.01217204,-0.01203145,-0.01188475,-0.01173194,-0.01157301,-0.01140798,-0.01123683,-0.01105957,-0.0108762,-0.01068671,-0.01049112,-0.01028941,-0.01008159,-0.00986766,-0.00964761,-0.00942146,-0.00918919,-0.00895081,-0.00870632,-0.00845571,-0.008199,-0.00793617,-0.00766723,-0.00739218,-0.00711101,-0.00682374,-0.00653035,-0.00623085,-0.00592524,-0.00561352,-0.00529568,-0.00497173,-0.00464168,-0.0043055,-0.00396322,-0.00361483,-0.00326032,-0.0028997,-0.00253297,-0.00216013,-0.00178117,-0.0013961,-0.00100492,-0.00060763,-0.00020423,0.00020528,0.00062091,0.00104265,0.0014705,0.00190446,0.00234454,0.00279072,0.00324302,0.00370143,0.00416595,0.00454715,0.0049665,0.005424,0.00591965,0.00646074,0.00704729,0.00767929,0.00835674,0.00903967,0.00972809,0.010422,0.01114699,0.01190304,0.01269017,0.01350836,0.01435763,0.01521914,0.01609288,0.01695775,0.01781373,0.01866084,0.01949907,0.02032842,0.02114889,0.02188779,0.02254512,0.02312087,0.02361504,0.02402765,0.02435867,0.02460813,0.024776,0.02522246,0.02584664,0.02664854,0.02753794,0.0284638,0.02940515,0.03030825,0.03117309,0.03199967,0.032843,0.03370309,0.03459715,0.03552518,0.0364049,0.03730151,0.03818938,0.03906852,0.04010815,0.04120861,0.04231336,0.0434224,0.04449388,0.04552781,0.04647526,0.04718813,0.04799572,0.04889804,0.04989507,0.05098683,0.0521879,0.05343029,0.05452973,0.0557288,0.05690952,0.0580613,0.05898582,0.05990297,0.0607188,0.06146755,0.06230291,0.06310106,0.06387626,0.06461553,0.06540025,0.06618486,0.0668746,0.06745469,0.0677601,0.06792106,0.06783557,0.06755964,0.06715588,0.06672317,0.06629904,0.06588514,0.06546881,0.06505271,0.06466242,0.06427084,0.06392928,0.06360749,0.06332461,0.0630629,0.06282934,0.06260853,0.06239537,0.06217708,0.06193487,0.06165509,0.06136156,0.06108087,0.06081071,0.06055096,0.06029527,0.06004687,0.05980676,0.05956342,0.05932967,0.0590979,0.05888104,0.05870109,0.05855281,0.05843701,0.05834151,0.05826457,0.05822022,0.05822022],"instab":[null,null,null,null,null,null,null,null,null,null,null,null,null,null,null,null,null,null,null,null,null,null,null,null,null,null,null,null,null,null,null,null,null,null,null,null,null,null,null,null,null,null,null,null,null,null,null,null,null,null,null,null,null,null,null,null,null,null,null,null,null,null,null,null,null,null,null,null,null,null,null,null,null,null,null,null,null,null,null,null,null,null,null,null,null,null,null,null,null,null,null,null,null,null,null,null,null,null,null,null,45.442139,45.442139,45.442139,45.442139,45.442139,41.517772,41.517772,38.441115,38.441115,0.602294,0.313359,0.313359,0.313359,0.364271,0.364271,0.364271,0.364271,null,null,null,null,null,2.186909,2.186909,2.118046,2.128576,1.943743,1.944351,1.944351,1.944351,1.827423,1.827423,1.709464,1.825696,1.714873,1.630488,1.547231,1.547231,1.496673,1.47342,1.419865,0.894207,0.722771,0.722771,0.579025,0.555355,0.898453,0.929212,0.929212,0.929212,0.97207,0.962454,0.991848,1.07035,1.090864,1.079953,1.090851,1.181254,1.166928,1.125941,1.131062,1.128989,1.127146,1.09166,1.09477,1.102131,0.927483,0.90492,0.880165,0.949051,0.911453,0.916059,0.889536,0.842411,0.79035,0.796806,0.77508,0.68002,0.668484,0.678751,0.659444,0.625916,0.631054,0.643588,0.644435,0.639805,0.632257,0.634902,0.634939,0.496452,0.495425,0.389214,0.291083,0.174238,0.158645,0.158915,0.158073,0.157914,0.157164,0.150081,0.140781,0.117965,0.123834,0.114507,0.120056,0.114656,0.114069,0.114295,0.138001],