{"word":"consocies","years":[1800,1801,1802,1803,1804,1805,1806,1807,1808,1809,1810,1811,1812,1813,1814,1815,1816,1817,1818,1819,1820,1821,1822,1823,1824,1825,1826,1827,1828,1829,1830,1831,1832,1833,1834,1835,1836,1837,1838,1839,1840,1841,1842,1843,1844,1845,1846,1847,1848,1849,1850,1851,1852,1853,1854,1855,1856,1857,1858,1859,1860,1861,1862,1863,1864,1865,1866,1867,1868,1869,1870,1871,1872,1873,1874,1875,1876,1877,1878,1879,1880,1881,1882,1883,1884,1885,1886,1887,1888,1889,1890,1891,1892,1893,1894,1895,1896,1897,1898,1899,1900,1901,1902,1903,1904,1905,1906,1907,1908,1909,1910,1911,1912,1913,1914,1915,1916,1917,1918,1919,1920,1921,1922,1923,1924,1925,1926,1927,1928,1929,1930,1931,1932,1933,1934,1935,1936,1937,1938,1939,1940,1941,1942,1943,1944,1945,1946,1947,1948,1949,1950,1951,1952,1953,1954,1955,1956,1957,1958,1959,1960,1961,1962,1963,1964,1965,1966,1967,1968,1969,1970,1971,1972,1973,1974,1975,1976,1977,1978,1979,1980,1981,1982,1983,1984,1985,1986,1987,1988,1989,1990,1991,1992,1993,1994,1995,1996,1997,1998,1999,2000,2001,2002,2003,2004,2005,2006,2007,2008],"level":[-17.620441,-17.606865,-17.593288,-17.579711,-17.566135,-17.552558,-17.538981,-17.525405,-17.511828,-17.498251,-17.484675,-17.471098,-17.457521,-17.443945,-17.430368,-17.416791,-17.403215,-17.389638,-17.376061,-17.362484,-17.348916,-17.335364,-17.321838,-17.308344,-17.294893,-17.281491,-17.268148,-17.254872,-17.241671,-17.228553,-17.215527,-17.202601,-17.189784,-17.177084,-17.164509,-17.152067,-17.139767,-17.127618,-17.115627,-17.103803,-17.092154,-17.080689,-17.069416,-17.058344,-17.04748,-17.036833,-17.026411,-17.016223,-17.006277,-16.996582,-16.987145,-16.977976,-16.969082,-16.960471,-16.952153,-16.944136,-16.936427,-16.929035,-16.921969,-16.915237,-16.908847,-16.902808,-16.897127,-16.891814,-16.886877,-16.882323,-16.878162,-16.874401,-16.87105,-16.868116,-16.865607,-16.863533,-16.861901,-16.860719,-16.859997,-16.859743,-16.859964,-16.860669,-16.861867,-16.863565,-16.865773,-16.868498,-16.871749,-16.875535,-16.879863,-16.884741,-16.89018,-16.896185,-16.902767,-16.909933,-16.917692,-16.926051,-16.93502,-16.944607,-16.95482,-16.965667,-16.977157,-16.989298,-17.002098,-17.015567,-17.029711,-17.04454,-17.060061,-17.076284,-17.093217,-17.110867,-17.129243,-17.148361,-17.168216,-17.188818,-17.210172,-17.23226,-17.255053,-17.278569,-17.302839,-17.327894,-17.353746,-17.380449,-17.408027,-17.436475,-17.465769,-17.495899,-17.52683,-17.558547,-17.591033,-17.624263,-17.658246,-17.692986,-17.728482,-17.764731,-17.801707,-17.839362,-17.877633,-17.916424,-17.955635,-17.995199,-18.035057,-18.075172,-18.115528,-18.156107,-18.196893,-18.237851,-18.278948,-18.320165,-18.361481,-18.402874,-18.444352,-18.485943,-18.527671,-18.569573,-18.611723,-18.654151,-18.696891,-18.74001,-18.783537,-18.827475,-18.871832,-18.916635,-18.961907,-19.007695,-19.054051,-19.10103,-19.148667,-19.197003,-19.246082,-19.295915,-19.346498,-19.397857,-19.449999,-19.50293,-19.556649,-19.611167,-19.666488,-19.722599,-19.779515,-19.837243,-19.89578,-19.955088,-20.015117,-20.075779,-20.137005,-20.198733,-20.260905,-20.323452,-20.386325,-20.44949,-20.512925,-20.576623,-20.640595,-20.704853,-20.769407,-20.834261,-20.899416,-20.964856,-21.030564,-21.09653,-21.162736,-21.229161,-21.295791,-21.362612,-21.429601,-21.496746,-21.564035,-21.631444,-21.698966,-21.766569,-21.834216,-21.901874,-21.969533],"drift":[0.01357666,0.01357667,0.01357667,0.01357667,0.01357667,0.01357667,0.01357667,0.01357668,0.01357668,0.01357668,0.01357669,0.01357669,0.0135767,0.0135767,0.01357671,0.01357671,0.01357672,0.01357673,0.01357673,0.01356839,0.01355171,0.01352667,0.01349329,0.01345156,0.01340148,0.01334306,0.01327629,0.01320117,0.0131177,0.01302589,0.01292573,0.01281722,0.01270036,0.01257516,0.01244161,0.01229971,0.01214946,0.01199087,0.01182393,0.01164864,0.01146501,0.01127302,0.01107269,0.01086402,0.01064699,0.01042162,0.0101879,0.00994583,0.00969542,0.00943666,0.00916955,0.00889409,0.00861029,0.00831814,0.00801764,0.00770879,0.0073916,0.00706606,0.00673217,0.00638993,0.00603935,0.00568042,0.00531314,0.00493752,0.00455354,0.00416122,0.00376056,0.00335154,0.00293418,0.00250847,0.00207441,0.00163201,0.00118126,0.00072216,0.00025471,-0.00022108,-0.00070522,-0.00119771,-0.00169855,-0.00220773,-0.00272526,-0.00325114,-0.00378536,-0.00432794,-0.00487886,-0.00543813,-0.00600574,-0.0065817,-0.00716601,-0.00775867,-0.00835967,-0.00896903,-0.00958673,-0.01021277,-0.01084717,-0.01148991,-0.012141,-0.01280043,-0.01346822,-0.01414435,-0.01482883,-0.01552165,-0.01622283,-0.01693235,-0.01765021,-0.01837643,-0.01911761,-0.01985566,-0.02060115,-0.02135407,-0.02208796,-0.022793,-0.02351653,-0.0242696,-0.02505563,-0.02585195,-0.02670256,-0.02757838,-0.02844724,-0.02929428,-0.0301306,-0.03093053,-0.03171728,-0.03248559,-0.03323022,-0.03398321,-0.03473954,-0.03549596,-0.03624879,-0.03697668,-0.03765449,-0.03827142,-0.03879038,-0.03921137,-0.03956407,-0.03985784,-0.04011524,-0.04035546,-0.04057938,-0.04078573,-0.04095832,-0.04109715,-0.04121641,-0.04131609,-0.04139364,-0.04147783,-0.04159054,-0.0417283,-0.04190249,-0.04214912,-0.04242819,-0.04273979,-0.04311911,-0.04352712,-0.04393799,-0.0443568,-0.04480335,-0.04527181,-0.04578787,-0.04635649,-0.04697914,-0.04763679,-0.04833644,-0.04907822,-0.04983306,-0.05058376,-0.05135838,-0.05214177,-0.05293095,-0.05371985,-0.05451796,-0.05532056,-0.05611119,-0.05691569,-0.05772849,-0.05853686,-0.05930767,-0.06002943,-0.06066183,-0.06122573,-0.06172858,-0.06217202,-0.06254707,-0.06287221,-0.06316537,-0.06343484,-0.06369803,-0.06397223,-0.06425745,-0.06455425,-0.06485366,-0.06515569,-0.06543978,-0.06570835,-0.06596581,-0.06620617,-0.0664249,-0.06662984,-0.06682099,-0.06698876,-0.06714545,-0.06728837,-0.06740955,-0.06752166,-0.06760305,-0.06764666,-0.06765864,-0.06765894,-0.06765894],"instab":[null,null,null,null,null,null,null,null,null,null,null,null,null,null,null,null,null,null,null,null,null,null,null,null,null,null,null,null,null,null,null,null,null,null,null,null,null,null,null,null,null,null,null,null,null,null,null,null,null,null,null,null,null,null,null,null,null,null,null,null,null,null,null,null,null,null,null,null,null,null,null,null,null,null,null,null,null,null,null,null,null,null,null,null,null,null,null,null,null,null,null,null,null,null,null,null,null,null,null,null,null,null,null,null,null,null,null,null,null,null,38.492786,35.497337,32.88557,30.74855,28.921087,27.544613,26.200926,25.038228,24.04304,23.194047,22.386813,21.714408,21.06538,20.471727,19.961706,1.617963,1.568725,1.557468,1.539791,1.519972,1.520198,1.354787,1.380111,1.524585,1.504548,1.427972,1.372275,1.268553,1.248621,1.267405,1.246148,1.204439,1.238477,1.238909,1.201468,1.21594,1.228993,1.225361,1.217682,1.427892,1.42909,1.357099,1.545845,1.529664,1.513857,1.480679,1.451267,1.490031,1.489933,1.471427,1.473454,1.45458,1.416286,1.480301,1.420565,1.459728,1.468416,1.459875,1.370146,1.24448,1.244491,1.151048,1.083114,1.014182,1.022088,1.053166,1.051837,1.052168,1.163018,1.193665,1.171919,1.167081,1.227438,1.19036,1.168916,1.127566,1.116695,1.144306,1.139402,1.151204,1.180174,1.202865,1.13833,1.135093,1.121743,1.006815,0.996847,0.825571,0.772477,0.770558,0.776189,0.788377,0.736009,0.760795,0.748242,0.699667,0.726733,0.723806,0.723951],