{"word":"contrabandista","years":[1800,1801,1802,1803,1804,1805,1806,1807,1808,1809,1810,1811,1812,1813,1814,1815,1816,1817,1818,1819,1820,1821,1822,1823,1824,1825,1826,1827,1828,1829,1830,1831,1832,1833,1834,1835,1836,1837,1838,1839,1840,1841,1842,1843,1844,1845,1846,1847,1848,1849,1850,1851,1852,1853,1854,1855,1856,1857,1858,1859,1860,1861,1862,1863,1864,1865,1866,1867,1868,1869,1870,1871,1872,1873,1874,1875,1876,1877,1878,1879,1880,1881,1882,1883,1884,1885,1886,1887,1888,1889,1890,1891,1892,1893,1894,1895,1896,1897,1898,1899,1900,1901,1902,1903,1904,1905,1906,1907,1908,1909,1910,1911,1912,1913,1914,1915,1916,1917,1918,1919,1920,1921,1922,1923,1924,1925,1926,1927,1928,1929,1930,1931,1932,1933,1934,1935,1936,1937,1938,1939,1940,1941,1942,1943,1944,1945,1946,1947,1948,1949,1950,1951,1952,1953,1954,1955,1956,1957,1958,1959,1960,1961,1962,1963,1964,1965,1966,1967,1968,1969,1970,1971,1972,1973,1974,1975,1976,1977,1978,1979,1980,1981,1982,1983,1984,1985,1986,1987,1988,1989,1990,1991,1992,1993,1994,1995,1996,1997,1998,1999,2000,2001,2002,2003,2004,2005,2006,2007,2008],"level":[-17.91378,-17.91872,-17.909096,-17.899472,-17.889847,-17.880223,-17.870599,-17.860975,-17.851351,-17.841727,-17.832103,-17.822478,-17.812854,-17.80323,-17.793606,-17.783982,-17.774358,-17.764734,-17.755109,-17.745485,-17.735861,-17.726237,-17.752682,-17.779128,-17.805573,-17.832018,-17.741304,-17.622867,-17.50443,-17.385992,-17.288408,-17.160438,-17.077441,-17.09816,-17.101068,-17.103975,-17.125939,-17.171474,-17.150602,-17.152096,-17.163574,-17.159714,-17.148066,-17.175664,-17.316729,-17.316298,-17.262734,-17.234256,-17.148005,-17.021552,-16.926746,-16.849621,-16.8758,-16.876235,-16.949539,-17.105239,-17.233585,-17.362411,-17.410561,-17.38643,-17.304138,-17.262253,-17.291953,-17.370616,-17.429222,-17.437882,-17.469579,-17.514429,-17.523301,-17.569067,-17.701961,-17.915896,-18.098727,-18.307299,-18.387335,-18.338283,-18.268284,-18.204869,-18.120269,-17.997678,-17.805473,-17.585046,-17.44066,-17.324489,-17.293059,-17.255908,-17.188833,-17.133394,-17.12447,-17.14442,-17.154778,-17.157238,-17.213218,-17.240355,-17.263576,-17.289458,-17.318085,-17.415358,-17.537509,-17.559337,-17.605387,-17.649086,-17.703651,-17.763388,-17.757349,-17.758126,-17.777671,-17.790119,-17.847849,-18.004999,-18.157794,-18.339351,-18.525806,-18.665022,-18.761339,-18.741833,-18.861945,-18.885464,-18.865177,-18.828137,-18.841679,-18.742305,-18.601704,-18.472908,-18.458452,-18.485177,-18.561874,-18.608741,-18.746365,-18.8434,-18.84385,-18.866375,-18.98765,-19.108926,-19.176936,-19.140809,-19.102619,-19.016417,-18.968241,-18.920065,-18.908255,-18.759011,-18.71046,-18.750141,-18.789822,-18.854769,-18.894584,-18.934398,-19.010047,-19.03287,-19.132706,-19.130276,-19.192284,-19.227255,-19.239942,-19.31222,-19.408906,-19.470002,-19.398699,-19.348832,-19.34915,-19.375706,-19.422779,-19.414687,-19.361182,-19.300165,-19.265382,-19.181627,-19.121868,-19.056692,-19.018711,-19.06861,-19.064991,-19.090223,-19.207283,-19.29049,-19.380063,-19.413055,-19.437487,-19.496607,-19.522068,-19.536435,-19.568168,-19.524826,-19.54057,-19.483236,-19.461657,-19.435887,-19.463168,-19.460554,-19.506752,-19.489168,-19.561679,-19.589224,-19.631283,-19.6555,-19.677608,-19.624411,-19.504172,-19.467051,-19.428398,-19.40996,-19.35414,-19.267291,-19.175903,-19.128592,-19.067228,-18.985479,-18.941187],"drift":[-0.00493943,-0.00493943,-0.00493943,-0.00493943,-0.00493943,-0.00493943,-0.00493943,-0.00493943,-0.00493943,-0.00493943,-0.00493943,-0.00493943,-0.00493943,-0.00493943,-0.00493943,-0.00493943,-0.00493943,-0.00493943,-0.00493943,-0.00493943,-0.00493943,-0.00493943,-0.00493943,-0.00493943,-0.00493943,-0.00493943,-0.00493943,-0.00493943,-0.00493943,-0.00493943,-0.00493944,-0.00493944,-0.00493944,-0.00493944,-0.00493944,-0.00493944,-0.00493944,-0.00493944,-0.00493944,-0.00493944,-0.00493944,-0.00493944,-0.00493944,-0.00493944,-0.00493944,-0.00493944,-0.00493944,-0.00493944,-0.00493945,-0.00493945,-0.00493945,-0.00493945,-0.00493945,-0.00493945,-0.00493945,-0.00493945,-0.00493945,-0.00493945,-0.00493945,-0.00493945,-0.00493945,-0.00493945,-0.00493945,-0.00493945,-0.00493945,-0.00493946,-0.00493946,-0.00493946,-0.00493946,-0.00493946,-0.00493946,-0.00493946,-0.00493946,-0.00493946,-0.00493946,-0.00493946,-0.00493946,-0.00493946,-0.00493946,-0.00493946,-0.00493946,-0.00493946,-0.00493946,-0.00493946,-0.00493946,-0.00493946,-0.00493946,-0.00493946,-0.00493946,-0.00493946,-0.00493946,-0.00493946,-0.00493947,-0.00493947,-0.00493947,-0.00493947,-0.00493947,-0.00493947,-0.00493947,-0.00493947,-0.00493947,-0.00493947,-0.00493947,-0.00493947,-0.00493947,-0.00493947,-0.00493947,-0.00493947,-0.00493947,-0.00493947,-0.00493947,-0.00493947,-0.00493947,-0.00493947,-0.00493947,-0.00493947,-0.00493947,-0.00493947,-0.00493947,-0.00493947,-0.00493947,-0.00493947,-0.00493947,-0.00493947,-0.00493947,-0.00493947,-0.00493947,-0.00493947,-0.00493947,-0.00493947,-0.00493947,-0.00493947,-0.00493947,-0.00493947,-0.00493947,-0.00493947,-0.00493947,-0.00493947,-0.00493947,-0.00493947,-0.00493947,-0.00493947,-0.00493947,-0.00493947,-0.00493947,-0.00493947,-0.00493947,-0.00493947,-0.00493947,-0.00493947,-0.00493947,-0.00493947,-0.00493947,-0.00493947,-0.00493947,-0.00493947,-0.00493947,-0.00493947,-0.00493946,-0.00493946,-0.00493946,-0.00493946,-0.00493946,-0.00493946,-0.00493946,-0.00493946,-0.00493946,-0.00493946,-0.00493946,-0.00493946,-0.00493946,-0.00493946,-0.00493946,-0.00493946,-0.00493946,-0.00493946,-0.00493946,-0.00493946,-0.00493946,-0.00493946,-0.00493946,-0.00493946,-0.00493946,-0.00493946,-0.00493946,-0.00493946,-0.00493946,-0.00493946,-0.00493945,-0.00493945,-0.00493945,-0.00493945,-0.00493945,-0.00493945,-0.00493945,-0.00493945,-0.00493945,-0.00493945,-0.00493945,-0.00493945,-0.00493945,-0.00493945,-0.00493945,-0.00493945,-0.00493945,-0.00493945,-0.00493945,-0.00493945,-0.00493945],"instab":[null,null,null,null,null,null,null,null,null,null,null,null,null,null,null,null,null,null,null,null,null,null,null,null,null,null,null,null,null,null,81.26273,74.091779,68.516929,64.134949,64.134949,60.477276,57.381814,54.752539,52.417309,50.363059,48.539669,0.901605,0.874004,0.882548,1.039145,0.923903,0.923858,0.910015,0.885403,0.860623,0.868461,0.894815,0.832994,0.847334,0.833999,0.867424,0.876381,0.906011,0.928338,0.932936,0.955783,0.985541,0.985263,0.95253,0.825701,0.815764,0.807691,0.808151,0.813275,0.811541,0.806822,0.772094,0.770949,0.875291,0.906846,0.900237,0.915518,0.875739,0.855587,0.850874,0.835788,0.912708,0.936072,0.992236,0.973938,0.97394,0.978027,0.97943,0.978967,0.965683,0.96285,0.925373,0.930014,0.746563,0.593782,0.596394,0.602107,0.606826,0.741899,0.734025,0.737073,0.633977,0.605316,0.550155,0.551198,0.554454,0.54444,0.526649,0.566354,0.581334,0.582473,0.57149,0.616144,0.642454,0.715873,0.849333,0.870857,0.870451,0.817253,0.845344,0.87708,0.87753,0.908224,1.006685,1.017138,1.023561,1.030508,1.046665,1.037332,1.071109,1.077103,1.107393,1.102522,1.110575,1.093241,1.009342,0.950703,0.963974,0.991724,0.989196,1.00327,1.092215,1.115857,1.061278,1.053131,1.053631,1.077505,1.053617,1.04974,0.999457,1.077894,1.060524,1.03336,0.996981,0.937939,0.937847,0.954734,1.024745,1.006232,1.01138,0.947828,0.839683,0.792996,0.773744,0.774843,0.786418,0.768108,0.783234,0.760532,0.749287,0.70848,0.714324,0.707,0.728668,0.746194,0.748739,0.762182,0.645768,0.638773,0.631738,0.628754,0.628941,0.640777,0.662561,0.69246,0.696908,0.690886,0.696008,0.701719,0.701807,0.669508,0.703426,0.717284,0.675647,0.656795,0.655909,0.651763,0.658937,0.74084,0.730256,0.734325,0.737744,0.703259,0.678893,0.671772,0.658624,0.658703,0.660471,0.666236],