{"word":"contemporaneamente","years":[1800,1801,1802,1803,1804,1805,1806,1807,1808,1809,1810,1811,1812,1813,1814,1815,1816,1817,1818,1819,1820,1821,1822,1823,1824,1825,1826,1827,1828,1829,1830,1831,1832,1833,1834,1835,1836,1837,1838,1839,1840,1841,1842,1843,1844,1845,1846,1847,1848,1849,1850,1851,1852,1853,1854,1855,1856,1857,1858,1859,1860,1861,1862,1863,1864,1865,1866,1867,1868,1869,1870,1871,1872,1873,1874,1875,1876,1877,1878,1879,1880,1881,1882,1883,1884,1885,1886,1887,1888,1889,1890,1891,1892,1893,1894,1895,1896,1897,1898,1899,1900,1901,1902,1903,1904,1905,1906,1907,1908,1909,1910,1911,1912,1913,1914,1915,1916,1917,1918,1919,1920,1921,1922,1923,1924,1925,1926,1927,1928,1929,1930,1931,1932,1933,1934,1935,1936,1937,1938,1939,1940,1941,1942,1943,1944,1945,1946,1947,1948,1949,1950,1951,1952,1953,1954,1955,1956,1957,1958,1959,1960,1961,1962,1963,1964,1965,1966,1967,1968,1969,1970,1971,1972,1973,1974,1975,1976,1977,1978,1979,1980,1981,1982,1983,1984,1985,1986,1987,1988,1989,1990,1991,1992,1993,1994,1995,1996,1997,1998,1999,2000,2001,2002,2003,2004,2005,2006,2007,2008],"level":[-18.293708,-18.295736,-18.320397,-18.345059,-18.36972,-18.394381,-18.419042,-18.443704,-18.468365,-18.493026,-18.517688,-18.542349,-18.56701,-18.591671,-18.616333,-18.640994,-18.665655,-18.690317,-18.714978,-18.739639,-18.7643,-18.788962,-18.813623,-18.838284,-18.862946,-18.887607,-18.912268,-18.936929,-18.961591,-18.986252,-19.010913,-19.035574,-19.060236,-19.084897,-19.109558,-19.13422,-19.158881,-19.183542,-19.208204,-19.232865,-19.257526,-19.282188,-19.306849,-19.331511,-19.356172,-19.380834,-19.405495,-19.415639,-19.425784,-19.435928,-19.446072,-19.456217,-19.44039,-19.424564,-19.408738,-19.335979,-19.263221,-19.190462,-19.117704,-19.044945,-18.972187,-18.948036,-18.977569,-19.007103,-19.036636,-19.06617,-19.095703,-19.125237,-19.154771,-19.178922,-19.203073,-19.227224,-19.251375,-19.221853,-19.192331,-19.248147,-19.236178,-19.224208,-19.212238,-19.200268,-19.188299,-19.176329,-19.164359,-19.235242,-19.252343,-19.269444,-19.245251,-19.221059,-19.196867,-19.172675,-19.148482,-19.142451,-19.214186,-19.285921,-19.357655,-19.42939,-19.407087,-19.480146,-19.514623,-19.549099,-19.583576,-19.618052,-19.652529,-19.687006,-19.721482,-19.755959,-19.788754,-19.821549,-19.854344,-19.887139,-19.919934,-19.95273,-19.913809,-19.874888,-19.810427,-19.745967,-19.681506,-19.617045,-19.598935,-19.580824,-19.562713,-19.544603,-19.477112,-19.439752,-19.49144,-19.543127,-19.591095,-19.639064,-19.647883,-19.682102,-19.632456,-19.603728,-19.534937,-19.515733,-19.559533,-19.603333,-19.609485,-19.610983,-19.568878,-19.594405,-19.573074,-19.551743,-19.530412,-19.50908,-19.487749,-19.466418,-19.445087,-19.364856,-19.284625,-19.105478,-18.979059,-18.85264,-18.690912,-18.393147,-18.218961,-18.146916,-18.157263,-18.157335,-18.217769,-18.254917,-18.165174,-18.07277,-18.019913,-17.982342,-17.986525,-17.955076,-17.921394,-17.9119,-17.877985,-17.884611,-17.872265,-17.901978,-17.917028,-17.937294,-17.958677,-17.971851,-17.99185,-17.996524,-18.006862,-18.005974,-18.015477,-18.012344,-17.958576,-17.949651,-17.936183,-17.935997,-17.915324,-17.919087,-17.90685,-17.926752,-17.96264,-18.012628,-18.052607,-18.101732,-18.158356,-18.201997,-18.188339,-18.180549,-18.184652,-18.231112,-18.277269,-18.345467,-18.418939,-18.488104,-18.556477,-18.585996,-18.620865,-18.683043,-18.715387],"drift":[-0.00202734,-0.00202734,-0.00202734,-0.00202734,-0.00202734,-0.00202734,-0.00202734,-0.00202734,-0.00202734,-0.00202734,-0.00202734,-0.00202734,-0.00202734,-0.00202734,-0.00202734,-0.00202734,-0.00202734,-0.00202734,-0.00202734,-0.00202734,-0.00202734,-0.00202734,-0.00202734,-0.00202734,-0.00202734,-0.00202734,-0.00202734,-0.00202735,-0.00202734,-0.00202735,-0.00202735,-0.00202735,-0.00202735,-0.00202735,-0.00202735,-0.00202735,-0.00202734,-0.00202734,-0.00202734,-0.00202734,-0.00202734,-0.00202734,-0.00202734,-0.00202734,-0.00202734,-0.00202734,-0.00202734,-0.00202733,-0.00202733,-0.00202733,-0.00202733,-0.00202733,-0.00202733,-0.00202733,-0.00202732,-0.00202732,-0.00202732,-0.00202732,-0.00202732,-0.00202732,-0.00202732,-0.00202732,-0.00202732,-0.00202732,-0.00202732,-0.00202732,-0.00202732,-0.00202732,-0.00202732,-0.00202732,-0.00202732,-0.00202732,-0.00202731,-0.00202731,-0.00202731,-0.00202731,-0.00202731,-0.00202731,-0.00202731,-0.00202731,-0.00202731,-0.00202731,-0.00202731,-0.00202731,-0.00202731,-0.00202731,-0.00202731,-0.0020273,-0.0020273,-0.0020273,-0.0020273,-0.0020273,-0.0020273,-0.0020273,-0.0020273,-0.0020273,-0.0020273,-0.0020273,-0.0020273,-0.0020273,-0.0020273,-0.00202729,-0.00202729,-0.00202729,-0.00202729,-0.00202729,-0.00202729,-0.00202729,-0.00202729,-0.00202729,-0.00202729,-0.00202728,-0.00202728,-0.00202728,-0.00202728,-0.00202728,-0.00202728,-0.00202728,-0.00202728,-0.00202728,-0.00202728,-0.00202727,-0.00202727,-0.00202727,-0.00202727,-0.00202727,-0.00202727,-0.00202727,-0.00202727,-0.00202727,-0.00202727,-0.00202727,-0.00202727,-0.00202726,-0.00202726,-0.00202726,-0.00202726,-0.00202726,-0.00202726,-0.00202726,-0.00202726,-0.00202726,-0.00202726,-0.00202726,-0.00202726,-0.00202726,-0.00202725,-0.00202725,-0.00202725,-0.00202725,-0.00202725,-0.00202725,-0.00202725,-0.00202725,-0.00202725,-0.00202725,-0.00202725,-0.00202725,-0.00202725,-0.00202725,-0.00202725,-0.00202726,-0.00202726,-0.00202726,-0.00202726,-0.00202726,-0.00202726,-0.00202726,-0.00202726,-0.00202726,-0.00202726,-0.00202726,-0.00202726,-0.00202726,-0.00202726,-0.00202726,-0.00202726,-0.00202726,-0.00202726,-0.00202727,-0.00202727,-0.00202727,-0.00202727,-0.00202727,-0.00202727,-0.00202727,-0.00202727,-0.00202727,-0.00202727,-0.00202727,-0.00202727,-0.00202727,-0.00202727,-0.00202727,-0.00202727,-0.00202727,-0.00202727,-0.00202728,-0.00202728,-0.00202728,-0.00202728,-0.00202728,-0.00202728,-0.00202728,-0.00202728,-0.00202728,-0.00202728,-0.00202728,-0.00202728],"instab":[null,null,null,null,null,null,null,null,null,null,null,null,null,null,null,null,null,null,null,null,null,null,null,null,null,null,null,null,null,null,null,null,null,null,null,null,null,null,null,null,null,null,null,null,null,null,null,null,null,null,null,null,null,null,null,null,null,null,null,null,null,181.092761,181.092761,181.092761,181.092761,181.092761,null,null,0.759436,0.759436,0.759436,null,0.872717,0.872717,0.906589,0.982129,0.982129,0.982129,0.982129,0.982129,0.850874,null,0.923734,0.915083,0.915083,0.845342,0.845342,0.845342,0.923852,0.923852,0.872415,0.858949,0.877799,0.877799,0.854066,0.974755,0.985509,0.949519,0.949519,0.949519,0.949519,0.949519,0.922516,0.944127,0.944127,0.932715,0.932715,0.932715,0.932715,0.932715,1.010469,0.918849,0.918849,0.854885,0.854885,0.767343,null,null,null,null,null,0.722186,0.711754,0.739484,0.739484,0.738687,0.738687,0.741264,0.694256,0.730594,0.70245,0.638147,0.63346,0.649284,0.649284,0.655458,0.632191,0.586812,0.598857,0.598145,0.598145,0.614532,0.611909,0.56293,0.56293,0.583851,0.562672,0.562899,0.564914,0.637887,0.663209,0.65502,0.659317,0.94498,0.986525,0.96529,0.971073,0.934802,0.970659,1.06658,1.021334,0.985436,0.949705,0.918124,0.907151,0.882212,0.870548,0.855935,0.842358,0.812102,0.791019,0.800233,0.781455,0.613758,0.513177,0.461675,0.463676,0.446564,0.436041,0.303555,0.303618,0.285656,0.308122,0.284633,0.275144,0.2786,0.275914,0.274821,0.262099,0.258093,0.238522,0.240049,0.240313,0.240989,0.249001,0.289631,0.289385,0.29188,0.305112,0.305916,0.30469,0.289705,0.258276,0.262085,0.282491,0.281795,0.272129,0.285812,0.270715],