{"word":"contrapuntally","years":[1800,1801,1802,1803,1804,1805,1806,1807,1808,1809,1810,1811,1812,1813,1814,1815,1816,1817,1818,1819,1820,1821,1822,1823,1824,1825,1826,1827,1828,1829,1830,1831,1832,1833,1834,1835,1836,1837,1838,1839,1840,1841,1842,1843,1844,1845,1846,1847,1848,1849,1850,1851,1852,1853,1854,1855,1856,1857,1858,1859,1860,1861,1862,1863,1864,1865,1866,1867,1868,1869,1870,1871,1872,1873,1874,1875,1876,1877,1878,1879,1880,1881,1882,1883,1884,1885,1886,1887,1888,1889,1890,1891,1892,1893,1894,1895,1896,1897,1898,1899,1900,1901,1902,1903,1904,1905,1906,1907,1908,1909,1910,1911,1912,1913,1914,1915,1916,1917,1918,1919,1920,1921,1922,1923,1924,1925,1926,1927,1928,1929,1930,1931,1932,1933,1934,1935,1936,1937,1938,1939,1940,1941,1942,1943,1944,1945,1946,1947,1948,1949,1950,1951,1952,1953,1954,1955,1956,1957,1958,1959,1960,1961,1962,1963,1964,1965,1966,1967,1968,1969,1970,1971,1972,1973,1974,1975,1976,1977,1978,1979,1980,1981,1982,1983,1984,1985,1986,1987,1988,1989,1990,1991,1992,1993,1994,1995,1996,1997,1998,1999,2000,2001,2002,2003,2004,2005,2006,2007,2008],"level":[-18.218275,-18.235895,-18.253515,-18.271135,-18.288755,-18.306375,-18.326424,-18.346459,-18.366466,-18.386429,-18.406335,-18.42617,-18.445918,-18.465566,-18.4851,-18.504504,-18.523765,-18.542869,-18.5618,-18.580545,-18.59909,-18.617419,-18.635519,-18.653376,-18.670974,-18.6883,-18.70534,-18.722078,-18.738501,-18.754595,-18.770344,-18.785735,-18.800753,-18.815385,-18.829615,-18.843429,-18.856814,-18.869754,-18.882235,-18.894244,-18.905765,-18.916784,-18.927287,-18.937261,-18.946689,-18.955558,-18.963854,-18.971563,-18.978669,-18.985159,-18.991019,-18.996233,-19.000788,-19.00467,-19.007863,-19.010354,-19.012129,-19.013172,-19.01347,-19.013008,-19.011773,-19.009749,-19.006922,-19.003279,-18.998804,-18.993483,-18.987303,-18.980248,-18.972304,-18.963458,-18.953694,-18.944357,-18.934067,-18.9228,-18.910534,-18.881614,-18.856704,-18.81337,-18.769269,-18.736981,-18.704141,-18.674727,-18.630229,-18.600127,-18.566844,-18.542734,-18.518444,-18.522833,-18.509498,-18.504612,-18.473988,-18.425015,-18.383367,-18.332193,-18.292691,-18.26377,-18.231736,-18.186103,-18.141233,-18.105078,-18.086557,-18.065299,-18.045386,-18.030537,-17.998675,-17.97344,-17.950967,-17.932236,-17.914202,-17.910226,-17.90577,-17.900558,-17.895912,-17.886803,-17.882595,-17.880051,-17.896163,-17.90276,-17.90913,-17.89252,-17.865012,-17.839227,-17.816324,-17.772203,-17.719205,-17.657823,-17.602849,-17.55095,-17.500131,-17.458081,-17.412529,-17.375811,-17.329353,-17.280212,-17.22876,-17.195403,-17.164799,-17.131799,-17.094009,-17.052816,-17.012656,-16.971819,-16.934709,-16.891587,-16.839504,-16.79374,-16.755969,-16.723924,-16.691355,-16.666936,-16.64894,-16.635012,-16.626578,-16.620837,-16.612929,-16.609736,-16.606477,-16.603116,-16.598403,-16.594702,-16.597661,-16.600225,-16.602779,-16.612018,-16.623592,-16.640108,-16.655592,-16.671457,-16.685073,-16.696275,-16.70859,-16.719104,-16.731954,-16.749661,-16.76698,-16.782237,-16.796032,-16.808026,-16.818729,-16.831526,-16.84752,-16.865485,-16.884303,-16.902842,-16.924419,-16.947864,-16.968976,-16.987833,-17.00477,-17.020919,-17.036212,-17.051064,-17.064633,-17.076329,-17.091926,-17.107368,-17.121615,-17.133944,-17.150429,-17.168656,-17.187,-17.204081,-17.22048,-17.238481,-17.255393,-17.270784,-17.287123,-17.30077,-17.317285],"drift":[-0.01761986,-0.01761986,-0.01761986,-0.01761986,-0.01761986,-0.01761985,-0.01760552,-0.01757685,-0.01753385,-0.01747651,-0.01740484,-0.01731884,-0.01721851,-0.01710384,-0.01697484,-0.0168315,-0.01667383,-0.01650183,-0.0163155,-0.01611483,-0.01589983,-0.01567049,-0.01542683,-0.01516883,-0.01489649,-0.01460982,-0.01430882,-0.01399349,-0.01366382,-0.01331982,-0.01296149,-0.01258882,-0.01220182,-0.01180048,-0.01138482,-0.01095482,-0.01051048,-0.01005182,-0.00957882,-0.00909148,-0.00858982,-0.00807381,-0.00754348,-0.00699882,-0.00643982,-0.00586648,-0.00527882,-0.00467682,-0.00406048,-0.00342982,-0.00278482,-0.00212548,-0.00145182,-0.00076382,-6.149e-05,0.00065518,0.00138618,0.00213151,0.00289118,0.00366518,0.00445351,0.00525617,0.00607317,0.00690451,0.00775017,0.00861017,0.0094845,0.01037317,0.01127617,0.0121935,0.01312516,0.01407918,0.01505554,0.01605426,0.01707533,0.01802652,0.0189371,0.01970376,0.02032648,0.02087864,0.02136023,0.02179431,0.02209444,0.02234734,0.02253573,0.02271482,0.02288462,0.02321533,0.02360432,0.02410374,0.0245647,0.02488166,0.02509971,0.02516393,0.02514357,0.02510092,0.02501737,0.0248122,0.0244887,0.02409637,0.02373694,0.02339213,0.02306785,0.02279205,0.02246274,0.02211708,0.02176932,0.02143948,0.02112973,0.02092118,0.02080977,0.02079038,0.02086623,0.02101144,0.02125578,0.02161051,0.02218778,0.02293486,0.02385483,0.02481754,0.02576438,0.0267111,0.02768028,0.02855247,0.02928045,0.02981904,0.03020924,0.03047147,0.03061366,0.03068839,0.03067543,0.03062682,0.03048482,0.03023276,0.02985551,0.02945761,0.02905294,0.02862499,0.02814297,0.02758396,0.02695076,0.02623564,0.02545637,0.02457288,0.02352709,0.02235012,0.02108218,0.01974956,0.01834131,0.01689721,0.01544662,0.01400499,0.01259623,0.01122792,0.00987918,0.00856989,0.00729194,0.00603717,0.00479022,0.00354969,0.00234756,0.0011744,2.324e-05,-0.00107328,-0.00210785,-0.00305742,-0.00393368,-0.00473955,-0.00549306,-0.00621289,-0.00689671,-0.0075592,-0.00819047,-0.00876561,-0.00929028,-0.00977975,-0.01024553,-0.010701,-0.01115645,-0.01160223,-0.0120221,-0.01240691,-0.01275389,-0.01306675,-0.0133294,-0.01353237,-0.01369064,-0.01381842,-0.0139278,-0.01402408,-0.01411287,-0.0141973,-0.01428544,-0.01438886,-0.01448514,-0.01457579,-0.01466837,-0.01477476,-0.01487105,-0.01494754,-0.015004,-0.01504821,-0.01508444,-0.01510347,-0.01511184,-0.01511855,-0.01511807,-0.01512626,-0.01512626],"instab":[null,null,null,null,null,null,null,null,null,null,null,null,null,null,null,null,null,null,null,null,null,null,null,null,null,null,null,null,null,null,null,null,null,null,null,null,null,null,null,null,null,null,null,null,null,null,null,null,null,null,null,null,null,null,null,null,null,null,null,null,null,null,null,null,null,null,null,null,null,null,null,null,null,null,null,null,null,null,101.12925,101.12925,92.281795,85.493912,79.910212,75.351376,71.465697,71.465697,68.095023,65.24786,62.683875,60.447771,1.141915,1.120141,1.086911,1.080576,1.054904,1.045208,1.043663,1.012792,0.977114,0.977434,0.979612,0.959858,0.919805,0.969092,0.959582,0.934196,0.838513,0.768158,0.779873,0.660464,0.619672,0.601775,0.60887,0.564226,0.534221,0.572423,0.590212,0.591795,0.673608,0.614789,0.622767,0.631519,0.668471,0.625114,0.609095,0.65106,0.667054,0.676265,0.680374,0.678682,0.699548,0.708019,0.700847,0.699654,0.760224,0.729835,0.695472,0.697047,0.580866,0.556624,0.55623,0.555234,0.478691,0.49441,0.498902,0.47955,0.471679,0.472557,0.449867,0.448585,0.426331,0.400782,0.404797,0.424485,0.31209,0.319675,0.323464,0.32525,0.325153,0.326322,0.333694,0.330231,0.324492,0.308615,0.278985,0.252602,0.237105,0.247496,0.217922,0.198255,0.194299,0.188974,0.20235,0.193102,0.189995,0.188421,0.187308,0.183615,0.190907,0.183763,0.184455,0.183405,0.167765,0.175275,0.174116,0.16761,0.166656,0.154163,0.142625,0.142783,0.136939,0.135126,0.123001,0.146724,0.137667,0.132512,0.127714,0.146407,0.14717,0.142803,0.143005,0.14292,0.144544,0.142438,0.142813,0.133436,0.127707,0.132392,0.132255],