{"word":"copallina","years":[1800,1801,1802,1803,1804,1805,1806,1807,1808,1809,1810,1811,1812,1813,1814,1815,1816,1817,1818,1819,1820,1821,1822,1823,1824,1825,1826,1827,1828,1829,1830,1831,1832,1833,1834,1835,1836,1837,1838,1839,1840,1841,1842,1843,1844,1845,1846,1847,1848,1849,1850,1851,1852,1853,1854,1855,1856,1857,1858,1859,1860,1861,1862,1863,1864,1865,1866,1867,1868,1869,1870,1871,1872,1873,1874,1875,1876,1877,1878,1879,1880,1881,1882,1883,1884,1885,1886,1887,1888,1889,1890,1891,1892,1893,1894,1895,1896,1897,1898,1899,1900,1901,1902,1903,1904,1905,1906,1907,1908,1909,1910,1911,1912,1913,1914,1915,1916,1917,1918,1919,1920,1921,1922,1923,1924,1925,1926,1927,1928,1929,1930,1931,1932,1933,1934,1935,1936,1937,1938,1939,1940,1941,1942,1943,1944,1945,1946,1947,1948,1949,1950,1951,1952,1953,1954,1955,1956,1957,1958,1959,1960,1961,1962,1963,1964,1965,1966,1967,1968,1969,1970,1971,1972,1973,1974,1975,1976,1977,1978,1979,1980,1981,1982,1983,1984,1985,1986,1987,1988,1989,1990,1991,1992,1993,1994,1995,1996,1997,1998,1999,2000,2001,2002,2003,2004,2005,2006,2007,2008],"level":[-18.442032,-18.448131,-18.46315,-18.478165,-18.493172,-18.508168,-18.523147,-18.538107,-18.553043,-18.567952,-18.582829,-18.59767,-18.612472,-18.627231,-18.641942,-18.656601,-18.671206,-18.685751,-18.700233,-18.714648,-18.728991,-18.74326,-18.75745,-18.771556,-18.785576,-18.799505,-18.813339,-18.827075,-18.840708,-18.854234,-18.867649,-18.88095,-18.894133,-18.907193,-18.920127,-18.93293,-18.945599,-18.95813,-18.970518,-18.974844,-18.979024,-18.983056,-18.986941,-18.990678,-18.996474,-19.003564,-19.010501,-19.016818,-19.022979,-19.028983,-19.034827,-19.040509,-19.042436,-19.044199,-19.045799,-19.047234,-19.048505,-19.02889,-18.991302,-18.967982,-18.924374,-18.894695,-18.86492,-18.834624,-18.841379,-18.848062,-18.854668,-18.852553,-18.85131,-18.828723,-18.823372,-18.843824,-18.864201,-18.875274,-18.884845,-18.870172,-18.870225,-18.871207,-18.872098,-18.848718,-18.820388,-18.806543,-18.782119,-18.751515,-18.738175,-18.753373,-18.733825,-18.733206,-18.735073,-18.703576,-18.659833,-18.616082,-18.56151,-18.543238,-18.523113,-18.509362,-18.487624,-18.455776,-18.409386,-18.365754,-18.329508,-18.306963,-18.276776,-18.229456,-18.205596,-18.171692,-18.158253,-18.146765,-18.136726,-18.104258,-18.059296,-18.038546,-18.010393,-17.967029,-17.926311,-17.892585,-17.878752,-17.886278,-17.900827,-17.905398,-17.899953,-17.90836,-17.92543,-17.934445,-17.948299,-17.956585,-17.975107,-18.012158,-18.038076,-18.065254,-18.087827,-18.10623,-18.130668,-18.152337,-18.178954,-18.205961,-18.209615,-18.216147,-18.240973,-18.25932,-18.292423,-18.317258,-18.323055,-18.352181,-18.391823,-18.389377,-18.373522,-18.350892,-18.351901,-18.34513,-18.352772,-18.367756,-18.38648,-18.420921,-18.484491,-18.554982,-18.613887,-18.670372,-18.717863,-18.795368,-18.86554,-18.945727,-18.968972,-18.969631,-18.964546,-18.945154,-18.902255,-18.85952,-18.816792,-18.775783,-18.757609,-18.746417,-18.740116,-18.742297,-18.751275,-18.761625,-18.76884,-18.800266,-18.830133,-18.868404,-18.893017,-18.930141,-18.947749,-18.973479,-19.005302,-19.041043,-19.064114,-19.084808,-19.110001,-19.137886,-19.157245,-19.188869,-19.215972,-19.230518,-19.239522,-19.263015,-19.288508,-19.318834,-19.358148,-19.409754,-19.465294,-19.519023,-19.562094,-19.603612,-19.634865,-19.670659,-19.690375,-19.707998,-19.727612],"drift":[-0.00609834,-0.00609834,-0.00609439,-0.00608649,-0.00607464,-0.00605884,-0.00603909,-0.0060154,-0.00598775,-0.00595615,-0.0059206,-0.0058811,-0.00583765,-0.00579026,-0.00573891,-0.00568361,-0.00562437,-0.00556117,-0.00549402,-0.00542293,-0.00534788,-0.00526889,-0.00518594,-0.00509904,-0.0050082,-0.00491341,-0.00481466,-0.00471196,-0.00460532,-0.00449473,-0.00438018,-0.00426169,-0.00413925,-0.00401285,-0.00388251,-0.00374821,-0.00360997,-0.00346778,-0.00332163,-0.00317504,-0.00302801,-0.00288053,-0.00273261,-0.00258424,-0.00243445,-0.0022826,-0.00212869,-0.00197293,-0.00181531,-0.00165583,-0.0014945,-0.00133132,-0.00116787,-0.00100416,-0.00084019,-0.00067595,-0.00051145,-0.00035586,-0.00021707,-8.87e-05,2.032e-05,0.0001162,0.00019896,0.00026839,0.00034093,0.00041658,0.00049534,0.00057338,0.00065113,0.00071916,0.00078515,0.00086053,0.00094532,0.00103543,0.00113024,0.00121905,0.00130842,0.00139881,0.00149021,0.00157192,0.00164178,0.00170624,0.00176064,0.00180227,0.00183879,0.00188286,0.0019191,0.00195592,0.00199443,0.00201988,0.00202685,0.00201535,0.00198058,0.0019386,0.00188856,0.00183327,0.00176917,0.00169175,0.00159454,0.00147872,0.00134751,0.0012069,0.00105347,0.00087955,0.00069546,0.00049666,0.00029213,8.265e-05,-0.00013124,-0.00035957,-0.00060796,-0.00086581,-0.00113651,-0.00142691,-0.00173598,-0.00206074,-0.00239254,-0.00272207,-0.00304636,-0.00336998,-0.0036975,-0.00402293,-0.00434259,-0.00466018,-0.0049737,-0.00528575,-0.00559194,-0.0058842,-0.00616759,-0.00644168,-0.00670863,-0.0069704,-0.00722443,-0.00747207,-0.00771123,-0.00794185,-0.00817437,-0.00840761,-0.00863359,-0.00885526,-0.0090662,-0.00927015,-0.00947565,-0.00967244,-0.00985597,-0.01004494,-0.01024537,-0.01046037,-0.01067955,-0.01090645,-0.0111348,-0.01136145,-0.01158484,-0.01179811,-0.01198845,-0.01215289,-0.01229663,-0.01242081,-0.01252946,-0.01260933,-0.01266373,-0.01268822,-0.01270804,-0.0127332,-0.01276624,-0.01281353,-0.01288548,-0.01298206,-0.0131033,-0.01324851,-0.01340762,-0.01357763,-0.01375644,-0.01394038,-0.01412651,-0.01431431,-0.01450526,-0.01468872,-0.01486545,-0.01503183,-0.01519396,-0.01534638,-0.01549779,-0.01564468,-0.01578441,-0.0159153,-0.01604302,-0.01616868,-0.01629035,-0.01640688,-0.0165221,-0.01663064,-0.01673454,-0.01683941,-0.01694775,-0.0170532,-0.0171549,-0.01725077,-0.01733688,-0.01740781,-0.01746186,-0.01749985,-0.01752652,-0.01754256,-0.01755254,-0.01755443,-0.01755537,-0.01755628,-0.01755628],"instab":[null,null,null,null,null,null,null,null,null,null,null,null,null,null,null,null,null,null,null,null,null,null,null,null,null,null,null,null,null,null,null,null,null,null,null,null,null,null,null,null,null,null,null,null,null,null,null,null,null,null,null,148.995583,148.995583,148.995583,148.995583,148.995583,136.080345,126.00189,0.58416,0.584378,0.641944,0.641944,0.607552,0.797538,0.844007,0.844007,0.878189,0.830939,0.857531,0.84565,0.844032,0.875317,0.875305,0.848406,0.883297,0.86598,0.839872,0.860084,0.873571,0.85924,0.841997,0.821108,0.819018,0.713057,0.751806,0.826632,0.846111,0.84611,0.890595,0.864886,0.842961,0.817798,0.932507,0.931218,0.890521,0.882119,0.88666,0.868243,0.835554,0.84168,0.837989,0.835487,0.849585,0.867495,0.828907,0.75828,0.737784,0.738025,0.691855,0.695355,0.717637,0.722552,0.616081,0.618332,0.621227,0.641944,0.649861,0.63442,0.66294,0.677055,0.66627,0.661555,0.663025,0.611065,0.615725,0.57817,0.587961,0.620568,0.58276,0.587642,0.524825,0.52265,0.516384,0.509941,0.497025,0.498332,0.440382,0.477088,0.470858,0.480579,0.468905,0.493209,0.547104,0.551317,0.690266,0.682687,0.657178,0.719494,0.71998,0.741612,0.744355,0.744154,0.754811,0.787793,0.787455,0.773415,0.780828,0.776488,0.804508,0.813676,0.805641,0.999869,0.981599,0.975685,0.889956,0.894609,0.906276,0.862739,0.876562,0.921211,0.928075,0.933561,0.931394,0.903658,0.904766,0.883675,0.910911,0.897264,0.871726,0.87001,0.875398,0.625647,0.57463,0.571277,0.556025,0.556007,0.557549,0.553602,0.547553,0.479645,0.477685,0.476234,0.479574,0.471352,0.498458,0.498496,0.435371,0.441222,0.446589,0.415257,0.407903,0.377564,0.370548,0.382202,0.384463,0.390828,0.390799,0.390178,0.388961],