{"word":"coppicing","years":[1800,1801,1802,1803,1804,1805,1806,1807,1808,1809,1810,1811,1812,1813,1814,1815,1816,1817,1818,1819,1820,1821,1822,1823,1824,1825,1826,1827,1828,1829,1830,1831,1832,1833,1834,1835,1836,1837,1838,1839,1840,1841,1842,1843,1844,1845,1846,1847,1848,1849,1850,1851,1852,1853,1854,1855,1856,1857,1858,1859,1860,1861,1862,1863,1864,1865,1866,1867,1868,1869,1870,1871,1872,1873,1874,1875,1876,1877,1878,1879,1880,1881,1882,1883,1884,1885,1886,1887,1888,1889,1890,1891,1892,1893,1894,1895,1896,1897,1898,1899,1900,1901,1902,1903,1904,1905,1906,1907,1908,1909,1910,1911,1912,1913,1914,1915,1916,1917,1918,1919,1920,1921,1922,1923,1924,1925,1926,1927,1928,1929,1930,1931,1932,1933,1934,1935,1936,1937,1938,1939,1940,1941,1942,1943,1944,1945,1946,1947,1948,1949,1950,1951,1952,1953,1954,1955,1956,1957,1958,1959,1960,1961,1962,1963,1964,1965,1966,1967,1968,1969,1970,1971,1972,1973,1974,1975,1976,1977,1978,1979,1980,1981,1982,1983,1984,1985,1986,1987,1988,1989,1990,1991,1992,1993,1994,1995,1996,1997,1998,1999,2000,2001,2002,2003,2004,2005,2006,2007,2008],"level":[-18.014822,-18.021303,-18.027784,-18.051623,-18.075458,-18.099283,-18.123094,-18.146886,-18.170655,-18.194396,-18.218104,-18.241774,-18.265402,-18.288984,-18.312514,-18.335987,-18.3594,-18.382748,-18.406025,-18.429227,-18.463678,-18.498041,-18.528812,-18.560299,-18.595425,-18.613636,-18.614563,-18.61537,-18.631873,-18.648254,-18.666534,-18.684686,-18.702706,-18.72059,-18.738336,-18.755938,-18.773394,-18.774192,-18.774841,-18.775341,-18.775693,-18.775898,-18.775956,-18.77587,-18.775638,-18.775262,-18.774743,-18.774082,-18.773279,-18.772336,-18.771252,-18.770028,-18.768667,-18.767167,-18.765531,-18.763758,-18.76185,-18.759807,-18.75763,-18.75532,-18.752878,-18.750305,-18.749113,-18.747791,-18.746339,-18.744757,-18.743046,-18.741206,-18.711073,-18.680819,-18.650452,-18.619981,-18.589413,-18.558756,-18.555543,-18.55225,-18.541938,-18.572036,-18.5946,-18.578493,-18.562298,-18.614382,-18.647403,-18.691446,-18.755059,-18.800488,-18.804034,-18.807427,-18.810665,-18.800536,-18.819342,-18.799443,-18.782779,-18.765883,-18.822325,-18.892566,-18.935097,-18.97847,-19.046934,-19.073089,-19.054496,-19.044517,-18.987633,-18.93053,-18.857158,-18.799957,-18.758393,-18.711793,-18.685409,-18.660589,-18.626528,-18.584362,-18.532897,-18.517341,-18.501674,-18.495095,-18.498231,-18.523507,-18.567107,-18.555795,-18.502127,-18.449966,-18.453233,-18.475452,-18.499191,-18.524654,-18.574706,-18.603277,-18.622478,-18.655197,-18.705865,-18.72622,-18.745579,-18.774448,-18.774169,-18.750746,-18.739566,-18.700207,-18.67621,-18.673147,-18.698218,-18.668429,-18.625229,-18.590998,-18.563764,-18.488998,-18.429853,-18.39381,-18.345216,-18.308186,-18.312617,-18.318802,-18.298447,-18.292505,-18.30241,-18.308302,-18.308748,-18.322425,-18.342261,-18.355781,-18.336118,-18.349499,-18.346951,-18.372499,-18.372365,-18.328797,-18.275474,-18.205592,-18.134233,-18.076693,-18.021054,-17.958265,-17.904691,-17.842779,-17.772073,-17.686314,-17.611204,-17.539982,-17.46338,-17.381064,-17.295555,-17.207433,-17.126133,-17.056636,-16.996057,-16.945982,-16.890706,-16.829989,-16.767641,-16.713857,-16.660387,-16.620052,-16.596159,-16.591986,-16.593984,-16.60233,-16.613008,-16.628722,-16.643694,-16.658763,-16.682081,-16.70838,-16.733155,-16.74332,-16.750425,-16.757123,-16.763273,-16.765026,-16.764261],"drift":[-0.00648063,-0.00648063,-0.00648063,-0.00647595,-0.00646658,-0.00645253,-0.00643379,-0.00641037,-0.00638226,-0.00634947,-0.006312,-0.00626984,-0.006223,-0.00617148,-0.00611527,-0.00605437,-0.0059888,-0.00591853,-0.00584359,-0.00576396,-0.00567659,-0.00558147,-0.00547956,-0.00537063,-0.00525368,-0.00513322,-0.0050139,-0.00489572,-0.00477441,-0.00464996,-0.00452183,-0.00439003,-0.00425455,-0.00411539,-0.00397255,-0.00382603,-0.00367584,-0.00352642,-0.00337778,-0.00322992,-0.00308283,-0.00293652,-0.00279098,-0.00264623,-0.00250224,-0.00235904,-0.00221661,-0.00207496,-0.00193409,-0.00179399,-0.00165467,-0.00151612,-0.00137835,-0.00124136,-0.00110515,-0.00096971,-0.00083504,-0.00070116,-0.00056805,-0.00043572,-0.00030416,-0.00017338,-4.297e-05,8.707e-05,0.00021675,0.00034605,0.00047499,0.00060356,0.00072416,0.00083679,0.00094145,0.00103815,0.00112688,0.00120763,0.00128785,0.00136753,0.00144479,0.00153056,0.00162284,0.00171121,0.00179566,0.00189466,0.00200308,0.00212393,0.00226251,0.00241397,0.00256703,0.0027217,0.00287798,0.0030323,0.00319251,0.00334822,0.00350033,0.00364883,0.00381354,0.00399824,0.00419549,0.00440558,0.00463534,0.0048734,0.00510776,0.0053408,0.00555994,0.00576517,0.00595215,0.0061253,0.0062889,0.00644161,0.00658894,0.00673135,0.00686639,0.0069919,0.00710542,0.00721665,0.0073256,0.00743475,0.00754675,0.00766762,0.00780231,0.00793606,0.00805747,0.00816698,0.00827957,0.00840039,0.00852989,0.00866856,0.00882307,0.00898768,0.00915989,0.0093434,0.0095431,0.00975088,0.00996651,0.01019262,0.0104214,0.01064668,0.01087181,0.01108925,0.01130321,0.0115194,0.01174546,0.01196665,0.01217941,0.01238622,0.01258902,0.01277505,0.01294856,0.01311584,0.01327355,0.01342485,0.01358096,0.01374241,0.01390208,0.01406389,0.01423217,0.01440588,0.0145836,0.01476895,0.01496363,0.015166,0.01536715,0.01557607,0.0157885,0.01601208,0.01623995,0.01646044,0.01667099,0.01686717,0.01704866,0.01721921,0.0173794,0.01752734,0.01766555,0.01779182,0.01790381,0.01799748,0.01807575,0.01813968,0.01818783,0.01821867,0.01823136,0.01822519,0.018202,0.01816496,0.01811648,0.01805938,0.01799223,0.01791356,0.01782289,0.01772252,0.0176125,0.01749635,0.01737848,0.01726417,0.01715506,0.01705282,0.01695808,0.01687214,0.0167948,0.01672606,0.01666813,0.01662179,0.01658662,0.01655867,0.0165371,0.01652181,0.01651263,0.01650838,0.01650838],"instab":[null,null,null,null,null,null,null,null,null,null,null,null,null,null,null,null,null,null,null,null,null,null,null,null,52.948072,48.34587,48.34587,44.685959,44.685959,41.781924,41.781924,41.781924,41.781924,41.781924,41.781924,41.781924,39.3999,39.3999,39.3999,0.491625,0.491625,0.497423,0.544366,0.607171,null,null,null,null,null,null,null,null,null,null,null,null,null,null,null,null,null,null,null,null,null,null,null,null,null,null,null,null,null,null,null,null,1.127637,1.170465,1.335244,1.335244,1.432743,1.460786,1.367434,1.289425,1.284436,1.330746,1.330746,1.386236,1.327917,1.306603,1.314234,1.269176,1.226738,1.300405,1.259129,1.305134,1.245639,1.251321,1.278563,1.290043,1.133341,1.150314,1.181148,1.172542,1.208765,1.178529,1.144386,1.137672,1.134035,1.106229,1.05644,1.054848,1.107931,0.964341,0.969425,0.910526,0.917052,0.913238,0.95486,0.928868,0.927612,0.960623,0.935304,0.93804,0.922312,0.910779,0.958631,0.949082,0.949682,0.94972,1.007305,1.00852,0.945391,0.953756,0.957942,0.965004,0.95842,0.974268,0.884809,0.855294,0.965393,0.817168,0.817622,0.828752,0.875117,0.897786,0.916737,0.911289,0.922259,0.985814,0.931981,0.96001,0.966334,0.926324,0.907104,0.90776,0.878694,0.868909,0.862103,0.887367,0.793638,0.80964,0.821807,0.860878,0.867088,0.839775,0.799639,0.804164,0.815026,0.734722,0.735339,0.719945,0.708592,0.698325,0.696723,0.71939,0.723875,0.724688,0.718327,0.652102,0.609034,0.593643,0.587139,0.518249,0.331192,0.327267,0.308162,0.31104,0.289415,0.291205,0.290347,0.288813,0.281804,0.282213,0.272897,0.28019,0.292742,0.323514,0.346827,0.351544,0.36595,0.373431,0.402404,0.392902,0.374381,0.37729,0.38377,0.3831,0.380727],