{"word":"coproduct","years":[1800,1801,1802,1803,1804,1805,1806,1807,1808,1809,1810,1811,1812,1813,1814,1815,1816,1817,1818,1819,1820,1821,1822,1823,1824,1825,1826,1827,1828,1829,1830,1831,1832,1833,1834,1835,1836,1837,1838,1839,1840,1841,1842,1843,1844,1845,1846,1847,1848,1849,1850,1851,1852,1853,1854,1855,1856,1857,1858,1859,1860,1861,1862,1863,1864,1865,1866,1867,1868,1869,1870,1871,1872,1873,1874,1875,1876,1877,1878,1879,1880,1881,1882,1883,1884,1885,1886,1887,1888,1889,1890,1891,1892,1893,1894,1895,1896,1897,1898,1899,1900,1901,1902,1903,1904,1905,1906,1907,1908,1909,1910,1911,1912,1913,1914,1915,1916,1917,1918,1919,1920,1921,1922,1923,1924,1925,1926,1927,1928,1929,1930,1931,1932,1933,1934,1935,1936,1937,1938,1939,1940,1941,1942,1943,1944,1945,1946,1947,1948,1949,1950,1951,1952,1953,1954,1955,1956,1957,1958,1959,1960,1961,1962,1963,1964,1965,1966,1967,1968,1969,1970,1971,1972,1973,1974,1975,1976,1977,1978,1979,1980,1981,1982,1983,1984,1985,1986,1987,1988,1989,1990,1991,1992,1993,1994,1995,1996,1997,1998,1999,2000,2001,2002,2003,2004,2005,2006,2007,2008],"level":[-18.425183,-18.44747,-18.469756,-18.492043,-18.514329,-18.536616,-18.558902,-18.581189,-18.603475,-18.625761,-18.648048,-18.670334,-18.692621,-18.714907,-18.737194,-18.75948,-18.781766,-18.804053,-18.826339,-18.848625,-18.870912,-18.896061,-18.921204,-18.946333,-18.971441,-18.996521,-19.021567,-19.046571,-19.071527,-19.096428,-19.121266,-19.146035,-19.170728,-19.195337,-19.219857,-19.24428,-19.268599,-19.292807,-19.316898,-19.340864,-19.364699,-19.388395,-19.411946,-19.435345,-19.458584,-19.481658,-19.504558,-19.527279,-19.549813,-19.572152,-19.594292,-19.616223,-19.637941,-19.659436,-19.680704,-19.701736,-19.722526,-19.743067,-19.763351,-19.783373,-19.803125,-19.8226,-19.841792,-19.860693,-19.879296,-19.897595,-19.915582,-19.933252,-19.950596,-19.967607,-19.98428,-20.000607,-20.016581,-20.032195,-20.047442,-20.062316,-20.076809,-20.090915,-20.104626,-20.117936,-20.130837,-20.143324,-20.155388,-20.167024,-20.178223,-20.18898,-20.199287,-20.209137,-20.218523,-20.227439,-20.235878,-20.243832,-20.251295,-20.25826,-20.26472,-20.270667,-20.276096,-20.280999,-20.285369,-20.289199,-20.292483,-20.295213,-20.297382,-20.298985,-20.300013,-20.300459,-20.300318,-20.299581,-20.298243,-20.296296,-20.293732,-20.290546,-20.286731,-20.282279,-20.277183,-20.271437,-20.265033,-20.257966,-20.250227,-20.24181,-20.232708,-20.222914,-20.248917,-20.274125,-20.298445,-20.307487,-20.315485,-20.322378,-20.328105,-20.302296,-20.275274,-20.24705,-20.177878,-20.159907,-20.140838,-20.120655,-20.042381,-19.963095,-19.882916,-19.775964,-19.682194,-19.595735,-19.558068,-19.568999,-19.559325,-19.54919,-19.5643,-19.563631,-19.52353,-19.467487,-19.369772,-19.319557,-19.432622,-19.402408,-19.430295,-19.407837,-19.42814,-19.34099,-19.161854,-19.075036,-18.948852,-18.72081,-18.527811,-18.282983,-18.162768,-18.062379,-17.929158,-17.784541,-17.786472,-17.770262,-17.789068,-17.832575,-17.856427,-17.774109,-17.727556,-17.672785,-17.641998,-17.569733,-17.436579,-17.381714,-17.2979,-17.241525,-17.259889,-17.248046,-17.273516,-17.301826,-17.351077,-17.360112,-17.328844,-17.336527,-17.274736,-17.215757,-17.189368,-17.183327,-17.18217,-17.218741,-17.286554,-17.36721,-17.429077,-17.450362,-17.483281,-17.498407,-17.558484,-17.564641,-17.572249,-17.607182,-17.713134,-17.783648,-17.847705],"drift":[-0.02228606,-0.02228606,-0.02228606,-0.02228605,-0.02228605,-0.02228605,-0.02228604,-0.02228603,-0.02228602,-0.02228601,-0.022286,-0.02228599,-0.02228598,-0.02228597,-0.02228595,-0.02228594,-0.02228592,-0.0222859,-0.02228588,-0.02228586,-0.02228584,-0.0222789,-0.02226505,-0.02224427,-0.02221657,-0.02218195,-0.02214042,-0.02209196,-0.02203659,-0.0219743,-0.02190509,-0.02182896,-0.02174591,-0.02165594,-0.02155905,-0.02145524,-0.02134452,-0.02122687,-0.0211023,-0.02097082,-0.02083242,-0.0206871,-0.02053486,-0.0203757,-0.02020962,-0.02003662,-0.0198567,-0.01966986,-0.01947611,-0.01927543,-0.01906784,-0.01885333,-0.01863189,-0.01840354,-0.01816827,-0.01792608,-0.01767697,-0.01742095,-0.017158,-0.01688813,-0.01661135,-0.01632764,-0.01603702,-0.01573948,-0.01543502,-0.01512364,-0.01480534,-0.01448012,-0.01414798,-0.01380892,-0.01346295,-0.01311005,-0.01275024,-0.0123835,-0.01200985,-0.01162928,-0.01124179,-0.01084738,-0.01044605,-0.0100378,-0.00962263,-0.00920054,-0.00877154,-0.00833561,-0.00789277,-0.00744301,-0.00698633,-0.00652272,-0.0060522,-0.00557477,-0.00509041,-0.00459913,-0.00410093,-0.00359582,-0.00308378,-0.00256483,-0.00203895,-0.00150616,-0.00096645,-0.00041982,0.00013373,0.0006942,0.00126159,0.00183589,0.00241712,0.00300526,0.00360033,0.00420231,0.00481121,0.00542704,0.00604978,0.00667944,0.00731602,0.00795951,0.00860993,0.00926727,0.00993152,0.0106027,0.01128079,0.0119658,0.01265774,0.01335659,0.01415053,0.01503957,0.01602369,0.01706838,0.01817363,0.01933944,0.02056582,0.02177952,0.02298056,0.02416893,0.02524857,0.0263458,0.0274606,0.02859299,0.02960535,0.03049768,0.03126997,0.03185942,0.03229929,0.03260831,0.0329051,0.03330781,0.03376761,0.03428452,0.03492076,0.03563975,0.03634797,0.0370086,0.03752256,0.03800586,0.03885415,0.03972332,0.04075583,0.04183255,0.04305939,0.04417971,0.04497397,0.04566713,0.04616576,0.04622498,0.04592959,0.04515365,0.04419636,0.04310331,0.04179253,0.04023333,0.038776,0.03737318,0.0361061,0.03503136,0.03409889,0.03304992,0.03196833,0.03083164,0.02969506,0.02845563,0.02696325,0.02540346,0.02370254,0.02192269,0.02024017,0.01857794,0.01702213,0.01557584,0.01428618,0.01305286,0.01177553,0.01054522,0.00919109,0.00771668,0.00619715,0.004678,0.00316736,0.00175272,0.00050616,-0.00054432,-0.00144663,-0.00230101,-0.00308142,-0.00383273,-0.00444816,-0.00505945,-0.00566459,-0.00619902,-0.00649244,-0.00663118,-0.00663118],"instab":[null,null,null,null,null,null,null,null,null,null,null,null,null,null,null,null,null,null,null,null,null,null,null,null,null,null,null,null,null,null,null,null,null,null,null,null,null,null,null,null,null,null,null,null,null,null,null,null,null,null,null,null,null,null,null,null,null,null,null,null,null,null,null,null,null,null,null,null,null,null,null,null,null,null,null,null,null,null,null,null,null,null,null,null,null,null,null,null,null,null,null,null,null,null,null,null,null,null,null,null,null,null,null,null,null,null,null,null,null,null,null,null,null,null,null,null,null,null,null,null,null,null,null,null,null,null,null,null,null,null,null,null,41.942765,41.942765,41.942765,38.309573,38.309573,38.309573,35.444217,33.132379,31.228646,0.370582,0.352527,0.360723,0.33636,0.321191,0.331477,0.343204,0.334344,0.329323,0.335033,0.4076,0.550273,0.536854,0.537565,0.534337,0.557648,0.5486,0.595142,0.585828,0.586193,0.606228,0.602721,0.675099,0.658807,0.66017,0.655319,0.683968,0.693387,0.690447,0.688718,0.666702,0.625768,0.624202,0.612006,0.610916,0.584702,0.584036,0.558828,0.561782,0.554368,0.534144,0.547597,0.454209,0.452055,0.45257,0.466211,0.380522,0.383617,0.396138,0.399426,0.399309,0.349844,0.340618,0.342442,0.339651,0.336628,0.344806,0.306288,0.306113,0.295798,0.273934,0.282063,0.277992,0.283914,0.30008,0.301829,0.296492,0.300653],