{"word":"copyedited","years":[1800,1801,1802,1803,1804,1805,1806,1807,1808,1809,1810,1811,1812,1813,1814,1815,1816,1817,1818,1819,1820,1821,1822,1823,1824,1825,1826,1827,1828,1829,1830,1831,1832,1833,1834,1835,1836,1837,1838,1839,1840,1841,1842,1843,1844,1845,1846,1847,1848,1849,1850,1851,1852,1853,1854,1855,1856,1857,1858,1859,1860,1861,1862,1863,1864,1865,1866,1867,1868,1869,1870,1871,1872,1873,1874,1875,1876,1877,1878,1879,1880,1881,1882,1883,1884,1885,1886,1887,1888,1889,1890,1891,1892,1893,1894,1895,1896,1897,1898,1899,1900,1901,1902,1903,1904,1905,1906,1907,1908,1909,1910,1911,1912,1913,1914,1915,1916,1917,1918,1919,1920,1921,1922,1923,1924,1925,1926,1927,1928,1929,1930,1931,1932,1933,1934,1935,1936,1937,1938,1939,1940,1941,1942,1943,1944,1945,1946,1947,1948,1949,1950,1951,1952,1953,1954,1955,1956,1957,1958,1959,1960,1961,1962,1963,1964,1965,1966,1967,1968,1969,1970,1971,1972,1973,1974,1975,1976,1977,1978,1979,1980,1981,1982,1983,1984,1985,1986,1987,1988,1989,1990,1991,1992,1993,1994,1995,1996,1997,1998,1999,2000,2001,2002,2003,2004,2005,2006,2007,2008],"level":[-18.161894,-18.183149,-18.204404,-18.22566,-18.246915,-18.26817,-18.289426,-18.310681,-18.331936,-18.353191,-18.380211,-18.407227,-18.434234,-18.461229,-18.488207,-18.515164,-18.542096,-18.568999,-18.595868,-18.6227,-18.64949,-18.676235,-18.702929,-18.729569,-18.756151,-18.78267,-18.809123,-18.835504,-18.861811,-18.888038,-18.914182,-18.940238,-18.966202,-18.992071,-19.017839,-19.043504,-19.069059,-19.094503,-19.119829,-19.145034,-19.170115,-19.195066,-19.219883,-19.244563,-19.269101,-19.293494,-19.317736,-19.341823,-19.365753,-19.389519,-19.413119,-19.436548,-19.459801,-19.482876,-19.505767,-19.52847,-19.550981,-19.573296,-19.595411,-19.617322,-19.639024,-19.660514,-19.681787,-19.702838,-19.723665,-19.744262,-19.764625,-19.784751,-19.804635,-19.824273,-19.84366,-19.862794,-19.881668,-19.90028,-19.918625,-19.936699,-19.954498,-19.972017,-19.989253,-20.006201,-20.022857,-20.039216,-20.055276,-20.071031,-20.086478,-20.101612,-20.116428,-20.130924,-20.145094,-20.158935,-20.172443,-20.185612,-20.19844,-20.210921,-20.223052,-20.234829,-20.246247,-20.257302,-20.26799,-20.278307,-20.288248,-20.29781,-20.306989,-20.315779,-20.324178,-20.33218,-20.339782,-20.34698,-20.353768,-20.360144,-20.366103,-20.371641,-20.376753,-20.381436,-20.385685,-20.389496,-20.392865,-20.395788,-20.39826,-20.400278,-20.401837,-20.402933,-20.403562,-20.40372,-20.403402,-20.402605,-20.401324,-20.399555,-20.397294,-20.394537,-20.391279,-20.387517,-20.383246,-20.378462,-20.37316,-20.367338,-20.36099,-20.354112,-20.346701,-20.338751,-20.33026,-20.321222,-20.311633,-20.283863,-20.255548,-20.226695,-20.197312,-20.16741,-20.136996,-20.106078,-20.211212,-20.315762,-20.419636,-20.522745,-20.624999,-20.656244,-20.686503,-20.635968,-20.584426,-20.531896,-20.478452,-20.478787,-20.205407,-19.913775,-19.664041,-19.647069,-19.815518,-19.935903,-19.981465,-20.071945,-19.980579,-19.99021,-19.69172,-19.55203,-19.261086,-19.152667,-19.057055,-18.727837,-18.587081,-18.469406,-18.385404,-18.260671,-18.167915,-18.155835,-17.987796,-17.89842,-17.778498,-17.783676,-17.764195,-17.789152,-17.721968,-17.665197,-17.617403,-17.579756,-17.5596,-17.540792,-17.471501,-17.439856,-17.366826,-17.302578,-17.275079,-17.259213,-17.270412,-17.285371,-17.304845,-17.310773,-17.337604,-17.38569,-17.427104],"drift":[-0.02125448,-0.02125448,-0.02125448,-0.02125448,-0.02125448,-0.02125447,-0.02125447,-0.02125447,-0.02125446,-0.02125446,-0.02125028,-0.02124193,-0.02122942,-0.02121273,-0.02119187,-0.02116685,-0.02113765,-0.02110428,-0.02106674,-0.02102503,-0.02097915,-0.0209291,-0.02087488,-0.02081649,-0.02075393,-0.0206872,-0.0206163,-0.02054123,-0.02046198,-0.02037857,-0.02029099,-0.02019924,-0.02010331,-0.02000322,-0.01989895,-0.01979052,-0.01967791,-0.01956114,-0.01944019,-0.01931508,-0.01918579,-0.01905233,-0.01891471,-0.01877291,-0.01862694,-0.0184768,-0.01832249,-0.01816401,-0.01800136,-0.01783454,-0.01766355,-0.01748839,-0.01730906,-0.01712556,-0.01693789,-0.01674605,-0.01655004,-0.01634985,-0.0161455,-0.01593698,-0.01572428,-0.01550742,-0.01528638,-0.01506118,-0.0148318,-0.01459826,-0.01436054,-0.01411866,-0.0138726,-0.01362237,-0.01336798,-0.01310941,-0.01284667,-0.01257976,-0.01230868,-0.01203343,-0.01175401,-0.01147042,-0.01118266,-0.01089073,-0.01059463,-0.01029436,-0.00998992,-0.00968131,-0.00936853,-0.00905157,-0.00873045,-0.00840516,-0.00807569,-0.00774206,-0.00740425,-0.00706228,-0.00671613,-0.00636582,-0.00601133,-0.00565268,-0.00528985,-0.00492285,-0.00455169,-0.00417635,-0.00379684,-0.00341316,-0.00302531,-0.00263329,-0.0022371,-0.00183674,-0.00143221,-0.00102351,-0.00061064,-0.0001936,0.00022761,0.00065299,0.00108254,0.00151627,0.00195416,0.00239622,0.00284246,0.00329286,0.00374744,0.00420618,0.0046691,0.00513618,0.00560744,0.00608286,0.00656246,0.00704623,0.00753416,0.00802627,0.00852255,0.009023,0.00952762,0.01003641,0.01054937,0.0110665,0.0115878,0.01211327,0.01264291,0.01317672,0.0137147,0.01425685,0.01480317,0.01535367,0.01590833,0.01645441,0.01699192,0.01752084,0.01804118,0.01855294,0.01905613,0.01955073,0.02013553,0.02081051,0.02157569,0.02243106,0.02337663,0.0243617,0.02538629,0.02639268,0.02738089,0.0283509,0.02930276,0.03027605,0.0310735,0.03168247,0.0321337,0.03259591,0.03320354,0.03392228,0.0346985,0.03556528,0.0363917,0.0372514,0.03792214,0.03851926,0.03893378,0.03929805,0.03962158,0.03973562,0.03977659,0.03976121,0.03971383,0.03960495,0.03945762,0.0393301,0.03910947,0.03885249,0.03853686,0.03825285,0.03798242,0.03775752,0.03751133,0.03725121,0.03698346,0.03671524,0.03645899,0.03621551,0.03594811,0.03568382,0.03539251,0.03508033,0.03477363,0.03448061,0.03422064,0.03399624,0.03381051,0.03365354,0.03354031,0.03348613,0.03348613],"instab":[null,null,null,null,null,null,null,null,null,null,null,null,null,null,null,null,null,null,null,null,null,null,null,null,null,null,null,null,null,null,null,null,null,null,null,null,null,null,null,null,null,null,null,null,null,null,null,null,null,null,null,null,null,null,null,null,null,null,null,null,null,null,null,null,null,null,null,null,null,null,null,null,null,null,null,null,null,null,null,null,null,null,null,null,null,null,null,null,null,null,null,null,null,null,null,null,null,null,null,null,null,null,null,null,null,null,null,null,null,null,null,null,null,null,null,null,null,null,null,null,null,null,null,null,null,null,null,null,null,null,null,null,null,null,null,null,null,null,null,null,null,null,null,null,null,null,null,null,null,null,null,null,null,null,null,null,null,null,null,118.818561,108.434307,100.441124,0.684454,0.695059,0.751575,0.71507,0.723315,0.71926,0.689447,0.700101,0.685578,0.705255,0.741539,0.719389,0.718245,0.696992,0.707285,0.731321,0.712131,0.711644,0.7128,0.676356,0.670892,0.677084,0.634698,0.627905,0.613495,0.599124,0.598568,0.577565,0.573417,0.514926,0.467316,0.463358,0.401445,0.406543,0.381851,0.27918,0.27262,0.267962,0.267943,0.261413,0.251696,0.222033,0.192871,0.192907,0.144637,0.145689,0.162141],