{"word":"coregistration","years":[1800,1801,1802,1803,1804,1805,1806,1807,1808,1809,1810,1811,1812,1813,1814,1815,1816,1817,1818,1819,1820,1821,1822,1823,1824,1825,1826,1827,1828,1829,1830,1831,1832,1833,1834,1835,1836,1837,1838,1839,1840,1841,1842,1843,1844,1845,1846,1847,1848,1849,1850,1851,1852,1853,1854,1855,1856,1857,1858,1859,1860,1861,1862,1863,1864,1865,1866,1867,1868,1869,1870,1871,1872,1873,1874,1875,1876,1877,1878,1879,1880,1881,1882,1883,1884,1885,1886,1887,1888,1889,1890,1891,1892,1893,1894,1895,1896,1897,1898,1899,1900,1901,1902,1903,1904,1905,1906,1907,1908,1909,1910,1911,1912,1913,1914,1915,1916,1917,1918,1919,1920,1921,1922,1923,1924,1925,1926,1927,1928,1929,1930,1931,1932,1933,1934,1935,1936,1937,1938,1939,1940,1941,1942,1943,1944,1945,1946,1947,1948,1949,1950,1951,1952,1953,1954,1955,1956,1957,1958,1959,1960,1961,1962,1963,1964,1965,1966,1967,1968,1969,1970,1971,1972,1973,1974,1975,1976,1977,1978,1979,1980,1981,1982,1983,1984,1985,1986,1987,1988,1989,1990,1991,1992,1993,1994,1995,1996,1997,1998,1999,2000,2001,2002,2003,2004,2005,2006,2007,2008],"level":[-45.747435,-45.61371,-45.479985,-45.34626,-45.212536,-45.078811,-44.945086,-44.811361,-44.677636,-44.543911,-44.410186,-44.276461,-44.142736,-44.009011,-43.875286,-43.741561,-43.607836,-43.474111,-43.340386,-43.206661,-43.072936,-42.939211,-42.805486,-42.671761,-42.538036,-42.404311,-42.270586,-42.136861,-42.003136,-41.869411,-41.735686,-41.601961,-41.468237,-41.334512,-41.200787,-41.067062,-40.933337,-40.799612,-40.665887,-40.532162,-40.398437,-40.264712,-40.130987,-39.997262,-39.863537,-39.729812,-39.596087,-39.462362,-39.328637,-39.194912,-39.061187,-38.927462,-38.793737,-38.660012,-38.526287,-38.392562,-38.258837,-38.125112,-37.991387,-37.857662,-37.723937,-37.590212,-37.456487,-37.322762,-37.189037,-37.055312,-36.921587,-36.787862,-36.654137,-36.520412,-36.386687,-36.252962,-36.119237,-35.985512,-35.851787,-35.718062,-35.584337,-35.450612,-35.316887,-35.183162,-35.049437,-34.915712,-34.781987,-34.648262,-34.514537,-34.380811,-34.247086,-34.113361,-33.979636,-33.845911,-33.712186,-33.578461,-33.444736,-33.311011,-33.177286,-33.043561,-32.909836,-32.776111,-32.642386,-32.508661,-32.374936,-32.241211,-32.107486,-31.973761,-31.840035,-31.70631,-31.572585,-31.43886,-31.305135,-31.17141,-31.037685,-30.90396,-30.770235,-30.63651,-30.502785,-30.369059,-30.235334,-30.101609,-29.967884,-29.834159,-29.700434,-29.566709,-29.432984,-29.299259,-29.165533,-29.031808,-28.898083,-28.764358,-28.630633,-28.496908,-28.363183,-28.229457,-28.095732,-27.962007,-27.828282,-27.694557,-27.560832,-27.427107,-27.293381,-27.159656,-27.025931,-26.892206,-26.758481,-26.624756,-26.49103,-26.357305,-26.22358,-26.089855,-25.95613,-25.822404,-25.688679,-25.554954,-25.421229,-25.287504,-25.153778,-25.020053,-24.886328,-24.752603,-24.618878,-24.485152,-24.351427,-24.217702,-24.083977,-23.950251,-23.816526,-23.682801,-23.549076,-23.41535,-23.281625,-23.1479,-23.014175,-22.880449,-22.746724,-22.612999,-22.479273,-22.345548,-22.211823,-22.078098,-21.944372,-21.810647,-21.648492,-21.486337,-21.324183,-21.611614,-21.392315,-21.03644,-20.870574,-21.13064,-20.647847,-20.737679,-21.071012,-20.826153,-20.381127,-19.127314,-18.504201,-18.460471,-18.332218,-18.483703,-18.560051,-18.323792,-17.922521,-18.027231,-17.873972,-17.946152,-17.841539,-17.724994,-17.587331,-17.771435,-17.930743],"drift":[0.13373459,0.13373459,0.13373459,0.13373459,0.13373459,0.13373459,0.13373459,0.13373459,0.13373459,0.13373459,0.13373459,0.13373459,0.13373459,0.13373459,0.13373459,0.13373459,0.13373459,0.1337346,0.1337346,0.1337346,0.1337346,0.1337346,0.1337346,0.1337346,0.1337346,0.1337346,0.1337346,0.1337346,0.1337346,0.1337346,0.1337346,0.1337346,0.1337346,0.1337346,0.1337346,0.13373461,0.13373461,0.13373461,0.13373461,0.13373461,0.13373461,0.13373461,0.13373461,0.13373461,0.13373461,0.13373461,0.13373462,0.13373462,0.13373462,0.13373462,0.13373462,0.13373462,0.13373462,0.13373462,0.13373462,0.13373462,0.13373463,0.13373463,0.13373463,0.13373463,0.13373463,0.13373463,0.13373463,0.13373463,0.13373464,0.13373464,0.13373464,0.13373464,0.13373464,0.13373464,0.13373464,0.13373465,0.13373465,0.13373465,0.13373465,0.13373465,0.13373465,0.13373466,0.13373466,0.13373466,0.13373466,0.13373466,0.13373466,0.13373467,0.13373467,0.13373467,0.13373467,0.13373467,0.13373468,0.13373468,0.13373468,0.13373468,0.13373468,0.13373468,0.13373469,0.13373469,0.13373469,0.13373469,0.1337347,0.1337347,0.1337347,0.1337347,0.1337347,0.13373471,0.13373471,0.13373471,0.13373471,0.13373471,0.13373472,0.13373472,0.13373472,0.13373472,0.13373473,0.13373473,0.13373473,0.13373473,0.13373474,0.13373474,0.13373474,0.13373474,0.13373475,0.13373475,0.13373475,0.13373475,0.13373476,0.13373476,0.13373476,0.13373476,0.13373477,0.13373477,0.13373477,0.13373478,0.13373478,0.13373478,0.13373478,0.13373479,0.13373479,0.13373479,0.1337348,0.1337348,0.1337348,0.1337348,0.13373481,0.13373481,0.13373481,0.13373482,0.13373482,0.13373482,0.13373483,0.13373483,0.13373483,0.13373484,0.13373484,0.13373484,0.13373485,0.13373485,0.13373485,0.13373486,0.13373486,0.13373486,0.13373487,0.13373487,0.13373487,0.13373488,0.13373488,0.13373488,0.13373489,0.13373489,0.13373489,0.1337349,0.1337349,0.1337349,0.13373491,0.13373491,0.13373492,0.13373492,0.13373492,0.13373493,0.13373493,0.13373493,0.13373488,0.13373475,0.13373457,0.13373532,0.13373587,0.13373594,0.13373593,0.1337368,0.13373689,0.13373748,0.1337391,0.13374047,0.13374116,0.13373937,0.1337365,0.13373384,0.13373118,0.13372915,0.13372759,0.1337258,0.13372342,0.13372157,0.13371967,0.13371823,0.13371685,0.13371552,0.13371417,0.13371352,0.13371352],"instab":[null,null,null,null,null,null,null,null,null,null,null,null,null,null,null,null,null,null,null,null,null,null,null,null,null,null,null,null,null,null,null,null,null,null,null,null,null,null,null,null,null,null,null,null,null,null,null,null,null,null,null,null,null,null,null,null,null,null,null,null,null,null,null,null,null,null,null,null,null,null,null,null,null,null,null,null,null,null,null,null,null,null,null,null,null,null,null,null,null,null,null,null,null,null,null,null,null,null,null,null,null,null,null,null,null,null,null,null,null,null,null,null,null,null,null,null,null,null,null,null,null,null,null,null,null,null,null,null,null,null,null,null,null,null,null,null,null,null,null,null,null,null,null,null,null,null,null,null,null,null,null,null,null,null,null,null,null,null,null,null,null,null,null,null,null,null,null,null,null,null,null,null,null,null,null,null,null,null,null,null,null,null,null,null,null,9.884251,9.032173,8.294701,7.813375,7.353284,6.945307,6.626858,6.34568,6.17126,5.966989,5.755995,5.570615,5.395797,5.236446,0.844915,0.830768,0.82382,0.785235,0.746085,0.746085,0.736934,0.734462,0.701681,0.681282],