{"word":"corruption","years":[1800,1801,1802,1803,1804,1805,1806,1807,1808,1809,1810,1811,1812,1813,1814,1815,1816,1817,1818,1819,1820,1821,1822,1823,1824,1825,1826,1827,1828,1829,1830,1831,1832,1833,1834,1835,1836,1837,1838,1839,1840,1841,1842,1843,1844,1845,1846,1847,1848,1849,1850,1851,1852,1853,1854,1855,1856,1857,1858,1859,1860,1861,1862,1863,1864,1865,1866,1867,1868,1869,1870,1871,1872,1873,1874,1875,1876,1877,1878,1879,1880,1881,1882,1883,1884,1885,1886,1887,1888,1889,1890,1891,1892,1893,1894,1895,1896,1897,1898,1899,1900,1901,1902,1903,1904,1905,1906,1907,1908,1909,1910,1911,1912,1913,1914,1915,1916,1917,1918,1919,1920,1921,1922,1923,1924,1925,1926,1927,1928,1929,1930,1931,1932,1933,1934,1935,1936,1937,1938,1939,1940,1941,1942,1943,1944,1945,1946,1947,1948,1949,1950,1951,1952,1953,1954,1955,1956,1957,1958,1959,1960,1961,1962,1963,1964,1965,1966,1967,1968,1969,1970,1971,1972,1973,1974,1975,1976,1977,1978,1979,1980,1981,1982,1983,1984,1985,1986,1987,1988,1989,1990,1991,1992,1993,1994,1995,1996,1997,1998,1999,2000,2001,2002,2003,2004,2005,2006,2007,2008,2009,2010,2011,2012,2013,2014,2015,2016,2017,2018,2019],"level":[-10.835789,-10.803104,-10.779711,-10.786987,-10.747453,-10.725848,-10.729769,-10.772345,-10.813819,-10.808537,-10.835539,-10.757526,-10.774487,-10.843559,-10.859609,-10.847044,-10.834684,-10.866548,-10.860594,-10.944489,-10.97008,-10.974487,-10.984181,-11.004634,-10.977834,-10.872036,-10.87042,-10.912528,-10.910259,-10.959517,-10.948132,-11.061274,-11.211981,-11.103905,-11.028674,-11.00289,-10.943854,-10.946884,-11.028664,-11.097215,-11.160752,-11.163448,-11.195425,-11.208042,-11.200492,-11.272076,-11.277619,-11.298395,-11.294618,-11.311441,-11.348553,-11.328701,-11.312492,-11.358967,-11.352157,-11.385339,-11.390248,-11.402216,-11.461992,-11.488304,-11.53859,-11.649292,-11.690501,-11.74759,-11.749798,-11.789817,-11.778557,-11.676453,-11.582007,-11.635737,-11.65127,-11.650365,-11.625538,-11.665475,-11.703471,-11.737635,-11.727081,-11.810492,-11.890044,-11.927446,-11.93472,-11.976209,-11.995909,-12.06455,-12.070911,-12.106569,-12.119898,-12.1339,-12.119339,-12.100287,-12.121155,-12.171487,-12.203887,-12.216982,-12.161768,-12.168738,-12.205039,-12.207514,-12.222321,-12.209122,-12.250959,-12.31583,-12.366963,-12.357521,-12.344999,-12.353327,-12.408904,-12.487364,-12.545516,-12.545238,-12.479636,-12.504297,-12.647145,-12.794444,-12.895151,-13.029356,-13.135657,-13.204237,-13.246944,-13.243607,-13.230168,-13.189819,-13.123285,-13.062745,-12.945751,-12.976383,-12.911354,-12.905331,-12.874713,-12.885554,-12.875303,-12.882109,-12.901465,-12.933086,-12.94732,-12.980712,-13.012563,-13.053968,-13.078232,-13.10501,-13.13812,-13.189589,-13.211897,-13.228431,-13.231656,-13.236995,-13.170784,-13.117936,-13.099887,-13.049023,-12.938472,-12.809481,-12.748058,-12.837726,-12.877418,-12.877034,-12.845677,-12.78914,-12.772846,-12.738227,-12.770749,-12.767848,-12.769695,-12.775246,-12.753514,-12.710624,-12.650659,-12.590741,-12.526774,-12.499088,-12.447749,-12.432913,-12.484634,-12.497505,-12.514201,-12.540595,-12.580759,-12.626768,-12.647959,-12.65297,-12.636308,-12.6201,-12.619028,-12.604566,-12.574133,-12.564622,-12.513751,-12.461674,-12.38845,-12.344304,-12.338266,-12.316163,-12.259108,-12.20159,-12.166382,-12.133748,-12.085627,-12.032889,-11.987597,-11.933979,-11.880337,-11.867612,-11.832167,-11.786429,-11.715965,-11.650245,-11.60927,-11.570233,-11.537179,-11.504942,-11.497021,-11.510774,-11.556015,-11.526998,-11.476386,-11.413344,-11.349037,-11.317979,-11.268835,-11.204207],"drift":[-0.00771692,-0.00777232,-0.00787044,-0.00796939,-0.00813346,-0.00833831,-0.00854921,-0.00871346,-0.00883279,-0.00897148,-0.00908544,-0.00931882,-0.00954173,-0.00968301,-0.00981557,-0.00997881,-0.01017267,-0.0103368,-0.01052327,-0.01060913,-0.01067445,-0.01074837,-0.01082373,-0.01088589,-0.01099972,-0.01127369,-0.01156534,-0.0118151,-0.01208418,-0.01230229,-0.01255287,-0.01266554,-0.01258894,-0.01267779,-0.01288716,-0.01314956,-0.01351093,-0.01388667,-0.01416932,-0.01437741,-0.0145181,-0.014675,-0.01480817,-0.01494435,-0.01511137,-0.01520096,-0.01530379,-0.01539912,-0.01552075,-0.01564058,-0.01573098,-0.01587017,-0.01605333,-0.01619479,-0.01636779,-0.01651774,-0.0166836,-0.01685593,-0.01696941,-0.01707008,-0.01712521,-0.01705203,-0.01694573,-0.0167844,-0.01664304,-0.01646964,-0.01633426,-0.01636127,-0.0165402,-0.01666815,-0.01679765,-0.01695143,-0.01716248,-0.01734231,-0.01749383,-0.01762248,-0.01778977,-0.01786708,-0.01785982,-0.01782577,-0.01780618,-0.01775412,-0.01769939,-0.01757482,-0.01746562,-0.01733148,-0.01720283,-0.01707856,-0.01699768,-0.01696622,-0.01692941,-0.01684681,-0.01674288,-0.01664395,-0.01664355,-0.01665641,-0.01664233,-0.01664768,-0.01665555,-0.01670436,-0.01671871,-0.01666704,-0.01656811,-0.01650484,-0.01648137,-0.01646908,-0.01640317,-0.01625217,-0.01604373,-0.01585766,-0.01578328,-0.01569673,-0.01543584,-0.01499416,-0.01443495,-0.01371153,-0.01286115,-0.01193438,-0.01096542,-0.01001607,-0.00909888,-0.00824948,-0.00750262,-0.00684906,-0.0063653,-0.00584826,-0.0054284,-0.00502425,-0.00466896,-0.00430522,-0.00396143,-0.00361373,-0.00324446,-0.00283628,-0.00241247,-0.00194618,-0.0014389,-0.00087681,-0.00028266,0.00034782,0.00102417,0.0017725,0.00255384,0.00336136,0.00417791,0.0050075,0.00575318,0.00643429,0.00709947,0.00770464,0.00816881,0.00846731,0.00869321,0.00905397,0.00948156,0.00992163,0.01033231,0.01067963,0.01101926,0.01132653,0.01169392,0.01207337,0.01247191,0.01289515,0.01330628,0.01367685,0.01398395,0.01422807,0.01440399,0.01456171,0.01466899,0.01477605,0.01497429,0.0152107,0.01549085,0.01582844,0.0162428,0.01674251,0.01729424,0.01787654,0.01846051,0.01904758,0.01965929,0.02027813,0.02088304,0.02150355,0.02208379,0.0226229,0.02309264,0.02353351,0.02399837,0.02446582,0.0248886,0.02526663,0.02563104,0.02598584,0.02631029,0.02659851,0.02686109,0.02708699,0.02727648,0.02748592,0.02768445,0.02785822,0.02797358,0.02803719,0.02808305,0.02811389,0.02813796,0.02815641,0.02820261,0.02830633,0.02851089,0.02871476,0.02888861,0.02901562,0.02909425,0.02917019,0.02921874,0.02921874],