{"word":"coscheduling","years":[1800,1801,1802,1803,1804,1805,1806,1807,1808,1809,1810,1811,1812,1813,1814,1815,1816,1817,1818,1819,1820,1821,1822,1823,1824,1825,1826,1827,1828,1829,1830,1831,1832,1833,1834,1835,1836,1837,1838,1839,1840,1841,1842,1843,1844,1845,1846,1847,1848,1849,1850,1851,1852,1853,1854,1855,1856,1857,1858,1859,1860,1861,1862,1863,1864,1865,1866,1867,1868,1869,1870,1871,1872,1873,1874,1875,1876,1877,1878,1879,1880,1881,1882,1883,1884,1885,1886,1887,1888,1889,1890,1891,1892,1893,1894,1895,1896,1897,1898,1899,1900,1901,1902,1903,1904,1905,1906,1907,1908,1909,1910,1911,1912,1913,1914,1915,1916,1917,1918,1919,1920,1921,1922,1923,1924,1925,1926,1927,1928,1929,1930,1931,1932,1933,1934,1935,1936,1937,1938,1939,1940,1941,1942,1943,1944,1945,1946,1947,1948,1949,1950,1951,1952,1953,1954,1955,1956,1957,1958,1959,1960,1961,1962,1963,1964,1965,1966,1967,1968,1969,1970,1971,1972,1973,1974,1975,1976,1977,1978,1979,1980,1981,1982,1983,1984,1985,1986,1987,1988,1989,1990,1991,1992,1993,1994,1995,1996,1997,1998,1999,2000,2001,2002,2003,2004,2005,2006,2007,2008],"level":[-1.041394,-1.147919,-1.254444,-1.360969,-1.467494,-1.574019,-1.680544,-1.787068,-1.893593,-2.000117,-2.106641,-2.213165,-2.319689,-2.426212,-2.532735,-2.639258,-2.745781,-2.852303,-2.958825,-3.065347,-3.171869,-3.278389,-3.38491,-3.49143,-3.59795,-3.704469,-3.810988,-3.917506,-4.024024,-4.130541,-4.237058,-4.343574,-4.45009,-4.556605,-4.663119,-4.769633,-4.876146,-4.982658,-5.08917,-5.195681,-5.302191,-5.4087,-5.515209,-5.621717,-5.728224,-5.83473,-5.941235,-6.04774,-6.154243,-6.260746,-6.367248,-6.473748,-6.580248,-6.686747,-6.793245,-6.899742,-7.006237,-7.112732,-7.219225,-7.325718,-7.432209,-7.5387,-7.645189,-7.751676,-7.858163,-7.964649,-8.071133,-8.177616,-8.284097,-8.390578,-8.497057,-8.603535,-8.710011,-8.816486,-8.92296,-9.029432,-9.135903,-9.242372,-9.34884,-9.455306,-9.561771,-9.668235,-9.774697,-9.881157,-9.987616,-10.094073,-10.200528,-10.306982,-10.413434,-10.519885,-10.626333,-10.732781,-10.839226,-10.94567,-11.052111,-11.158552,-11.26499,-11.371426,-11.477861,-11.584294,-11.690724,-11.797153,-11.90358,-12.010006,-12.116429,-12.22285,-12.329269,-12.435686,-12.542101,-12.648514,-12.754925,-12.861334,-12.967741,-13.074145,-13.180548,-13.286948,-13.393346,-13.499742,-13.606136,-13.712527,-13.818916,-13.925303,-14.031688,-14.13807,-14.24445,-14.350828,-14.457203,-14.563576,-14.669946,-14.776314,-14.882679,-14.989042,-15.095403,-15.201761,-15.308116,-15.414469,-15.52082,-15.627167,-15.733512,-15.839855,-15.946195,-16.052532,-16.158867,-16.265198,-16.371527,-16.477854,-16.584177,-16.690498,-16.796816,-16.903131,-17.009444,-17.115753,-17.22206,-17.328364,-17.434664,-17.540962,-17.647257,-17.753549,-17.859838,-17.966124,-18.072407,-18.178687,-18.284964,-18.391238,-18.497508,-18.603776,-18.71004,-18.816301,-18.922559,-19.028814,-19.135066,-19.241314,-19.347559,-19.453801,-19.56004,-19.666275,-19.772507,-19.878736,-19.984961,-20.091183,-20.197401,-20.303614,-20.421958,-20.541812,-20.652557,-20.743574,-20.804245,-20.832091,-20.838175,-20.808964,-20.744813,-20.65543,-20.532803,-20.368749,-20.160556,-19.920991,-19.681257,-19.451544,-19.240191,-19.069677,-18.950175,-18.889611,-18.895344,-18.968665,-19.107934,-19.305126,-19.554356,-19.839374,-20.142287],"drift":[-0.10652495,-0.10652493,-0.1065249,-0.10652484,-0.10652477,-0.10652467,-0.10652456,-0.10652443,-0.10652428,-0.10652411,-0.10652392,-0.10652371,-0.10652349,-0.10652324,-0.10652298,-0.10652269,-0.10652239,-0.10652207,-0.10652173,-0.10652137,-0.10652099,-0.10652059,-0.10652017,-0.10651974,-0.10651928,-0.10651881,-0.10651831,-0.1065178,-0.10651727,-0.10651672,-0.10651615,-0.10651556,-0.10651495,-0.10651433,-0.10651368,-0.10651302,-0.10651233,-0.10651163,-0.10651091,-0.10651017,-0.10650941,-0.10650863,-0.10650783,-0.10650701,-0.10650618,-0.10650532,-0.10650445,-0.10650355,-0.10650264,-0.10650171,-0.10650076,-0.10649979,-0.1064988,-0.10649779,-0.10649677,-0.10649572,-0.10649466,-0.10649357,-0.10649247,-0.10649135,-0.10649021,-0.10648905,-0.10648787,-0.10648667,-0.10648545,-0.10648421,-0.10648296,-0.10648168,-0.10648039,-0.10647908,-0.10647775,-0.1064764,-0.10647503,-0.10647364,-0.10647223,-0.1064708,-0.10646936,-0.10646789,-0.10646641,-0.10646491,-0.10646338,-0.10646184,-0.10646028,-0.1064587,-0.10645711,-0.10645549,-0.10645385,-0.1064522,-0.10645052,-0.10644883,-0.10644712,-0.10644538,-0.10644363,-0.10644186,-0.10644008,-0.10643827,-0.10643644,-0.1064346,-0.10643273,-0.10643085,-0.10642894,-0.10642702,-0.10642508,-0.10642312,-0.10642114,-0.10641914,-0.10641713,-0.10641509,-0.10641303,-0.10641096,-0.10640887,-0.10640675,-0.10640462,-0.10640247,-0.1064003,-0.10639811,-0.1063959,-0.10639368,-0.10639143,-0.10638917,-0.10638688,-0.10638458,-0.10638226,-0.10637992,-0.10637756,-0.10637518,-0.10637278,-0.10637036,-0.10636793,-0.10636547,-0.106363,-0.1063605,-0.10635799,-0.10635546,-0.10635291,-0.10635034,-0.10634775,-0.10634514,-0.10634251,-0.10633987,-0.1063372,-0.10633452,-0.10633182,-0.10632909,-0.10632635,-0.10632359,-0.10632081,-0.10631801,-0.1063152,-0.10631236,-0.1063095,-0.10630663,-0.10630374,-0.10630082,-0.10629789,-0.10629494,-0.10629197,-0.10628898,-0.10628597,-0.10628295,-0.1062799,-0.10627684,-0.10627375,-0.10627065,-0.10626753,-0.10626439,-0.10626123,-0.10625805,-0.10625485,-0.10625163,-0.10624839,-0.10624514,-0.10624186,-0.10623857,-0.10623526,-0.10623193,-0.10622858,-0.10622521,-0.10622182,-0.10621841,-0.10621498,-0.11834365,-0.11985359,-0.11074479,-0.09101723,-0.06067093,-0.02784592,-0.0060837,0.02921122,0.06415093,0.08938306,0.12262679,0.16405443,0.20819295,0.23956391,0.2397341,0.22971252,0.21135278,0.17051375,0.11950191,0.06056403,-0.00573358,-0.07332047,-0.13926932,-0.19719176,-0.24922943,-0.28501797,-0.30291224,-0.30291224],"instab":[null,null,null,null,null,null,null,null,null,null,null,null,null,null,null,null,null,null,null,null,null,null,null,null,null,null,null,null,null,null,null,null,null,null,null,null,null,null,null,null,null,null,null,null,null,null,null,null,null,null,null,null,null,null,null,null,null,null,null,null,null,null,null,null,null,null,null,null,null,null,null,null,null,null,null,null,null,null,null,null,null,null,null,null,null,null,null,null,null,null,null,null,null,null,null,null,null,null,null,null,null,null,null,null,null,null,null,null,null,null,null,null,null,null,null,null,null,null,null,null,null,null,null,null,null,null,null,null,null,null,null,null,null,null,null,null,null,null,null,null,null,null,null,null,null,null,null,null,null,null,null,null,null,null,null,null,null,null,null,null,null,null,null,null,null,null,null,null,null,null,null,null,null,null,null,null,null,null,null,null,null,null,null,null,null,null,null,11.359096,10.304635,9.583529,9.220546,8.709696,8.259053,7.856474,7.516667,7.405588,7.152485,6.895669,6.72765,6.528342,4.072439,3.970065,3.851529,3.743255,3.648647,1.53937,1.558153,1.366566,1.504238],