{"word":"counterpublics","years":[1800,1801,1802,1803,1804,1805,1806,1807,1808,1809,1810,1811,1812,1813,1814,1815,1816,1817,1818,1819,1820,1821,1822,1823,1824,1825,1826,1827,1828,1829,1830,1831,1832,1833,1834,1835,1836,1837,1838,1839,1840,1841,1842,1843,1844,1845,1846,1847,1848,1849,1850,1851,1852,1853,1854,1855,1856,1857,1858,1859,1860,1861,1862,1863,1864,1865,1866,1867,1868,1869,1870,1871,1872,1873,1874,1875,1876,1877,1878,1879,1880,1881,1882,1883,1884,1885,1886,1887,1888,1889,1890,1891,1892,1893,1894,1895,1896,1897,1898,1899,1900,1901,1902,1903,1904,1905,1906,1907,1908,1909,1910,1911,1912,1913,1914,1915,1916,1917,1918,1919,1920,1921,1922,1923,1924,1925,1926,1927,1928,1929,1930,1931,1932,1933,1934,1935,1936,1937,1938,1939,1940,1941,1942,1943,1944,1945,1946,1947,1948,1949,1950,1951,1952,1953,1954,1955,1956,1957,1958,1959,1960,1961,1962,1963,1964,1965,1966,1967,1968,1969,1970,1971,1972,1973,1974,1975,1976,1977,1978,1979,1980,1981,1982,1983,1984,1985,1986,1987,1988,1989,1990,1991,1992,1993,1994,1995,1996,1997,1998,1999,2000,2001,2002,2003,2004,2005,2006,2007,2008],"level":[-100.185744,-99.772108,-99.35847,-98.944832,-98.53119,-98.117546,-97.703897,-97.290244,-96.876585,-96.46292,-96.049248,-95.635567,-95.221878,-94.80818,-94.394471,-93.980751,-93.567018,-93.153274,-92.739515,-92.325743,-91.911955,-91.498151,-91.08433,-90.670492,-90.256636,-89.842761,-89.428865,-89.014949,-88.601012,-88.187052,-87.773069,-87.359062,-86.945031,-86.530974,-86.11689,-85.70278,-85.288642,-84.874475,-84.460278,-84.046052,-83.631794,-83.217505,-82.803182,-82.388827,-81.974437,-81.560012,-81.145551,-80.731054,-80.316519,-79.901946,-79.487334,-79.072682,-78.65799,-78.243256,-77.82848,-77.413661,-76.998798,-76.58389,-76.168938,-75.753939,-75.338892,-74.923799,-74.508656,-74.093465,-73.678223,-73.26293,-72.847585,-72.432188,-72.016738,-71.601233,-71.185673,-70.770058,-70.354386,-69.938657,-69.522869,-69.107023,-68.691117,-68.275151,-67.859123,-67.443033,-67.02688,-66.610664,-66.194382,-65.778036,-65.361624,-64.945144,-64.528597,-64.111982,-63.695297,-63.278542,-62.861717,-62.444819,-62.02785,-61.610806,-61.193689,-60.776497,-60.35923,-59.941886,-59.524464,-59.106965,-58.689387,-58.271729,-57.853991,-57.436172,-57.01827,-56.600286,-56.182218,-55.764066,-55.345828,-54.927505,-54.509095,-54.090597,-53.67201,-53.253335,-52.83457,-52.415714,-51.996766,-51.577726,-51.158592,-50.739365,-50.320043,-49.900626,-49.481112,-49.061501,-48.641792,-48.221984,-47.802077,-47.38207,-46.961961,-46.54175,-46.121437,-45.70102,-45.280499,-44.859873,-44.439141,-44.018302,-43.597356,-43.176301,-42.755137,-42.333864,-41.912479,-41.490984,-41.069376,-40.647655,-40.22582,-39.80387,-39.381805,-38.959624,-38.537325,-38.114909,-37.692374,-37.26972,-36.846945,-36.42405,-36.001032,-35.577892,-35.154629,-34.731241,-34.307729,-33.88409,-33.460325,-33.036433,-32.612412,-32.188262,-31.763983,-31.339573,-30.915032,-30.490358,-30.065551,-29.640611,-29.215536,-28.790326,-28.36498,-27.939496,-27.513875,-27.088115,-26.662216,-26.236177,-25.809997,-25.383675,-24.957211,-24.530603,-24.103852,-23.676955,-23.249912,-22.822724,-22.395387,-21.967903,-21.540268,-21.115583,-20.676481,-20.231165,-19.79964,-19.395976,-19.00588,-18.638459,-18.296874,-17.99662,-17.750379,-17.559727,-17.421523,-17.327762,-17.270866,-17.231383,-17.195799,-17.161322,-17.128833,-17.096984,-17.068174],"drift":[0.41363649,0.41363729,0.41363889,0.41364128,0.41364447,0.41364845,0.41365323,0.41365881,0.41366518,0.41367235,0.41368032,0.41368908,0.41369864,0.41370899,0.41372014,0.41373209,0.41374483,0.41375837,0.41377271,0.41378784,0.41380377,0.41382049,0.41383801,0.41385633,0.41387544,0.41389535,0.41391606,0.41393756,0.41395985,0.41398295,0.41400684,0.41403153,0.41405701,0.41408329,0.41411036,0.41413823,0.4141669,0.41419636,0.41422662,0.41425768,0.41428953,0.41432218,0.41435563,0.41438987,0.41442491,0.41446074,0.41449737,0.41453479,0.41457302,0.41461204,0.41465185,0.41469246,0.41473387,0.41477607,0.41481907,0.41486287,0.41490746,0.41495285,0.41499903,0.41504601,0.41509379,0.41514236,0.41519173,0.4152419,0.41529286,0.41534462,0.41539717,0.41545052,0.41550467,0.41555961,0.41561535,0.41567189,0.41572922,0.41578735,0.41584627,0.41590599,0.41596651,0.41602782,0.41608993,0.41615284,0.41621654,0.41628104,0.41634633,0.41641242,0.41647931,0.41654699,0.41661547,0.41668475,0.41675482,0.41682569,0.41689735,0.41696981,0.41704307,0.41711712,0.41719197,0.41726761,0.41734405,0.41742129,0.41749933,0.41757816,0.41765778,0.4177382,0.41781942,0.41790144,0.41798425,0.41806786,0.41815226,0.41823746,0.41832346,0.41841025,0.41849784,0.41858622,0.4186754,0.41876538,0.41885615,0.41894772,0.41904009,0.41913325,0.41922721,0.41932196,0.41941752,0.41951386,0.41961101,0.41970895,0.41980768,0.41990721,0.42000754,0.42010867,0.42021059,0.4203133,0.42041682,0.42052113,0.42062623,0.42073213,0.42083883,0.42094633,0.42105462,0.4211637,0.42127359,0.42138427,0.42149574,0.42160801,0.42172108,0.42183494,0.42194961,0.42206506,0.42218131,0.42229836,0.42241621,0.42253485,0.42265429,0.42277452,0.42289555,0.42301738,0.42314,0.42326342,0.42338764,0.42351265,0.42363845,0.42376506,0.42389246,0.42402065,0.42414965,0.42427944,0.42441002,0.4245414,0.42467358,0.42480655,0.42494032,0.42507489,0.42521025,0.42534641,0.42548336,0.42562112,0.42575966,0.42589901,0.42603915,0.42618008,0.42632181,0.42646434,0.42660767,0.42675179,0.42689671,0.42704242,0.42718893,0.42733623,0.42748434,0.42763323,0.42468562,0.43910209,0.44531572,0.43152439,0.40366482,0.39009574,0.36742056,0.34158541,0.30025345,0.24624107,0.1906522,0.13820427,0.09376122,0.05689563,0.03948292,0.03558401,0.03447718,0.03248901,0.03184944,0.02880929,0.02880929],"instab":[null,null,null,null,null,null,null,null,null,null,null,null,null,null,null,null,null,null,null,null,null,null,null,null,null,null,null,null,null,null,null,null,null,null,null,null,null,null,null,null,null,null,null,null,null,null,null,null,null,null,null,null,null,null,null,null,null,null,null,null,null,null,null,null,null,null,null,null,null,null,null,null,null,null,null,null,null,null,null,null,null,null,null,null,null,null,null,null,null,null,null,null,null,null,null,null,null,null,null,null,null,null,null,null,null,null,null,null,null,null,null,null,null,null,null,null,null,null,null,null,null,null,null,null,null,null,null,null,null,null,null,null,null,null,null,null,null,null,null,null,null,null,null,null,null,null,null,null,null,null,null,null,null,null,null,null,null,null,null,null,null,null,null,null,null,null,null,null,null,null,null,null,null,null,null,null,null,null,null,null,null,null,null,null,null,null,null,null,null,null,null,10.094116,9.334058,8.542681,8.004458,7.518296,7.140547,6.819305,6.520994,6.256585,6.017597,5.812818,5.617116,5.440521,5.285654,5.14812,5.01686,1.05048,0.973548],