{"word":"counterpublic","years":[1800,1801,1802,1803,1804,1805,1806,1807,1808,1809,1810,1811,1812,1813,1814,1815,1816,1817,1818,1819,1820,1821,1822,1823,1824,1825,1826,1827,1828,1829,1830,1831,1832,1833,1834,1835,1836,1837,1838,1839,1840,1841,1842,1843,1844,1845,1846,1847,1848,1849,1850,1851,1852,1853,1854,1855,1856,1857,1858,1859,1860,1861,1862,1863,1864,1865,1866,1867,1868,1869,1870,1871,1872,1873,1874,1875,1876,1877,1878,1879,1880,1881,1882,1883,1884,1885,1886,1887,1888,1889,1890,1891,1892,1893,1894,1895,1896,1897,1898,1899,1900,1901,1902,1903,1904,1905,1906,1907,1908,1909,1910,1911,1912,1913,1914,1915,1916,1917,1918,1919,1920,1921,1922,1923,1924,1925,1926,1927,1928,1929,1930,1931,1932,1933,1934,1935,1936,1937,1938,1939,1940,1941,1942,1943,1944,1945,1946,1947,1948,1949,1950,1951,1952,1953,1954,1955,1956,1957,1958,1959,1960,1961,1962,1963,1964,1965,1966,1967,1968,1969,1970,1971,1972,1973,1974,1975,1976,1977,1978,1979,1980,1981,1982,1983,1984,1985,1986,1987,1988,1989,1990,1991,1992,1993,1994,1995,1996,1997,1998,1999,2000,2001,2002,2003,2004,2005,2006,2007,2008],"level":[-47.269193,-47.121592,-46.973991,-46.826389,-46.678788,-46.531187,-46.383586,-46.235984,-46.088383,-45.940782,-45.793181,-45.645579,-45.497978,-45.350377,-45.202776,-45.055174,-44.907573,-44.759972,-44.612371,-44.464769,-44.317168,-44.169567,-44.021966,-43.874364,-43.726763,-43.579162,-43.431561,-43.283959,-43.136358,-42.988757,-42.841156,-42.693554,-42.545953,-42.398352,-42.250751,-42.103149,-41.955548,-41.807947,-41.660346,-41.512744,-41.365143,-41.217542,-41.069941,-40.922339,-40.774738,-40.627137,-40.479536,-40.331935,-40.184333,-40.036732,-39.889131,-39.74153,-39.593928,-39.446327,-39.298726,-39.151125,-39.003523,-38.855922,-38.708321,-38.56072,-38.413118,-38.265517,-38.117916,-37.970315,-37.822713,-37.675112,-37.527511,-37.37991,-37.232308,-37.084707,-36.937106,-36.789505,-36.641903,-36.494302,-36.346701,-36.1991,-36.051498,-35.903897,-35.756296,-35.608695,-35.461093,-35.313492,-35.165891,-35.01829,-34.870688,-34.723087,-34.575486,-34.427885,-34.280283,-34.132682,-33.985081,-33.83748,-33.689878,-33.542277,-33.394676,-33.247075,-33.099474,-32.951872,-32.804271,-32.65667,-32.509069,-32.361467,-32.213866,-32.066265,-31.918664,-31.771062,-31.623461,-31.47586,-31.328259,-31.180657,-31.033056,-30.885455,-30.737854,-30.590252,-30.442651,-30.29505,-30.147449,-29.999847,-29.852246,-29.704645,-29.557044,-29.409442,-29.261841,-29.11424,-28.966639,-28.819037,-28.671436,-28.523835,-28.376234,-28.228632,-28.081031,-27.93343,-27.785829,-27.638227,-27.490626,-27.343025,-27.195424,-27.047822,-26.900221,-26.75262,-26.605019,-26.457418,-26.309816,-26.162215,-26.014614,-25.867013,-25.719411,-25.57181,-25.424209,-25.276608,-25.129006,-24.981405,-24.833804,-24.686203,-24.538601,-24.391,-24.243399,-24.095798,-23.948196,-23.800595,-23.652994,-23.505393,-23.357791,-23.21019,-23.062589,-22.914988,-22.767386,-22.619785,-22.472184,-22.324583,-22.176981,-22.02938,-21.881779,-21.734178,-21.586576,-21.438975,-21.291374,-21.143773,-20.996171,-20.84857,-20.700969,-20.553368,-20.405766,-20.258165,-20.110563,-19.962962,-19.815361,-19.66776,-19.520158,-19.372557,-19.224956,-19.077355,-18.929753,-18.782152,-18.634551,-18.48695,-18.339348,-18.191747,-18.044146,-17.896545,-17.748943,-17.601342,-17.453741,-17.30614,-17.158539,-17.010937,-16.863336,-16.715735,-16.568134],"drift":[0.14760124,0.14760124,0.14760124,0.14760124,0.14760124,0.14760124,0.14760124,0.14760124,0.14760124,0.14760124,0.14760124,0.14760124,0.14760124,0.14760124,0.14760124,0.14760124,0.14760124,0.14760124,0.14760124,0.14760124,0.14760124,0.14760124,0.14760124,0.14760124,0.14760124,0.14760124,0.14760124,0.14760124,0.14760124,0.14760124,0.14760124,0.14760124,0.14760124,0.14760124,0.14760124,0.14760124,0.14760124,0.14760124,0.14760124,0.14760124,0.14760124,0.14760124,0.14760124,0.14760124,0.14760124,0.14760124,0.14760124,0.14760124,0.14760124,0.14760124,0.14760124,0.14760124,0.14760124,0.14760124,0.14760124,0.14760124,0.14760124,0.14760124,0.14760124,0.14760124,0.14760124,0.14760124,0.14760124,0.14760124,0.14760124,0.14760124,0.14760124,0.14760124,0.14760124,0.14760124,0.14760124,0.14760124,0.14760124,0.14760124,0.14760124,0.14760124,0.14760124,0.14760124,0.14760124,0.14760124,0.14760124,0.14760124,0.14760124,0.14760124,0.14760124,0.14760124,0.14760124,0.14760124,0.14760124,0.14760124,0.14760124,0.14760124,0.14760124,0.14760124,0.14760124,0.14760124,0.14760124,0.14760124,0.14760124,0.14760124,0.14760124,0.14760124,0.14760124,0.14760124,0.14760124,0.14760124,0.14760124,0.14760124,0.14760124,0.14760124,0.14760124,0.14760124,0.14760124,0.14760124,0.14760124,0.14760124,0.14760124,0.14760124,0.14760124,0.14760124,0.14760124,0.14760124,0.14760124,0.14760124,0.14760124,0.14760124,0.14760124,0.14760124,0.14760124,0.14760124,0.14760124,0.14760124,0.14760124,0.14760124,0.14760124,0.14760124,0.14760124,0.14760124,0.14760124,0.14760124,0.14760124,0.14760124,0.14760124,0.14760124,0.14760124,0.14760124,0.14760124,0.14760124,0.14760124,0.14760124,0.14760124,0.14760124,0.14760124,0.14760124,0.14760124,0.14760124,0.14760124,0.14760124,0.14760124,0.14760124,0.14760124,0.14760124,0.14760124,0.14760124,0.14760124,0.14760124,0.14760124,0.14760124,0.14760124,0.14760124,0.14760124,0.14760124,0.14760124,0.14760124,0.14760124,0.14760124,0.14760124,0.14760124,0.14760124,0.14760124,0.14760124,0.14760124,0.14760125,0.14760125,0.14760125,0.14760125,0.14760125,0.14760125,0.14760125,0.14760125,0.14760125,0.14760125,0.14760125,0.14760125,0.14760125,0.14760125,0.14760125,0.14760125,0.14760125,0.14760125,0.14760125,0.14760125,0.14760125,0.14760125,0.14760125,0.14760125,0.14760125,0.14760125,0.14760125],"instab":[null,null,null,null,null,null,null,null,null,null,null,null,null,null,null,null,null,null,null,null,null,null,null,null,null,null,null,null,null,null,null,null,null,null,null,null,null,null,null,null,null,null,null,null,null,null,null,null,null,null,null,null,null,null,null,null,null,null,null,null,null,null,null,null,null,null,null,null,null,null,null,null,null,null,null,null,null,null,null,null,null,null,null,null,null,null,null,null,null,null,null,null,null,null,null,null,null,null,null,null,null,null,null,null,null,null,null,null,null,null,null,null,null,null,null,null,null,null,null,null,null,null,null,null,null,null,null,null,null,null,null,null,null,null,null,null,null,null,null,null,null,null,null,null,null,null,null,null,null,null,null,null,null,null,null,null,null,null,null,null,null,null,null,null,null,null,null,null,null,null,null,null,null,null,null,null,null,null,null,null,null,null,null,null,null,null,8.959705,8.560909,8.045525,7.497795,7.139136,6.740093,6.439435,6.172333,5.928322,5.724288,5.535888,5.371551,5.214451,5.075939,4.937721,1.275906,1.241152,1.208367,1.051867,0.8294,0.81149,0.645202,0.640838],