{"word":"court","years":[1800,1801,1802,1803,1804,1805,1806,1807,1808,1809,1810,1811,1812,1813,1814,1815,1816,1817,1818,1819,1820,1821,1822,1823,1824,1825,1826,1827,1828,1829,1830,1831,1832,1833,1834,1835,1836,1837,1838,1839,1840,1841,1842,1843,1844,1845,1846,1847,1848,1849,1850,1851,1852,1853,1854,1855,1856,1857,1858,1859,1860,1861,1862,1863,1864,1865,1866,1867,1868,1869,1870,1871,1872,1873,1874,1875,1876,1877,1878,1879,1880,1881,1882,1883,1884,1885,1886,1887,1888,1889,1890,1891,1892,1893,1894,1895,1896,1897,1898,1899,1900,1901,1902,1903,1904,1905,1906,1907,1908,1909,1910,1911,1912,1913,1914,1915,1916,1917,1918,1919,1920,1921,1922,1923,1924,1925,1926,1927,1928,1929,1930,1931,1932,1933,1934,1935,1936,1937,1938,1939,1940,1941,1942,1943,1944,1945,1946,1947,1948,1949,1950,1951,1952,1953,1954,1955,1956,1957,1958,1959,1960,1961,1962,1963,1964,1965,1966,1967,1968,1969,1970,1971,1972,1973,1974,1975,1976,1977,1978,1979,1980,1981,1982,1983,1984,1985,1986,1987,1988,1989,1990,1991,1992,1993,1994,1995,1996,1997,1998,1999,2000,2001,2002,2003,2004,2005,2006,2007,2008,2009,2010,2011,2012,2013,2014,2015,2016,2017,2018,2019],"level":[-7.705741,-7.757543,-7.759421,-7.838892,-7.886356,-7.863976,-7.880152,-7.78817,-7.725143,-7.773522,-7.814104,-7.768121,-7.79003,-7.831047,-7.878231,-7.890444,-7.887882,-7.900055,-7.874442,-7.802476,-7.86018,-7.911428,-7.934582,-8.045145,-8.135733,-8.221564,-8.282998,-8.232904,-8.182589,-8.116603,-8.103789,-8.04812,-7.939341,-8.154155,-8.278137,-8.376425,-8.392478,-8.413916,-8.393541,-8.30703,-8.297495,-8.344619,-8.38367,-8.393364,-8.389249,-8.356381,-8.330436,-8.363522,-8.400367,-8.428046,-8.411944,-8.348711,-8.321227,-8.328143,-8.33815,-8.328455,-8.351283,-8.380341,-8.389019,-8.386106,-8.393129,-8.425705,-8.447336,-8.470603,-8.501397,-8.523884,-8.486178,-8.440422,-8.367615,-8.339486,-8.275833,-8.222576,-8.174684,-8.10709,-8.096069,-8.116318,-8.141742,-8.127964,-8.128206,-8.093716,-8.07344,-8.047081,-8.000711,-7.956583,-7.939839,-7.943973,-7.927106,-7.89899,-7.91025,-7.911289,-7.886242,-7.857349,-7.841501,-7.829031,-7.793959,-7.765768,-7.774098,-7.78959,-7.805374,-7.831681,-7.86051,-7.847687,-7.878349,-7.901463,-7.907439,-7.903207,-7.916708,-7.924952,-7.929315,-7.956379,-7.965272,-7.986728,-7.997136,-8.02716,-8.037068,-8.040322,-8.084826,-8.122308,-8.150869,-8.18883,-8.201992,-8.218465,-8.257719,-8.297302,-8.323966,-8.336422,-8.32071,-8.348746,-8.354469,-8.360784,-8.356654,-8.360385,-8.343639,-8.363161,-8.367305,-8.347041,-8.291308,-8.362517,-8.403901,-8.42404,-8.453066,-8.498786,-8.561867,-8.588644,-8.657168,-8.685186,-8.684164,-8.689351,-8.640047,-8.613832,-8.646766,-8.624352,-8.666449,-8.648785,-8.682951,-8.71867,-8.728513,-8.69921,-8.734259,-8.751532,-8.758575,-8.771923,-8.757715,-8.7709,-8.74946,-8.722051,-8.708428,-8.689178,-8.684909,-8.663243,-8.666949,-8.63778,-8.621244,-8.618078,-8.607415,-8.595564,-8.584835,-8.567017,-8.551237,-8.523536,-8.490247,-8.446236,-8.418602,-8.41151,-8.390787,-8.398716,-8.400024,-8.3902,-8.387417,-8.371722,-8.39206,-8.412115,-8.422536,-8.446606,-8.468109,-8.478261,-8.468077,-8.450284,-8.427056,-8.427806,-8.442158,-8.451716,-8.467389,-8.484249,-8.491639,-8.49482,-8.496945,-8.525897,-8.56832,-8.671856,-8.81734,-9.007958,-9.186673,-9.280557,-9.305928,-9.292666,-9.291424,-9.280229,-9.206274,-9.116347],"drift":[-0.00644112,-0.00644112,-0.00644112,-0.00644112,-0.00644112,-0.00644112,-0.00644112,-0.00644112,-0.00644112,-0.00644112,-0.00644112,-0.00644112,-0.00644112,-0.00644112,-0.00644112,-0.00644112,-0.00644112,-0.00644112,-0.00644112,-0.00644112,-0.00644112,-0.00644112,-0.00644112,-0.00644112,-0.00644112,-0.00644112,-0.00644111,-0.00644111,-0.00644111,-0.00644111,-0.00644111,-0.00644111,-0.00644111,-0.00644111,-0.00644111,-0.00644111,-0.0064411,-0.0064411,-0.0064411,-0.0064411,-0.0064411,-0.0064411,-0.0064411,-0.00644109,-0.00644109,-0.00644109,-0.00644109,-0.00644109,-0.00644109,-0.00644109,-0.00644108,-0.00644108,-0.00644108,-0.00644108,-0.00644108,-0.00644108,-0.00644108,-0.00644108,-0.00644108,-0.00644107,-0.00644107,-0.00644107,-0.00644107,-0.00644107,-0.00644107,-0.00644107,-0.00644107,-0.00644106,-0.00644106,-0.00644106,-0.00644106,-0.00644106,-0.00644106,-0.00644106,-0.00644106,-0.00644106,-0.00644106,-0.00644106,-0.00644106,-0.00644106,-0.00644107,-0.00644107,-0.00644107,-0.00644107,-0.00644107,-0.00644107,-0.00644107,-0.00644107,-0.00644107,-0.00644108,-0.00644108,-0.00644108,-0.00644108,-0.00644108,-0.00644108,-0.00644109,-0.00644109,-0.00644109,-0.00644109,-0.00644109,-0.00644109,-0.0064411,-0.0064411,-0.0064411,-0.0064411,-0.0064411,-0.00644111,-0.00644111,-0.00644111,-0.00644111,-0.00644111,-0.00644111,-0.00644112,-0.00644112,-0.00644112,-0.00644112,-0.00644112,-0.00644112,-0.00644112,-0.00644112,-0.00644113,-0.00644113,-0.00644113,-0.00644113,-0.00644113,-0.00644113,-0.00644113,-0.00644113,-0.00644113,-0.00644113,-0.00644113,-0.00644113,-0.00644113,-0.00644113,-0.00644114,-0.00644114,-0.00644114,-0.00644114,-0.00644114,-0.00644114,-0.00644114,-0.00644114,-0.00644114,-0.00644114,-0.00644114,-0.00644114,-0.00644114,-0.00644114,-0.00644114,-0.00644114,-0.00644114,-0.00644114,-0.00644114,-0.00644114,-0.00644114,-0.00644114,-0.00644114,-0.00644114,-0.00644114,-0.00644114,-0.00644114,-0.00644114,-0.00644114,-0.00644114,-0.00644114,-0.00644114,-0.00644114,-0.00644114,-0.00644114,-0.00644114,-0.00644114,-0.00644114,-0.00644114,-0.00644114,-0.00644115,-0.00644115,-0.00644115,-0.00644115,-0.00644115,-0.00644115,-0.00644115,-0.00644115,-0.00644115,-0.00644116,-0.00644116,-0.00644116,-0.00644116,-0.00644116,-0.00644117,-0.00644117,-0.00644117,-0.00644117,-0.00644117,-0.00644118,-0.00644118,-0.00644118,-0.00644118,-0.00644118,-0.00644118,-0.00644119,-0.00644119,-0.00644119,-0.00644119,-0.00644119,-0.0064412,-0.0064412,-0.0064412,-0.0064412,-0.0064412,-0.0064412,-0.00644121,-0.00644121,-0.00644121,-0.0064412,-0.0064412,-0.0064412,-0.0064412,-0.0064412,-0.0064412,-0.0064412],"instab":[null,null,null,null,3.403281,3.141098,2.892461,2.730844,2.59601,2.454669,2.331295,2.240212,2.150686,2.069822,1.996072,1.931365,1.874194,1.819693,1.770342,1.734943,0.30347,0.297164,0.266755,0.266557,0.268085,0.261494,0.271237,0.254192,0.225847,0.239113,0.229189,0.215988,0.334386,0.373432,0.378183,0.388406,0.387886,0.388041,0.38825,0.381746,0.384407,0.38305,0.38064,0.375794,0.373617,0.371247,0.362572,0.361712,0.361844,0.356105,0.356135,0.361182,0.254793,0.199245,0.185144,0.158951,0.159302,0.158289,0.156411,0.125917,0.119318,0.118496,0.113683,0.11341,0.114518,0.120275,0.108609,0.109028,0.126002,0.120008,0.123306,0.114563,0.109895,0.126538,0.125504,0.125127,0.131988,0.128465,0.130712,0.131916,0.131765,0.128812,0.128535,0.13023,0.126627,0.116196,0.117149,0.118837,0.110224,0.112972,0.108998,0.107312,0.107241,0.08931,0.088449,0.091677,0.080772,0.082548,0.078224,0.079024,0.092012,0.095466,0.097089,0.093653,0.09199,0.091442,0.092164,0.084116,0.084211,0.08625,0.085604,0.083557,0.083131,0.086329,0.082328,0.076932,0.079196,0.080811,0.080597,0.084135,0.078135,0.068347,0.068056,0.069042,0.06997,0.066978,0.081203,0.082844,0.080492,0.079214,0.080223,0.079891,0.088203,0.086644,0.086967,0.080773,0.136644,0.143836,0.14638,0.143599,0.143602,0.143341,0.150044,0.149793,0.157652,0.158557,0.153192,0.154122,0.161521,0.170917,0.175712,0.184539,0.187531,0.193263,0.193211,0.194964,0.158676,0.165922,0.165083,0.16516,0.165379,0.16593,0.162178,0.162591,0.154074,0.153355,0.15332,0.150383,0.145539,0.139301,0.132154,0.123957,0.111262,0.104048,0.102846,0.096822,0.091604,0.0765,0.07008,0.06789,0.067948,0.066229,0.066585,0.058062,0.060574,0.061774,0.063756,0.062716,0.062525,0.063241,0.059284,0.061981,0.061141,0.063703,0.067592,0.070688,0.070719,0.070332,0.073875,0.073618,0.074486,0.068071,0.063296,0.064599,0.057591,0.057335,0.059526,0.058724,0.060897,0.057416,0.070529,0.118049,0.172285,0.185158,0.185581,0.189114,0.188701,0.187006,0.187922,0.223625],