{"word":"coursepack","years":[1800,1801,1802,1803,1804,1805,1806,1807,1808,1809,1810,1811,1812,1813,1814,1815,1816,1817,1818,1819,1820,1821,1822,1823,1824,1825,1826,1827,1828,1829,1830,1831,1832,1833,1834,1835,1836,1837,1838,1839,1840,1841,1842,1843,1844,1845,1846,1847,1848,1849,1850,1851,1852,1853,1854,1855,1856,1857,1858,1859,1860,1861,1862,1863,1864,1865,1866,1867,1868,1869,1870,1871,1872,1873,1874,1875,1876,1877,1878,1879,1880,1881,1882,1883,1884,1885,1886,1887,1888,1889,1890,1891,1892,1893,1894,1895,1896,1897,1898,1899,1900,1901,1902,1903,1904,1905,1906,1907,1908,1909,1910,1911,1912,1913,1914,1915,1916,1917,1918,1919,1920,1921,1922,1923,1924,1925,1926,1927,1928,1929,1930,1931,1932,1933,1934,1935,1936,1937,1938,1939,1940,1941,1942,1943,1944,1945,1946,1947,1948,1949,1950,1951,1952,1953,1954,1955,1956,1957,1958,1959,1960,1961,1962,1963,1964,1965,1966,1967,1968,1969,1970,1971,1972,1973,1974,1975,1976,1977,1978,1979,1980,1981,1982,1983,1984,1985,1986,1987,1988,1989,1990,1991,1992,1993,1994,1995,1996,1997,1998,1999,2000,2001,2002,2003,2004,2005,2006,2007,2008],"level":[-46.905406,-46.766914,-46.628422,-46.48993,-46.351438,-46.212945,-46.074452,-45.935959,-45.797464,-45.658969,-45.520473,-45.381976,-45.243479,-45.104979,-44.966479,-44.827978,-44.689475,-44.55097,-44.412464,-44.273956,-44.135447,-43.996935,-43.858422,-43.719906,-43.581389,-43.442869,-43.304346,-43.165822,-43.027294,-42.888764,-42.750232,-42.611696,-42.473158,-42.334617,-42.196072,-42.057524,-41.918973,-41.780419,-41.641861,-41.5033,-41.364734,-41.226166,-41.087593,-40.949016,-40.810435,-40.67185,-40.533261,-40.394668,-40.25607,-40.117467,-39.97886,-39.840249,-39.701632,-39.563011,-39.424384,-39.285753,-39.147116,-39.008474,-38.869827,-38.731174,-38.592516,-38.453852,-38.315182,-38.176506,-38.037825,-37.899137,-37.760443,-37.621744,-37.483037,-37.344325,-37.205606,-37.06688,-36.928148,-36.789409,-36.650663,-36.51191,-36.37315,-36.234382,-36.095608,-35.956826,-35.818037,-35.67924,-35.540436,-35.401624,-35.262804,-35.123976,-34.98514,-34.846296,-34.707444,-34.568584,-34.429715,-34.290838,-34.151952,-34.013057,-33.874154,-33.735242,-33.596321,-33.457391,-33.318451,-33.179503,-33.040545,-32.901578,-32.762601,-32.623615,-32.484619,-32.345613,-32.206598,-32.067572,-31.928536,-31.78949,-31.650434,-31.511368,-31.372291,-31.233203,-31.094105,-30.954996,-30.815876,-30.676746,-30.537604,-30.398451,-30.259287,-30.120112,-29.980925,-29.841727,-29.702518,-29.563296,-29.424063,-29.284818,-29.145561,-29.006292,-28.867011,-28.727717,-28.588412,-28.449093,-28.309763,-28.170419,-28.031063,-27.891694,-27.752313,-27.612918,-27.47351,-27.334089,-27.194655,-27.055207,-26.915746,-26.776271,-26.636783,-26.497281,-26.357765,-26.218235,-26.078691,-25.939133,-25.799561,-25.659975,-25.520374,-25.380758,-25.241128,-25.101483,-24.961824,-24.82215,-24.68246,-24.542756,-24.403036,-24.263301,-24.123551,-23.983786,-23.844004,-23.704208,-23.564395,-23.424567,-23.284723,-23.144862,-23.004986,-22.865093,-22.725185,-22.585259,-22.445318,-22.305359,-22.165385,-22.025393,-21.885384,-21.745359,-21.605316,-21.465257,-21.32518,-21.185086,-21.044974,-20.904845,-20.764698,-20.624534,-20.484351,-20.343381,-20.202235,-20.060704,-19.924625,-19.79632,-19.679115,-19.573686,-19.480637,-19.399781,-19.33039,-19.272826,-19.224948,-19.18444,-19.149901,-19.122732,-19.103812,-19.091664,-19.082879],"drift":[0.13849169,0.13849178,0.13849197,0.13849225,0.13849263,0.1384931,0.13849366,0.13849432,0.13849508,0.13849592,0.13849687,0.1384979,0.13849903,0.13850026,0.13850157,0.13850299,0.13850449,0.1385061,0.13850779,0.13850958,0.13851146,0.13851344,0.13851551,0.13851768,0.13851994,0.13852229,0.13852474,0.13852728,0.13852992,0.13853265,0.13853547,0.13853839,0.13854141,0.13854451,0.13854772,0.13855101,0.1385544,0.13855788,0.13856146,0.13856514,0.1385689,0.13857276,0.13857672,0.13858077,0.13858491,0.13858915,0.13859348,0.1385979,0.13860242,0.13860704,0.13861174,0.13861655,0.13862144,0.13862643,0.13863152,0.1386367,0.13864197,0.13864734,0.1386528,0.13865835,0.138664,0.13866974,0.13867558,0.13868151,0.13868754,0.13869366,0.13869988,0.13870618,0.13871259,0.13871908,0.13872567,0.13873236,0.13873914,0.13874601,0.13875298,0.13876004,0.1387672,0.13877445,0.13878179,0.13878923,0.13879676,0.13880439,0.13881211,0.13881992,0.13882783,0.13883584,0.13884393,0.13885213,0.13886041,0.13886879,0.13887727,0.13888583,0.1388945,0.13890325,0.1389121,0.13892105,0.13893009,0.13893922,0.13894845,0.13895777,0.13896718,0.13897669,0.1389863,0.138996,0.13900579,0.13901567,0.13902565,0.13903573,0.1390459,0.13905616,0.13906652,0.13907697,0.13908751,0.13909815,0.13910889,0.13911972,0.13913064,0.13914165,0.13915276,0.13916397,0.13917527,0.13918666,0.13919815,0.13920973,0.1392214,0.13923317,0.13924504,0.13925699,0.13926905,0.13928119,0.13929343,0.13930577,0.13931819,0.13933072,0.13934333,0.13935604,0.13936885,0.13938175,0.13939474,0.13940783,0.13942101,0.13943429,0.13944766,0.13946112,0.13947468,0.13948833,0.13950208,0.13951592,0.13952985,0.13954388,0.13955801,0.13957222,0.13958653,0.13960094,0.13961544,0.13963003,0.13964472,0.1396595,0.13967438,0.13968935,0.13970442,0.13971957,0.13973483,0.13975018,0.13976562,0.13978115,0.13979678,0.13981251,0.13982832,0.13984424,0.13986024,0.13987634,0.13989254,0.13990883,0.13992521,0.13994169,0.13995826,0.13997492,0.13999168,0.14000853,0.14002548,0.14004252,0.14005966,0.14007689,0.14009421,0.14011163,0.14012915,0.14014675,0.14016445,0.14018225,0.14097081,0.1411458,0.14153065,0.13607924,0.12830523,0.11720501,0.10542843,0.09304896,0.08085588,0.06939152,0.05756385,0.04787774,0.04050801,0.03453972,0.02716815,0.01892062,0.0121481,0.00878496,0.00878496],"instab":[null,null,null,null,null,null,null,null,null,null,null,null,null,null,null,null,null,null,null,null,null,null,null,null,null,null,null,null,null,null,null,null,null,null,null,null,null,null,null,null,null,null,null,null,null,null,null,null,null,null,null,null,null,null,null,null,null,null,null,null,null,null,null,null,null,null,null,null,null,null,null,null,null,null,null,null,null,null,null,null,null,null,null,null,null,null,null,null,null,null,null,null,null,null,null,null,null,null,null,null,null,null,null,null,null,null,null,null,null,null,null,null,null,null,null,null,null,null,null,null,null,null,null,null,null,null,null,null,null,null,null,null,null,null,null,null,null,null,null,null,null,null,null,null,null,null,null,null,null,null,null,null,null,null,null,null,null,null,null,null,null,null,null,null,null,null,null,null,null,null,null,null,null,null,null,null,null,null,null,null,null,null,null,null,null,null,null,null,null,null,null,null,null,9.577671,8.674623,8.078555,7.513595,7.063103,6.680958,6.344474,6.087164,5.83473,5.60814,5.404172,5.236718,5.095362,4.956064,4.818003,4.691321],