{"word":"coxll","years":[1800,1801,1802,1803,1804,1805,1806,1807,1808,1809,1810,1811,1812,1813,1814,1815,1816,1817,1818,1819,1820,1821,1822,1823,1824,1825,1826,1827,1828,1829,1830,1831,1832,1833,1834,1835,1836,1837,1838,1839,1840,1841,1842,1843,1844,1845,1846,1847,1848,1849,1850,1851,1852,1853,1854,1855,1856,1857,1858,1859,1860,1861,1862,1863,1864,1865,1866,1867,1868,1869,1870,1871,1872,1873,1874,1875,1876,1877,1878,1879,1880,1881,1882,1883,1884,1885,1886,1887,1888,1889,1890,1891,1892,1893,1894,1895,1896,1897,1898,1899,1900,1901,1902,1903,1904,1905,1906,1907,1908,1909,1910,1911,1912,1913,1914,1915,1916,1917,1918,1919,1920,1921,1922,1923,1924,1925,1926,1927,1928,1929,1930,1931,1932,1933,1934,1935,1936,1937,1938,1939,1940,1941,1942,1943,1944,1945,1946,1947,1948,1949,1950,1951,1952,1953,1954,1955,1956,1957,1958,1959,1960,1961,1962,1963,1964,1965,1966,1967,1968,1969,1970,1971,1972,1973,1974,1975,1976,1977,1978,1979,1980,1981,1982,1983,1984,1985,1986,1987,1988,1989,1990,1991,1992,1993,1994,1995,1996,1997,1998,1999,2000,2001,2002,2003,2004,2005,2006,2007,2008],"level":[-52.258706,-52.082006,-51.905305,-51.728603,-51.551899,-51.375193,-51.198484,-51.021772,-50.845055,-50.668334,-50.491607,-50.314875,-50.138136,-49.961391,-49.784637,-49.607876,-49.431106,-49.254327,-49.077537,-48.900738,-48.723927,-48.547105,-48.37027,-48.193422,-48.016562,-47.839687,-47.662798,-47.485893,-47.308973,-47.132037,-46.955084,-46.778113,-46.601124,-46.424117,-46.24709,-46.070044,-45.892977,-45.71589,-45.538781,-45.36165,-45.184496,-45.007319,-44.830118,-44.652892,-44.475642,-44.298366,-44.121064,-43.943735,-43.766379,-43.588995,-43.411582,-43.23414,-43.056669,-42.879167,-42.701635,-42.524071,-42.346475,-42.168847,-41.991186,-41.81349,-41.635761,-41.457996,-41.280197,-41.102361,-40.924488,-40.746578,-40.568631,-40.390645,-40.21262,-40.034556,-39.856451,-39.678306,-39.500119,-39.321891,-39.14362,-38.965306,-38.786949,-38.608547,-38.430101,-38.251609,-38.073071,-37.894487,-37.715856,-37.537177,-37.358449,-37.179673,-37.000848,-36.821972,-36.643046,-36.464069,-36.28504,-36.105958,-35.926824,-35.747636,-35.568395,-35.389098,-35.209746,-35.030339,-34.850875,-34.671354,-34.491775,-34.312139,-34.132443,-33.952689,-33.772874,-33.592999,-33.413063,-33.233065,-33.053005,-32.872883,-32.692697,-32.512446,-32.332132,-32.151752,-31.971307,-31.790795,-31.610216,-31.42957,-31.248856,-31.068074,-30.887222,-30.7063,-30.525308,-30.344245,-30.163111,-29.981904,-29.800625,-29.619273,-29.437846,-29.256346,-29.07477,-28.893119,-28.711391,-28.529587,-28.347705,-28.165746,-27.983708,-27.801591,-27.619394,-27.437117,-27.254759,-27.07232,-26.889799,-26.707195,-26.524509,-26.341738,-26.158883,-25.975943,-25.792918,-25.609807,-25.426609,-25.243324,-25.059951,-24.876489,-24.692939,-24.509299,-24.325569,-24.141749,-23.957837,-23.773833,-23.589737,-23.405547,-23.221264,-23.036887,-22.852416,-22.667848,-22.483185,-22.298426,-22.113569,-21.928614,-21.743562,-21.55841,-21.373159,-21.187808,-21.002357,-20.816804,-20.631149,-20.445392,-20.259533,-20.07357,-19.887502,-19.70133,-19.515053,-19.328674,-19.141897,-18.954433,-18.76599,-18.576277,-18.38468,-18.217934,-18.091017,-18.023097,-18.01075,-18.065632,-18.189357,-18.368612,-18.598434,-18.865918,-19.147286,-19.432192,-19.701818,-19.963102,-20.219152,-20.47757,-20.741976,-21.011288,-21.275726,-21.539856,-21.80693],"drift":[0.17670028,0.17670086,0.17670203,0.17670377,0.1767061,0.17670901,0.1767125,0.17671657,0.17672123,0.17672646,0.17673228,0.17673868,0.17674565,0.17675321,0.17676136,0.17677008,0.17677938,0.17678927,0.17679974,0.17681079,0.17682242,0.17683463,0.17684742,0.1768608,0.17687475,0.17688929,0.17690441,0.17692011,0.17693639,0.17695325,0.1769707,0.17698873,0.17700733,0.17702652,0.17704629,0.17706664,0.17708758,0.17710909,0.17713119,0.17715386,0.17717712,0.17720096,0.17722539,0.17725039,0.17727597,0.17730214,0.17732889,0.17735621,0.17738412,0.17741262,0.17744169,0.17747134,0.17750158,0.1775324,0.1775638,0.17759578,0.17762834,0.17766148,0.1776952,0.17772951,0.1777644,0.17779987,0.17783592,0.17787255,0.17790976,0.17794755,0.17798593,0.17802489,0.17806443,0.17810455,0.17814525,0.17818653,0.17822839,0.17827084,0.17831387,0.17835748,0.17840166,0.17844644,0.17849179,0.17853772,0.17858424,0.17863134,0.17867901,0.17872727,0.17877612,0.17882554,0.17887554,0.17892613,0.17897729,0.17902904,0.17908137,0.17913428,0.17918778,0.17924185,0.17929651,0.17935174,0.17940756,0.17946396,0.17952094,0.1795785,0.17963665,0.17969537,0.17975468,0.17981457,0.17987504,0.17993609,0.17999772,0.18005994,0.18012273,0.18018611,0.18025007,0.18031461,0.18037973,0.18044543,0.18051171,0.18057858,0.18064603,0.18071405,0.18078266,0.18085185,0.18092163,0.18099198,0.18106292,0.18113443,0.18120653,0.18127921,0.18135247,0.18142631,0.18150074,0.18157574,0.18165133,0.1817275,0.18180425,0.18188158,0.18195949,0.18203798,0.18211706,0.18219671,0.18227695,0.18235777,0.18243917,0.18252116,0.18260372,0.18268686,0.18277059,0.1828549,0.18293979,0.18302526,0.18311131,0.18319794,0.18328516,0.18337296,0.18346133,0.18355029,0.18363983,0.18372996,0.18382066,0.18391194,0.18400381,0.18409626,0.18418929,0.1842829,0.18437709,0.18447186,0.18456722,0.18466315,0.18475967,0.18485677,0.18495445,0.18505271,0.18515156,0.18525098,0.18535099,0.18545158,0.18555274,0.1856545,0.18575683,0.18585974,0.18596324,0.18606731,0.18617197,0.18627721,0.18638303,0.18677985,0.18746769,0.18844652,0.18971636,0.19127721,0.1665609,0.12668784,0.06795592,0.01220826,-0.05490019,-0.12356659,-0.17919255,-0.22966421,-0.26719731,-0.28123915,-0.28468127,-0.26970614,-0.26132355,-0.25614122,-0.25846175,-0.26439204,-0.26919652,-0.26449101,-0.26416902,-0.26703886,-0.26703886],"instab":[null,null,null,null,null,null,null,null,null,null,null,null,null,null,null,null,null,null,null,null,null,null,null,null,null,null,null,null,null,null,null,null,null,null,null,null,null,null,null,null,null,null,null,null,null,null,null,null,null,null,null,null,null,null,null,null,null,null,null,null,null,null,null,null,null,null,null,null,null,null,null,null,null,null,null,null,null,null,null,null,null,null,null,null,null,null,null,null,null,null,null,null,null,null,null,null,null,null,null,null,null,null,null,null,null,null,null,null,null,null,null,null,null,null,null,null,null,null,null,null,null,null,null,null,null,null,null,null,null,null,null,null,null,null,null,null,null,null,null,null,null,null,null,null,null,null,null,null,null,null,null,null,null,null,null,null,null,null,null,null,null,null,null,null,null,null,null,null,null,null,null,null,null,null,null,null,null,null,null,null,null,null,null,null,null,null,null,null,null,null,9.267001,8.307087,7.678662,7.168227,6.706472,6.346833,6.039428,5.758838,5.534422,5.319822,5.157544,4.994753,1.28894,1.254474,1.223635,1.21792,1.188742,1.195943,0.997732],