{"word":"crewmate","years":[1800,1801,1802,1803,1804,1805,1806,1807,1808,1809,1810,1811,1812,1813,1814,1815,1816,1817,1818,1819,1820,1821,1822,1823,1824,1825,1826,1827,1828,1829,1830,1831,1832,1833,1834,1835,1836,1837,1838,1839,1840,1841,1842,1843,1844,1845,1846,1847,1848,1849,1850,1851,1852,1853,1854,1855,1856,1857,1858,1859,1860,1861,1862,1863,1864,1865,1866,1867,1868,1869,1870,1871,1872,1873,1874,1875,1876,1877,1878,1879,1880,1881,1882,1883,1884,1885,1886,1887,1888,1889,1890,1891,1892,1893,1894,1895,1896,1897,1898,1899,1900,1901,1902,1903,1904,1905,1906,1907,1908,1909,1910,1911,1912,1913,1914,1915,1916,1917,1918,1919,1920,1921,1922,1923,1924,1925,1926,1927,1928,1929,1930,1931,1932,1933,1934,1935,1936,1937,1938,1939,1940,1941,1942,1943,1944,1945,1946,1947,1948,1949,1950,1951,1952,1953,1954,1955,1956,1957,1958,1959,1960,1961,1962,1963,1964,1965,1966,1967,1968,1969,1970,1971,1972,1973,1974,1975,1976,1977,1978,1979,1980,1981,1982,1983,1984,1985,1986,1987,1988,1989,1990,1991,1992,1993,1994,1995,1996,1997,1998,1999,2000,2001,2002,2003,2004,2005,2006,2007,2008],"level":[-19.014954,-18.990964,-18.966974,-18.942985,-18.918995,-18.895005,-18.871015,-18.847025,-18.823035,-18.799045,-18.775055,-18.751065,-18.727075,-18.703085,-18.679094,-18.655104,-18.631114,-18.607123,-18.583132,-18.559154,-18.5352,-18.511283,-18.487414,-18.463608,-18.439874,-18.416227,-18.392678,-18.369239,-18.345923,-18.322743,-18.299709,-18.276835,-18.254133,-18.231616,-18.209295,-18.187182,-18.165291,-18.143633,-18.12222,-18.101066,-18.080182,-18.05958,-18.039273,-18.019273,-17.999593,-17.980244,-17.961239,-17.94259,-17.92431,-17.906411,-17.888904,-17.871803,-17.85512,-17.838867,-17.823056,-17.807699,-17.792809,-17.778398,-17.764479,-17.751063,-17.738164,-17.725792,-17.713961,-17.702683,-17.69197,-17.681834,-17.672288,-17.663344,-17.655014,-17.647311,-17.640247,-17.633833,-17.628083,-17.623009,-17.618623,-17.614937,-17.611963,-17.609714,-17.608203,-17.607441,-17.60744,-17.608213,-17.609773,-17.612131,-17.615301,-17.619293,-17.62412,-17.629796,-17.636331,-17.643739,-17.652031,-17.66122,-17.671318,-17.682337,-17.69429,-17.70719,-17.721047,-17.735875,-17.751686,-17.768492,-17.786306,-17.805139,-17.825004,-17.845913,-17.867879,-17.890914,-17.91503,-17.94024,-17.966555,-17.993988,-18.022551,-18.052257,-18.083118,-18.115146,-18.148354,-18.182753,-18.218356,-18.255176,-18.293224,-18.332513,-18.373055,-18.414862,-18.457948,-18.502323,-18.548001,-18.594993,-18.643312,-18.69297,-18.74398,-18.796353,-18.850103,-18.905241,-18.961779,-19.01973,-19.079107,-19.139921,-19.202184,-19.26591,-19.33111,-19.397797,-19.465982,-19.535679,-19.606899,-19.679655,-19.753959,-19.829823,-19.90726,-19.985369,-20.062089,-20.136239,-20.207502,-20.27556,-20.340098,-20.400356,-20.456188,-20.506829,-20.551514,-20.589476,-20.620435,-20.644637,-20.661371,-20.670456,-20.671257,-20.663927,-20.648064,-20.622297,-20.585568,-20.537999,-20.481013,-20.416781,-20.347632,-20.275132,-20.201218,-20.126271,-20.050272,-19.97301,-19.894544,-19.814957,-19.734871,-19.655062,-19.576226,-19.498535,-19.422872,-19.349593,-19.278857,-19.209936,-19.143113,-19.078537,-19.01532,-18.952172,-18.888621,-18.824301,-18.759141,-18.693345,-18.627405,-18.561444,-18.495287,-18.428714,-18.361767,-18.294384,-18.226534,-18.158294,-18.089991,-18.022047,-17.954846,-17.888595,-17.823394,-17.759126,-17.695278],"drift":[0.02398979,0.02398979,0.02398981,0.02398982,0.02398985,0.02398987,0.02398991,0.02398995,0.02398999,0.02399005,0.0239901,0.02399017,0.02399023,0.02399031,0.02399039,0.02399047,0.02399056,0.02399066,0.02397847,0.023954,0.02391723,0.02386818,0.02380684,0.02373322,0.02364731,0.02354911,0.02343863,0.02331586,0.0231808,0.02303345,0.02287382,0.0227019,0.0225177,0.02232121,0.02211243,0.02189136,0.02165801,0.02141237,0.02115444,0.02088423,0.02060173,0.02030694,0.01999987,0.01968051,0.01934886,0.01900493,0.01864871,0.0182802,0.0178994,0.01750632,0.01710096,0.0166833,0.01625336,0.01581113,0.01535661,0.01488981,0.01441072,0.01391935,0.01341568,0.01289974,0.0123715,0.01183098,0.01127817,0.01071307,0.01013569,0.00954601,0.00894406,0.00832981,0.00770328,0.00706446,0.00641336,0.00574997,0.00507429,0.00438633,0.00368607,0.00297354,0.00224871,0.0015116,0.0007622,5.1e-07,-0.00077346,-0.00155972,-0.00235827,-0.0031691,-0.00399222,-0.00482763,-0.00567532,-0.0065353,-0.00740757,-0.00829212,-0.00918896,-0.01009809,-0.01101951,-0.01195321,-0.0128992,-0.01385747,-0.01482803,-0.01581088,-0.01680602,-0.01781344,-0.01883315,-0.01986515,-0.02090943,-0.021966,-0.02303485,-0.024116,-0.02520943,-0.02631515,-0.02743315,-0.02856344,-0.02970602,-0.03086088,-0.03202803,-0.03320747,-0.0343992,-0.03560321,-0.03681951,-0.03804809,-0.03928896,-0.04054212,-0.04180757,-0.0430853,-0.04437532,-0.04567762,-0.04699222,-0.0483191,-0.04965826,-0.05100972,-0.05237346,-0.05374949,-0.0551378,-0.0565384,-0.05795129,-0.05937646,-0.06081392,-0.06226367,-0.06372571,-0.06520003,-0.06668664,-0.06818553,-0.06969671,-0.07122018,-0.07275594,-0.07430398,-0.07586431,-0.07743693,-0.0781083,-0.07672067,-0.07414986,-0.07126246,-0.06805847,-0.06453788,-0.06025806,-0.05583222,-0.05064102,-0.04468447,-0.03796257,-0.03095893,-0.02420193,-0.01673414,-0.00908463,-0.00080151,0.00733016,0.01586321,0.02576679,0.03672943,0.04756837,0.05698667,0.06423191,0.06914904,0.07249996,0.07391344,0.07494698,0.07599986,0.07726116,0.07846658,0.07958654,0.08008653,0.07980831,0.07883634,0.0776916,0.07566206,0.0732799,0.07073552,0.06892121,0.06682322,0.06457532,0.0632173,0.0631478,0.06355127,0.06432011,0.06515959,0.06579645,0.06593941,0.06596122,0.06615688,0.0665737,0.06694676,0.06738244,0.06785009,0.06824067,0.06830306,0.06794352,0.06720137,0.06625069,0.06520139,0.06426757,0.06384791,0.06384791],"instab":[null,null,null,null,null,null,null,null,null,null,null,null,null,null,null,null,null,null,null,null,null,null,null,null,null,null,null,null,null,null,null,null,null,null,null,null,null,null,null,null,null,null,null,null,null,null,null,null,null,null,null,null,null,null,null,null,null,null,null,null,null,null,null,null,null,null,null,null,null,null,null,null,null,null,null,null,null,null,null,null,null,null,null,null,null,null,null,null,null,null,null,null,null,null,null,null,null,null,null,null,null,null,null,null,null,null,null,null,null,null,null,null,null,null,null,null,null,null,null,null,null,null,null,null,null,null,null,null,null,null,null,null,null,null,null,null,null,null,null,null,null,null,null,null,null,null,null,null,null,null,null,62.437303,57.001043,52.700998,52.700998,52.700998,49.29877,46.473539,44.042917,42.00046,40.195029,38.628077,37.20686,35.928805,34.792754,0.750171,0.762182,0.652455,0.614977,0.658059,0.638412,0.7227,0.699331,0.692128,0.681535,0.665126,0.667665,0.664046,0.631323,0.622611,0.640527,0.625389,0.615004,0.601459,0.650921,0.611813,0.592795,0.593186,0.642281,0.593065,0.599344,0.472415,0.462724,0.470707,0.472117,0.472085,0.468441,0.468852,0.4659,0.44939,0.435038,0.415092,0.414346,0.388033,0.321716,0.322798,0.277614,0.279589,0.21107],