{"word":"crime","years":[1800,1801,1802,1803,1804,1805,1806,1807,1808,1809,1810,1811,1812,1813,1814,1815,1816,1817,1818,1819,1820,1821,1822,1823,1824,1825,1826,1827,1828,1829,1830,1831,1832,1833,1834,1835,1836,1837,1838,1839,1840,1841,1842,1843,1844,1845,1846,1847,1848,1849,1850,1851,1852,1853,1854,1855,1856,1857,1858,1859,1860,1861,1862,1863,1864,1865,1866,1867,1868,1869,1870,1871,1872,1873,1874,1875,1876,1877,1878,1879,1880,1881,1882,1883,1884,1885,1886,1887,1888,1889,1890,1891,1892,1893,1894,1895,1896,1897,1898,1899,1900,1901,1902,1903,1904,1905,1906,1907,1908,1909,1910,1911,1912,1913,1914,1915,1916,1917,1918,1919,1920,1921,1922,1923,1924,1925,1926,1927,1928,1929,1930,1931,1932,1933,1934,1935,1936,1937,1938,1939,1940,1941,1942,1943,1944,1945,1946,1947,1948,1949,1950,1951,1952,1953,1954,1955,1956,1957,1958,1959,1960,1961,1962,1963,1964,1965,1966,1967,1968,1969,1970,1971,1972,1973,1974,1975,1976,1977,1978,1979,1980,1981,1982,1983,1984,1985,1986,1987,1988,1989,1990,1991,1992,1993,1994,1995,1996,1997,1998,1999,2000,2001,2002,2003,2004,2005,2006,2007,2008,2009,2010,2011,2012,2013,2014,2015,2016,2017,2018,2019],"level":[-10.042492,-10.113713,-10.214897,-10.229437,-10.145213,-10.106936,-10.09981,-10.07026,-10.098916,-10.18079,-10.240343,-10.20181,-10.256458,-10.300874,-10.335347,-10.328479,-10.302992,-10.237792,-10.190735,-10.134136,-10.130712,-10.15289,-10.175652,-10.2272,-10.216603,-10.220092,-10.225041,-10.149328,-10.150558,-10.154958,-10.115369,-10.122037,-10.064454,-10.141252,-10.213912,-10.21864,-10.206538,-10.241311,-10.219007,-10.194518,-10.172005,-10.132617,-10.143935,-10.170474,-10.175073,-10.177964,-10.18698,-10.192542,-10.200991,-10.225619,-10.212697,-10.22599,-10.225332,-10.271575,-10.288819,-10.293025,-10.299192,-10.313251,-10.353594,-10.364152,-10.351776,-10.36724,-10.32285,-10.349404,-10.32193,-10.281758,-10.264144,-10.278466,-10.2785,-10.363376,-10.401896,-10.41548,-10.446284,-10.430697,-10.450675,-10.450126,-10.448876,-10.442988,-10.482706,-10.488895,-10.491167,-10.495824,-10.500845,-10.525589,-10.522439,-10.517524,-10.511042,-10.497216,-10.513787,-10.529542,-10.536197,-10.525943,-10.512661,-10.531494,-10.541542,-10.54438,-10.554458,-10.58585,-10.606214,-10.60526,-10.616981,-10.625864,-10.650699,-10.666831,-10.651223,-10.65611,-10.663362,-10.676578,-10.677357,-10.695642,-10.713066,-10.735813,-10.749413,-10.779087,-10.777581,-10.804455,-10.858641,-10.893209,-10.908498,-10.926427,-10.923272,-10.908196,-10.882775,-10.880859,-10.873959,-10.845192,-10.81984,-10.801643,-10.796366,-10.800046,-10.780884,-10.768278,-10.746917,-10.762375,-10.753975,-10.735714,-10.701521,-10.806525,-10.874926,-10.907757,-10.98328,-11.052665,-11.064078,-11.038733,-11.100057,-11.11751,-11.104844,-11.0992,-11.049892,-10.991751,-10.988868,-10.932775,-10.990825,-10.988769,-10.997978,-11.022879,-11.05377,-11.042284,-11.063405,-11.050764,-11.025782,-11.007194,-10.99464,-10.964167,-10.8661,-10.73445,-10.629102,-10.468268,-10.389123,-10.339152,-10.305706,-10.307136,-10.334764,-10.371184,-10.388562,-10.378081,-10.375083,-10.392594,-10.392105,-10.407414,-10.409076,-10.375758,-10.380851,-10.380407,-10.380307,-10.416856,-10.448928,-10.459853,-10.462777,-10.415574,-10.401488,-10.393838,-10.369717,-10.336073,-10.272583,-10.260872,-10.24464,-10.227589,-10.199105,-10.185385,-10.179998,-10.193946,-10.195105,-10.200179,-10.175296,-10.155074,-10.129666,-10.106683,-10.085396,-10.062955,-10.078643,-10.131943,-10.211091,-10.213096,-10.18119,-10.140711,-10.113033,-10.11656,-10.085369,-10.06347],"drift":[-0.00404694,-0.00403256,-0.0039974,-0.00395998,-0.00394143,-0.00393192,-0.00392477,-0.00392478,-0.0039195,-0.00389755,-0.00386368,-0.00383888,-0.00380322,-0.00375886,-0.00370793,-0.00365927,-0.00361684,-0.00358913,-0.00357226,-0.00356827,-0.00356578,-0.0035593,-0.00354871,-0.00352785,-0.00351002,-0.00349218,-0.00347404,-0.00347284,-0.00347212,-0.00347121,-0.0034795,-0.00348712,-0.0035078,-0.0035128,-0.003503,-0.00349294,-0.00348622,-0.0034728,-0.0034649,-0.00346298,-0.00346662,-0.00347943,-0.00349056,-0.00349676,-0.00350272,-0.00350882,-0.00351374,-0.00351821,-0.00352164,-0.00352054,-0.00352297,-0.0035233,-0.00352453,-0.00351662,-0.00350577,-0.00349477,-0.0034832,-0.00346937,-0.00344764,-0.0034244,-0.00340454,-0.00338209,-0.00336987,-0.00335269,-0.0033421,-0.00334082,-0.00334403,-0.00334489,-0.00334646,-0.00333058,-0.00330717,-0.00328156,-0.00325007,-0.0032226,-0.00319155,-0.0031613,-0.00313199,-0.00310462,-0.00306941,-0.00303353,-0.00299781,-0.00296174,-0.00292523,-0.00288405,-0.00284416,-0.00280594,-0.0027697,-0.00273701,-0.00270136,-0.00266291,-0.00262362,-0.00258707,-0.00255393,-0.0025173,-0.00247906,-0.00244074,-0.00240079,-0.00235463,-0.00230462,-0.00225531,-0.00220398,-0.00215121,-0.00209359,-0.00203297,-0.00197612,-0.00191865,-0.00186003,-0.00179899,-0.00173816,-0.0016738,-0.00160606,-0.0015338,-0.00145896,-0.00137809,-0.00129782,-0.00121209,-0.00111502,-0.00101079,-0.00090351,-0.00079259,-0.00068251,-0.0005758,-0.00047465,-0.00037402,-0.00027494,-0.00018207,-9.467e-05,-1.119e-05,7.117e-05,0.00015432,0.00023341,0.00030986,0.0003818,0.00045712,0.00053075,0.00060059,0.00066323,0.00074849,0.00084854,0.0009558,0.00107942,0.00121813,0.00135953,0.0014958,0.00164552,0.00179932,0.00195079,0.00210148,0.00224206,0.00237068,0.0024992,0.00261624,0.00274627,0.00287645,0.00300921,0.00314794,0.00329395,0.00343822,0.00358774,0.00373532,0.00387835,0.00401824,0.0041563,0.00428873,0.00440109,0.00448623,0.00454978,0.00457989,0.00459405,0.0045985,0.00459677,0.00459634,0.0046028,0.00461803,0.00463798,0.00465667,0.00467572,0.00469952,0.00472422,0.0047532,0.00478356,0.00480781,0.00483418,0.00486148,0.00488981,0.00492701,0.00497212,0.00502063,0.00507084,0.00511204,0.00515132,0.00519006,0.00522475,0.00525337,0.00526952,0.00528429,0.00529672,0.00530663,0.00531159,0.00531474,0.00531788,0.00532514,0.00533379,0.00534467,0.00535136,0.00535488,0.0053541,0.00534955,0.00534159,0.00532998,0.00532286,0.00532828,0.00535178,0.00537685,0.00539625,0.00540814,0.00541526,0.0054243,0.00542782,0.00542782],