{"word":"crisis","years":[1800,1801,1802,1803,1804,1805,1806,1807,1808,1809,1810,1811,1812,1813,1814,1815,1816,1817,1818,1819,1820,1821,1822,1823,1824,1825,1826,1827,1828,1829,1830,1831,1832,1833,1834,1835,1836,1837,1838,1839,1840,1841,1842,1843,1844,1845,1846,1847,1848,1849,1850,1851,1852,1853,1854,1855,1856,1857,1858,1859,1860,1861,1862,1863,1864,1865,1866,1867,1868,1869,1870,1871,1872,1873,1874,1875,1876,1877,1878,1879,1880,1881,1882,1883,1884,1885,1886,1887,1888,1889,1890,1891,1892,1893,1894,1895,1896,1897,1898,1899,1900,1901,1902,1903,1904,1905,1906,1907,1908,1909,1910,1911,1912,1913,1914,1915,1916,1917,1918,1919,1920,1921,1922,1923,1924,1925,1926,1927,1928,1929,1930,1931,1932,1933,1934,1935,1936,1937,1938,1939,1940,1941,1942,1943,1944,1945,1946,1947,1948,1949,1950,1951,1952,1953,1954,1955,1956,1957,1958,1959,1960,1961,1962,1963,1964,1965,1966,1967,1968,1969,1970,1971,1972,1973,1974,1975,1976,1977,1978,1979,1980,1981,1982,1983,1984,1985,1986,1987,1988,1989,1990,1991,1992,1993,1994,1995,1996,1997,1998,1999,2000,2001,2002,2003,2004,2005,2006,2007,2008],"level":[-11.562416,-11.452148,-11.363081,-11.435529,-11.476256,-11.477568,-11.515691,-11.463545,-11.550894,-11.619686,-11.64385,-11.72548,-11.737522,-11.683577,-11.614596,-11.526272,-11.476852,-11.468208,-11.537803,-11.587736,-11.498461,-11.469706,-11.537831,-11.494269,-11.542802,-11.477251,-11.396327,-11.266453,-11.325889,-11.423721,-11.432587,-11.298938,-11.20475,-11.188702,-11.182696,-11.114404,-11.106004,-11.159948,-11.221599,-11.197985,-11.168283,-11.168154,-11.165511,-11.154762,-11.130849,-11.123798,-11.038104,-10.994687,-10.947583,-10.953695,-11.001415,-11.017939,-11.001959,-10.991261,-10.962474,-10.950322,-10.897377,-10.898099,-10.836898,-10.88847,-10.880529,-10.867682,-10.863086,-10.89477,-10.889352,-10.887871,-10.870617,-10.999189,-11.082171,-11.124883,-11.114285,-11.131902,-11.12732,-11.116864,-11.083242,-11.031569,-11.028064,-10.979346,-10.963854,-10.991962,-10.998821,-11.025449,-11.03237,-11.082341,-11.101335,-11.074286,-11.01725,-11.021026,-11.012623,-10.987477,-10.982753,-10.988022,-11.038005,-11.035892,-11.017411,-11.015342,-10.956243,-10.95741,-10.940067,-10.906164,-10.917483,-10.958841,-10.938468,-10.946331,-10.975008,-10.98494,-11.001021,-10.980558,-10.973603,-10.94555,-10.974256,-10.967615,-10.973216,-10.922348,-10.834445,-10.756832,-10.750274,-10.74999,-10.699747,-10.709664,-10.754135,-10.768593,-10.821901,-10.853786,-10.874883,-10.881892,-10.872724,-10.810607,-10.787696,-10.75636,-10.712109,-10.62114,-10.533697,-10.469405,-10.396081,-10.370699,-10.416378,-10.441232,-10.405161,-10.377427,-10.403349,-10.452821,-10.451256,-10.453386,-10.477994,-10.491579,-10.490032,-10.483325,-10.508722,-10.534527,-10.522475,-10.505994,-10.499819,-10.526046,-10.546045,-10.543951,-10.532902,-10.50041,-10.472688,-10.456286,-10.399263,-10.357702,-10.328945,-10.276327,-10.235139,-10.205556,-10.179082,-10.145543,-10.11656,-10.107339,-10.085466,-10.04509,-10.031589,-10.009089,-9.985784,-9.984882,-9.994641,-9.996547,-9.975955,-9.966322,-9.957745,-9.947761,-9.943642,-9.944437,-9.93583,-9.92859,-9.917466,-9.921242,-9.903779,-9.895013,-9.892659,-9.890371,-9.901284,-9.909449,-9.933973,-9.947019,-9.964724,-9.964488,-9.946355,-9.914446,-9.897808,-9.906083,-9.949991,-10.005607,-10.035372,-10.047001,-10.074482,-10.118819,-10.1825],"drift":[0.00663425,0.00663425,0.00663425,0.00663425,0.00663425,0.00663425,0.00663425,0.00663424,0.00663425,0.00663425,0.00663425,0.00663425,0.00663425,0.00663425,0.00663425,0.00663425,0.00663425,0.00663425,0.00663425,0.00663425,0.00663425,0.00663425,0.00663426,0.00663426,0.00663426,0.00663426,0.00663426,0.00663426,0.00663426,0.00663426,0.00663426,0.00663426,0.00663426,0.00663425,0.00663425,0.00663425,0.00663425,0.00663425,0.00663425,0.00663425,0.00663425,0.00663425,0.00663425,0.00663425,0.00663425,0.00663424,0.00663424,0.00663424,0.00663424,0.00663424,0.00663424,0.00663424,0.00663423,0.00663423,0.00663423,0.00663423,0.00663423,0.00663423,0.00663422,0.00663422,0.00663422,0.00663422,0.00663422,0.00663422,0.00663421,0.00663421,0.00663421,0.00663421,0.00663421,0.00663421,0.00663421,0.00663421,0.00663421,0.00663421,0.00663421,0.00663421,0.00663421,0.00663421,0.00663421,0.00663421,0.00663421,0.00663421,0.00663421,0.00663421,0.00663421,0.00663421,0.00663421,0.00663421,0.00663421,0.00663421,0.00663421,0.00663421,0.00663421,0.00663421,0.00663421,0.00663421,0.00663421,0.00663422,0.00663422,0.00663422,0.00663422,0.00663422,0.00663422,0.00663422,0.00663422,0.00663422,0.00663422,0.00663422,0.00663422,0.00663422,0.00663422,0.00663422,0.00663422,0.00663422,0.00663422,0.00663422,0.00663422,0.00663422,0.00663422,0.00663422,0.00663422,0.00663422,0.00663422,0.00663422,0.00663422,0.00663423,0.00663423,0.00663423,0.00663423,0.00663423,0.00663423,0.00663423,0.00663423,0.00663422,0.00663422,0.00663422,0.00663422,0.00663422,0.00663422,0.00663422,0.00663421,0.00663421,0.00663421,0.00663421,0.00663421,0.00663421,0.00663421,0.00663421,0.00663421,0.00663421,0.00663421,0.00663421,0.00663421,0.00663421,0.00663421,0.00663421,0.00663421,0.00663421,0.00663421,0.00663421,0.00663421,0.0066342,0.0066342,0.0066342,0.0066342,0.0066342,0.0066342,0.0066342,0.00663419,0.00663419,0.00663419,0.00663419,0.00663419,0.00663418,0.00663418,0.00663418,0.00663418,0.00663417,0.00663417,0.00663417,0.00663417,0.00663416,0.00663416,0.00663416,0.00663416,0.00663415,0.00663415,0.00663415,0.00663415,0.00663414,0.00663414,0.00663414,0.00663414,0.00663413,0.00663413,0.00663413,0.00663413,0.00663413,0.00663413,0.00663412,0.00663412,0.00663412,0.00663412,0.00663412,0.00663412,0.00663411,0.00663411,0.00663411,0.00663411],"instab":[null,null,null,null,5.168531,4.727255,4.370656,4.106995,3.86677,3.665487,3.498741,3.346958,3.216414,3.103799,3.002433,2.912052,2.827855,2.749928,2.675194,2.605548,0.196664,0.190956,0.195737,0.16968,0.167806,0.169441,0.164425,0.180122,0.174348,0.181096,0.18552,0.186918,0.190337,0.189858,0.190479,0.188777,0.187642,0.189131,0.192184,0.183955,0.178863,0.176622,0.167523,0.16416,0.15661,0.157403,0.160485,0.134445,0.135209,0.118759,0.116065,0.105034,0.092737,0.092702,0.091857,0.085079,0.088864,0.087815,0.084604,0.093867,0.093063,0.092905,0.092785,0.096282,0.095904,0.094172,0.093286,0.11107,0.113811,0.115865,0.114604,0.11427,0.113974,0.113985,0.113423,0.118166,0.113511,0.116277,0.106751,0.102571,0.102626,0.103002,0.102899,0.103606,0.104306,0.104613,0.103485,0.086263,0.07616,0.071134,0.0707,0.069423,0.076865,0.076933,0.077181,0.072407,0.079929,0.076327,0.074838,0.076297,0.076301,0.08076,0.081585,0.076679,0.076041,0.076186,0.069846,0.070492,0.07053,0.072946,0.07538,0.075147,0.070086,0.070649,0.077593,0.086248,0.080385,0.081404,0.086036,0.084058,0.088364,0.081859,0.085977,0.087526,0.086854,0.087122,0.086264,0.090897,0.090814,0.08862,0.0859,0.090958,0.093629,0.094497,0.095144,0.089217,0.093978,0.097072,0.093714,0.095154,0.091014,0.098089,0.093356,0.091019,0.091294,0.091762,0.090809,0.087135,0.088495,0.091395,0.091377,0.085942,0.078525,0.076554,0.066547,0.060166,0.057189,0.055131,0.054606,0.049077,0.05572,0.049852,0.049977,0.053764,0.053539,0.052329,0.052053,0.052426,0.050752,0.044443,0.044462,0.046197,0.046538,0.042225,0.036264,0.035412,0.037477,0.040605,0.040404,0.038981,0.036036,0.034594,0.034931,0.032801,0.030602,0.030166,0.030084,0.030792,0.028972,0.028775,0.028951,0.02294,0.024169,0.023582,0.024331,0.024699,0.026393,0.025951,0.024317,0.028386,0.030372,0.030401,0.03362,0.042616,0.044547,0.044441,0.043592,0.044357,0.055402],