{"word":"criths","years":[1800,1801,1802,1803,1804,1805,1806,1807,1808,1809,1810,1811,1812,1813,1814,1815,1816,1817,1818,1819,1820,1821,1822,1823,1824,1825,1826,1827,1828,1829,1830,1831,1832,1833,1834,1835,1836,1837,1838,1839,1840,1841,1842,1843,1844,1845,1846,1847,1848,1849,1850,1851,1852,1853,1854,1855,1856,1857,1858,1859,1860,1861,1862,1863,1864,1865,1866,1867,1868,1869,1870,1871,1872,1873,1874,1875,1876,1877,1878,1879,1880,1881,1882,1883,1884,1885,1886,1887,1888,1889,1890,1891,1892,1893,1894,1895,1896,1897,1898,1899,1900,1901,1902,1903,1904,1905,1906,1907,1908,1909,1910,1911,1912,1913,1914,1915,1916,1917,1918,1919,1920,1921,1922,1923,1924,1925,1926,1927,1928,1929,1930,1931,1932,1933,1934,1935,1936,1937,1938,1939,1940,1941,1942,1943,1944,1945,1946,1947,1948,1949,1950,1951,1952,1953,1954,1955,1956,1957,1958,1959,1960,1961,1962,1963,1964,1965,1966,1967,1968,1969,1970,1971,1972,1973,1974,1975,1976,1977,1978,1979,1980,1981,1982,1983,1984,1985,1986,1987,1988,1989,1990,1991,1992,1993,1994,1995,1996,1997,1998,1999,2000,2001,2002,2003,2004,2005,2006,2007,2008],"level":[-17.614985,-17.595767,-17.576549,-17.557332,-17.538114,-17.518896,-17.499678,-17.480461,-17.461243,-17.442025,-17.422808,-17.403612,-17.384459,-17.365372,-17.346372,-17.32748,-17.308719,-17.290111,-17.271676,-17.253438,-17.235417,-17.217635,-17.200115,-17.182877,-17.165944,-17.149338,-17.133079,-17.117191,-17.101694,-17.086611,-17.071963,-17.057772,-17.044059,-17.030847,-17.018158,-17.006012,-16.994432,-16.98344,-16.973057,-16.963305,-16.954206,-16.945782,-16.938054,-16.931044,-16.924774,-16.919265,-16.91454,-16.91062,-16.907527,-16.905283,-16.903909,-16.903427,-16.90386,-16.905228,-16.907553,-16.910858,-16.915164,-16.920492,-16.926865,-16.934305,-16.942832,-16.952469,-16.963238,-16.97516,-16.988257,-17.002551,-17.018064,-17.03483,-17.052877,-17.072232,-17.092829,-17.114695,-17.137842,-17.162285,-17.188037,-17.215228,-17.243914,-17.274173,-17.306075,-17.339681,-17.375025,-17.412142,-17.451158,-17.49212,-17.53502,-17.579852,-17.626526,-17.674938,-17.724992,-17.776547,-17.829427,-17.883581,-17.938997,-17.995571,-18.053195,-18.111742,-18.17111,-18.231196,-18.291891,-18.35307,-18.414643,-18.4765,-18.538533,-18.600587,-18.662499,-18.724109,-18.785286,-18.845915,-18.905987,-18.965493,-19.024425,-19.082773,-19.140529,-19.197683,-19.254144,-19.309818,-19.364613,-19.418436,-19.471194,-19.522796,-19.573147,-19.622209,-19.66994,-19.716301,-19.761278,-19.804901,-19.847199,-19.888201,-19.927937,-19.966435,-20.003724,-20.039835,-20.074795,-20.108635,-20.141383,-20.173069,-20.203722,-20.233371,-20.262046,-20.289774,-20.316587,-20.342512,-20.367579,-20.391818,-20.415257,-20.437925,-20.459853,-20.481068,-20.501601,-20.52148,-20.540735,-20.559394,-20.577488,-20.595045,-20.612094,-20.628665,-20.644786,-20.660487,-20.675798,-20.690747,-20.705364,-20.719677,-20.733716,-20.747511,-20.76109,-20.774471,-20.787661,-20.800666,-20.813491,-20.826143,-20.838627,-20.850951,-20.863119,-20.875137,-20.886958,-20.898533,-20.909813,-20.920749,-20.931293,-20.941397,-20.951012,-20.960089,-20.968602,-20.976524,-20.983828,-20.990488,-20.996476,-21.001766,-21.006331,-21.010142,-21.013137,-21.015254,-21.016432,-21.016609,-21.015768,-21.013895,-21.010975,-21.00699,-21.002011,-20.996104,-20.989338,-20.981781,-20.973502,-20.964567,-20.955047,-20.945057,-20.934715,-20.924138,-20.913445],"drift":[0.0192177,0.0192177,0.0192177,0.0192177,0.01921771,0.01921771,0.01921772,0.01921773,0.01921773,0.01921774,0.01919599,0.01915248,0.0190872,0.01900017,0.01889137,0.01876081,0.01860849,0.01843441,0.01823857,0.01802096,0.0177816,0.01752047,0.01723759,0.01693294,0.01660653,0.01625836,0.01588842,0.01549673,0.01508328,0.01464806,0.01419108,0.01371234,0.01321184,0.01268958,0.01214556,0.01157978,0.01099223,0.01038292,0.00975186,0.00909903,0.00842444,0.00772809,0.00700997,0.0062701,0.00550846,0.00472507,0.00391991,0.00309299,0.00224431,0.00137387,0.00048167,-0.0004323,-0.00136802,-0.00232551,-0.00330476,-0.00430577,-0.00532854,-0.00637307,-0.00743936,-0.00852742,-0.00963723,-0.01076881,-0.01192215,-0.01309724,-0.01429411,-0.01551273,-0.01676616,-0.01804679,-0.01935461,-0.02059784,-0.02186518,-0.02314707,-0.02444354,-0.0257517,-0.02719101,-0.0286861,-0.03025931,-0.03190214,-0.03360589,-0.03534428,-0.0371173,-0.03901575,-0.04096172,-0.04290032,-0.04483155,-0.0466736,-0.04841233,-0.05005366,-0.05155554,-0.0528794,-0.05415401,-0.05541563,-0.05657396,-0.05762415,-0.05854746,-0.05936793,-0.0600852,-0.06069517,-0.06117863,-0.0615732,-0.0618567,-0.06203345,-0.06205322,-0.06191202,-0.06160986,-0.06117676,-0.06062888,-0.0600721,-0.0595064,-0.05893179,-0.05834827,-0.05775583,-0.05715448,-0.05646051,-0.05567392,-0.0547947,-0.05382286,-0.05275839,-0.05160131,-0.0503516,-0.04906161,-0.04773133,-0.04636077,-0.0449773,-0.04362303,-0.04229795,-0.04100207,-0.03973539,-0.0384979,-0.03728961,-0.03611051,-0.03496061,-0.0338399,-0.03274838,-0.03168607,-0.03065295,-0.02964902,-0.02867429,-0.02772875,-0.02681241,-0.02592527,-0.02506732,-0.02423856,-0.023439,-0.02266864,-0.02192747,-0.02121549,-0.02053272,-0.01987913,-0.01925475,-0.01865955,-0.01809356,-0.01755675,-0.01704915,-0.01657074,-0.01612152,-0.0157015,-0.01531068,-0.01494905,-0.01461661,-0.01431337,-0.01403933,-0.01379448,-0.01357883,-0.0133814,-0.01318999,-0.0130046,-0.01282523,-0.01265189,-0.01248456,-0.01232326,-0.01216797,-0.01201871,-0.0118209,-0.01157456,-0.01127968,-0.01093626,-0.01054431,-0.01010381,-0.00961478,-0.00907721,-0.0085129,-0.00792186,-0.00730408,-0.00665957,-0.00598833,-0.00529035,-0.00456447,-0.0038107,-0.00299502,-0.00211743,-0.00117793,-0.00017652,0.00084041,0.00187284,0.00292079,0.00398426,0.00497958,0.00590677,0.00676582,0.00755673,0.00827951,0.00893414,0.00952064,0.00998984,0.01034174,0.01057634,0.01069364,0.01069364],"instab":[null,null,null,null,null,null,null,null,null,null,null,null,null,null,null,null,null,null,null,null,null,null,null,null,null,null,null,null,null,null,null,null,null,null,null,null,null,null,null,null,null,null,null,null,null,null,null,null,null,null,null,null,null,null,null,null,null,null,null,null,null,null,null,null,null,null,null,null,null,null,49.303427,49.303427,45.012356,41.821073,39.025781,36.806729,34.906915,33.275417,31.846583,31.846583,30.641729,29.496996,28.482037,28.482037,27.561263,1.225303,1.23561,1.197506,1.120037,1.2243,1.236291,1.257984,1.25877,1.145979,1.085624,1.084751,1.081776,1.080361,1.086491,1.060382,0.991603,0.936857,0.906056,0.906056,0.857534,0.858252,0.9371,0.95157,0.971672,0.760723,0.769789,0.632339,0.840914,0.872915,0.895447,0.938807,0.98959,1.044464,1.078944,1.112656,1.201789,1.223213,1.222805,1.117068,1.211558,1.354134,null,null,null,null,null,null,null,null,null,null,null,null,null,null,null,null,null,null,null,null,null,null,null,null,null,null,null,null,null,null,null,null,null,null,null,null,null,null,null,null,null,null,null,null,null,null,null,null,null,null,null,null,null,null,null,null,null,null,null,null,null,null,null,null,null,null,null,null,null,null,0.767114,0.767114,0.767114,0.767114,null,null,null,0.774344,0.774344,0.774344,null,null,null],