{"word":"crontab","years":[1800,1801,1802,1803,1804,1805,1806,1807,1808,1809,1810,1811,1812,1813,1814,1815,1816,1817,1818,1819,1820,1821,1822,1823,1824,1825,1826,1827,1828,1829,1830,1831,1832,1833,1834,1835,1836,1837,1838,1839,1840,1841,1842,1843,1844,1845,1846,1847,1848,1849,1850,1851,1852,1853,1854,1855,1856,1857,1858,1859,1860,1861,1862,1863,1864,1865,1866,1867,1868,1869,1870,1871,1872,1873,1874,1875,1876,1877,1878,1879,1880,1881,1882,1883,1884,1885,1886,1887,1888,1889,1890,1891,1892,1893,1894,1895,1896,1897,1898,1899,1900,1901,1902,1903,1904,1905,1906,1907,1908,1909,1910,1911,1912,1913,1914,1915,1916,1917,1918,1919,1920,1921,1922,1923,1924,1925,1926,1927,1928,1929,1930,1931,1932,1933,1934,1935,1936,1937,1938,1939,1940,1941,1942,1943,1944,1945,1946,1947,1948,1949,1950,1951,1952,1953,1954,1955,1956,1957,1958,1959,1960,1961,1962,1963,1964,1965,1966,1967,1968,1969,1970,1971,1972,1973,1974,1975,1976,1977,1978,1979,1980,1981,1982,1983,1984,1985,1986,1987,1988,1989,1990,1991,1992,1993,1994,1995,1996,1997,1998,1999,2000,2001,2002,2003,2004,2005,2006,2007,2008],"level":[-126.18225,-125.614594,-125.046934,-124.479269,-123.911595,-123.34391,-122.776209,-122.208492,-121.640754,-121.072992,-120.505205,-119.937388,-119.369539,-118.801655,-118.233733,-117.66577,-117.097764,-116.529711,-115.961608,-115.393453,-114.825243,-114.256974,-113.688644,-113.12025,-112.551789,-111.983258,-111.414654,-110.845974,-110.277215,-109.708375,-109.139451,-108.570439,-108.001336,-107.43214,-106.862848,-106.293457,-105.723964,-105.154366,-104.58466,-104.014844,-103.444913,-102.874866,-102.3047,-101.734411,-101.163997,-100.593454,-100.02278,-99.451973,-98.881028,-98.309943,-97.738716,-97.167342,-96.595821,-96.024147,-95.452319,-94.880334,-94.308188,-93.735879,-93.163404,-92.59076,-92.017944,-91.444953,-90.871784,-90.298434,-89.724901,-89.151181,-88.577272,-88.003171,-87.428874,-86.854379,-86.279683,-85.704782,-85.129675,-84.554358,-83.978828,-83.403083,-82.827119,-82.250933,-81.674523,-81.097885,-80.521017,-79.943917,-79.36658,-78.789003,-78.211186,-77.633123,-77.054812,-76.476251,-75.897436,-75.318365,-74.739034,-74.159441,-73.579582,-72.999456,-72.419058,-71.838387,-71.257438,-70.67621,-70.094699,-69.512902,-68.930817,-68.34844,-67.765769,-67.182801,-66.599532,-66.015961,-65.432083,-64.847896,-64.263397,-63.678584,-63.093453,-62.508001,-61.922225,-61.336124,-60.749692,-60.162929,-59.57583,-58.988394,-58.400616,-57.812494,-57.224026,-56.635207,-56.046036,-55.45651,-54.866624,-54.276378,-53.685767,-53.094789,-52.50344,-51.911719,-51.319621,-50.727145,-50.134287,-49.541044,-48.947413,-48.353392,-47.758977,-47.164166,-46.568956,-45.973343,-45.377325,-44.7809,-44.184063,-43.586812,-42.989144,-42.391057,-41.792547,-41.193612,-40.594248,-39.994453,-39.394223,-38.793556,-38.192449,-37.590899,-36.988903,-36.386459,-35.783562,-35.180211,-34.576402,-33.972132,-33.3674,-32.7622,-32.156532,-31.550391,-30.943775,-30.336682,-29.729107,-29.121048,-28.512503,-27.903468,-27.29394,-26.683917,-26.073396,-25.462373,-24.850846,-24.238812,-23.626267,-23.01321,-22.399637,-21.785545,-21.170931,-20.555793,-19.937852,-19.384404,-18.967419,-18.541243,-18.127327,-17.802694,-17.484589,-17.144271,-16.807118,-16.537248,-16.393879,-16.419481,-16.520253,-16.612958,-16.640868,-16.558294,-16.34913,-16.065409,-15.793724,-15.6175,-15.529089,-15.542654,-15.664013,-15.814405,-15.984321,-16.176462,-16.384482],"drift":[0.56765652,0.56765945,0.56766529,0.56767404,0.56768572,0.5677003,0.5677178,0.56773822,0.56776155,0.5677878,0.56781695,0.56784903,0.56788402,0.56792192,0.56796274,0.56800647,0.56805312,0.56810268,0.56815516,0.56821055,0.56826886,0.56833008,0.56839421,0.56846126,0.56853123,0.56860411,0.5686799,0.56875861,0.56884023,0.56892477,0.56901222,0.56910259,0.56919587,0.56929207,0.56939118,0.56949321,0.56959815,0.569706,0.56981677,0.56993046,0.57004706,0.57016657,0.570289,0.57041434,0.5705426,0.57067377,0.57080786,0.57094486,0.57108478,0.57122761,0.57137335,0.57152201,0.57167359,0.57182808,0.57198548,0.5721458,0.57230903,0.57247518,0.57264425,0.57281622,0.57299112,0.57316892,0.57334964,0.57353328,0.57371983,0.5739093,0.57410168,0.57429697,0.57449518,0.5746963,0.57490034,0.5751073,0.57531716,0.57552995,0.57574564,0.57596426,0.57618578,0.57641022,0.57663758,0.57686785,0.57710104,0.57733714,0.57757615,0.57781808,0.57806292,0.57831068,0.57856135,0.57881494,0.57907144,0.57933086,0.57959319,0.57985844,0.5801266,0.58039768,0.58067167,0.58094857,0.58122839,0.58151113,0.58179677,0.58208534,0.58237682,0.58267121,0.58296852,0.58326874,0.58357188,0.58387793,0.58418689,0.58449877,0.58481357,0.58513128,0.5854519,0.58577544,0.5861019,0.58643127,0.58676355,0.58709875,0.58743686,0.58777789,0.58812183,0.58846869,0.58881846,0.58917114,0.58952674,0.58988526,0.59024669,0.59061103,0.59097829,0.59134847,0.59172155,0.59209756,0.59247647,0.59285831,0.59324305,0.59363072,0.59402129,0.59441478,0.59481119,0.59521051,0.59561274,0.59601789,0.59642596,0.59683694,0.59725083,0.59766764,0.59808736,0.59851,0.59893555,0.59936402,0.5997954,0.60022969,0.60066691,0.60110703,0.60155007,0.60199603,0.6024449,0.60289668,0.60335138,0.60380899,0.60426952,0.60473296,0.60519932,0.60566859,0.60614078,0.60661588,0.60709389,0.60757482,0.60805867,0.60854543,0.6090351,0.60952769,0.6100232,0.61052162,0.61102295,0.6115272,0.61203436,0.61254444,0.61305743,0.61357333,0.61409215,0.61461389,0.61513854,0.61566611,0.55117138,0.42165435,0.42554748,0.41146283,0.32729184,0.31910402,0.33944902,0.33495985,0.26781743,0.14201455,-0.0224843,-0.09788163,-0.09070313,-0.02633291,0.08309416,0.20738096,0.28073832,0.26886331,0.17636653,0.08794834,-0.01368584,-0.11877398,-0.14999784,-0.169985,-0.19191743,-0.20747529,-0.20747529],"instab":[null,null,null,null,null,null,null,null,null,null,null,null,null,null,null,null,null,null,null,null,null,null,null,null,null,null,null,null,null,null,null,null,null,null,null,null,null,null,null,null,null,null,null,null,null,null,null,null,null,null,null,null,null,null,null,null,null,null,null,null,null,null,null,null,null,null,null,null,null,null,null,null,null,null,null,null,null,null,null,null,null,null,null,null,null,null,null,null,null,null,null,null,null,null,null,null,null,null,null,null,null,null,null,null,null,null,null,null,null,null,null,null,null,null,null,null,null,null,null,null,null,null,null,null,null,null,null,null,null,null,null,null,null,null,null,null,null,null,null,null,null,null,null,null,null,null,null,null,null,null,null,null,null,null,null,null,null,null,null,null,null,null,null,null,null,null,null,null,null,null,null,null,null,null,null,null,null,null,null,null,null,null,null,null,null,null,9.503326,8.605801,7.943258,7.428046,7.008704,6.647628,6.339812,6.052346,5.80411,5.590159,5.401018,5.231982,5.084187,4.949453,4.824264,0.747132,0.728633,0.51392,0.404694,0.405266,0.371738,0.350579,0.347986],