{"word":"crosspeak","years":[1800,1801,1802,1803,1804,1805,1806,1807,1808,1809,1810,1811,1812,1813,1814,1815,1816,1817,1818,1819,1820,1821,1822,1823,1824,1825,1826,1827,1828,1829,1830,1831,1832,1833,1834,1835,1836,1837,1838,1839,1840,1841,1842,1843,1844,1845,1846,1847,1848,1849,1850,1851,1852,1853,1854,1855,1856,1857,1858,1859,1860,1861,1862,1863,1864,1865,1866,1867,1868,1869,1870,1871,1872,1873,1874,1875,1876,1877,1878,1879,1880,1881,1882,1883,1884,1885,1886,1887,1888,1889,1890,1891,1892,1893,1894,1895,1896,1897,1898,1899,1900,1901,1902,1903,1904,1905,1906,1907,1908,1909,1910,1911,1912,1913,1914,1915,1916,1917,1918,1919,1920,1921,1922,1923,1924,1925,1926,1927,1928,1929,1930,1931,1932,1933,1934,1935,1936,1937,1938,1939,1940,1941,1942,1943,1944,1945,1946,1947,1948,1949,1950,1951,1952,1953,1954,1955,1956,1957,1958,1959,1960,1961,1962,1963,1964,1965,1966,1967,1968,1969,1970,1971,1972,1973,1974,1975,1976,1977,1978,1979,1980,1981,1982,1983,1984,1985,1986,1987,1988,1989,1990,1991,1992,1993,1994,1995,1996,1997,1998,1999,2000,2001,2002,2003,2004,2005,2006,2007,2008],"level":[-80.836121,-80.507685,-80.17925,-79.850813,-79.522375,-79.193934,-78.865491,-78.537044,-78.208594,-77.88014,-77.55168,-77.223215,-76.894744,-76.566267,-76.237783,-75.909291,-75.580791,-75.252282,-74.923764,-74.595237,-74.266699,-73.93815,-73.60959,-73.281018,-72.952434,-72.623836,-72.295226,-71.966601,-71.637961,-71.309306,-70.980636,-70.65195,-70.323246,-69.994526,-69.665787,-69.33703,-69.008254,-68.679459,-68.350644,-68.021808,-67.692951,-67.364073,-67.035172,-66.706249,-66.377302,-66.048332,-65.719337,-65.390317,-65.061272,-64.732201,-64.403104,-64.073979,-63.744827,-63.415647,-63.086438,-62.7572,-62.427932,-62.098634,-61.769305,-61.439945,-61.110553,-60.781128,-60.451671,-60.122179,-59.792654,-59.463095,-59.1335,-58.803869,-58.474202,-58.144499,-57.814758,-57.484979,-57.155162,-56.825306,-56.49541,-56.165475,-55.835499,-55.505482,-55.175423,-54.845322,-54.515178,-54.184991,-53.854761,-53.524486,-53.194166,-52.8638,-52.533389,-52.202931,-51.872426,-51.541874,-51.211273,-50.880624,-50.549926,-50.219178,-49.888379,-49.55753,-49.226629,-48.895677,-48.564672,-48.233614,-47.902503,-47.571337,-47.240117,-46.908842,-46.577511,-46.246124,-45.91468,-45.583178,-45.251619,-44.920002,-44.588325,-44.25659,-43.924794,-43.592937,-43.26102,-42.92904,-42.596999,-42.264895,-41.932728,-41.600497,-41.268201,-40.935841,-40.603415,-40.270923,-39.938365,-39.60574,-39.273047,-38.940286,-38.607456,-38.274557,-37.941589,-37.60855,-37.27544,-36.942259,-36.609006,-36.275681,-35.942283,-35.608811,-35.275265,-34.941644,-34.607948,-34.274177,-33.940329,-33.606405,-33.272403,-32.938323,-32.604165,-32.269929,-31.935612,-31.601216,-31.266739,-30.932181,-30.597541,-30.262819,-29.928014,-29.593127,-29.258155,-28.923099,-28.587958,-28.252732,-27.917419,-27.582021,-27.246535,-26.910961,-26.5753,-26.23955,-25.90371,-25.567781,-25.231762,-24.895652,-24.55945,-24.223156,-23.88677,-23.550291,-23.213719,-22.877052,-22.540291,-22.203435,-21.866483,-21.529434,-21.192289,-20.855047,-20.517707,-20.190363,-19.876411,-19.579248,-19.312543,-19.094042,-18.926853,-18.799816,-18.704874,-18.633379,-18.584157,-18.561199,-18.568501,-18.602691,-18.65315,-18.718225,-18.801973,-18.905464,-19.032831,-19.172712,-19.31581,-19.456436,-19.594146,-19.732226,-19.870265,-20.015381,-20.16233],"drift":[0.32843511,0.32843565,0.32843674,0.32843836,0.32844053,0.32844323,0.32844648,0.32845026,0.32845459,0.32845946,0.32846487,0.32847082,0.32847731,0.32848434,0.32849191,0.32850002,0.32850867,0.32851786,0.3285276,0.32853787,0.32854869,0.32856004,0.32857194,0.32858437,0.32859735,0.32861087,0.32862493,0.32863953,0.32865467,0.32867035,0.32868657,0.32870333,0.32872063,0.32873848,0.32875686,0.32877578,0.32879525,0.32881525,0.3288358,0.32885689,0.32887851,0.32890068,0.32892339,0.32894664,0.32897043,0.32899476,0.32901963,0.32904504,0.329071,0.32909749,0.32912452,0.3291521,0.32918021,0.32920887,0.32923806,0.3292678,0.32929808,0.3293289,0.32936026,0.32939215,0.32942459,0.32945758,0.3294911,0.32952516,0.32955976,0.3295949,0.32963059,0.32966681,0.32970358,0.32974088,0.32977873,0.32981712,0.32985604,0.32989551,0.32993552,0.32997607,0.33001716,0.33005879,0.33010096,0.33014367,0.33018693,0.33023072,0.33027505,0.33031993,0.33036534,0.3304113,0.3304578,0.33050483,0.33055241,0.33060053,0.33064919,0.33069839,0.33074813,0.33079841,0.33084923,0.33090059,0.33095249,0.33100494,0.33105792,0.33111145,0.33116551,0.33122012,0.33127526,0.33133095,0.33138718,0.33144395,0.33150125,0.3315591,0.33161749,0.33167643,0.3317359,0.33179591,0.33185646,0.33191755,0.33197919,0.33204136,0.33210408,0.33216733,0.33223113,0.33229547,0.33236035,0.33242576,0.33249172,0.33255822,0.33262526,0.33269284,0.33276097,0.33282963,0.33289883,0.33296857,0.33303886,0.33310968,0.33318105,0.33325295,0.3333254,0.33339839,0.33347192,0.33354598,0.33362059,0.33369574,0.33377143,0.33384766,0.33392444,0.33400175,0.3340796,0.33415799,0.33423693,0.3343164,0.33439642,0.33447697,0.33455807,0.33463971,0.33472189,0.33480461,0.33488786,0.33497166,0.335056,0.33514089,0.33522631,0.33531227,0.33539877,0.33548582,0.3355734,0.33566153,0.33575019,0.3358394,0.33592914,0.33601943,0.33611026,0.33620163,0.33629354,0.33638599,0.33647898,0.33657251,0.33666658,0.33676119,0.33685635,0.33695204,0.33704827,0.33714505,0.33724236,0.33734022,0.32734436,0.31395181,0.29716258,0.26670513,0.21850108,0.1671894,0.12703636,0.09494222,0.07149468,0.04922232,0.02295762,-0.00730118,-0.03419058,-0.05045839,-0.06507561,-0.08374821,-0.1034905,-0.12736687,-0.13988097,-0.14309855,-0.14062578,-0.13770943,-0.13808079,-0.13803902,-0.14511603,-0.14694838,-0.14694838],"instab":[null,null,null,null,null,null,null,null,null,null,null,null,null,null,null,null,null,null,null,null,null,null,null,null,null,null,null,null,null,null,null,null,null,null,null,null,null,null,null,null,null,null,null,null,null,null,null,null,null,null,null,null,null,null,null,null,null,null,null,null,null,null,null,null,null,null,null,null,null,null,null,null,null,null,null,null,null,null,null,null,null,null,null,null,null,null,null,null,null,null,null,null,null,null,null,null,null,null,null,null,null,null,null,null,null,null,null,null,null,null,null,null,null,null,null,null,null,null,null,null,null,null,null,null,null,null,null,null,null,null,null,null,null,null,null,null,null,null,null,null,null,null,null,null,null,null,null,null,null,null,null,null,null,null,null,null,null,null,null,null,null,null,null,null,null,null,null,null,null,null,null,null,null,null,null,null,null,null,null,null,null,null,null,null,null,null,10.127307,9.282324,8.498477,7.912508,7.417253,7.022545,6.708252,6.456128,6.217104,5.973912,5.764532,5.596643,5.428139,5.319028,5.170653,1.577797,1.456133,1.418039,1.024414,1.018125,0.969403,0.948228,0.882705],