{"word":"cryptographers","years":[1800,1801,1802,1803,1804,1805,1806,1807,1808,1809,1810,1811,1812,1813,1814,1815,1816,1817,1818,1819,1820,1821,1822,1823,1824,1825,1826,1827,1828,1829,1830,1831,1832,1833,1834,1835,1836,1837,1838,1839,1840,1841,1842,1843,1844,1845,1846,1847,1848,1849,1850,1851,1852,1853,1854,1855,1856,1857,1858,1859,1860,1861,1862,1863,1864,1865,1866,1867,1868,1869,1870,1871,1872,1873,1874,1875,1876,1877,1878,1879,1880,1881,1882,1883,1884,1885,1886,1887,1888,1889,1890,1891,1892,1893,1894,1895,1896,1897,1898,1899,1900,1901,1902,1903,1904,1905,1906,1907,1908,1909,1910,1911,1912,1913,1914,1915,1916,1917,1918,1919,1920,1921,1922,1923,1924,1925,1926,1927,1928,1929,1930,1931,1932,1933,1934,1935,1936,1937,1938,1939,1940,1941,1942,1943,1944,1945,1946,1947,1948,1949,1950,1951,1952,1953,1954,1955,1956,1957,1958,1959,1960,1961,1962,1963,1964,1965,1966,1967,1968,1969,1970,1971,1972,1973,1974,1975,1976,1977,1978,1979,1980,1981,1982,1983,1984,1985,1986,1987,1988,1989,1990,1991,1992,1993,1994,1995,1996,1997,1998,1999,2000,2001,2002,2003,2004,2005,2006,2007,2008],"level":[-16.862475,-16.903634,-16.944793,-16.985952,-17.027104,-17.068242,-17.109357,-17.150443,-17.191493,-17.232499,-17.273454,-17.31435,-17.355181,-17.395939,-17.436616,-17.477206,-17.517701,-17.558094,-17.598377,-17.638544,-17.678586,-17.718497,-17.75827,-17.797896,-17.837369,-17.876682,-17.915826,-17.954796,-17.993583,-18.03218,-18.07058,-18.108776,-18.14676,-18.184525,-18.222064,-18.259369,-18.296434,-18.33325,-18.369811,-18.406109,-18.442137,-18.477887,-18.513353,-18.548527,-18.583402,-18.61797,-18.652224,-18.686157,-18.719762,-18.753031,-18.785957,-18.818532,-18.85075,-18.882603,-18.914083,-18.945184,-18.975899,-19.006219,-19.036137,-19.065647,-19.094741,-19.123412,-19.151651,-19.179453,-19.20681,-19.233714,-19.260158,-19.286135,-19.311638,-19.336659,-19.361191,-19.385227,-19.408759,-19.43178,-19.454282,-19.47626,-19.497704,-19.518608,-19.538965,-19.558767,-19.578007,-19.596678,-19.614772,-19.632282,-19.649201,-19.665522,-19.681237,-19.696257,-19.710493,-19.723899,-19.736425,-19.747971,-19.758435,-19.767758,-19.775879,-19.782734,-19.788258,-19.792232,-19.794495,-19.794888,-19.793251,-19.789497,-19.783542,-19.775299,-19.764764,-19.75196,-19.736912,-19.719643,-19.700156,-19.678552,-19.654933,-19.629436,-19.602084,-19.572897,-19.541898,-19.509107,-19.474568,-19.438314,-19.40048,-19.3612,-19.32061,-19.278843,-19.236082,-19.192509,-19.148275,-19.103472,-19.058191,-19.012526,-18.966569,-18.920477,-18.874435,-18.828625,-18.783349,-18.738659,-18.694533,-18.651015,-18.608111,-18.5659,-18.524416,-18.483661,-18.443695,-18.404467,-18.365899,-18.327999,-18.290746,-18.254049,-18.217893,-18.182243,-18.147117,-18.112446,-18.078149,-18.04423,-18.010741,-17.977743,-17.945335,-17.913586,-17.882541,-17.852227,-17.822617,-17.793664,-17.765313,-17.737518,-17.710232,-17.683497,-17.657291,-17.6316,-17.606407,-17.581749,-17.557633,-17.533972,-17.510628,-17.487493,-17.464494,-17.441633,-17.418947,-17.39646,-17.374192,-17.352151,-17.330353,-17.308792,-17.287409,-17.266148,-17.244917,-17.223625,-17.202184,-17.180534,-17.158637,-17.136453,-17.113941,-17.091082,-17.067856,-17.044239,-17.020229,-16.995852,-16.971177,-16.946291,-16.921301,-16.896328,-16.871496,-16.84695,-16.82282,-16.799215,-16.776162,-16.753634,-16.731572,-16.709877,-16.688453,-16.667197,-16.646017],"drift":[-0.04115921,-0.04115921,-0.04115921,-0.04115191,-0.04113731,-0.04111542,-0.04108622,-0.04104972,-0.04100593,-0.04095483,-0.04089644,-0.04083075,-0.04075775,-0.04067746,-0.04058987,-0.04049499,-0.0403928,-0.04028331,-0.04016653,-0.04004244,-0.03991106,-0.03977237,-0.03962639,-0.03947311,-0.03931253,-0.03914465,-0.03896947,-0.038787,-0.03859722,-0.03840014,-0.03819577,-0.0379841,-0.03776512,-0.03753885,-0.03730528,-0.03706441,-0.03681624,-0.03656078,-0.03629801,-0.03602795,-0.03575058,-0.03546592,-0.03517395,-0.03487469,-0.03456813,-0.03425427,-0.03393311,-0.03360465,-0.0332689,-0.03292584,-0.03257549,-0.03221783,-0.03185288,-0.03148063,-0.03110108,-0.03071422,-0.03032008,-0.02991863,-0.02950988,-0.02909383,-0.02867049,-0.02823984,-0.0278019,-0.02735666,-0.02690411,-0.02644427,-0.02597713,-0.0255027,-0.02502096,-0.02453192,-0.02403558,-0.02353195,-0.02302102,-0.02250278,-0.02197725,-0.02144442,-0.02090429,-0.02035686,-0.01980213,-0.0192401,-0.01867078,-0.01809415,-0.01751023,-0.01691901,-0.01632048,-0.01571466,-0.01502011,-0.01423684,-0.01340557,-0.01252631,-0.01154583,-0.01046412,-0.00932257,-0.00812116,-0.00685493,-0.00552387,-0.00397379,-0.00226357,-0.0003932,0.00163733,0.00375358,0.00595558,0.0082433,0.01053492,0.0128032,0.01504816,0.0172698,0.01948674,0.02160328,0.02361941,0.02549673,0.0273525,0.02918673,0.03099942,0.03279056,0.03453881,0.03625416,0.03783447,0.03927975,0.04058998,0.0417666,0.04276099,0.04357315,0.04423428,0.04480329,0.04528019,0.04566496,0.04595762,0.04609173,0.04604241,0.04580966,0.04527644,0.04468981,0.04412549,0.04351802,0.04290413,0.04221123,0.04148442,0.04075497,0.03996602,0.03922722,0.03856868,0.03789938,0.03725378,0.03669681,0.03615526,0.03565045,0.03512645,0.03467051,0.03429699,0.033919,0.03348893,0.03299835,0.03240734,0.03174958,0.03104491,0.03031359,0.02961065,0.02895247,0.0283512,0.02779532,0.02728571,0.02673489,0.02620575,0.02569102,0.02519329,0.02465803,0.02411561,0.02366101,0.02334398,0.02313492,0.0229996,0.02286129,0.02268569,0.0224872,0.02226798,0.0220407,0.02179812,0.0215613,0.02138309,0.02126037,0.02123081,0.02129211,0.02144074,0.02165055,0.02189732,0.02218332,0.02251188,0.02285971,0.02322535,0.02361782,0.02400948,0.02437718,0.02467517,0.02488607,0.02498971,0.02497322,0.02483203,0.02454518,0.02413045,0.02360543,0.02305264,0.02252757,0.02206247,0.02169478,0.02142427,0.02125619,0.0211799,0.0211799],"instab":[null,null,null,null,null,null,null,null,null,null,null,null,null,null,null,null,null,null,null,null,null,null,null,null,null,null,null,null,null,null,null,null,null,null,null,null,null,null,null,null,null,null,null,null,null,null,null,null,null,null,null,null,null,null,null,null,null,null,null,null,null,null,null,null,null,null,null,null,null,null,null,null,null,null,null,null,null,null,null,null,null,null,null,null,null,null,null,null,null,null,null,null,null,249.785841,249.785841,227.867105,211.023596,211.023596,211.023596,197.428323,197.428323,197.428323,186.150423,176.581486,176.581486,0.854138,0.864415,0.792989,0.792989,0.788447,0.936623,0.949781,0.949781,1.005894,0.948387,0.834263,0.803853,0.803853,0.803853,0.744455,0.710204,0.710204,0.680494,0.70205,0.70205,0.70205,0.731247,0.708696,0.676919,0.71231,0.60649,1.039632,0.99599,1.012902,1.012061,1.060345,1.021911,0.982142,0.981446,0.999222,0.997398,1.028035,1.013704,0.995202,0.999851,0.97,0.959546,0.969173,0.969696,0.978212,0.970681,0.672117,0.643347,0.636797,0.632268,0.613149,0.613169,0.608974,0.592867,0.535013,0.532579,0.52267,0.54046,0.521617,0.485498,0.498469,0.48759,0.493101,0.499515,0.458991,0.460085,0.499763,0.499558,0.490476,0.486437,0.484862,0.465451,0.469517,0.487124,0.485294,0.490885,0.439737,0.41535,0.421179,0.424999,0.404939,0.397457,0.332415,0.318824,0.307325,0.293679,0.227555,0.229543,0.223408,0.222412,0.219256,0.223628,0.215338,0.199942,0.217556,0.30051,0.321772,0.321779,0.309319,0.302751,0.305473,0.314832,0.317053,0.37765],