{"word":"culture","years":[1800,1801,1802,1803,1804,1805,1806,1807,1808,1809,1810,1811,1812,1813,1814,1815,1816,1817,1818,1819,1820,1821,1822,1823,1824,1825,1826,1827,1828,1829,1830,1831,1832,1833,1834,1835,1836,1837,1838,1839,1840,1841,1842,1843,1844,1845,1846,1847,1848,1849,1850,1851,1852,1853,1854,1855,1856,1857,1858,1859,1860,1861,1862,1863,1864,1865,1866,1867,1868,1869,1870,1871,1872,1873,1874,1875,1876,1877,1878,1879,1880,1881,1882,1883,1884,1885,1886,1887,1888,1889,1890,1891,1892,1893,1894,1895,1896,1897,1898,1899,1900,1901,1902,1903,1904,1905,1906,1907,1908,1909,1910,1911,1912,1913,1914,1915,1916,1917,1918,1919,1920,1921,1922,1923,1924,1925,1926,1927,1928,1929,1930,1931,1932,1933,1934,1935,1936,1937,1938,1939,1940,1941,1942,1943,1944,1945,1946,1947,1948,1949,1950,1951,1952,1953,1954,1955,1956,1957,1958,1959,1960,1961,1962,1963,1964,1965,1966,1967,1968,1969,1970,1971,1972,1973,1974,1975,1976,1977,1978,1979,1980,1981,1982,1983,1984,1985,1986,1987,1988,1989,1990,1991,1992,1993,1994,1995,1996,1997,1998,1999,2000,2001,2002,2003,2004,2005,2006,2007,2008],"level":[-11.47423,-11.526196,-11.527916,-11.497815,-11.499007,-11.552643,-11.535017,-11.592615,-11.611827,-11.567834,-11.504483,-11.540167,-11.539961,-11.529256,-11.502187,-11.46808,-11.389591,-11.343304,-11.278015,-11.225006,-11.191653,-11.172095,-11.215926,-11.266019,-11.297079,-11.313645,-11.284796,-11.262582,-11.230205,-11.216867,-11.202464,-11.207804,-11.231281,-11.172191,-11.110035,-11.059317,-10.998375,-10.914893,-10.820783,-10.813945,-10.844716,-10.889209,-10.901716,-10.89775,-10.899332,-10.904373,-10.899896,-10.87045,-10.846161,-10.828309,-10.834891,-10.842862,-10.830904,-10.820249,-10.81615,-10.789524,-10.745167,-10.688219,-10.6302,-10.603572,-10.586481,-10.582909,-10.583072,-10.594995,-10.618406,-10.613809,-10.597257,-10.559685,-10.526775,-10.504835,-10.507146,-10.515488,-10.505312,-10.493252,-10.481591,-10.491723,-10.496815,-10.508017,-10.521323,-10.534364,-10.537388,-10.53551,-10.533146,-10.515193,-10.518178,-10.530195,-10.526973,-10.525977,-10.510045,-10.496888,-10.478332,-10.46223,-10.44975,-10.450161,-10.454909,-10.454701,-10.442156,-10.466592,-10.488314,-10.503475,-10.502593,-10.509415,-10.510188,-10.518338,-10.535615,-10.55692,-10.583495,-10.593313,-10.607251,-10.617918,-10.61866,-10.625436,-10.637586,-10.654097,-10.676908,-10.693727,-10.711852,-10.723973,-10.728228,-10.728985,-10.723487,-10.709023,-10.68498,-10.648047,-10.618654,-10.590394,-10.561778,-10.541823,-10.526781,-10.518766,-10.515413,-10.506652,-10.496269,-10.496437,-10.500822,-10.499171,-10.501452,-10.483504,-10.481071,-10.481856,-10.488861,-10.490155,-10.494041,-10.50142,-10.503734,-10.504183,-10.497353,-10.481751,-10.466914,-10.457046,-10.448516,-10.435511,-10.423429,-10.407646,-10.390134,-10.375112,-10.360431,-10.345079,-10.320399,-10.296986,-10.277214,-10.266647,-10.249842,-10.227214,-10.205678,-10.186751,-10.166084,-10.13783,-10.116759,-10.105615,-10.085465,-10.070731,-10.056039,-10.046793,-10.0489,-10.05318,-10.054605,-10.057699,-10.057267,-10.06041,-10.058765,-10.054885,-10.044779,-10.034151,-10.016411,-9.988837,-9.9637,-9.933842,-9.907877,-9.881824,-9.851783,-9.826862,-9.806222,-9.782614,-9.757156,-9.731178,-9.703534,-9.681146,-9.660865,-9.644061,-9.627663,-9.613545,-9.593641,-9.569605,-9.539871,-9.509245,-9.477816,-9.451683,-9.427277],"drift":[0.00984109,0.00984109,0.00984109,0.00984109,0.00984109,0.00984109,0.00984109,0.00984109,0.00984109,0.0098411,0.0098411,0.0098411,0.0098411,0.0098411,0.00984111,0.00984111,0.00984111,0.00984111,0.00984111,0.00984111,0.00984111,0.0098411,0.0098411,0.0098411,0.00984111,0.00984111,0.00984111,0.00984111,0.00984111,0.00984111,0.00984111,0.00984111,0.00984111,0.00984111,0.00984111,0.00984111,0.00984111,0.00984111,0.0098411,0.0098411,0.0098411,0.0098411,0.00984109,0.00984109,0.00984109,0.00984109,0.00984109,0.00984109,0.00984109,0.00984108,0.00984108,0.00984108,0.00984108,0.00984108,0.00984108,0.00984108,0.00984107,0.00984107,0.00984107,0.00984107,0.00984106,0.00984106,0.00984106,0.00984105,0.00984105,0.00984105,0.00984105,0.00984105,0.00984104,0.00984104,0.00984104,0.00984103,0.00984103,0.00984103,0.00984103,0.00984102,0.00984102,0.00984102,0.00984102,0.00984102,0.00984101,0.00984101,0.00984101,0.00984101,0.00984101,0.00984101,0.00984101,0.00984101,0.009841,0.009841,0.009841,0.009841,0.009841,0.009841,0.009841,0.009841,0.009841,0.009841,0.009841,0.009841,0.009841,0.009841,0.009841,0.009841,0.009841,0.009841,0.009841,0.009841,0.009841,0.00984101,0.00984101,0.00984101,0.00984101,0.00984102,0.00984102,0.00984102,0.00984103,0.00984103,0.00984104,0.00984104,0.00984104,0.00984105,0.00984105,0.00984106,0.00984106,0.00984106,0.00984107,0.00984107,0.00984107,0.00984108,0.00984108,0.00984108,0.00984109,0.00984109,0.00984109,0.0098411,0.0098411,0.0098411,0.00984111,0.00984111,0.00984112,0.00984112,0.00984112,0.00984113,0.00984113,0.00984114,0.00984114,0.00984115,0.00984115,0.00984116,0.00984116,0.00984116,0.00984117,0.00984117,0.00984118,0.00984118,0.00984119,0.00984119,0.00984119,0.0098412,0.0098412,0.00984121,0.00984121,0.00984121,0.00984122,0.00984122,0.00984122,0.00984123,0.00984123,0.00984123,0.00984123,0.00984124,0.00984124,0.00984124,0.00984125,0.00984125,0.00984125,0.00984126,0.00984126,0.00984126,0.00984127,0.00984127,0.00984127,0.00984128,0.00984128,0.00984128,0.00984129,0.00984129,0.00984129,0.0098413,0.0098413,0.0098413,0.0098413,0.0098413,0.00984131,0.00984131,0.00984131,0.00984131,0.00984131,0.00984131,0.00984132,0.00984132,0.00984132,0.00984132,0.00984132,0.00984132,0.00984132,0.00984132,0.00984132],"instab":[null,null,null,null,5.148876,4.644033,4.328858,4.026084,3.781442,3.590593,3.449546,3.293844,3.16183,3.044594,2.941069,2.84503,2.766148,2.687432,2.617776,2.553044,0.392276,0.359415,0.342927,0.32461,0.322578,0.302282,0.279165,0.264724,0.254533,0.253841,0.19574,0.182611,0.217259,0.21866,0.222267,0.220478,0.203225,0.205293,0.24356,0.241306,0.241808,0.244837,0.245133,0.236324,0.231735,0.222095,0.224823,0.225045,0.222884,0.224228,0.223877,0.226973,0.19514,0.193602,0.191642,0.191481,0.191448,0.190251,0.134717,0.131101,0.13199,0.109613,0.103089,0.103286,0.117238,0.116614,0.113826,0.114462,0.116035,0.116504,0.115904,0.115654,0.115807,0.115734,0.112834,0.114621,0.114846,0.112974,0.094314,0.094386,0.092082,0.092,0.092564,0.098829,0.085912,0.088964,0.087443,0.085425,0.080657,0.070399,0.072068,0.068203,0.071238,0.071127,0.06566,0.065575,0.08101,0.08313,0.085251,0.087066,0.087019,0.087764,0.086248,0.080014,0.079939,0.07617,0.0833,0.081879,0.081318,0.082418,0.081352,0.079827,0.07569,0.075254,0.076454,0.076003,0.05351,0.052727,0.051069,0.046803,0.044201,0.044672,0.043518,0.057974,0.063678,0.06742,0.065704,0.068199,0.068682,0.065975,0.066259,0.06625,0.067555,0.067099,0.06356,0.061923,0.064279,0.064209,0.062775,0.060971,0.062318,0.061976,0.062012,0.059479,0.058405,0.058251,0.053389,0.051743,0.051186,0.050893,0.050575,0.051086,0.048526,0.048907,0.048857,0.049299,0.041148,0.033491,0.036052,0.038812,0.03924,0.039559,0.039332,0.036499,0.035681,0.031448,0.028366,0.032145,0.034372,0.037025,0.036361,0.036404,0.035719,0.035962,0.037715,0.041616,0.04281,0.044662,0.044461,0.046309,0.044766,0.045681,0.045628,0.04537,0.044384,0.046451,0.046663,0.045577,0.043006,0.042461,0.044418,0.046246,0.045615,0.044574,0.044841,0.043052,0.044407,0.04182,0.041566,0.037045,0.034378,0.031767,0.031487,0.028514,0.025313,0.024844,0.026501,0.025312,0.029482],