{"word":"cuspids","years":[1800,1801,1802,1803,1804,1805,1806,1807,1808,1809,1810,1811,1812,1813,1814,1815,1816,1817,1818,1819,1820,1821,1822,1823,1824,1825,1826,1827,1828,1829,1830,1831,1832,1833,1834,1835,1836,1837,1838,1839,1840,1841,1842,1843,1844,1845,1846,1847,1848,1849,1850,1851,1852,1853,1854,1855,1856,1857,1858,1859,1860,1861,1862,1863,1864,1865,1866,1867,1868,1869,1870,1871,1872,1873,1874,1875,1876,1877,1878,1879,1880,1881,1882,1883,1884,1885,1886,1887,1888,1889,1890,1891,1892,1893,1894,1895,1896,1897,1898,1899,1900,1901,1902,1903,1904,1905,1906,1907,1908,1909,1910,1911,1912,1913,1914,1915,1916,1917,1918,1919,1920,1921,1922,1923,1924,1925,1926,1927,1928,1929,1930,1931,1932,1933,1934,1935,1936,1937,1938,1939,1940,1941,1942,1943,1944,1945,1946,1947,1948,1949,1950,1951,1952,1953,1954,1955,1956,1957,1958,1959,1960,1961,1962,1963,1964,1965,1966,1967,1968,1969,1970,1971,1972,1973,1974,1975,1976,1977,1978,1979,1980,1981,1982,1983,1984,1985,1986,1987,1988,1989,1990,1991,1992,1993,1994,1995,1996,1997,1998,1999,2000,2001,2002,2003,2004,2005,2006,2007,2008],"level":[-17.696208,-17.703243,-17.73294,-17.76261,-17.792228,-17.821769,-17.851205,-17.880511,-17.909662,-17.93863,-17.96739,-17.995917,-18.024183,-18.052163,-18.079831,-18.107161,-18.134127,-18.160703,-18.186863,-18.212581,-18.237831,-18.262587,-18.286823,-18.310513,-18.333631,-18.35615,-18.378046,-18.399292,-18.419861,-18.439729,-18.458868,-18.477253,-18.494859,-18.511658,-18.496608,-18.480736,-18.464051,-18.446563,-18.428281,-18.392003,-18.35497,-18.317211,-18.278757,-18.239635,-18.199876,-18.123542,-18.04667,-17.999874,-17.920556,-17.840879,-17.818521,-17.797415,-17.754899,-17.729419,-17.684983,-17.691196,-17.678131,-17.610531,-17.533165,-17.533142,-17.571499,-17.563378,-17.542845,-17.516434,-17.642605,-17.697364,-17.75166,-17.763173,-17.774099,-17.827863,-17.841512,-17.862227,-17.815582,-17.849881,-17.911709,-17.940647,-17.874168,-17.73154,-17.598574,-17.379815,-17.172124,-17.025609,-16.886882,-16.839108,-16.802143,-16.671407,-16.508636,-16.366928,-16.154357,-16.010784,-15.951124,-15.897402,-15.815488,-15.75272,-15.735567,-15.768412,-15.740469,-15.686534,-15.691161,-15.706526,-15.641904,-15.602244,-15.598385,-15.623798,-15.63093,-15.685157,-15.752197,-15.763504,-15.725612,-15.693456,-15.65205,-15.596762,-15.487676,-15.385543,-15.283938,-15.233001,-15.204882,-15.190632,-15.199463,-15.218621,-15.196093,-15.210178,-15.274864,-15.349351,-15.415617,-15.490617,-15.51607,-15.538996,-15.576856,-15.611358,-15.654719,-15.673913,-15.685766,-15.709773,-15.705454,-15.67608,-15.658077,-15.656965,-15.623377,-15.586218,-15.575705,-15.592924,-15.628159,-15.641357,-15.626885,-15.597871,-15.563285,-15.540998,-15.547344,-15.542054,-15.540247,-15.525883,-15.491218,-15.480968,-15.484696,-15.475299,-15.479751,-15.484776,-15.487985,-15.510621,-15.546453,-15.582812,-15.619492,-15.660319,-15.701819,-15.725438,-15.745352,-15.805887,-15.836796,-15.850902,-15.862499,-15.86406,-15.844523,-15.820474,-15.808917,-15.830763,-15.875725,-15.918653,-15.973745,-16.031644,-16.087871,-16.154927,-16.224359,-16.287792,-16.374536,-16.43153,-16.493198,-16.565655,-16.627226,-16.705419,-16.788187,-16.868758,-16.941153,-17.000636,-17.06364,-17.096865,-17.12649,-17.156732,-17.218803,-17.280568,-17.323948,-17.379625,-17.419907,-17.486108,-17.561584,-17.637077,-17.714714,-17.776851,-17.829426],"drift":[-0.00703425,-0.00703425,-0.00700825,-0.00695624,-0.00687824,-0.00677423,-0.00664421,-0.0064882,-0.00630618,-0.00609816,-0.00586414,-0.00560411,-0.00531808,-0.00500605,-0.00466802,-0.00430399,-0.00391395,-0.00349791,-0.00305587,-0.00258782,-0.00209378,-0.00157373,-0.00102767,-0.00045562,0.00014244,0.0007665,0.00141656,0.00209262,0.00279469,0.00352276,0.00427683,0.0050569,0.00586298,0.00669505,0.00751755,0.00833045,0.00913378,0.00992751,0.01071166,0.01146647,0.01219195,0.0128881,0.01355491,0.01419238,0.01480052,0.01533806,0.01580499,0.01623636,0.01659536,0.01688197,0.0171623,0.01743811,0.01768514,0.01792322,0.01813089,0.01836649,0.01860817,0.01879364,0.0189119,0.01905184,0.01925765,0.01947623,0.0196936,0.01990327,0.02028054,0.02074391,0.02129338,0.02188049,0.02250524,0.02321751,0.02397208,0.02477792,0.02555867,0.0264081,0.02735877,0.02837404,0.02934558,0.03018715,0.03091078,0.03141889,0.03172473,0.03189887,0.03195043,0.03198384,0.03201153,0.03192594,0.03169023,0.03132828,0.03075837,0.03005902,0.02932571,0.0285644,0.02774188,0.02687917,0.02602762,0.02524362,0.02445653,0.02363561,0.02284712,0.02210247,0.02130904,0.02049455,0.01969915,0.01895551,0.0182418,0.01761124,0.01707781,0.01657695,0.01605164,0.01550784,0.01493433,0.01431452,0.01358597,0.01275582,0.01182372,0.01084674,0.00984995,0.00884811,0.00786655,0.006916,0.00594754,0.00500207,0.00413655,0.00336125,0.00266583,0.00205953,0.0014848,0.00093807,0.00043587,-2.625e-05,-0.00043865,-0.00082953,-0.00120776,-0.00155983,-0.00191864,-0.00231336,-0.00273139,-0.00315384,-0.00361843,-0.00412982,-0.00465801,-0.00517178,-0.00565106,-0.00612168,-0.00661593,-0.00715106,-0.00773409,-0.00835155,-0.00897132,-0.00960745,-0.01025668,-0.01093416,-0.01166396,-0.0124189,-0.01318381,-0.01397464,-0.01477639,-0.01558932,-0.01641647,-0.01723647,-0.01803515,-0.01881279,-0.01956994,-0.02030269,-0.02101113,-0.02171657,-0.02242408,-0.02308786,-0.02374266,-0.02440853,-0.02508909,-0.02579665,-0.02655623,-0.02737387,-0.02823618,-0.02910582,-0.02995727,-0.03079383,-0.03160252,-0.03238103,-0.03313218,-0.03384441,-0.03451581,-0.03515402,-0.03573304,-0.03628767,-0.03681318,-0.03729778,-0.03775454,-0.0381649,-0.03852408,-0.03883502,-0.03910744,-0.03935649,-0.03957841,-0.03980762,-0.04004851,-0.04030065,-0.04052782,-0.04073061,-0.04093037,-0.0411132,-0.04129699,-0.04145221,-0.04156838,-0.04164564,-0.04168159,-0.04169408,-0.04169408],"instab":[null,null,null,null,null,null,null,null,null,null,null,null,null,null,null,null,null,null,null,null,null,null,null,null,null,null,null,null,null,null,null,null,null,null,null,null,null,null,null,null,null,null,null,null,null,null,null,122.20565,122.20565,111.457111,103.236967,96.62646,91.101767,0.83312,0.819848,0.843233,0.925209,0.887835,0.995021,0.958617,1.024257,1.00155,0.973961,1.170657,1.334048,1.334048,1.33186,1.370128,1.33717,1.30342,1.303023,1.349461,1.424342,1.424473,1.412709,1.48983,1.49195,1.517256,1.436489,1.475949,1.572859,1.586167,1.690735,1.511638,1.480503,1.439011,1.424381,1.40478,1.489685,1.521044,1.520055,1.472912,1.428396,1.435961,1.400249,1.36579,1.338453,1.343492,1.303035,1.403736,1.327407,1.324119,1.217949,1.235867,1.145117,1.148802,1.208834,1.228659,1.103907,0.963474,0.960725,0.973806,0.974255,0.944729,0.986371,0.928114,0.919875,0.875586,0.875591,0.796806,0.799121,0.801932,0.799493,0.799265,0.781182,0.846565,0.765266,0.716198,0.718431,0.717953,0.736903,0.710168,0.695746,0.702469,0.604754,0.593883,0.602625,0.595812,0.599021,0.599412,0.591329,0.556166,0.566024,0.562784,0.562242,0.467063,0.481539,0.511028,0.50966,0.510571,0.483585,0.485535,0.509349,0.482703,0.472827,0.470614,0.462794,0.432344,0.43745,0.409865,0.39198,0.390586,0.359351,0.327475,0.350986,0.353708,0.380607,0.401034,0.408202,0.406792,0.405587,0.406668,0.368958,0.377598,0.422845,0.426797,0.42945,0.429999,0.420568,0.420844,0.420223,0.420905,0.427518,0.432695,0.4654,0.464948,0.421718,0.389142,0.383137,0.383911,0.387135,0.389422,0.39679,0.374738,0.328212,0.298482,0.306041,0.364953,0.365132,0.371333,0.381932,0.384792,0.414031,0.40723,0.358472,0.358444,0.366862,0.359859,0.354195],