{"word":"customerid","years":[1800,1801,1802,1803,1804,1805,1806,1807,1808,1809,1810,1811,1812,1813,1814,1815,1816,1817,1818,1819,1820,1821,1822,1823,1824,1825,1826,1827,1828,1829,1830,1831,1832,1833,1834,1835,1836,1837,1838,1839,1840,1841,1842,1843,1844,1845,1846,1847,1848,1849,1850,1851,1852,1853,1854,1855,1856,1857,1858,1859,1860,1861,1862,1863,1864,1865,1866,1867,1868,1869,1870,1871,1872,1873,1874,1875,1876,1877,1878,1879,1880,1881,1882,1883,1884,1885,1886,1887,1888,1889,1890,1891,1892,1893,1894,1895,1896,1897,1898,1899,1900,1901,1902,1903,1904,1905,1906,1907,1908,1909,1910,1911,1912,1913,1914,1915,1916,1917,1918,1919,1920,1921,1922,1923,1924,1925,1926,1927,1928,1929,1930,1931,1932,1933,1934,1935,1936,1937,1938,1939,1940,1941,1942,1943,1944,1945,1946,1947,1948,1949,1950,1951,1952,1953,1954,1955,1956,1957,1958,1959,1960,1961,1962,1963,1964,1965,1966,1967,1968,1969,1970,1971,1972,1973,1974,1975,1976,1977,1978,1979,1980,1981,1982,1983,1984,1985,1986,1987,1988,1989,1990,1991,1992,1993,1994,1995,1996,1997,1998,1999,2000,2001,2002,2003,2004,2005,2006,2007,2008],"level":[-31.97074,-31.906129,-31.841518,-31.776907,-31.712295,-31.647684,-31.583073,-31.518462,-31.453851,-31.38924,-31.324628,-31.260017,-31.195406,-31.130795,-31.066184,-31.001572,-30.936961,-30.87235,-30.807739,-30.743128,-30.678516,-30.613905,-30.549294,-30.484683,-30.420072,-30.355461,-30.290849,-30.226238,-30.161627,-30.097016,-30.032405,-29.967793,-29.903182,-29.838571,-29.77396,-29.709349,-29.644737,-29.580126,-29.515515,-29.450904,-29.386293,-29.321682,-29.25707,-29.192459,-29.127848,-29.063237,-28.998626,-28.934014,-28.869403,-28.804792,-28.740181,-28.67557,-28.610958,-28.546347,-28.481736,-28.417125,-28.352514,-28.287903,-28.223291,-28.15868,-28.094069,-28.029458,-27.964847,-27.900235,-27.835624,-27.771013,-27.706402,-27.641791,-27.577179,-27.512568,-27.447957,-27.383346,-27.318735,-27.254124,-27.189512,-27.124901,-27.06029,-26.995679,-26.931068,-26.866456,-26.801845,-26.737234,-26.672623,-26.608012,-26.5434,-26.478789,-26.414178,-26.349567,-26.284956,-26.220345,-26.155733,-26.091122,-26.026511,-25.9619,-25.897289,-25.832677,-25.768066,-25.703455,-25.638844,-25.574233,-25.509621,-25.44501,-25.380399,-25.315788,-25.251177,-25.186566,-25.121954,-25.057343,-24.992732,-24.928121,-24.86351,-24.798898,-24.734287,-24.669676,-24.605065,-24.540454,-24.475842,-24.411231,-24.34662,-24.282009,-24.217398,-24.152787,-24.088175,-24.023564,-23.958953,-23.894342,-23.829731,-23.765119,-23.700508,-23.635897,-23.571286,-23.506675,-23.442063,-23.377452,-23.312841,-23.24823,-23.183619,-23.119008,-23.054396,-22.989785,-22.925174,-22.860563,-22.795952,-22.73134,-22.666729,-22.602118,-22.537507,-22.472896,-22.408284,-22.343673,-22.279062,-22.214451,-22.14984,-22.085229,-22.020617,-21.956006,-21.891395,-21.826784,-21.762173,-21.697561,-21.63295,-21.568339,-21.503728,-21.439117,-21.374505,-21.309894,-21.245283,-21.180672,-21.116061,-21.05145,-20.986838,-20.922227,-20.857616,-20.793005,-20.728394,-20.663782,-20.472317,-20.280851,-20.089384,-20.117328,-20.145272,-20.318125,-20.490978,-20.343146,-20.195314,-20.28538,-20.375446,-20.465512,-20.555578,-20.645644,-20.73571,-20.825776,-20.915842,-20.679273,-20.442704,-20.538392,-20.201639,-19.904202,-19.629493,-19.271445,-18.821046,-18.58245,-18.368416,-18.323456,-18.410296,-18.437593,-18.533485,-18.535027,-18.530076],"drift":[0.06461858,0.06461858,0.06461858,0.06461858,0.06461858,0.06461858,0.06461858,0.06461858,0.06461858,0.06461858,0.06461858,0.06461858,0.06461858,0.06461858,0.06461858,0.06461858,0.06461858,0.06461858,0.06461858,0.06461858,0.06461858,0.06461858,0.06461858,0.06461858,0.06461858,0.06461858,0.06461858,0.06461858,0.06461858,0.06461858,0.06461858,0.06461858,0.06461858,0.06461858,0.06461858,0.06461858,0.06461858,0.06461858,0.06461858,0.06461858,0.06461858,0.06461858,0.06461858,0.06461858,0.06461858,0.06461858,0.06461858,0.06461858,0.06461858,0.06461858,0.06461858,0.06461858,0.06461858,0.06461858,0.06461858,0.06461858,0.06461858,0.06461858,0.06461858,0.06461858,0.06461858,0.06461858,0.06461858,0.06461858,0.06461858,0.06461858,0.06461858,0.06461858,0.06461858,0.06461858,0.06461858,0.06461858,0.06461858,0.06461858,0.06461858,0.06461858,0.06461858,0.06461858,0.06461858,0.06461858,0.06461858,0.06461858,0.06461858,0.06461858,0.06461858,0.06461858,0.06461858,0.06461858,0.06461858,0.06461858,0.06461858,0.06461858,0.06461858,0.06461858,0.06461858,0.06461858,0.06461858,0.06461858,0.06461858,0.06461858,0.06461858,0.06461858,0.06461858,0.06461858,0.06461858,0.06461858,0.06461858,0.06461858,0.06461858,0.06461858,0.06461858,0.06461858,0.06461858,0.06461858,0.06461858,0.06461858,0.06461858,0.06461858,0.06461858,0.06461858,0.06461858,0.06461858,0.06461858,0.06461858,0.06461858,0.06461858,0.06461858,0.06461858,0.06461858,0.06461858,0.06461858,0.06461858,0.06461858,0.06461858,0.06461858,0.06461858,0.06461858,0.06461858,0.06461858,0.06461858,0.06461858,0.06461858,0.06461858,0.06461858,0.06461858,0.06461858,0.06461858,0.06461858,0.06461858,0.06461858,0.06461858,0.06461858,0.06461858,0.06461858,0.06461858,0.06461858,0.06461858,0.06461858,0.06461858,0.06461858,0.06461858,0.06461858,0.06461858,0.06461858,0.06461858,0.06461858,0.06461858,0.06461858,0.06461858,0.06461858,0.06461858,0.06461858,0.06461858,0.06461858,0.06461858,0.06461858,0.06461859,0.06461859,0.06461859,0.06461859,0.06461859,0.06461859,0.06461859,0.06461859,0.06461859,0.06461859,0.06461859,0.06461859,0.06461859,0.06461859,0.06461859,0.06461859,0.06461859,0.06461859,0.06461859,0.06461859,0.06461859,0.06461859,0.06461859,0.06461859,0.06461859,0.06461859,0.06461859,0.06461859,0.06461859,0.06461859,0.06461859,0.06461859,0.06461859],"instab":[null,null,null,null,null,null,null,null,null,null,null,null,null,null,null,null,null,null,null,null,null,null,null,null,null,null,null,null,null,null,null,null,null,null,null,null,null,null,null,null,null,null,null,null,null,null,null,null,null,null,null,null,null,null,null,null,null,null,null,null,null,null,null,null,null,null,null,null,null,null,null,null,null,null,null,null,null,null,null,null,null,null,null,null,null,null,null,null,null,null,null,null,null,null,null,null,null,null,null,null,null,null,null,null,null,null,null,null,null,null,null,null,null,null,null,null,null,null,null,null,null,null,null,null,null,null,null,null,null,null,null,null,null,null,null,null,null,null,null,null,null,null,null,null,null,null,null,null,null,null,null,null,null,null,null,null,null,null,null,null,null,null,null,null,null,null,null,null,null,null,null,null,null,null,null,null,null,null,null,null,null,null,null,null,9.711178,9.711178,9.711178,9.711178,9.711178,9.711178,9.711178,9.711178,8.696504,8.696504,8.412673,2.865823,2.72475,2.580795,2.406683,2.285885,2.33013,2.215183,1.872986,1.786075,1.769344,1.69654,1.661384,1.605145,1.55861],