{"word":"cvrd","years":[1800,1801,1802,1803,1804,1805,1806,1807,1808,1809,1810,1811,1812,1813,1814,1815,1816,1817,1818,1819,1820,1821,1822,1823,1824,1825,1826,1827,1828,1829,1830,1831,1832,1833,1834,1835,1836,1837,1838,1839,1840,1841,1842,1843,1844,1845,1846,1847,1848,1849,1850,1851,1852,1853,1854,1855,1856,1857,1858,1859,1860,1861,1862,1863,1864,1865,1866,1867,1868,1869,1870,1871,1872,1873,1874,1875,1876,1877,1878,1879,1880,1881,1882,1883,1884,1885,1886,1887,1888,1889,1890,1891,1892,1893,1894,1895,1896,1897,1898,1899,1900,1901,1902,1903,1904,1905,1906,1907,1908,1909,1910,1911,1912,1913,1914,1915,1916,1917,1918,1919,1920,1921,1922,1923,1924,1925,1926,1927,1928,1929,1930,1931,1932,1933,1934,1935,1936,1937,1938,1939,1940,1941,1942,1943,1944,1945,1946,1947,1948,1949,1950,1951,1952,1953,1954,1955,1956,1957,1958,1959,1960,1961,1962,1963,1964,1965,1966,1967,1968,1969,1970,1971,1972,1973,1974,1975,1976,1977,1978,1979,1980,1981,1982,1983,1984,1985,1986,1987,1988,1989,1990,1991,1992,1993,1994,1995,1996,1997,1998,1999,2000,2001,2002,2003,2004,2005,2006,2007,2008],"level":[-18.944735,-18.954353,-18.963971,-18.97359,-18.983208,-18.992826,-19.002445,-19.012063,-19.021681,-19.031299,-19.040918,-19.053928,-19.066939,-19.07995,-19.09296,-19.105971,-19.118982,-19.131992,-19.145003,-19.158014,-19.171025,-19.184035,-19.197046,-19.210057,-19.223067,-19.236078,-19.249089,-19.262099,-19.27511,-19.288121,-19.301131,-19.314142,-19.327153,-19.340163,-19.353174,-19.366185,-19.379195,-19.392206,-19.405217,-19.418227,-19.431238,-19.444249,-19.45726,-19.47027,-19.483281,-19.496292,-19.509302,-19.522313,-19.535324,-19.548334,-19.561345,-19.574356,-19.587366,-19.600377,-19.613388,-19.626398,-19.639409,-19.65242,-19.66543,-19.678441,-19.691452,-19.704462,-19.717473,-19.730484,-19.743494,-19.756505,-19.769516,-19.782526,-19.795537,-19.808548,-19.821965,-19.835383,-19.8488,-19.862218,-19.875635,-19.889053,-19.902534,-19.915877,-19.929221,-19.942975,-19.95673,-19.970484,-19.986451,-20.002417,-20.01704,-20.030697,-20.044354,-20.058011,-20.071668,-20.085325,-20.098983,-20.11264,-20.126297,-20.139954,-20.153115,-20.166277,-20.179438,-20.19156,-20.203682,-20.215805,-20.227927,-20.240049,-20.252171,-20.264293,-20.276416,-20.288538,-20.30066,-20.312782,-20.322978,-20.333174,-20.34337,-20.353566,-20.363761,-20.373957,-20.384153,-20.394349,-20.403908,-20.41305,-20.422192,-20.431334,-20.440476,-20.449618,-20.45876,-20.467901,-20.477043,-20.486185,-20.495327,-20.504469,-20.513611,-20.522753,-20.531895,-20.541036,-20.550178,-20.55932,-20.568462,-20.577604,-20.586746,-20.595888,-20.60503,-20.614171,-20.623313,-20.632455,-20.641597,-20.650739,-20.659881,-20.669023,-20.678164,-20.687306,-20.696448,-20.70559,-20.714732,-20.723874,-20.733016,-20.742157,-20.75108,-20.760003,-20.768271,-20.776539,-20.784808,-20.793076,-20.801344,-20.809612,-20.815387,-20.821161,-20.826935,-20.832709,-20.838483,-20.844257,-20.845773,-20.84729,-20.846974,-20.846658,-20.846343,-20.846027,-20.845712,-20.845396,-20.845081,-20.844765,-20.842105,-20.839445,-20.831321,-20.823197,-20.815073,-20.806949,-20.792653,-20.771756,-20.750043,-20.725691,-20.699823,-20.683317,-20.676522,-20.663719,-20.678072,-20.694466,-20.708993,-20.726709,-20.743109,-20.771886,-20.803949,-20.829134,-20.854319,-20.869122,-20.876371,-20.883619,-20.892095,-20.905713,-20.915012,-20.928803,-20.945293],"drift":[-0.00961814,-0.00961814,-0.00961814,-0.00961814,-0.00961814,-0.00961814,-0.00961814,-0.00961814,-0.00961814,-0.00961814,-0.00961814,-0.00961813,-0.00961813,-0.00961813,-0.00961813,-0.00961813,-0.00961813,-0.00961813,-0.00961813,-0.00961813,-0.00961813,-0.00961813,-0.00961813,-0.00961813,-0.00961813,-0.00961813,-0.00961813,-0.00961813,-0.00961813,-0.00961813,-0.00961813,-0.00961813,-0.00961813,-0.00961813,-0.00961813,-0.00961813,-0.00961813,-0.00961813,-0.00961813,-0.00961813,-0.00961813,-0.00961813,-0.00961813,-0.00961813,-0.00961813,-0.00961813,-0.00961813,-0.00961813,-0.00961813,-0.00961813,-0.00961812,-0.00961812,-0.00961812,-0.00961812,-0.00961812,-0.00961812,-0.00961812,-0.00961812,-0.00961812,-0.00961812,-0.00961812,-0.00961812,-0.00961812,-0.00961812,-0.00961812,-0.00961812,-0.00961811,-0.00961811,-0.00961811,-0.00961811,-0.00961811,-0.00961811,-0.00961811,-0.00961811,-0.00961811,-0.00961811,-0.00961811,-0.00961811,-0.00961811,-0.0096181,-0.0096181,-0.0096181,-0.0096181,-0.0096181,-0.0096181,-0.0096181,-0.0096181,-0.0096181,-0.0096181,-0.00961809,-0.00961809,-0.00961809,-0.00961809,-0.00961809,-0.00961809,-0.00961809,-0.00961809,-0.00961809,-0.00961808,-0.00961808,-0.00961808,-0.00961808,-0.00961808,-0.00961808,-0.00961808,-0.00961808,-0.00961807,-0.00961807,-0.00961807,-0.00961807,-0.00961807,-0.00961807,-0.00961807,-0.00961806,-0.00961806,-0.00961806,-0.00961806,-0.00961806,-0.00961806,-0.00961806,-0.00961806,-0.00961805,-0.00961805,-0.00961805,-0.00961805,-0.00961805,-0.00961805,-0.00961805,-0.00961805,-0.00961804,-0.00961804,-0.00961804,-0.00961804,-0.00961804,-0.00961804,-0.00961804,-0.00961804,-0.00961803,-0.00961803,-0.00961803,-0.00961803,-0.00961803,-0.00961803,-0.00961803,-0.00961803,-0.00961802,-0.00961802,-0.00961802,-0.00961802,-0.00961802,-0.00961802,-0.00961802,-0.00961802,-0.00961801,-0.00961801,-0.00961801,-0.00961801,-0.00961801,-0.00961801,-0.00961801,-0.00961801,-0.009618,-0.009618,-0.009618,-0.009618,-0.009618,-0.009618,-0.009618,-0.009618,-0.009618,-0.00961799,-0.00961799,-0.00961799,-0.00961799,-0.00961799,-0.00961799,-0.00961799,-0.00961799,-0.00961799,-0.00961799,-0.00961799,-0.00961799,-0.00961799,-0.00961799,-0.00961798,-0.00961798,-0.00961798,-0.00961798,-0.00961798,-0.00961799,-0.00961799,-0.00961799,-0.00961799,-0.00961799,-0.00961799,-0.00961799,-0.00961799,-0.00961799,-0.00961799,-0.00961799,-0.00961799,-0.00961799,-0.00961799,-0.00961799,-0.00961799,-0.00961799,-0.00961799,-0.00961799,-0.00961799],"instab":[null,null,null,null,null,null,null,null,null,null,null,null,null,null,null,null,null,null,null,null,null,null,null,null,null,null,null,null,null,null,null,null,null,null,null,null,null,null,null,null,null,null,null,null,null,null,null,null,null,null,null,null,null,null,null,null,null,null,null,null,null,null,null,null,null,null,null,null,null,null,null,null,null,null,null,null,null,null,null,null,null,47.501814,47.501814,43.399319,40.193012,40.193012,40.193012,40.193012,40.193012,0.253277,0.253277,0.253277,0.253277,0.231354,0.231354,0.253397,0.254317,0.254317,0.278932,0.278932,0.278932,null,null,null,null,null,null,null,null,null,null,null,null,null,null,null,null,null,null,null,null,null,null,null,null,null,null,null,null,null,null,null,null,null,null,null,null,null,null,null,null,null,null,null,null,null,null,null,null,null,null,null,null,null,null,null,null,null,null,null,null,null,null,null,null,null,null,null,null,0.3726,0.3726,0.3726,0.3726,null,null,null,null,null,null,0.285753,0.285753,null,null,0.306122,0.284208,0.452302,0.444716,0.452831,0.897252,1.09106,1.122121,1.803753,1.731841,1.702247,1.637804,1.607022,1.592082,1.591373,1.648961,1.682064,1.771178,1.78171,1.78171,1.772818,1.765861,1.793252,1.795506,1.795123,1.762374],