{"word":"cyberphobia","years":[1800,1801,1802,1803,1804,1805,1806,1807,1808,1809,1810,1811,1812,1813,1814,1815,1816,1817,1818,1819,1820,1821,1822,1823,1824,1825,1826,1827,1828,1829,1830,1831,1832,1833,1834,1835,1836,1837,1838,1839,1840,1841,1842,1843,1844,1845,1846,1847,1848,1849,1850,1851,1852,1853,1854,1855,1856,1857,1858,1859,1860,1861,1862,1863,1864,1865,1866,1867,1868,1869,1870,1871,1872,1873,1874,1875,1876,1877,1878,1879,1880,1881,1882,1883,1884,1885,1886,1887,1888,1889,1890,1891,1892,1893,1894,1895,1896,1897,1898,1899,1900,1901,1902,1903,1904,1905,1906,1907,1908,1909,1910,1911,1912,1913,1914,1915,1916,1917,1918,1919,1920,1921,1922,1923,1924,1925,1926,1927,1928,1929,1930,1931,1932,1933,1934,1935,1936,1937,1938,1939,1940,1941,1942,1943,1944,1945,1946,1947,1948,1949,1950,1951,1952,1953,1954,1955,1956,1957,1958,1959,1960,1961,1962,1963,1964,1965,1966,1967,1968,1969,1970,1971,1972,1973,1974,1975,1976,1977,1978,1979,1980,1981,1982,1983,1984,1985,1986,1987,1988,1989,1990,1991,1992,1993,1994,1995,1996,1997,1998,1999,2000,2001,2002,2003,2004,2005,2006,2007,2008],"level":[-24.900288,-24.86748,-24.834673,-24.801865,-24.769058,-24.73625,-24.703442,-24.670634,-24.637825,-24.605017,-24.572208,-24.539398,-24.506589,-24.473779,-24.440968,-24.408157,-24.375345,-24.342533,-24.309721,-24.276908,-24.244094,-24.211279,-24.178464,-24.145648,-24.112831,-24.080013,-24.047195,-24.014375,-23.981555,-23.948734,-23.915912,-23.883089,-23.850264,-23.817439,-23.784613,-23.751785,-23.718956,-23.686126,-23.653295,-23.620462,-23.587628,-23.554793,-23.521957,-23.489119,-23.456279,-23.423438,-23.390596,-23.357752,-23.324906,-23.292059,-23.25921,-23.226359,-23.193507,-23.160653,-23.127797,-23.094939,-23.062079,-23.029218,-22.996354,-22.963489,-22.930622,-22.897752,-22.864881,-22.832007,-22.799131,-22.766254,-22.733373,-22.700491,-22.667607,-22.63472,-22.60183,-22.568939,-22.536045,-22.503148,-22.47025,-22.437348,-22.404444,-22.371538,-22.338629,-22.305717,-22.272802,-22.239885,-22.206965,-22.174043,-22.141117,-22.108189,-22.075258,-22.042324,-22.009386,-21.976446,-21.943503,-21.910557,-21.877608,-21.844656,-21.8117,-21.778742,-21.74578,-21.712815,-21.679846,-21.646875,-21.6139,-21.580921,-21.547939,-21.514954,-21.481965,-21.448973,-21.415977,-21.382978,-21.349975,-21.316968,-21.283958,-21.250943,-21.217926,-21.184904,-21.151878,-21.118849,-21.085816,-21.052779,-21.019737,-20.986692,-20.953643,-20.92059,-20.887532,-20.854471,-20.821405,-20.788336,-20.755262,-20.722183,-20.689101,-20.656014,-20.622922,-20.589827,-20.556726,-20.523622,-20.490513,-20.457399,-20.424281,-20.391158,-20.35803,-20.324898,-20.291761,-20.25862,-20.225473,-20.192322,-20.159166,-20.126005,-20.09284,-20.059669,-20.026493,-19.993312,-19.960127,-19.926936,-19.89374,-19.860539,-19.827332,-19.794121,-19.760904,-19.727682,-19.694455,-19.661222,-19.627984,-19.594741,-19.561492,-19.528237,-19.494977,-19.461712,-19.428441,-19.395164,-19.361882,-19.328594,-19.2953,-19.262,-19.228695,-19.195384,-19.162067,-19.128744,-19.095415,-19.062081,-19.02874,-18.995393,-18.96204,-18.928681,-18.895316,-18.861795,-18.831787,-18.808359,-18.793572,-18.786803,-18.787595,-18.795159,-18.808509,-18.828849,-18.856718,-18.892023,-18.936611,-18.992596,-19.061326,-19.143587,-19.242397,-19.354909,-19.477954,-19.607579,-19.740771,-19.877396,-20.016485,-20.15702,-20.297887,-20.441421,-20.585297],"drift":[0.03280747,0.0328075,0.03280757,0.03280767,0.03280781,0.03280797,0.03280818,0.03280841,0.03280869,0.03280899,0.03280933,0.0328097,0.03281011,0.03281055,0.03281102,0.03281153,0.03281207,0.03281265,0.03281326,0.0328139,0.03281458,0.03281529,0.03281603,0.03281681,0.03281762,0.03281847,0.03281935,0.03282026,0.03282121,0.03282219,0.03282321,0.03282426,0.03282534,0.03282646,0.03282761,0.03282879,0.03283001,0.03283127,0.03283255,0.03283387,0.03283523,0.03283661,0.03283804,0.03283949,0.03284098,0.03284251,0.03284406,0.03284565,0.03284728,0.03284894,0.03285063,0.03285236,0.03285412,0.03285591,0.03285774,0.0328596,0.0328615,0.03286343,0.03286539,0.03286739,0.03286942,0.03287148,0.03287358,0.03287572,0.03287788,0.03288008,0.03288232,0.03288458,0.03288689,0.03288922,0.03289159,0.032894,0.03289643,0.0328989,0.03290141,0.03290395,0.03290652,0.03290913,0.03291177,0.03291444,0.03291715,0.03291989,0.03292267,0.03292548,0.03292832,0.0329312,0.03293411,0.03293706,0.03294004,0.03294305,0.0329461,0.03294918,0.03295229,0.03295544,0.03295862,0.03296184,0.03296509,0.03296837,0.03297169,0.03297504,0.03297842,0.03298184,0.0329853,0.03298878,0.0329923,0.03299586,0.03299945,0.03300307,0.03300673,0.03301042,0.03301414,0.0330179,0.03302169,0.03302551,0.03302937,0.03303327,0.03303719,0.03304115,0.03304515,0.03304918,0.03305324,0.03305734,0.03306147,0.03306563,0.03306983,0.03307406,0.03307832,0.03308262,0.03308696,0.03309132,0.03309572,0.03310016,0.03310463,0.03310913,0.03311367,0.03311824,0.03312284,0.03312748,0.03313215,0.03313686,0.03314159,0.03314637,0.03315117,0.03315602,0.03316089,0.0331658,0.03317074,0.03317572,0.03318073,0.03318577,0.03319085,0.03319596,0.03320111,0.03320629,0.0332115,0.03321675,0.03322203,0.03322734,0.03323269,0.03323807,0.03324349,0.03324894,0.03325443,0.03325994,0.0332655,0.03327108,0.0332767,0.03328235,0.03328804,0.03329376,0.03329952,0.03330531,0.03331113,0.03331698,0.03332288,0.0333288,0.03333476,0.03334075,0.03334678,0.03335283,0.03335893,0.03336506,0.03337122,0.02986918,0.02333657,0.0148106,0.00679012,-0.00075592,-0.00752301,-0.01339991,-0.02036496,-0.02786931,-0.03538716,-0.0446828,-0.05604697,-0.0687706,-0.0823849,-0.09868962,-0.1123659,-0.12286724,-0.12949012,-0.13317895,-0.1365819,-0.13904239,-0.14049064,-0.14095892,-0.14343978,-0.14385673,-0.14385673],"instab":[null,null,null,null,null,null,null,null,null,null,null,null,null,null,null,null,null,null,null,null,null,null,null,null,null,null,null,null,null,null,null,null,null,null,null,null,null,null,null,null,null,null,null,null,null,null,null,null,null,null,null,null,null,null,null,null,null,null,null,null,null,null,null,null,null,null,null,null,null,null,null,null,null,null,null,null,null,null,null,null,null,null,null,null,null,null,null,null,null,null,null,null,null,null,null,null,null,null,null,null,null,null,null,null,null,null,null,null,null,null,null,null,null,null,null,null,null,null,null,null,null,null,null,null,null,null,null,null,null,null,null,null,null,null,null,null,null,null,null,null,null,null,null,null,null,null,null,null,null,null,null,null,null,null,null,null,null,null,null,null,null,null,null,null,null,null,null,null,null,null,null,null,null,null,null,null,null,null,null,null,null,null,null,null,null,null,8.856441,8.049664,7.441154,6.930887,6.568928,6.252458,5.951805,5.710698,5.506385,5.31628,5.129332,5.030155,4.876714,4.737135,4.604625,4.481814,0.848149,0.738383,0.723996,0.743006,0.808809,0.808204,0.802593],