{"word":"cyclodestructive","years":[1800,1801,1802,1803,1804,1805,1806,1807,1808,1809,1810,1811,1812,1813,1814,1815,1816,1817,1818,1819,1820,1821,1822,1823,1824,1825,1826,1827,1828,1829,1830,1831,1832,1833,1834,1835,1836,1837,1838,1839,1840,1841,1842,1843,1844,1845,1846,1847,1848,1849,1850,1851,1852,1853,1854,1855,1856,1857,1858,1859,1860,1861,1862,1863,1864,1865,1866,1867,1868,1869,1870,1871,1872,1873,1874,1875,1876,1877,1878,1879,1880,1881,1882,1883,1884,1885,1886,1887,1888,1889,1890,1891,1892,1893,1894,1895,1896,1897,1898,1899,1900,1901,1902,1903,1904,1905,1906,1907,1908,1909,1910,1911,1912,1913,1914,1915,1916,1917,1918,1919,1920,1921,1922,1923,1924,1925,1926,1927,1928,1929,1930,1931,1932,1933,1934,1935,1936,1937,1938,1939,1940,1941,1942,1943,1944,1945,1946,1947,1948,1949,1950,1951,1952,1953,1954,1955,1956,1957,1958,1959,1960,1961,1962,1963,1964,1965,1966,1967,1968,1969,1970,1971,1972,1973,1974,1975,1976,1977,1978,1979,1980,1981,1982,1983,1984,1985,1986,1987,1988,1989,1990,1991,1992,1993,1994,1995,1996,1997,1998,1999,2000,2001,2002,2003,2004,2005,2006,2007,2008],"level":[-40.373284,-40.266907,-40.16053,-40.054152,-39.947775,-39.841397,-39.735018,-39.628639,-39.522258,-39.415877,-39.309495,-39.203112,-39.096727,-38.990341,-38.883954,-38.777565,-38.671174,-38.564782,-38.458387,-38.35199,-38.245591,-38.13919,-38.032787,-37.92638,-37.819972,-37.71356,-37.607146,-37.500728,-37.394308,-37.287884,-37.181457,-37.075026,-36.968592,-36.862154,-36.755712,-36.649267,-36.542817,-36.436363,-36.329905,-36.223443,-36.116976,-36.010504,-35.904028,-35.797547,-35.69106,-35.584569,-35.478073,-35.371571,-35.265064,-35.158551,-35.052033,-34.945509,-34.838979,-34.732443,-34.625901,-34.519352,-34.412798,-34.306236,-34.199669,-34.093094,-33.986513,-33.879925,-33.77333,-33.666727,-33.560117,-33.4535,-33.346876,-33.240244,-33.133604,-33.026956,-32.9203,-32.813637,-32.706965,-32.600284,-32.493596,-32.386898,-32.280192,-32.173478,-32.066754,-31.960022,-31.85328,-31.746529,-31.639769,-31.532999,-31.42622,-31.319431,-31.212632,-31.105823,-30.999004,-30.892175,-30.785336,-30.678486,-30.571626,-30.464755,-30.357874,-30.250982,-30.144078,-30.037164,-29.930238,-29.823301,-29.716353,-29.609393,-29.502422,-29.395438,-29.288443,-29.181436,-29.074417,-28.967385,-28.860341,-28.753285,-28.646216,-28.539134,-28.43204,-28.324933,-28.217812,-28.110679,-28.003532,-27.896371,-27.789198,-27.68201,-27.574809,-27.467594,-27.360365,-27.253122,-27.145865,-27.038594,-26.931308,-26.824007,-26.716692,-26.609362,-26.502017,-26.394657,-26.287282,-26.179892,-26.072487,-25.965066,-25.857629,-25.750177,-25.642709,-25.535225,-25.427725,-25.320208,-25.212676,-25.105127,-24.997562,-24.88998,-24.782381,-24.674765,-24.567133,-24.459483,-24.351816,-24.244132,-24.13643,-24.028711,-23.920974,-23.81322,-23.705447,-23.597657,-23.489848,-23.382021,-23.274176,-23.166313,-23.05843,-22.950529,-22.84261,-22.734671,-22.626713,-22.518736,-22.41074,-22.302725,-22.194689,-22.086635,-21.97856,-21.870466,-21.762352,-21.654217,-21.546063,-21.437888,-21.329693,-21.221477,-21.11324,-21.004983,-20.896705,-20.788404,-20.678376,-20.564909,-20.446297,-20.320829,-20.190874,-20.056121,-19.92337,-19.795398,-19.673842,-19.562191,-19.457998,-19.365824,-19.289636,-19.232939,-19.197597,-19.184138,-19.19147,-19.218503,-19.263523,-19.321873,-19.392082,-19.471135,-19.556376,-19.644669,-19.734279],"drift":[0.10637693,0.10637705,0.10637728,0.10637763,0.10637809,0.10637867,0.10637936,0.10638017,0.10638109,0.10638213,0.10638328,0.10638455,0.10638594,0.10638744,0.10638906,0.10639079,0.10639264,0.1063946,0.10639668,0.10639887,0.10640118,0.1064036,0.10640614,0.1064088,0.10641157,0.10641445,0.10641746,0.10642057,0.1064238,0.10642715,0.10643062,0.10643419,0.10643789,0.1064417,0.10644562,0.10644966,0.10645382,0.10645809,0.10646248,0.10646698,0.10647159,0.10647633,0.10648118,0.10648614,0.10649122,0.10649641,0.10650172,0.10650715,0.10651269,0.10651834,0.10652412,0.10653,0.10653601,0.10654212,0.10654836,0.10655471,0.10656117,0.10656775,0.10657444,0.10658125,0.10658818,0.10659522,0.10660238,0.10660965,0.10661704,0.10662454,0.10663216,0.10663989,0.10664774,0.10665571,0.10666379,0.10667198,0.10668029,0.10668872,0.10669726,0.10670592,0.10671469,0.10672358,0.10673258,0.1067417,0.10675094,0.10676029,0.10676975,0.10677933,0.10678903,0.10679884,0.10680877,0.10681881,0.10682897,0.10683924,0.10684963,0.10686013,0.10687075,0.10688149,0.10689234,0.1069033,0.10691438,0.10692558,0.10693689,0.10694832,0.10695986,0.10697152,0.1069833,0.10699518,0.10700719,0.10701931,0.10703154,0.1070439,0.10705636,0.10706894,0.10708164,0.10709445,0.10710738,0.10712042,0.10713358,0.10714686,0.10716025,0.10717375,0.10718737,0.10720111,0.10721496,0.10722893,0.10724301,0.10725721,0.10727152,0.10728595,0.10730049,0.10731515,0.10732993,0.10734482,0.10735982,0.10737494,0.10739018,0.10740553,0.107421,0.10743658,0.10745228,0.10746809,0.10748402,0.10750007,0.10751623,0.1075325,0.10754889,0.1075654,0.10758202,0.10759876,0.10761561,0.10763258,0.10764966,0.10766686,0.10768418,0.1077016,0.10771915,0.10773681,0.10775459,0.10777248,0.10779048,0.10780861,0.10782684,0.1078452,0.10786367,0.10788225,0.10790095,0.10791976,0.10793869,0.10795774,0.1079769,0.10799618,0.10801557,0.10803508,0.1080547,0.10807444,0.10809429,0.10811426,0.10813434,0.10815454,0.10817486,0.10819529,0.10821583,0.1082365,0.10825727,0.10827817,0.10829917,0.11002861,0.11346646,0.11861273,0.12546742,0.12995512,0.13475343,0.13275023,0.12797227,0.1215559,0.11165067,0.1041933,0.09217379,0.07618813,0.05669759,0.03534207,0.01345813,-0.00733122,-0.02703319,-0.04502002,-0.05834994,-0.07020869,-0.07905387,-0.08524082,-0.08829295,-0.08961027,-0.08961027],"instab":[null,null,null,null,null,null,null,null,null,null,null,null,null,null,null,null,null,null,null,null,null,null,null,null,null,null,null,null,null,null,null,null,null,null,null,null,null,null,null,null,null,null,null,null,null,null,null,null,null,null,null,null,null,null,null,null,null,null,null,null,null,null,null,null,null,null,null,null,null,null,null,null,null,null,null,null,null,null,null,null,null,null,null,null,null,null,null,null,null,null,null,null,null,null,null,null,null,null,null,null,null,null,null,null,null,null,null,null,null,null,null,null,null,null,null,null,null,null,null,null,null,null,null,null,null,null,null,null,null,null,null,null,null,null,null,null,null,null,null,null,null,null,null,null,null,null,null,null,null,null,null,null,null,null,null,null,null,null,null,null,null,null,null,null,null,null,null,null,null,null,null,null,null,null,null,null,null,null,null,null,null,null,null,null,null,null,null,null,null,9.569335,8.734468,8.027772,7.595936,7.107031,6.748943,6.433297,6.163245,5.91726,5.69706,5.492558,5.310354,5.152542,1.339391,1.299435,1.272286,1.240392,1.244076,1.125824,1.065323],