{"word":"democracy","years":[1800,1801,1802,1803,1804,1805,1806,1807,1808,1809,1810,1811,1812,1813,1814,1815,1816,1817,1818,1819,1820,1821,1822,1823,1824,1825,1826,1827,1828,1829,1830,1831,1832,1833,1834,1835,1836,1837,1838,1839,1840,1841,1842,1843,1844,1845,1846,1847,1848,1849,1850,1851,1852,1853,1854,1855,1856,1857,1858,1859,1860,1861,1862,1863,1864,1865,1866,1867,1868,1869,1870,1871,1872,1873,1874,1875,1876,1877,1878,1879,1880,1881,1882,1883,1884,1885,1886,1887,1888,1889,1890,1891,1892,1893,1894,1895,1896,1897,1898,1899,1900,1901,1902,1903,1904,1905,1906,1907,1908,1909,1910,1911,1912,1913,1914,1915,1916,1917,1918,1919,1920,1921,1922,1923,1924,1925,1926,1927,1928,1929,1930,1931,1932,1933,1934,1935,1936,1937,1938,1939,1940,1941,1942,1943,1944,1945,1946,1947,1948,1949,1950,1951,1952,1953,1954,1955,1956,1957,1958,1959,1960,1961,1962,1963,1964,1965,1966,1967,1968,1969,1970,1971,1972,1973,1974,1975,1976,1977,1978,1979,1980,1981,1982,1983,1984,1985,1986,1987,1988,1989,1990,1991,1992,1993,1994,1995,1996,1997,1998,1999,2000,2001,2002,2003,2004,2005,2006,2007,2008,2009,2010,2011,2012,2013,2014,2015,2016,2017,2018,2019],"level":[-12.408402,-12.557592,-12.664356,-12.762247,-12.447009,-12.413774,-12.512995,-12.672882,-12.758272,-12.781553,-12.99833,-12.901549,-13.082207,-13.0217,-12.853734,-12.952028,-13.070415,-13.16905,-13.215456,-13.291238,-13.335202,-13.207387,-13.003058,-12.840888,-12.939044,-12.809344,-13.014597,-13.109019,-13.075255,-12.942953,-12.618529,-12.717665,-12.652111,-12.513104,-12.379752,-12.252775,-12.101059,-12.124665,-12.178729,-12.173782,-12.161876,-12.146298,-12.153848,-12.098464,-12.093685,-12.09856,-12.148547,-12.224574,-12.191551,-12.222255,-12.299739,-12.345927,-12.339428,-12.436638,-12.521156,-12.60925,-12.640763,-12.761981,-12.794889,-12.817775,-12.776284,-12.731739,-12.721052,-12.730277,-12.727463,-12.727991,-12.706779,-12.736386,-12.810309,-12.890447,-12.986894,-13.04982,-13.093442,-13.091565,-13.013608,-12.896568,-12.824117,-12.809458,-12.806032,-12.797927,-12.848649,-12.907086,-13.050541,-13.04609,-13.003638,-13.005932,-13.008619,-13.066361,-13.038869,-12.995147,-12.928449,-12.905055,-12.89283,-12.830616,-12.832247,-12.825637,-12.773793,-12.717296,-12.637392,-12.581053,-12.56075,-12.558604,-12.551188,-12.558428,-12.538504,-12.50856,-12.488749,-12.451003,-12.457098,-12.413779,-12.320747,-12.257362,-12.172204,-12.092906,-11.966918,-11.7878,-11.548794,-11.253086,-11.112411,-11.152225,-11.329347,-11.510243,-11.621859,-11.682786,-11.737673,-11.810808,-11.85132,-11.893639,-11.920317,-11.946696,-11.93244,-11.879524,-11.79599,-11.69887,-11.551031,-11.433034,-11.3037,-11.120994,-10.94812,-10.801137,-10.705025,-10.657611,-10.699817,-10.778707,-10.851581,-10.899643,-10.951978,-10.97554,-11.01872,-11.065887,-11.101574,-11.165127,-11.239309,-11.315959,-11.368148,-11.394192,-11.424095,-11.458248,-11.461232,-11.443489,-11.425095,-11.411228,-11.416365,-11.417138,-11.407721,-11.419622,-11.437217,-11.420083,-11.389576,-11.411738,-11.453916,-11.51734,-11.592532,-11.643857,-11.694755,-11.71932,-11.751129,-11.782957,-11.798724,-11.791445,-11.781605,-11.77735,-11.753568,-11.718975,-11.666878,-11.634308,-11.561447,-11.489683,-11.427712,-11.356281,-11.289315,-11.251473,-11.229013,-11.215803,-11.197685,-11.198085,-11.213539,-11.231722,-11.236327,-11.226593,-11.19704,-11.187985,-11.165972,-11.12332,-11.06263,-11.013694,-10.978942,-10.956815,-10.926772,-10.90042,-10.896918,-10.911345,-10.96067,-10.956096,-10.909382,-10.857365,-10.823378,-10.804525,-10.738358,-10.721984],"drift":[0.00770047,0.00770047,0.00770047,0.00770047,0.00770047,0.00770047,0.00770047,0.00770047,0.00770047,0.00770047,0.00770047,0.00770047,0.00770047,0.00770048,0.00770048,0.00770048,0.00770048,0.00770048,0.00770048,0.00770048,0.00770048,0.00770048,0.00770048,0.00770048,0.00770049,0.00770049,0.00770049,0.00770049,0.00770049,0.00770049,0.00770049,0.00770049,0.00770049,0.00770049,0.00770049,0.00770049,0.00770049,0.00770049,0.00770049,0.00770049,0.00770049,0.00770049,0.00770049,0.00770049,0.00770049,0.00770049,0.00770049,0.00770049,0.00770049,0.00770049,0.00770049,0.00770049,0.0077005,0.0077005,0.0077005,0.0077005,0.0077005,0.0077005,0.0077005,0.0077005,0.0077005,0.0077005,0.0077005,0.0077005,0.00770051,0.00770051,0.00770051,0.00770051,0.00770051,0.00770051,0.00770051,0.00770051,0.00770051,0.00770052,0.00770052,0.00770052,0.00770052,0.00770052,0.00770052,0.00770052,0.00770052,0.00770053,0.00770053,0.00770053,0.00770053,0.00770053,0.00770053,0.00770054,0.00770054,0.00770054,0.00770054,0.00770054,0.00770054,0.00770054,0.00770055,0.00770055,0.00770055,0.00770055,0.00770055,0.00770055,0.00770055,0.00770055,0.00770055,0.00770056,0.00770056,0.00770056,0.00770056,0.00770056,0.00770056,0.00770056,0.00770056,0.00770056,0.00770056,0.00770056,0.00770057,0.00770057,0.00770057,0.00770057,0.00770056,0.00770056,0.00770056,0.00770056,0.00770056,0.00770056,0.00770057,0.00770057,0.00770057,0.00770057,0.00770057,0.00770057,0.00770057,0.00770057,0.00770057,0.00770057,0.00770057,0.00770057,0.00770057,0.00770057,0.00770057,0.00770057,0.00770057,0.00770057,0.00770057,0.00770057,0.00770057,0.00770056,0.00770056,0.00770056,0.00770056,0.00770056,0.00770056,0.00770056,0.00770056,0.00770056,0.00770056,0.00770056,0.00770056,0.00770056,0.00770056,0.00770056,0.00770057,0.00770057,0.00770057,0.00770057,0.00770057,0.00770057,0.00770057,0.00770057,0.00770057,0.00770057,0.00770057,0.00770057,0.00770057,0.00770057,0.00770057,0.00770057,0.00770057,0.00770057,0.00770057,0.00770058,0.00770058,0.00770058,0.00770058,0.00770058,0.00770058,0.00770058,0.00770058,0.00770058,0.00770058,0.00770058,0.00770058,0.00770058,0.00770058,0.00770058,0.00770058,0.00770058,0.00770059,0.00770059,0.00770059,0.00770059,0.00770059,0.00770059,0.00770059,0.00770059,0.00770059,0.00770059,0.00770059,0.00770059,0.00770059,0.00770059,0.00770059,0.00770059,0.00770059,0.00770059,0.00770059,0.00770059,0.00770059,0.00770059,0.00770059,0.00770059],"instab":[null,null,null,null,5.666855,5.172243,4.759484,4.420752,4.152836,3.951026,3.748339,3.618609,3.464771,3.33838,3.250801,3.144167,3.046314,2.956997,2.877809,2.802899,0.687665,0.675153,0.678644,0.686876,0.552828,0.587415,0.60444,0.60084,0.598523,0.591162,0.633048,0.622025,0.591265,0.592874,0.55825,0.557199,0.564862,0.559756,0.566405,0.564359,0.554756,0.554956,0.548783,0.517137,0.491805,0.4483,0.421214,0.420251,0.418967,0.417871,0.256612,0.231031,0.234252,0.232946,0.227088,0.229571,0.171707,0.188562,0.184417,0.185142,0.188066,0.193303,0.194357,0.185344,0.185551,0.183336,0.189806,0.174915,0.168051,0.16778,0.168856,0.166926,0.155601,0.152167,0.155077,0.16908,0.179122,0.154451,0.153353,0.150782,0.151498,0.147621,0.194597,0.194684,0.200137,0.200158,0.198774,0.206233,0.205429,0.204819,0.203998,0.200981,0.197541,0.200567,0.20056,0.189097,0.180968,0.181174,0.18652,0.18834,0.187076,0.187151,0.124261,0.125029,0.121581,0.121336,0.120953,0.097291,0.105135,0.106432,0.107515,0.107538,0.106395,0.097016,0.096857,0.097571,0.114725,0.208241,0.233355,0.233269,0.261094,0.297968,0.314217,0.316886,0.31899,0.326096,0.327679,0.329323,0.328345,0.330872,0.328075,0.327841,0.326862,0.327041,0.333806,0.332853,0.325224,0.269814,0.2455,0.257458,0.249076,0.218024,0.198346,0.201424,0.209008,0.202192,0.207264,0.203582,0.20503,0.204802,0.204212,0.208962,0.214392,0.222489,0.214988,0.21084,0.208652,0.190379,0.163762,0.130961,0.107692,0.082081,0.082338,0.080071,0.0795,0.079791,0.07621,0.077076,0.090584,0.088769,0.088735,0.088362,0.09206,0.084871,0.084288,0.084229,0.08433,0.082376,0.082824,0.082125,0.081666,0.078449,0.079866,0.081555,0.088641,0.088671,0.095214,0.103302,0.09909,0.105532,0.113407,0.112062,0.10018,0.095234,0.084376,0.082389,0.080302,0.077898,0.075269,0.076657,0.077066,0.076169,0.076978,0.076879,0.076691,0.07619,0.073832,0.070155,0.069161,0.065951,0.057131,0.055233,0.077513,0.080755,0.081081,0.085017,0.085273,0.084949,0.093282,0.091965],