{"word":"diagnosis","years":[1800,1801,1802,1803,1804,1805,1806,1807,1808,1809,1810,1811,1812,1813,1814,1815,1816,1817,1818,1819,1820,1821,1822,1823,1824,1825,1826,1827,1828,1829,1830,1831,1832,1833,1834,1835,1836,1837,1838,1839,1840,1841,1842,1843,1844,1845,1846,1847,1848,1849,1850,1851,1852,1853,1854,1855,1856,1857,1858,1859,1860,1861,1862,1863,1864,1865,1866,1867,1868,1869,1870,1871,1872,1873,1874,1875,1876,1877,1878,1879,1880,1881,1882,1883,1884,1885,1886,1887,1888,1889,1890,1891,1892,1893,1894,1895,1896,1897,1898,1899,1900,1901,1902,1903,1904,1905,1906,1907,1908,1909,1910,1911,1912,1913,1914,1915,1916,1917,1918,1919,1920,1921,1922,1923,1924,1925,1926,1927,1928,1929,1930,1931,1932,1933,1934,1935,1936,1937,1938,1939,1940,1941,1942,1943,1944,1945,1946,1947,1948,1949,1950,1951,1952,1953,1954,1955,1956,1957,1958,1959,1960,1961,1962,1963,1964,1965,1966,1967,1968,1969,1970,1971,1972,1973,1974,1975,1976,1977,1978,1979,1980,1981,1982,1983,1984,1985,1986,1987,1988,1989,1990,1991,1992,1993,1994,1995,1996,1997,1998,1999,2000,2001,2002,2003,2004,2005,2006,2007,2008,2009,2010,2011,2012,2013,2014,2015,2016,2017,2018,2019],"level":[-15.062633,-15.021361,-14.998706,-14.99027,-14.951499,-14.884205,-14.847587,-14.813837,-14.766571,-14.703684,-14.641984,-14.603001,-14.58508,-14.552022,-14.5075,-14.460005,-14.406252,-14.365475,-14.326674,-14.276386,-14.236339,-14.20124,-14.163107,-14.11391,-14.064906,-14.018139,-13.942609,-13.868386,-13.786269,-13.702478,-13.616313,-13.53583,-13.454672,-13.376279,-13.284403,-13.190842,-13.116667,-13.042172,-12.97754,-12.912712,-12.855948,-12.800705,-12.742201,-12.693444,-12.642028,-12.595364,-12.559943,-12.521361,-12.490329,-12.467957,-12.441566,-12.409081,-12.375517,-12.34064,-12.302446,-12.264549,-12.229645,-12.197855,-12.166678,-12.139132,-12.119389,-12.100396,-12.080852,-12.060267,-12.039385,-12.015887,-11.987301,-11.96338,-11.939563,-11.918628,-11.899446,-11.878158,-11.850271,-11.820604,-11.788247,-11.751463,-11.715482,-11.67811,-11.637202,-11.592258,-11.549981,-11.50981,-11.47237,-11.435788,-11.401059,-11.369249,-11.34319,-11.322684,-11.305261,-11.287162,-11.270448,-11.252473,-11.231645,-11.208557,-11.184525,-11.159209,-11.134031,-11.110054,-11.086165,-11.066497,-11.046938,-11.030181,-11.014755,-11.002418,-10.992477,-10.988259,-10.98697,-10.98599,-10.985865,-10.988812,-10.992404,-10.997262,-11.000106,-11.003098,-11.008145,-11.011732,-11.01486,-11.018785,-11.023754,-11.027431,-11.027088,-11.028497,-11.031913,-11.03909,-11.045576,-11.051441,-11.056712,-11.061681,-11.066337,-11.071628,-11.075576,-11.076496,-11.076777,-11.079386,-11.082324,-11.084117,-11.084156,-11.081699,-11.079973,-11.078524,-11.077591,-11.075717,-11.0725,-11.067489,-11.061944,-11.056744,-11.050898,-11.044397,-11.036034,-11.028463,-11.021351,-11.016041,-11.010469,-11.005177,-11.000273,-10.996838,-10.994402,-10.992373,-10.990656,-10.990211,-10.990918,-10.991062,-10.987345,-10.979456,-10.967085,-10.951587,-10.932376,-10.913645,-10.894943,-10.87685,-10.86193,-10.845599,-10.829686,-10.813844,-10.796606,-10.781375,-10.769002,-10.758716,-10.748044,-10.738187,-10.727935,-10.716629,-10.702453,-10.689159,-10.675816,-10.661232,-10.648264,-10.636038,-10.625299,-10.614996,-10.607313,-10.601116,-10.594674,-10.587277,-10.578952,-10.57056,-10.561113,-10.550391,-10.539774,-10.528098,-10.514549,-10.497947,-10.478432,-10.456818,-10.431564,-10.405548,-10.376785,-10.345985,-10.314572,-10.283277,-10.250065,-10.217565,-10.186015,-10.157718,-10.131046,-10.104696,-10.080359,-10.056271,-10.032784,-10.008494],"drift":[0.0435461,0.0435603,0.04370509,0.0440702,0.04446841,0.04472404,0.0450303,0.04540702,0.04577214,0.04603035,0.04619067,0.04639601,0.04677923,0.04724816,0.04773413,0.04822158,0.04867448,0.04917671,0.04974376,0.05030741,0.05093515,0.05166182,0.05247299,0.05330463,0.05416314,0.05506784,0.05584473,0.05650681,0.05700892,0.05734372,0.05749849,0.05750967,0.05737314,0.05710531,0.05662027,0.05590448,0.05507455,0.05412331,0.05310642,0.05201632,0.05089656,0.04974965,0.04854805,0.04734515,0.04611682,0.04488507,0.04371243,0.04257185,0.04150335,0.04055436,0.03969385,0.03887836,0.03809608,0.0373339,0.03656634,0.03579048,0.03502015,0.03427,0.03353917,0.03284578,0.03223424,0.03170541,0.03125255,0.03086632,0.03054246,0.03026262,0.02999324,0.0297618,0.02956749,0.0294271,0.02935071,0.02932469,0.02930765,0.02928837,0.02924991,0.0291644,0.0290363,0.02885613,0.02860068,0.02824313,0.02779792,0.02727542,0.02668943,0.02604164,0.02533958,0.0245971,0.02384549,0.02311474,0.02241955,0.02175134,0.0211146,0.02049748,0.01987829,0.01923905,0.01856987,0.01785855,0.01710151,0.01630151,0.01545412,0.01458041,0.0136756,0.01275153,0.01181077,0.01086671,0.00992844,0.00902584,0.00817157,0.00736222,0.00659808,0.00589357,0.00524831,0.00466618,0.00413096,0.00364023,0.00320378,0.00280975,0.00245281,0.0021357,0.00186298,0.00162486,0.00139475,0.00118216,0.00099829,0.00086548,0.0007786,0.00073322,0.00072535,0.00075305,0.00081453,0.00091416,0.00104415,0.00118642,0.00133785,0.00151394,0.00171784,0.00194367,0.00218188,0.00241838,0.0026592,0.00290758,0.00316829,0.00343708,0.00370726,0.00396928,0.00422147,0.00446755,0.00470501,0.00493126,0.00513607,0.00532566,0.0055041,0.00568375,0.0058641,0.00604802,0.00623909,0.00644767,0.00668132,0.00694402,0.00723938,0.00757718,0.00796673,0.00840694,0.00887645,0.00935213,0.00980895,0.01023023,0.01059541,0.01090978,0.01117546,0.01139794,0.01159842,0.01176933,0.01191436,0.01203485,0.01212284,0.01219141,0.01225885,0.01233862,0.01242879,0.01253503,0.01265554,0.01278447,0.01290471,0.01302252,0.01313832,0.0132451,0.01335361,0.01346915,0.01360175,0.01375496,0.0139461,0.01418565,0.01447356,0.01480569,0.01517829,0.01559329,0.01604668,0.01653334,0.01705695,0.01761417,0.01819679,0.01878937,0.01937741,0.01995149,0.02049244,0.02099889,0.02145684,0.02185642,0.02219631,0.02247936,0.02269537,0.02285013,0.02295055,0.02301757,0.02306176,0.02308541,0.02310124,0.02311091,0.02311823,0.02311823],"instab":[null,null,null,null,6.488617,6.402942,5.933667,5.518667,5.187504,4.947332,4.775102,4.592181,4.396695,4.225818,4.079786,3.94635,3.842156,3.733161,3.628288,3.543538,1.105916,1.09629,1.080248,0.907829,0.903637,0.666535,0.67071,0.657142,0.653529,0.640186,0.565274,0.529707,0.476071,0.464923,0.466275,0.523212,0.500617,0.509259,0.487941,0.479215,0.480213,0.482446,0.461851,0.472234,0.472181,0.351085,0.372664,0.369825,0.36896,0.398287,0.40884,0.4127,0.40991,0.404211,0.401735,0.29703,0.296312,0.265105,0.266067,0.256183,0.256998,0.256352,0.235037,0.232396,0.229757,0.205737,0.209581,0.200793,0.196248,0.17842,0.151724,0.161127,0.159362,0.154117,0.154654,0.158559,0.157437,0.157473,0.154373,0.16052,0.171896,0.17851,0.176417,0.177055,0.172434,0.163476,0.163769,0.162145,0.167856,0.168584,0.167596,0.153408,0.157544,0.156741,0.153437,0.151739,0.151853,0.15049,0.152355,0.14362,0.137819,0.130648,0.129825,0.126885,0.12625,0.112158,0.106619,0.107736,0.103801,0.106822,0.10344,0.106695,0.104847,0.104467,0.110268,0.111396,0.109139,0.108756,0.096684,0.104473,0.103011,0.106232,0.110713,0.109499,0.09694,0.09602,0.094853,0.094755,0.095766,0.094545,0.095457,0.087476,0.097079,0.098402,0.09259,0.090838,0.091114,0.095977,0.094668,0.081242,0.079769,0.078214,0.071689,0.07026,0.071469,0.069951,0.06931,0.068324,0.07314,0.071422,0.065163,0.064396,0.060779,0.060931,0.059323,0.054084,0.045582,0.0453,0.045342,0.045208,0.047808,0.068134,0.079184,0.086408,0.085692,0.086143,0.094315,0.098143,0.1009,0.112927,0.110392,0.111705,0.112161,0.112234,0.115683,0.120187,0.12119,0.121756,0.12174,0.122542,0.122363,0.116172,0.105952,0.096478,0.096078,0.093624,0.090275,0.088584,0.08618,0.073763,0.073336,0.07545,0.079279,0.081898,0.075791,0.067715,0.064339,0.064361,0.064141,0.065144,0.067392,0.063418,0.060565,0.060866,0.065832,0.060478,0.061071,0.066415,0.076056,0.073047,0.083542,0.090211,0.101854,0.1019,0.101023,0.099592,0.096329,0.095945,0.095597,0.091229],