{"word":"digital","years":[1800,1801,1802,1803,1804,1805,1806,1807,1808,1809,1810,1811,1812,1813,1814,1815,1816,1817,1818,1819,1820,1821,1822,1823,1824,1825,1826,1827,1828,1829,1830,1831,1832,1833,1834,1835,1836,1837,1838,1839,1840,1841,1842,1843,1844,1845,1846,1847,1848,1849,1850,1851,1852,1853,1854,1855,1856,1857,1858,1859,1860,1861,1862,1863,1864,1865,1866,1867,1868,1869,1870,1871,1872,1873,1874,1875,1876,1877,1878,1879,1880,1881,1882,1883,1884,1885,1886,1887,1888,1889,1890,1891,1892,1893,1894,1895,1896,1897,1898,1899,1900,1901,1902,1903,1904,1905,1906,1907,1908,1909,1910,1911,1912,1913,1914,1915,1916,1917,1918,1919,1920,1921,1922,1923,1924,1925,1926,1927,1928,1929,1930,1931,1932,1933,1934,1935,1936,1937,1938,1939,1940,1941,1942,1943,1944,1945,1946,1947,1948,1949,1950,1951,1952,1953,1954,1955,1956,1957,1958,1959,1960,1961,1962,1963,1964,1965,1966,1967,1968,1969,1970,1971,1972,1973,1974,1975,1976,1977,1978,1979,1980,1981,1982,1983,1984,1985,1986,1987,1988,1989,1990,1991,1992,1993,1994,1995,1996,1997,1998,1999,2000,2001,2002,2003,2004,2005,2006,2007,2008,2009,2010,2011,2012,2013,2014,2015,2016,2017,2018,2019],"level":[-17.096247,-17.080998,-17.096934,-17.119743,-17.132715,-17.104075,-17.08288,-17.058901,-16.989895,-16.931375,-16.899681,-16.904089,-16.902792,-16.848391,-16.779276,-16.731351,-16.630824,-16.552892,-16.494531,-16.49448,-16.490058,-16.488361,-16.468043,-16.444849,-16.432245,-16.415961,-16.381507,-16.350504,-16.304206,-16.265288,-16.205124,-16.161343,-16.125079,-16.111322,-16.085505,-16.036014,-15.985598,-15.928339,-15.869556,-15.803338,-15.738874,-15.675248,-15.606672,-15.539277,-15.475845,-15.413628,-15.369832,-15.329354,-15.288524,-15.244825,-15.217464,-15.186294,-15.16126,-15.139991,-15.122442,-15.10759,-15.089373,-15.063786,-15.033549,-15.009859,-14.990899,-14.96892,-14.945088,-14.919196,-14.893258,-14.863695,-14.824621,-14.784217,-14.746405,-14.713487,-14.684119,-14.656728,-14.626428,-14.594423,-14.561626,-14.527616,-14.492864,-14.457324,-14.416924,-14.378489,-14.343161,-14.309795,-14.278675,-14.253254,-14.231596,-14.215384,-14.205933,-14.204815,-14.210354,-14.221713,-14.23704,-14.256394,-14.273612,-14.290039,-14.310043,-14.331869,-14.35572,-14.381623,-14.404474,-14.43142,-14.458968,-14.489734,-14.520324,-14.553347,-14.589689,-14.628984,-14.667505,-14.706402,-14.745917,-14.784,-14.820702,-14.856513,-14.88789,-14.915092,-14.943573,-14.972653,-14.994781,-15.014739,-15.034346,-15.054614,-15.07331,-15.089234,-15.103535,-15.113005,-15.120052,-15.124402,-15.128065,-15.125254,-15.11864,-15.106101,-15.090599,-15.068068,-15.038848,-15.004124,-14.973996,-14.950692,-14.919853,-14.883288,-14.841255,-14.790557,-14.727552,-14.658287,-14.58431,-14.504405,-14.409754,-14.304117,-14.178016,-14.035938,-13.88717,-13.7293,-13.564963,-13.398622,-13.219955,-13.037384,-12.856918,-12.680814,-12.50785,-12.342116,-12.184586,-12.039361,-11.906665,-11.783748,-11.67098,-11.572064,-11.481643,-11.400761,-11.33139,-11.272859,-11.222612,-11.179296,-11.14127,-11.108432,-11.077417,-11.04732,-11.017559,-10.988848,-10.960344,-10.931602,-10.903031,-10.874868,-10.844748,-10.815054,-10.785231,-10.756955,-10.730054,-10.704988,-10.682874,-10.664622,-10.648309,-10.633079,-10.617032,-10.599939,-10.580745,-10.561183,-10.540098,-10.519506,-10.500085,-10.482771,-10.467348,-10.453879,-10.443175,-10.434971,-10.429007,-10.425533,-10.422701,-10.420326,-10.417338,-10.412229,-10.40451,-10.393837,-10.378302,-10.36021,-10.338915,-10.315315,-10.289046,-10.260601,-10.231986,-10.203157,-10.175481,-10.149472],"drift":[0.01410385,0.01406851,0.01495927,0.01701576,0.01999782,0.02271312,0.02547527,0.02828362,0.02983507,0.03050117,0.03113045,0.03285661,0.03555687,0.03767549,0.03882374,0.03969106,0.03868068,0.03645881,0.03356095,0.03169735,0.03067563,0.03054834,0.0307368,0.03115805,0.032152,0.0336357,0.03509414,0.03667886,0.03796668,0.03922515,0.03983733,0.04032781,0.04094368,0.04239869,0.0443655,0.04617411,0.0478518,0.04923911,0.05033188,0.0509343,0.05111913,0.05091794,0.05017173,0.04889392,0.0471674,0.04497638,0.04282178,0.04073953,0.03865447,0.03641373,0.0344524,0.03259236,0.03096562,0.02963816,0.02868384,0.02815644,0.02793584,0.02778773,0.02756403,0.0274599,0.0276181,0.02795034,0.0284097,0.02894677,0.02957671,0.03020709,0.03056379,0.03061677,0.03044767,0.03020232,0.02998272,0.02984312,0.0296894,0.02946421,0.02913616,0.02865768,0.0279911,0.02709152,0.02578119,0.0240803,0.02203224,0.01963435,0.01688197,0.01386602,0.01060959,0.00718023,0.00368078,0.00026042,-0.00298094,-0.00596369,-0.00865747,-0.01102109,-0.01319346,-0.01526599,-0.01719229,-0.01897559,-0.02060841,-0.0220778,-0.02352332,-0.0248632,-0.02612023,-0.02723385,-0.02824389,-0.02910643,-0.02974565,-0.03009011,-0.03017435,-0.02998937,-0.02951037,-0.02876678,-0.02777829,-0.02654186,-0.02515619,-0.02370738,-0.02211122,-0.02029996,-0.01843228,-0.01651753,-0.0145074,-0.01231948,-0.00993475,-0.00736516,-0.00458149,-0.00164694,0.00145427,0.00473463,0.0082742,0.01198238,0.01585626,0.01983251,0.02394243,0.02809591,0.0322147,0.03625604,0.04048653,0.04524736,0.05045291,0.0560871,0.06215507,0.06857666,0.07517022,0.08194605,0.08896784,0.09626936,0.10362084,0.11091008,0.11773046,0.12379936,0.12909758,0.13350773,0.13696634,0.1395183,0.14086194,0.14091823,0.13975387,0.13746756,0.13408565,0.12972692,0.12451005,0.11865383,0.11236418,0.10574883,0.09891682,0.09208483,0.0853042,0.07866007,0.07230266,0.06637029,0.06093558,0.0560447,0.05170996,0.04795769,0.04472836,0.04195063,0.03954913,0.03748214,0.03569228,0.03411694,0.03271279,0.03144903,0.03022631,0.02902004,0.02778897,0.02654288,0.02528572,0.02403535,0.02284427,0.02179495,0.02091482,0.02021015,0.01963398,0.01913624,0.01863672,0.01810864,0.01748869,0.01677296,0.0159755,0.01513672,0.0142891,0.01346679,0.01272976,0.01213243,0.01172546,0.0115732,0.01169071,0.01209576,0.01278192,0.0137049,0.01481265,0.01604817,0.01729952,0.01852641,0.01966785,0.02068792,0.02153573,0.02217029,0.02260593,0.02284949,0.02294409,0.02294409],"instab":[null,null,null,null,7.357082,7.168919,6.731907,6.242903,6.066181,5.891679,5.696547,5.431943,5.232477,5.03807,4.925001,4.77395,4.695622,4.592377,4.55853,4.438115,2.127702,2.129844,2.00043,1.953593,1.889359,1.844974,1.83757,1.801861,1.732042,1.656594,1.609388,1.601417,1.427558,1.449966,1.424451,1.286455,1.185463,1.132366,0.825412,0.812445,0.814345,0.742303,0.742016,0.737806,0.732217,0.714851,0.713963,0.692053,0.687484,0.651692,0.613138,0.603953,0.536896,0.490809,0.370466,0.388687,0.412613,0.41717,0.423337,0.415659,0.416378,0.417354,0.412825,0.4027,0.401728,0.319037,0.323216,0.335211,0.344168,0.29549,0.276155,0.275913,0.275982,0.276139,0.275648,0.259772,0.226452,0.222216,0.208563,0.209201,0.200634,0.197648,0.199841,0.199824,0.19406,0.155342,0.155813,0.146883,0.131117,0.135501,0.142601,0.179553,0.194727,0.194864,0.197248,0.198398,0.199043,0.210065,0.204079,0.194771,0.192172,0.19016,0.176168,0.175464,0.17037,0.16289,0.14984,0.147816,0.147462,0.146765,0.147319,0.119561,0.106897,0.127083,0.136148,0.143684,0.147227,0.138474,0.147658,0.147655,0.147422,0.145972,0.146378,0.148818,0.15127,0.15269,0.152786,0.153119,0.14725,0.148853,0.147706,0.133453,0.126264,0.19152,0.23771,0.228898,0.230081,0.230192,0.232789,0.241646,0.243287,0.249476,0.247417,0.258054,0.257999,0.275851,0.27141,0.297958,0.304457,0.318094,0.338964,0.338479,0.346721,0.353151,0.356328,0.346778,0.348753,0.346899,0.338392,0.312594,0.316979,0.325565,0.327829,0.330893,0.350353,0.331047,0.348739,0.374929,0.405763,0.430049,0.432221,0.460961,0.469793,0.450116,0.417853,0.397885,0.35997,0.322789,0.263602,0.212118,0.194435,0.181223,0.15774,0.168323,0.178612,0.189412,0.204301,0.207717,0.20585,0.19751,0.190981,0.170207,0.150709,0.130129,0.123665,0.116374,0.111334,0.107809,0.105679,0.092542,0.092049,0.089454,0.089744,0.091365,0.092348,0.093132,0.094315,0.097273,0.098102,0.097927,0.094794,0.088568,0.090637,0.090144,0.092119,0.101628,0.105811,0.115637,0.123703,0.133401],