{"word":"disease","years":[1800,1801,1802,1803,1804,1805,1806,1807,1808,1809,1810,1811,1812,1813,1814,1815,1816,1817,1818,1819,1820,1821,1822,1823,1824,1825,1826,1827,1828,1829,1830,1831,1832,1833,1834,1835,1836,1837,1838,1839,1840,1841,1842,1843,1844,1845,1846,1847,1848,1849,1850,1851,1852,1853,1854,1855,1856,1857,1858,1859,1860,1861,1862,1863,1864,1865,1866,1867,1868,1869,1870,1871,1872,1873,1874,1875,1876,1877,1878,1879,1880,1881,1882,1883,1884,1885,1886,1887,1888,1889,1890,1891,1892,1893,1894,1895,1896,1897,1898,1899,1900,1901,1902,1903,1904,1905,1906,1907,1908,1909,1910,1911,1912,1913,1914,1915,1916,1917,1918,1919,1920,1921,1922,1923,1924,1925,1926,1927,1928,1929,1930,1931,1932,1933,1934,1935,1936,1937,1938,1939,1940,1941,1942,1943,1944,1945,1946,1947,1948,1949,1950,1951,1952,1953,1954,1955,1956,1957,1958,1959,1960,1961,1962,1963,1964,1965,1966,1967,1968,1969,1970,1971,1972,1973,1974,1975,1976,1977,1978,1979,1980,1981,1982,1983,1984,1985,1986,1987,1988,1989,1990,1991,1992,1993,1994,1995,1996,1997,1998,1999,2000,2001,2002,2003,2004,2005,2006,2007,2008],"level":[-10.245369,-10.194591,-10.135321,-10.077171,-10.002376,-9.93272,-9.932167,-9.948831,-9.932196,-9.88602,-9.836617,-9.819397,-9.813439,-9.796413,-9.767129,-9.734866,-9.702495,-9.678205,-9.662881,-9.628733,-9.611878,-9.594113,-9.568713,-9.543684,-9.541315,-9.547164,-9.527825,-9.523846,-9.516245,-9.505794,-9.49979,-9.511739,-9.543279,-9.537275,-9.525607,-9.498815,-9.474667,-9.442509,-9.409755,-9.380407,-9.367903,-9.354259,-9.334662,-9.326123,-9.299937,-9.274226,-9.270225,-9.261055,-9.260913,-9.277657,-9.299356,-9.312809,-9.314981,-9.30894,-9.297169,-9.287055,-9.285239,-9.280296,-9.275486,-9.275398,-9.288078,-9.306771,-9.325016,-9.334937,-9.337039,-9.330082,-9.326036,-9.337646,-9.356451,-9.37877,-9.406756,-9.429047,-9.438537,-9.439506,-9.433689,-9.424402,-9.410061,-9.387262,-9.359401,-9.323375,-9.294366,-9.269657,-9.250159,-9.229799,-9.21314,-9.205584,-9.207515,-9.219402,-9.235618,-9.250749,-9.268908,-9.282097,-9.290759,-9.2947,-9.298074,-9.300211,-9.303641,-9.309082,-9.312921,-9.320217,-9.323373,-9.33045,-9.33648,-9.344133,-9.35545,-9.369865,-9.385614,-9.395487,-9.399427,-9.402636,-9.404856,-9.40849,-9.41174,-9.415779,-9.422735,-9.431921,-9.441547,-9.4549,-9.46636,-9.474333,-9.477824,-9.482395,-9.484631,-9.489085,-9.495644,-9.50377,-9.511201,-9.520009,-9.528278,-9.539323,-9.547076,-9.55179,-9.55706,-9.565494,-9.574845,-9.582179,-9.589023,-9.592144,-9.598891,-9.607279,-9.614592,-9.61987,-9.62374,-9.624712,-9.627935,-9.635256,-9.640414,-9.644692,-9.644873,-9.647543,-9.651422,-9.657387,-9.665717,-9.676709,-9.688456,-9.700596,-9.711884,-9.720639,-9.729178,-9.738621,-9.74979,-9.760342,-9.767612,-9.767754,-9.761195,-9.750257,-9.73746,-9.722196,-9.704275,-9.685369,-9.665099,-9.641507,-9.62176,-9.603863,-9.586501,-9.568946,-9.551977,-9.536803,-9.524366,-9.515621,-9.50541,-9.492091,-9.474778,-9.461555,-9.447854,-9.428317,-9.412277,-9.398035,-9.387361,-9.378803,-9.371972,-9.365969,-9.357869,-9.347025,-9.334367,-9.320235,-9.303467,-9.285444,-9.270404,-9.256161,-9.240726,-9.223098,-9.203417,-9.182263,-9.158732,-9.139112,-9.118486,-9.09702,-9.078873],"drift":[0.02653305,0.02645734,0.02627916,0.02600145,0.02557137,0.02500362,0.02451222,0.02414941,0.02381007,0.02340088,0.0229105,0.02243788,0.02201672,0.02161115,0.02118162,0.02071749,0.02021696,0.01970372,0.01920415,0.01865791,0.0181173,0.0175778,0.01701386,0.0164249,0.01587983,0.01540262,0.01491311,0.01445775,0.0140238,0.01360101,0.01320194,0.01288142,0.01269961,0.01253872,0.01238054,0.01217736,0.0119368,0.01163309,0.01126342,0.01083728,0.01040594,0.00996448,0.00949294,0.00902438,0.00850222,0.00792633,0.00736269,0.00679341,0.00624491,0.00576819,0.00537725,0.00504511,0.00473551,0.00442183,0.0040852,0.00372975,0.00338027,0.00302591,0.00266598,0.0023141,0.00200905,0.00176864,0.00159073,0.00144878,0.00131791,0.00116943,0.00101197,0.00089392,0.00083739,0.00085317,0.00095902,0.00113747,0.0013491,0.00156798,0.00177359,0.00195573,0.0020992,0.00217802,0.00217665,0.00206956,0.00187835,0.00161584,0.00129749,0.00091961,0.00049258,4.349e-05,-0.00039943,-0.00080648,-0.00116541,-0.00148072,-0.00174396,-0.00197145,-0.00217804,-0.00237914,-0.00257712,-0.00277648,-0.0029738,-0.00316342,-0.00335092,-0.00352611,-0.00370245,-0.00386825,-0.0040273,-0.00417503,-0.00430046,-0.0043943,-0.00445268,-0.00449413,-0.00453732,-0.00458465,-0.00463937,-0.00469723,-0.0047596,-0.00482423,-0.0048822,-0.00492673,-0.00495659,-0.00496022,-0.00494356,-0.00491743,-0.00489576,-0.00487511,-0.00486269,-0.00485156,-0.00483509,-0.00480834,-0.0047734,-0.00472587,-0.00466727,-0.00458875,-0.00450035,-0.00441129,-0.00431954,-0.00421494,-0.00409431,-0.00396356,-0.00382381,-0.00368626,-0.00353915,-0.00337689,-0.00320235,-0.00302132,-0.00283764,-0.00265979,-0.00248018,-0.00228545,-0.00208175,-0.0018712,-0.00166592,-0.00145751,-0.00124153,-0.0010108,-0.00075722,-0.00047168,-0.00015092,0.00020727,0.00060136,0.00102468,0.00147786,0.00196514,0.00249343,0.00306247,0.00366377,0.00427696,0.00488302,0.00547018,0.00603445,0.0065699,0.0070699,0.00753294,0.00795621,0.00833065,0.00866943,0.0089794,0.0092632,0.00952109,0.00975573,0.00997345,0.01018347,0.01039799,0.01061309,0.01081975,0.01100612,0.01118557,0.01135717,0.01150322,0.0116351,0.01175885,0.01188598,0.0120235,0.01217724,0.01235026,0.01253655,0.01272813,0.01291993,0.01310794,0.01328452,0.01344631,0.01360312,0.01375793,0.0139075,0.01404546,0.01416581,0.01426434,0.01433394,0.01438702,0.01442063,0.01443223,0.01443223],"instab":[null,null,null,null,4.733662,4.412529,4.047174,3.747994,3.514999,3.341094,3.212252,3.077359,2.95085,2.840114,2.744851,2.659747,2.584333,2.514353,2.444613,2.388539,0.458074,0.449372,0.449881,0.452822,0.449484,0.391647,0.386306,0.287556,0.249253,0.24942,0.220764,0.224168,0.268728,0.263536,0.266155,0.268694,0.2657,0.265817,0.260062,0.262739,0.262498,0.261026,0.265218,0.259367,0.260533,0.250594,0.247379,0.24685,0.248635,0.24938,0.253142,0.25676,0.192824,0.192088,0.185868,0.186599,0.186863,0.185872,0.183461,0.17211,0.172047,0.172867,0.172847,0.165714,0.166216,0.140193,0.153084,0.150917,0.142926,0.142792,0.136939,0.136644,0.135451,0.135194,0.134188,0.128352,0.128295,0.130209,0.12935,0.142625,0.152141,0.157338,0.149696,0.146432,0.145712,0.147589,0.140972,0.141484,0.144305,0.144746,0.141577,0.128642,0.12627,0.124407,0.125077,0.124864,0.12401,0.125142,0.125154,0.113121,0.105143,0.097042,0.095781,0.090785,0.078398,0.068391,0.065111,0.066531,0.06491,0.065456,0.059267,0.053839,0.050166,0.052024,0.052358,0.052154,0.0528,0.053596,0.054211,0.05305,0.052113,0.051825,0.053992,0.05462,0.055089,0.054817,0.045525,0.038196,0.038816,0.041818,0.042158,0.042543,0.044285,0.042944,0.043201,0.043161,0.043215,0.045074,0.042077,0.038797,0.038894,0.03852,0.036981,0.038836,0.04243,0.042891,0.042789,0.043789,0.045984,0.043623,0.042489,0.042808,0.041812,0.042081,0.041069,0.042254,0.042613,0.039866,0.039561,0.039259,0.03906,0.041441,0.046611,0.045469,0.04128,0.044107,0.046511,0.04763,0.050077,0.053263,0.054234,0.06587,0.070062,0.071246,0.071137,0.070101,0.067624,0.067293,0.067216,0.067961,0.067752,0.064911,0.055829,0.049404,0.054643,0.055594,0.055571,0.05564,0.055551,0.055967,0.057514,0.054757,0.055221,0.055145,0.054928,0.054386,0.052256,0.051903,0.049688,0.049484,0.04887,0.048044,0.043044,0.043015,0.045054,0.040461,0.039165,0.039973,0.041699],