{"word":"electricity","years":[1800,1801,1802,1803,1804,1805,1806,1807,1808,1809,1810,1811,1812,1813,1814,1815,1816,1817,1818,1819,1820,1821,1822,1823,1824,1825,1826,1827,1828,1829,1830,1831,1832,1833,1834,1835,1836,1837,1838,1839,1840,1841,1842,1843,1844,1845,1846,1847,1848,1849,1850,1851,1852,1853,1854,1855,1856,1857,1858,1859,1860,1861,1862,1863,1864,1865,1866,1867,1868,1869,1870,1871,1872,1873,1874,1875,1876,1877,1878,1879,1880,1881,1882,1883,1884,1885,1886,1887,1888,1889,1890,1891,1892,1893,1894,1895,1896,1897,1898,1899,1900,1901,1902,1903,1904,1905,1906,1907,1908,1909,1910,1911,1912,1913,1914,1915,1916,1917,1918,1919,1920,1921,1922,1923,1924,1925,1926,1927,1928,1929,1930,1931,1932,1933,1934,1935,1936,1937,1938,1939,1940,1941,1942,1943,1944,1945,1946,1947,1948,1949,1950,1951,1952,1953,1954,1955,1956,1957,1958,1959,1960,1961,1962,1963,1964,1965,1966,1967,1968,1969,1970,1971,1972,1973,1974,1975,1976,1977,1978,1979,1980,1981,1982,1983,1984,1985,1986,1987,1988,1989,1990,1991,1992,1993,1994,1995,1996,1997,1998,1999,2000,2001,2002,2003,2004,2005,2006,2007,2008],"level":[-12.235811,-12.12356,-11.963964,-11.823425,-11.906362,-11.929447,-11.885057,-11.785835,-11.778204,-11.767475,-11.811508,-11.921365,-11.959634,-11.941673,-12.117658,-12.090072,-12.013338,-11.884226,-11.817049,-11.859653,-11.949724,-12.012645,-12.141863,-12.302894,-12.340598,-12.35088,-12.393715,-12.434826,-12.46824,-12.425861,-12.345792,-12.299211,-12.242096,-12.244955,-12.219614,-12.205746,-12.218316,-12.187515,-12.151526,-12.074239,-12.011903,-12.023622,-11.92994,-11.915225,-11.904687,-11.837567,-11.781797,-11.745186,-11.70619,-11.705188,-11.705071,-11.741085,-11.750197,-11.752995,-11.735632,-11.693336,-11.673088,-11.6556,-11.6468,-11.709831,-11.788228,-11.911482,-11.994954,-12.037323,-12.004382,-11.968648,-11.93038,-11.857183,-11.801215,-11.719794,-11.689022,-11.665006,-11.622474,-11.592358,-11.564813,-11.555102,-11.533911,-11.507609,-11.466062,-11.427207,-11.36726,-11.270922,-11.200663,-11.138058,-11.097057,-11.076173,-11.033533,-10.990996,-10.94634,-10.897252,-10.834177,-10.803648,-10.790349,-10.794554,-10.818324,-10.837095,-10.870214,-10.898749,-10.932636,-10.962524,-10.97664,-10.980839,-10.977413,-10.976885,-10.98199,-10.979994,-10.976321,-10.971182,-10.978906,-10.983899,-10.993395,-11.008981,-11.024601,-11.034608,-11.06321,-11.090379,-11.118551,-11.137876,-11.154998,-11.164753,-11.165473,-11.162908,-11.174338,-11.179553,-11.180252,-11.17684,-11.172806,-11.170866,-11.1678,-11.164975,-11.174495,-11.187447,-11.191752,-11.199283,-11.204059,-11.200805,-11.215064,-11.218694,-11.244089,-11.261875,-11.286536,-11.310248,-11.33593,-11.347014,-11.352678,-11.362404,-11.374972,-11.394879,-11.418113,-11.435958,-11.451654,-11.468167,-11.471767,-11.467459,-11.465195,-11.475593,-11.496046,-11.520555,-11.543149,-11.56019,-11.575791,-11.596244,-11.612911,-11.628727,-11.647037,-11.658057,-11.674763,-11.69286,-11.704054,-11.702932,-11.668636,-11.616296,-11.543457,-11.459797,-11.361657,-11.287095,-11.246866,-11.208018,-11.184186,-11.166088,-11.161241,-11.179735,-11.202759,-11.229504,-11.266583,-11.3036,-11.34167,-11.377265,-11.400206,-11.418259,-11.424605,-11.421501,-11.416402,-11.417946,-11.424399,-11.42267,-11.417807,-11.414085,-11.404429,-11.385387,-11.371545,-11.353452,-11.355002,-11.350225,-11.340067,-11.313862,-11.286309,-11.255163,-11.233627],"drift":[0.00481826,0.00481826,0.00481826,0.00481826,0.00481826,0.00481826,0.00481826,0.00481826,0.00481826,0.00481825,0.00481825,0.00481825,0.00481825,0.00481825,0.00481825,0.00481825,0.00481825,0.00481825,0.00481825,0.00481825,0.00481825,0.00481825,0.00481825,0.00481825,0.00481825,0.00481825,0.00481825,0.00481825,0.00481825,0.00481825,0.00481825,0.00481825,0.00481825,0.00481825,0.00481826,0.00481826,0.00481826,0.00481826,0.00481826,0.00481826,0.00481826,0.00481826,0.00481826,0.00481826,0.00481826,0.00481826,0.00481825,0.00481825,0.00481825,0.00481825,0.00481825,0.00481825,0.00481825,0.00481825,0.00481825,0.00481825,0.00481825,0.00481825,0.00481825,0.00481825,0.00481824,0.00481824,0.00481825,0.00481825,0.00481825,0.00481825,0.00481825,0.00481825,0.00481825,0.00481824,0.00481824,0.00481824,0.00481824,0.00481824,0.00481824,0.00481824,0.00481824,0.00481824,0.00481824,0.00481824,0.00481824,0.00481823,0.00481823,0.00481823,0.00481823,0.00481823,0.00481822,0.00481822,0.00481822,0.00481822,0.00481822,0.00481821,0.00481821,0.00481821,0.00481821,0.0048182,0.0048182,0.0048182,0.0048182,0.00481819,0.00481819,0.00481819,0.00481819,0.00481819,0.00481818,0.00481818,0.00481818,0.00481818,0.00481818,0.00481817,0.00481817,0.00481817,0.00481817,0.00481817,0.00481817,0.00481816,0.00481816,0.00481816,0.00481816,0.00481816,0.00481816,0.00481816,0.00481816,0.00481815,0.00481815,0.00481815,0.00481815,0.00481815,0.00481815,0.00481815,0.00481815,0.00481815,0.00481814,0.00481814,0.00481814,0.00481814,0.00481814,0.00481814,0.00481814,0.00481814,0.00481814,0.00481814,0.00481814,0.00481814,0.00481813,0.00481813,0.00481813,0.00481813,0.00481813,0.00481813,0.00481813,0.00481813,0.00481813,0.00481813,0.00481813,0.00481813,0.00481813,0.00481813,0.00481813,0.00481813,0.00481813,0.00481813,0.00481813,0.00481813,0.00481814,0.00481814,0.00481814,0.00481814,0.00481814,0.00481814,0.00481814,0.00481814,0.00481814,0.00481814,0.00481814,0.00481814,0.00481814,0.00481814,0.00481814,0.00481814,0.00481814,0.00481814,0.00481814,0.00481814,0.00481814,0.00481814,0.00481814,0.00481814,0.00481814,0.00481814,0.00481814,0.00481814,0.00481814,0.00481814,0.00481814,0.00481814,0.00481814,0.00481814,0.00481814,0.00481814,0.00481814,0.00481814,0.00481814,0.00481814,0.00481814,0.00481814,0.00481814,0.00481814,0.00481814],"instab":[null,null,null,null,5.729366,5.169296,4.778343,4.527042,4.264047,4.055606,3.871011,3.69278,3.542141,3.453742,3.33183,3.227521,3.134892,3.067365,3.003933,2.930135,0.793212,0.783713,0.78123,0.774112,0.664362,0.639103,0.635532,0.613172,0.615807,0.614397,0.629441,0.604945,0.610342,0.561715,0.421495,0.4219,0.425596,0.393627,0.352426,0.362145,0.373725,0.392906,0.420231,0.326701,0.328398,0.330263,0.329991,0.32622,0.302843,0.302592,0.293585,0.305356,0.292625,0.292195,0.293653,0.294506,0.28567,0.28567,0.290226,0.289622,0.266718,0.266164,0.245087,0.26799,0.263707,0.257839,0.249734,0.259938,0.249437,0.276187,0.274668,0.268966,0.271618,0.27056,0.271275,0.267671,0.267476,0.267039,0.254441,0.253022,0.253082,0.230228,0.201016,0.151541,0.152285,0.158604,0.153025,0.147458,0.146443,0.118052,0.128157,0.124341,0.123443,0.123932,0.133364,0.131866,0.141684,0.144921,0.152937,0.162734,0.166245,0.148277,0.141582,0.129263,0.122537,0.121517,0.119238,0.118336,0.116887,0.116109,0.085423,0.074412,0.067131,0.066545,0.065648,0.0652,0.064726,0.064693,0.06236,0.054457,0.052537,0.057835,0.057473,0.056165,0.055904,0.056463,0.057539,0.053002,0.053884,0.058295,0.058215,0.059102,0.058385,0.054875,0.053033,0.058937,0.055777,0.060453,0.061892,0.059959,0.061584,0.058775,0.064333,0.064631,0.065006,0.064807,0.064421,0.064297,0.065341,0.061383,0.061137,0.06226,0.061536,0.063487,0.068226,0.063007,0.061334,0.053694,0.052126,0.051883,0.051601,0.051911,0.045377,0.045059,0.045361,0.046055,0.045162,0.046019,0.04567,0.052401,0.054073,0.055648,0.070325,0.082117,0.123586,0.151153,0.152406,0.15458,0.152146,0.151092,0.151041,0.149332,0.149337,0.149225,0.150425,0.154238,0.158012,0.16271,0.162686,0.159651,0.1615,0.161827,0.15972,0.156896,0.13194,0.097921,0.093413,0.080762,0.075759,0.072676,0.063396,0.076423,0.076294,0.07638,0.074318,0.0749,0.072576,0.06953,0.072156],