{"word":"electronic","years":[1800,1801,1802,1803,1804,1805,1806,1807,1808,1809,1810,1811,1812,1813,1814,1815,1816,1817,1818,1819,1820,1821,1822,1823,1824,1825,1826,1827,1828,1829,1830,1831,1832,1833,1834,1835,1836,1837,1838,1839,1840,1841,1842,1843,1844,1845,1846,1847,1848,1849,1850,1851,1852,1853,1854,1855,1856,1857,1858,1859,1860,1861,1862,1863,1864,1865,1866,1867,1868,1869,1870,1871,1872,1873,1874,1875,1876,1877,1878,1879,1880,1881,1882,1883,1884,1885,1886,1887,1888,1889,1890,1891,1892,1893,1894,1895,1896,1897,1898,1899,1900,1901,1902,1903,1904,1905,1906,1907,1908,1909,1910,1911,1912,1913,1914,1915,1916,1917,1918,1919,1920,1921,1922,1923,1924,1925,1926,1927,1928,1929,1930,1931,1932,1933,1934,1935,1936,1937,1938,1939,1940,1941,1942,1943,1944,1945,1946,1947,1948,1949,1950,1951,1952,1953,1954,1955,1956,1957,1958,1959,1960,1961,1962,1963,1964,1965,1966,1967,1968,1969,1970,1971,1972,1973,1974,1975,1976,1977,1978,1979,1980,1981,1982,1983,1984,1985,1986,1987,1988,1989,1990,1991,1992,1993,1994,1995,1996,1997,1998,1999,2000,2001,2002,2003,2004,2005,2006,2007,2008,2009,2010,2011,2012,2013,2014,2015,2016,2017,2018,2019],"level":[-17.207409,-17.276696,-17.34573,-17.414423,-17.482384,-17.549373,-17.615095,-17.679403,-17.742293,-17.803664,-17.863415,-17.921342,-17.977384,-18.031295,-18.082832,-18.131881,-18.178458,-18.222707,-18.264752,-18.304487,-18.341939,-18.377256,-18.410502,-18.441854,-18.471641,-18.500136,-18.527768,-18.554817,-18.581434,-18.607901,-18.63423,-18.660569,-18.686971,-18.713416,-18.739409,-18.764489,-18.78823,-18.810154,-18.829925,-18.847337,-18.862321,-18.874813,-18.884756,-18.892233,-18.897453,-18.900436,-18.901344,-18.899903,-18.895989,-18.889432,-18.880219,-18.868487,-18.854395,-18.8381,-18.819793,-18.799845,-18.778517,-18.755974,-18.732283,-18.70737,-18.68117,-18.653714,-18.624941,-18.594865,-18.563571,-18.531168,-18.497653,-18.463116,-18.427751,-18.391662,-18.354787,-18.317136,-18.278725,-18.239598,-18.199882,-18.159835,-18.119656,-18.079539,-18.039675,-18.000156,-17.960977,-17.921855,-17.882518,-17.84268,-17.802125,-17.760391,-17.717221,-17.672455,-17.625934,-17.57747,-17.52695,-17.474143,-17.41893,-17.361347,-17.301475,-17.239273,-17.174633,-17.107507,-17.037716,-16.965225,-16.890112,-16.81247,-16.732243,-16.649371,-16.563857,-16.475698,-16.384913,-16.291584,-16.19584,-16.09783,-15.997767,-15.895855,-15.792296,-15.687323,-15.581215,-15.474073,-15.365954,-15.256892,-15.14693,-15.036099,-14.924428,-14.811967,-14.698795,-14.585,-14.470647,-14.3558,-14.240498,-14.12476,-14.008577,-13.891933,-13.774824,-13.657253,-13.539233,-13.420805,-13.302043,-13.183048,-13.063944,-12.944896,-12.826097,-12.707795,-12.59029,-12.473912,-12.359029,-12.24602,-12.135277,-12.027159,-11.921957,-11.819912,-11.721224,-11.626068,-11.534605,-11.446986,-11.363344,-11.283795,-11.208434,-11.137328,-11.070517,-11.008012,-10.949787,-10.895783,-10.845904,-10.80002,-10.757969,-10.719562,-10.684584,-10.652804,-10.623978,-10.597851,-10.574156,-10.552621,-10.532974,-10.514956,-10.498316,-10.482827,-10.468277,-10.454472,-10.441228,-10.428377,-10.415766,-10.403259,-10.390742,-10.378127,-10.365341,-10.352333,-10.339061,-10.325492,-10.311603,-10.297367,-10.282761,-10.267769,-10.252381,-10.236601,-10.220443,-10.20393,-10.187098,-10.169986,-10.152639,-10.135101,-10.117415,-10.099622,-10.081758,-10.063852,-10.045934,-10.028028,-10.010158,-9.992353,-9.974641,-9.957055,-9.939637,-9.922438,-9.905529,-9.889003,-9.872941,-9.857373,-9.842277,-9.827595,-9.813242,-9.799115,-9.7851,-9.771128],"drift":[-0.06928744,-0.06903427,-0.06869287,-0.06796094,-0.06698898,-0.06572207,-0.06430784,-0.06289036,-0.06137062,-0.05975075,-0.05792683,-0.0560426,-0.05391072,-0.05153744,-0.04904832,-0.04657758,-0.04424877,-0.04204509,-0.0397346,-0.03745257,-0.03531696,-0.03324521,-0.03135266,-0.0297864,-0.02849524,-0.02763236,-0.02704869,-0.02661735,-0.02646716,-0.02632879,-0.02633918,-0.02640125,-0.02644559,-0.02599268,-0.02508009,-0.02374061,-0.02192411,-0.01977094,-0.01741255,-0.01498391,-0.01249173,-0.00994346,-0.00747687,-0.0052197,-0.0029827,-0.00090854,0.0014407,0.00391477,0.00655629,0.00921332,0.0117322,0.01409203,0.01629439,0.01830725,0.01994827,0.02132817,0.02254238,0.02369091,0.02491366,0.02619978,0.02745589,0.02877349,0.03007524,0.03129466,0.03240232,0.03351501,0.03453763,0.03536478,0.03608902,0.03687501,0.03765076,0.03841075,0.03912706,0.03971667,0.04004637,0.04017942,0.04011728,0.03986325,0.03951917,0.0391796,0.03912128,0.03933756,0.03983788,0.04055474,0.04173423,0.04316972,0.04476574,0.04652106,0.04846397,0.05052061,0.05280655,0.05521352,0.05758296,0.05987186,0.0622024,0.0646397,0.06712622,0.06979048,0.07249133,0.0751123,0.07764234,0.0802275,0.08287211,0.08551381,0.0881583,0.09078567,0.09332883,0.09574403,0.09800981,0.10006347,0.10191173,0.10355935,0.10497207,0.10610824,0.10714194,0.10811977,0.10906168,0.1099616,0.11083125,0.11167094,0.11246112,0.11317196,0.11379525,0.11435277,0.1148466,0.11530189,0.11573867,0.11618276,0.1166442,0.11710881,0.11757087,0.11802035,0.11842761,0.11876188,0.11899516,0.11910453,0.11904724,0.11879974,0.11830167,0.1175047,0.1163783,0.1148829,0.11300949,0.11074239,0.10811829,0.10520195,0.10204542,0.09868721,0.095156,0.09146345,0.08761844,0.08364216,0.07954945,0.07536128,0.07110586,0.06681069,0.06250487,0.0582248,0.05400382,0.04987931,0.04588463,0.04205064,0.03840685,0.03497783,0.03178052,0.02882535,0.02612694,0.02369553,0.02153536,0.01964628,0.01801841,0.01663964,0.01548919,0.01455029,0.01380494,0.01324339,0.01285131,0.01261154,0.01250665,0.01251643,0.01261585,0.01278534,0.01300808,0.01327265,0.01356819,0.01388966,0.01423585,0.01460601,0.01499227,0.01538768,0.01577952,0.01615886,0.01651202,0.0168328,0.01711188,0.01734674,0.01753848,0.01768555,0.01779261,0.01786461,0.01790533,0.01791831,0.01790595,0.01786997,0.01780564,0.01771198,0.01758525,0.01741859,0.01719894,0.01690914,0.01652619,0.01606197,0.01556765,0.01509601,0.01468184,0.0143529,0.01412745,0.01401467,0.01397209,0.01397209],"instab":[null,null,null,null,9.068686,8.12307,7.457138,7.137528,6.715389,6.399043,6.076265,5.887975,5.637686,5.424536,5.230197,5.052987,4.910663,4.85353,4.725462,4.601757,3.191626,2.936701,1.958031,1.719196,1.712336,1.752069,1.780253,1.700183,1.84194,1.863633,1.827317,1.731604,2.062077,2.058881,2.06302,2.050349,2.150092,2.085187,2.100304,2.086476,2.058363,2.078855,2.082398,2.141627,2.155422,2.405999,2.421751,2.403524,2.299903,2.298327,2.2756,2.269468,1.852975,1.861232,1.930891,1.97747,1.945272,1.928733,1.879005,1.903546,1.915206,1.892901,1.87745,1.790629,1.775802,1.313766,1.251773,1.286128,1.278257,1.236111,1.238383,1.244409,1.270136,1.248885,1.196512,1.148149,1.102525,1.073578,1.098984,1.243973,1.243934,1.22404,1.255452,1.349627,1.521174,1.539477,1.518485,1.488463,1.428902,1.446305,1.484095,1.537352,1.527205,1.548982,1.540725,1.547409,1.58775,1.603367,1.594801,1.40319,1.498797,1.500265,1.481301,1.352607,1.172522,1.133738,1.133568,1.133431,1.111669,1.078459,1.03231,0.931284,0.927544,1.012137,1.008306,0.989114,0.936119,0.82611,0.755713,0.763225,0.650964,0.651812,0.626528,0.626835,0.625183,0.598524,0.589758,0.591244,0.587689,0.590141,0.593406,0.606615,0.616618,0.290226,0.243668,0.243068,0.243228,0.256166,0.25835,0.257906,0.254638,0.264363,0.248628,0.306105,0.370002,0.396321,0.401051,0.402994,0.399308,0.399949,0.39808,0.389995,0.382325,0.377089,0.376816,0.368125,0.369723,0.353325,0.351318,0.363338,0.376885,0.390422,0.408554,0.390946,0.330454,0.283239,0.259992,0.253866,0.264634,0.280625,0.281678,0.289389,0.283038,0.26706,0.248617,0.229495,0.202034,0.18044,0.154902,0.137063,0.13287,0.140575,0.163398,0.187101,0.213843,0.241119,0.262116,0.269878,0.274163,0.265498,0.25717,0.235409,0.223901,0.208024,0.206207,0.201085,0.188798,0.17979,0.16508,0.139137,0.120051,0.103178,0.093339,0.08408,0.081104,0.080729,0.081565,0.082624,0.08782,0.093914,0.106135,0.175657,0.211872,0.215137,0.215334,0.216278,0.221227,0.284228,0.305253,0.332594],