{"word":"election","years":[1800,1801,1802,1803,1804,1805,1806,1807,1808,1809,1810,1811,1812,1813,1814,1815,1816,1817,1818,1819,1820,1821,1822,1823,1824,1825,1826,1827,1828,1829,1830,1831,1832,1833,1834,1835,1836,1837,1838,1839,1840,1841,1842,1843,1844,1845,1846,1847,1848,1849,1850,1851,1852,1853,1854,1855,1856,1857,1858,1859,1860,1861,1862,1863,1864,1865,1866,1867,1868,1869,1870,1871,1872,1873,1874,1875,1876,1877,1878,1879,1880,1881,1882,1883,1884,1885,1886,1887,1888,1889,1890,1891,1892,1893,1894,1895,1896,1897,1898,1899,1900,1901,1902,1903,1904,1905,1906,1907,1908,1909,1910,1911,1912,1913,1914,1915,1916,1917,1918,1919,1920,1921,1922,1923,1924,1925,1926,1927,1928,1929,1930,1931,1932,1933,1934,1935,1936,1937,1938,1939,1940,1941,1942,1943,1944,1945,1946,1947,1948,1949,1950,1951,1952,1953,1954,1955,1956,1957,1958,1959,1960,1961,1962,1963,1964,1965,1966,1967,1968,1969,1970,1971,1972,1973,1974,1975,1976,1977,1978,1979,1980,1981,1982,1983,1984,1985,1986,1987,1988,1989,1990,1991,1992,1993,1994,1995,1996,1997,1998,1999,2000,2001,2002,2003,2004,2005,2006,2007,2008],"level":[-9.38773,-9.380427,-9.395937,-9.394599,-9.448998,-9.490887,-9.547099,-9.591661,-9.602378,-9.632794,-9.653362,-9.660545,-9.675718,-9.69549,-9.725797,-9.738425,-9.720949,-9.695933,-9.67244,-9.644233,-9.615677,-9.62018,-9.617529,-9.603557,-9.588585,-9.555483,-9.565669,-9.595243,-9.6142,-9.638405,-9.651543,-9.661883,-9.655309,-9.650538,-9.636427,-9.647378,-9.638143,-9.642527,-9.652109,-9.654872,-9.663051,-9.683757,-9.707531,-9.728213,-9.735032,-9.740562,-9.743192,-9.745756,-9.741989,-9.729747,-9.726636,-9.71514,-9.686738,-9.668869,-9.652826,-9.61546,-9.553514,-9.533435,-9.514065,-9.519485,-9.49977,-9.494815,-9.492788,-9.489526,-9.469304,-9.466262,-9.450605,-9.438134,-9.405777,-9.404052,-9.401829,-9.417647,-9.423152,-9.438368,-9.448543,-9.457884,-9.451346,-9.449157,-9.496868,-9.523763,-9.560113,-9.595325,-9.629166,-9.661164,-9.67416,-9.687518,-9.690071,-9.678978,-9.66695,-9.65094,-9.643491,-9.637305,-9.638285,-9.641714,-9.650935,-9.663658,-9.670858,-9.683034,-9.701849,-9.71766,-9.727815,-9.739966,-9.750976,-9.7501,-9.746163,-9.731358,-9.719337,-9.707168,-9.69215,-9.677152,-9.668649,-9.656346,-9.658976,-9.667449,-9.689094,-9.709765,-9.735124,-9.763559,-9.789882,-9.804899,-9.819251,-9.833755,-9.848976,-9.866317,-9.878924,-9.900742,-9.925083,-9.93801,-9.944726,-9.943455,-9.940485,-9.933684,-9.926806,-9.919139,-9.911979,-9.901866,-9.894497,-9.902053,-9.902286,-9.899287,-9.912326,-9.929384,-9.937347,-9.940523,-9.94319,-9.945986,-9.942812,-9.937222,-9.930446,-9.931199,-9.940503,-9.934381,-9.939037,-9.938183,-9.946504,-9.964165,-9.979664,-9.985826,-9.995576,-9.994031,-9.995603,-9.998039,-10.004471,-10.005007,-9.99313,-9.981497,-9.976483,-9.969876,-9.971166,-9.970356,-9.974709,-9.974005,-9.987601,-10.001619,-10.016472,-10.033637,-10.053425,-10.073415,-10.099826,-10.11668,-10.125754,-10.129633,-10.138476,-10.144656,-10.151069,-10.161242,-10.168579,-10.175298,-10.178535,-10.187035,-10.194565,-10.198536,-10.193975,-10.193347,-10.188313,-10.185082,-10.180746,-10.181263,-10.179192,-10.178728,-10.177585,-10.174466,-10.172123,-10.158448,-10.139746,-10.125402,-10.110197,-10.09808,-10.085032],"drift":[-0.0033525,-0.0033525,-0.0033525,-0.0033525,-0.0033525,-0.0033525,-0.00335249,-0.00335249,-0.00335249,-0.00335249,-0.00335248,-0.00335248,-0.00335248,-0.00335247,-0.00335247,-0.00335246,-0.00335246,-0.00335246,-0.00335245,-0.00335245,-0.00335245,-0.00335245,-0.00335244,-0.00335244,-0.00335244,-0.00335244,-0.00335244,-0.00335244,-0.00335243,-0.00335243,-0.00335243,-0.00335243,-0.00335243,-0.00335242,-0.00335242,-0.00335242,-0.00335242,-0.00335242,-0.00335241,-0.00335241,-0.00335241,-0.00335241,-0.00335241,-0.0033524,-0.0033524,-0.0033524,-0.00335239,-0.00335239,-0.00335239,-0.00335239,-0.00335238,-0.00335238,-0.00335238,-0.00335238,-0.00335238,-0.00335238,-0.00335238,-0.00335238,-0.00335238,-0.00335238,-0.00335238,-0.00335238,-0.00335238,-0.00335239,-0.00335239,-0.00335239,-0.00335239,-0.00335239,-0.0033524,-0.0033524,-0.0033524,-0.00335241,-0.00335241,-0.00335241,-0.00335241,-0.00335242,-0.00335242,-0.00335242,-0.00335242,-0.00335243,-0.00335243,-0.00335243,-0.00335243,-0.00335243,-0.00335243,-0.00335243,-0.00335243,-0.00335243,-0.00335243,-0.00335243,-0.00335243,-0.00335243,-0.00335243,-0.00335243,-0.00335243,-0.00335243,-0.00335243,-0.00335243,-0.00335243,-0.00335243,-0.00335243,-0.00335243,-0.00335243,-0.00335243,-0.00335243,-0.00335243,-0.00335243,-0.00335243,-0.00335244,-0.00335244,-0.00335244,-0.00335244,-0.00335244,-0.00335244,-0.00335244,-0.00335244,-0.00335244,-0.00335244,-0.00335244,-0.00335244,-0.00335244,-0.00335244,-0.00335244,-0.00335244,-0.00335244,-0.00335244,-0.00335244,-0.00335244,-0.00335243,-0.00335243,-0.00335243,-0.00335243,-0.00335243,-0.00335243,-0.00335243,-0.00335243,-0.00335242,-0.00335242,-0.00335242,-0.00335242,-0.00335242,-0.00335242,-0.00335242,-0.00335242,-0.00335242,-0.00335242,-0.00335242,-0.00335241,-0.00335241,-0.00335241,-0.00335241,-0.00335241,-0.00335241,-0.00335241,-0.00335241,-0.00335241,-0.00335241,-0.00335241,-0.00335241,-0.00335241,-0.0033524,-0.0033524,-0.0033524,-0.0033524,-0.0033524,-0.0033524,-0.0033524,-0.0033524,-0.0033524,-0.0033524,-0.0033524,-0.0033524,-0.0033524,-0.0033524,-0.0033524,-0.0033524,-0.0033524,-0.00335239,-0.00335239,-0.00335239,-0.00335239,-0.00335239,-0.00335239,-0.00335238,-0.00335238,-0.00335238,-0.00335238,-0.00335237,-0.00335237,-0.00335237,-0.00335237,-0.00335237,-0.00335236,-0.00335236,-0.00335236,-0.00335236,-0.00335236,-0.00335235,-0.00335235,-0.00335235,-0.00335235,-0.00335235,-0.00335235,-0.00335234,-0.00335234,-0.00335234,-0.00335234,-0.00335234,-0.00335234],"instab":[null,null,null,null,4.242673,3.876834,3.573739,3.329942,3.169148,3.007526,2.868961,2.757116,2.654142,2.562553,2.473034,2.391791,2.323863,2.263574,2.205985,2.153399,0.389996,0.381572,0.333957,0.298725,0.242598,0.276013,0.257223,0.237676,0.228836,0.23411,0.233778,0.238513,0.238053,0.238001,0.239703,0.238984,0.240506,0.237336,0.239025,0.236591,0.207646,0.207382,0.208688,0.214318,0.213137,0.156262,0.14926,0.14265,0.142754,0.142758,0.142771,0.13834,0.147782,0.148604,0.130568,0.1213,0.193548,0.193993,0.204088,0.217135,0.221129,0.220586,0.218204,0.216024,0.220562,0.223617,0.223534,0.227852,0.242425,0.242156,0.241745,0.245014,0.241926,0.245399,0.24218,0.247325,0.196491,0.226244,0.237401,0.227041,0.224814,0.227226,0.229533,0.23751,0.228233,0.229131,0.228302,0.227414,0.197531,0.20319,0.19651,0.197604,0.196343,0.196755,0.196949,0.19349,0.192638,0.141324,0.115044,0.115886,0.11326,0.110277,0.110974,0.088366,0.089715,0.087306,0.082138,0.08176,0.083014,0.080449,0.079665,0.089792,0.090397,0.092847,0.095402,0.092445,0.093462,0.097507,0.106342,0.104187,0.104524,0.104318,0.098305,0.101026,0.100022,0.097975,0.106208,0.107288,0.10621,0.099143,0.098884,0.081837,0.08025,0.074518,0.075258,0.080415,0.096517,0.095235,0.0849,0.096545,0.096171,0.101378,0.102203,0.099819,0.098597,0.098971,0.088203,0.08501,0.084962,0.086823,0.09835,0.102852,0.104426,0.10647,0.10732,0.108515,0.104693,0.102741,0.107686,0.09825,0.098383,0.093525,0.093758,0.097426,0.098607,0.101862,0.101877,0.105046,0.102045,0.100759,0.091853,0.093139,0.092203,0.089487,0.087854,0.086198,0.080536,0.080376,0.08527,0.089496,0.09058,0.090783,0.090025,0.086252,0.085257,0.07982,0.079511,0.072807,0.075126,0.072011,0.071873,0.057307,0.062615,0.062622,0.065493,0.066253,0.070048,0.069831,0.058768,0.051222,0.048298,0.047466,0.051182,0.051286,0.058944,0.058512,0.061676,0.060234,0.076743],