{"word":"empire","years":[1800,1801,1802,1803,1804,1805,1806,1807,1808,1809,1810,1811,1812,1813,1814,1815,1816,1817,1818,1819,1820,1821,1822,1823,1824,1825,1826,1827,1828,1829,1830,1831,1832,1833,1834,1835,1836,1837,1838,1839,1840,1841,1842,1843,1844,1845,1846,1847,1848,1849,1850,1851,1852,1853,1854,1855,1856,1857,1858,1859,1860,1861,1862,1863,1864,1865,1866,1867,1868,1869,1870,1871,1872,1873,1874,1875,1876,1877,1878,1879,1880,1881,1882,1883,1884,1885,1886,1887,1888,1889,1890,1891,1892,1893,1894,1895,1896,1897,1898,1899,1900,1901,1902,1903,1904,1905,1906,1907,1908,1909,1910,1911,1912,1913,1914,1915,1916,1917,1918,1919,1920,1921,1922,1923,1924,1925,1926,1927,1928,1929,1930,1931,1932,1933,1934,1935,1936,1937,1938,1939,1940,1941,1942,1943,1944,1945,1946,1947,1948,1949,1950,1951,1952,1953,1954,1955,1956,1957,1958,1959,1960,1961,1962,1963,1964,1965,1966,1967,1968,1969,1970,1971,1972,1973,1974,1975,1976,1977,1978,1979,1980,1981,1982,1983,1984,1985,1986,1987,1988,1989,1990,1991,1992,1993,1994,1995,1996,1997,1998,1999,2000,2001,2002,2003,2004,2005,2006,2007,2008,2009,2010,2011,2012,2013,2014,2015,2016,2017,2018,2019],"level":[-9.797197,-9.787309,-9.781504,-9.814029,-9.721174,-9.68923,-9.691154,-9.676356,-9.656077,-9.654983,-9.655435,-9.653049,-9.642877,-9.699916,-9.775348,-9.83477,-9.879259,-9.939971,-9.975851,-10.006891,-10.033924,-10.037788,-10.04039,-10.127957,-10.213351,-10.232203,-10.229286,-10.233131,-10.247088,-10.264044,-10.27408,-10.318732,-10.360756,-10.319494,-10.329741,-10.307726,-10.299643,-10.281969,-10.270315,-10.238812,-10.211385,-10.204493,-10.20701,-10.19642,-10.153976,-10.154797,-10.185472,-10.196985,-10.214465,-10.23824,-10.259728,-10.274779,-10.297157,-10.311585,-10.311728,-10.338801,-10.385371,-10.441656,-10.481333,-10.50524,-10.56107,-10.628623,-10.706588,-10.757835,-10.810172,-10.858087,-10.902556,-10.919375,-10.939469,-10.93583,-10.935538,-10.956532,-10.983244,-10.980594,-10.996836,-10.983104,-10.979099,-10.972772,-10.970237,-10.979008,-11.000798,-11.033015,-11.079995,-11.107306,-11.167255,-11.186201,-11.1987,-11.214439,-11.216301,-11.222594,-11.201794,-11.239111,-11.289792,-11.300498,-11.302141,-11.316339,-11.350802,-11.356225,-11.336917,-11.329577,-11.33993,-11.388385,-11.435056,-11.490104,-11.544231,-11.597892,-11.646572,-11.678191,-11.711949,-11.707229,-11.661667,-11.71357,-11.860583,-11.969423,-12.025459,-12.058257,-12.096802,-12.111576,-12.121273,-12.142614,-12.173565,-12.188476,-12.188938,-12.183749,-12.179765,-12.172151,-12.128201,-12.146244,-12.139584,-12.110239,-12.142521,-12.163013,-12.173897,-12.203331,-12.201175,-12.178807,-12.154329,-12.116078,-12.128498,-12.123553,-12.110034,-12.103523,-12.107663,-12.122984,-12.12125,-12.142241,-12.146494,-12.170307,-12.217044,-12.233225,-12.22601,-12.230999,-12.236995,-12.253949,-12.27221,-12.290343,-12.292122,-12.284218,-12.282012,-12.259969,-12.209492,-12.185082,-12.156653,-12.131137,-12.11898,-12.122485,-12.111203,-12.095051,-12.083001,-12.077092,-12.084658,-12.126996,-12.195544,-12.255585,-12.314417,-12.367483,-12.412641,-12.448649,-12.46379,-12.450574,-12.453365,-12.460881,-12.463826,-12.452251,-12.446207,-12.421161,-12.400588,-12.372417,-12.34593,-12.327771,-12.290005,-12.246496,-12.205115,-12.18223,-12.163792,-12.13515,-12.104676,-12.060734,-12.019959,-11.983143,-11.94179,-11.901267,-11.846646,-11.779689,-11.730328,-11.681787,-11.640087,-11.602656,-11.560911,-11.515069,-11.48736,-11.467746,-11.470419,-11.442443,-11.396594,-11.356068,-11.328227,-11.312814,-11.286313,-11.262431],"drift":[-0.00958594,-0.00962561,-0.00969671,-0.0097213,-0.00995483,-0.01027371,-0.01060959,-0.01099722,-0.01144855,-0.01192543,-0.01242569,-0.01295611,-0.01353364,-0.01402255,-0.01438639,-0.01465849,-0.01486983,-0.0149878,-0.01506322,-0.01510609,-0.01512467,-0.01516619,-0.0152333,-0.01515307,-0.01492977,-0.01469849,-0.01450309,-0.01432939,-0.01415645,-0.01397781,-0.0138072,-0.01357377,-0.01328238,-0.0131021,-0.01292762,-0.01282433,-0.01276361,-0.0127649,-0.01281592,-0.01295721,-0.01318076,-0.01344519,-0.01373189,-0.01406812,-0.01451946,-0.0149987,-0.01544601,-0.01590133,-0.01635344,-0.01679043,-0.01721785,-0.01764968,-0.01807188,-0.01850151,-0.01896853,-0.01941904,-0.01981425,-0.02013517,-0.02041629,-0.0206903,-0.02089274,-0.02100014,-0.0209915,-0.02092125,-0.020787,-0.0205975,-0.02035937,-0.02012845,-0.01989761,-0.01971471,-0.01957255,-0.01942751,-0.01926762,-0.01915238,-0.01904306,-0.0190005,-0.01900481,-0.01906071,-0.01916059,-0.01928164,-0.01939758,-0.0194874,-0.01952123,-0.0195392,-0.01947485,-0.01941158,-0.01936239,-0.01932058,-0.01931433,-0.01933461,-0.01943663,-0.01950223,-0.01950433,-0.01952435,-0.01958079,-0.01964819,-0.01968542,-0.01975169,-0.01989753,-0.02009885,-0.02032001,-0.02048387,-0.02059439,-0.02063473,-0.02060686,-0.02051166,-0.02035908,-0.02018357,-0.01998041,-0.01982756,-0.0198079,-0.01972286,-0.01937856,-0.01885204,-0.01824978,-0.01761788,-0.01694337,-0.01627327,-0.01561656,-0.0149482,-0.01424724,-0.01354492,-0.01286926,-0.01223037,-0.01162452,-0.01105785,-0.01060322,-0.01013344,-0.00969786,-0.00934181,-0.00893904,-0.00851273,-0.00808159,-0.00760696,-0.00715221,-0.00675759,-0.0064266,-0.0061866,-0.00593392,-0.00570339,-0.00551201,-0.00534512,-0.00518068,-0.0049956,-0.00482421,-0.0046199,-0.00441634,-0.00417327,-0.0038435,-0.00348861,-0.00315551,-0.00281868,-0.00247538,-0.00210259,-0.00169688,-0.0012577,-0.00081746,-0.00039498,2.221e-05,0.00039454,0.00066486,0.00088681,0.00105267,0.0011687,0.00126234,0.00136569,0.00144885,0.00150206,0.00153379,0.0015566,0.00159799,0.00172888,0.00200291,0.00240331,0.00292844,0.00356762,0.00430605,0.00512659,0.00598842,0.00683553,0.00770224,0.00859995,0.00952118,0.01043822,0.01136421,0.01226234,0.01314354,0.01399413,0.01481927,0.01563761,0.01641088,0.01712895,0.01779763,0.01845594,0.01911429,0.01975324,0.02037034,0.02093944,0.02146813,0.02196556,0.0224235,0.02284458,0.02320093,0.02346816,0.02368265,0.0238465,0.02397399,0.02407407,0.02413816,0.02415803,0.02417068,0.02419261,0.02426925,0.02433835,0.02436364,0.024356,0.02434126,0.02434471,0.02434377,0.02434377],