{"word":"empire","years":[1800,1801,1802,1803,1804,1805,1806,1807,1808,1809,1810,1811,1812,1813,1814,1815,1816,1817,1818,1819,1820,1821,1822,1823,1824,1825,1826,1827,1828,1829,1830,1831,1832,1833,1834,1835,1836,1837,1838,1839,1840,1841,1842,1843,1844,1845,1846,1847,1848,1849,1850,1851,1852,1853,1854,1855,1856,1857,1858,1859,1860,1861,1862,1863,1864,1865,1866,1867,1868,1869,1870,1871,1872,1873,1874,1875,1876,1877,1878,1879,1880,1881,1882,1883,1884,1885,1886,1887,1888,1889,1890,1891,1892,1893,1894,1895,1896,1897,1898,1899,1900,1901,1902,1903,1904,1905,1906,1907,1908,1909,1910,1911,1912,1913,1914,1915,1916,1917,1918,1919,1920,1921,1922,1923,1924,1925,1926,1927,1928,1929,1930,1931,1932,1933,1934,1935,1936,1937,1938,1939,1940,1941,1942,1943,1944,1945,1946,1947,1948,1949,1950,1951,1952,1953,1954,1955,1956,1957,1958,1959,1960,1961,1962,1963,1964,1965,1966,1967,1968,1969,1970,1971,1972,1973,1974,1975,1976,1977,1978,1979,1980,1981,1982,1983,1984,1985,1986,1987,1988,1989,1990,1991,1992,1993,1994,1995,1996,1997,1998,1999,2000,2001,2002,2003,2004,2005,2006,2007,2008],"level":[-9.797229,-9.787431,-9.781911,-9.816445,-9.720688,-9.688311,-9.690991,-9.676108,-9.655355,-9.65435,-9.654703,-9.651813,-9.640407,-9.698446,-9.775242,-9.835225,-9.879663,-9.941063,-9.976769,-10.007609,-10.034419,-10.03717,-10.038475,-10.128005,-10.215312,-10.233686,-10.229737,-10.233002,-10.246847,-10.26383,-10.273609,-10.319458,-10.362796,-10.319771,-10.330601,-10.308017,-10.300071,-10.282243,-10.270766,-10.238681,-10.210797,-10.204169,-10.207234,-10.196612,-10.152727,-10.153609,-10.185273,-10.196802,-10.214414,-10.238478,-10.260106,-10.275002,-10.297488,-10.311655,-10.310835,-10.33781,-10.38481,-10.441735,-10.481277,-10.504294,-10.560352,-10.628446,-10.707346,-10.758546,-10.811061,-10.859194,-10.904025,-10.920391,-10.940456,-10.936037,-10.935206,-10.956552,-10.983908,-10.980815,-10.99751,-10.983105,-10.978856,-10.972131,-10.969206,-10.977828,-10.999743,-11.032276,-11.080022,-11.107237,-11.168474,-11.1872,-11.199418,-11.215169,-11.216597,-11.222699,-11.200539,-11.238701,-11.290684,-11.301135,-11.302242,-11.316434,-11.351748,-11.356933,-11.336428,-11.32824,-11.338147,-11.387339,-11.434376,-11.489948,-11.544484,-11.598559,-11.64757,-11.678998,-11.712835,-11.706735,-11.657922,-11.709957,-11.860429,-11.971092,-12.027114,-12.059358,-12.097949,-12.112115,-12.121227,-12.142599,-12.174119,-12.189155,-12.189394,-12.18396,-12.179939,-12.172274,-12.126821,-12.145813,-12.139009,-12.108475,-12.141895,-12.162932,-12.173981,-12.204457,-12.202282,-12.179317,-12.154305,-12.114948,-12.128218,-12.123322,-12.109436,-12.102726,-12.106945,-12.122662,-12.120511,-12.141898,-12.145749,-12.169845,-12.217768,-12.234,-12.226026,-12.230821,-12.236666,-12.25391,-12.272557,-12.291198,-12.293025,-12.285006,-12.28316,-12.260922,-12.209271,-12.184791,-12.156065,-12.130249,-12.118165,-12.122224,-12.110783,-12.094146,-12.081566,-12.075052,-12.082126,-12.124907,-12.194582,-12.25521,-12.314565,-12.368037,-12.413512,-12.449786,-12.464718,-12.450463,-12.45308,-12.46077,-12.463882,-12.452082,-12.446242,-12.420816,-12.40021,-12.371821,-12.345284,-12.327515,-12.289458,-12.245505,-12.203764,-12.181225,-12.163308,-12.134846,-12.104609,-12.060508,-12.019857,-11.983506,-11.942684,-11.903101,-11.849378,-11.783531,-11.737005,-11.692887,-11.658383,-11.632325,-11.608152],"drift":[-0.01051246,-0.0105441,-0.01060076,-0.01062014,-0.01080522,-0.01105757,-0.01132297,-0.01162918,-0.01198584,-0.01236274,-0.01275834,-0.01317832,-0.0136366,-0.0140257,-0.01431703,-0.01453723,-0.01471085,-0.01481174,-0.01488009,-0.01492357,-0.01494854,-0.01499251,-0.0150578,-0.01500709,-0.01484375,-0.01467492,-0.0145351,-0.01441283,-0.01429144,-0.01416587,-0.01404712,-0.01387884,-0.01366467,-0.01353881,-0.01341716,-0.0133516,-0.01331921,-0.01333533,-0.01339011,-0.01351572,-0.01370583,-0.0139276,-0.0141663,-0.01444361,-0.01481178,-0.01520164,-0.01556587,-0.01593638,-0.01630428,-0.01666009,-0.01700817,-0.01735953,-0.01770291,-0.0180518,-0.01843008,-0.01879506,-0.0191161,-0.01937824,-0.01960898,-0.0198344,-0.0200034,-0.02009749,-0.02009999,-0.02005404,-0.01995752,-0.01981712,-0.01963775,-0.01946348,-0.01928827,-0.01914999,-0.01904283,-0.01893209,-0.01880823,-0.01871848,-0.01863188,-0.01859674,-0.01859719,-0.01863709,-0.01871057,-0.01879977,-0.01888411,-0.0189472,-0.01896542,-0.0189708,-0.01891033,-0.01885016,-0.01880031,-0.01875521,-0.01873711,-0.01873869,-0.01880397,-0.0188391,-0.0188226,-0.01881914,-0.01884328,-0.01887465,-0.01888042,-0.01890753,-0.01899602,-0.01912686,-0.01927206,-0.01937066,-0.01942616,-0.01942536,-0.01936986,-0.01926031,-0.01910441,-0.01892931,-0.018731,-0.01857136,-0.01851669,-0.0184098,-0.0180972,-0.01764042,-0.01712384,-0.01658372,-0.01600931,-0.01543777,-0.01487609,-0.01430429,-0.01370567,-0.01310498,-0.01252433,-0.01197166,-0.0114439,-0.0109459,-0.01053575,-0.01011244,-0.00971547,-0.0093812,-0.00900948,-0.00861903,-0.0082248,-0.0077959,-0.00738254,-0.00701644,-0.00670024,-0.00645578,-0.00620071,-0.00596292,-0.00575606,-0.00556861,-0.00538326,-0.00518181,-0.00499179,-0.00477623,-0.00456211,-0.00431756,-0.00400509,-0.00367357,-0.0033602,-0.00304458,-0.00272461,-0.00238202,-0.0020141,-0.00162027,-0.00122613,-0.00084638,-0.00047083,-0.00013065,0.00012887,0.00035045,0.00052784,0.00066583,0.00078604,0.00091379,0.00102515,0.00111219,0.00118137,0.00124223,0.00131606,0.00145857,0.00171189,0.00206231,0.0025084,0.0030417,0.00365057,0.00432163,0.00502268,0.00570936,0.006409,0.0071306,0.00786816,0.0085996,0.00933533,0.010046,0.01074022,0.01140695,0.01205011,0.01268436,0.01327909,0.01382604,0.0143295,0.01482018,0.01530603,0.01577139,0.01621422,0.01661361,0.01697555,0.01730731,0.01760245,0.01786334,0.01806838,0.01819899,0.01828548,0.01833172,0.01835278,0.01836183,0.01836183],"instab":[null,null,null,null,4.482802,4.103708,3.781623,3.532892,3.33395,3.159685,3.009862,2.879476,2.775354,2.671277,2.575733,2.490586,2.416065,2.345243,2.282124,2.224119,0.343581,0.341329,0.360406,0.291974,0.225797,0.216836,0.219227,0.223034,0.221481,0.221757,0.229881,0.229877,0.230411,0.259753,0.251505,0.252142,0.25247,0.247111,0.246256,0.248156,0.249473,0.249957,0.228913,0.223302,0.197367,0.195548,0.202144,0.201947,0.202207,0.202965,0.201081,0.199086,0.16178,0.136127,0.133462,0.129041,0.130838,0.139705,0.144555,0.14358,0.135782,0.135196,0.149889,0.149449,0.118815,0.108166,0.109413,0.110715,0.110015,0.116425,0.127751,0.128206,0.130389,0.139002,0.13209,0.13844,0.14045,0.1374,0.137469,0.135479,0.135445,0.134015,0.121613,0.123476,0.142234,0.140799,0.132833,0.133603,0.131503,0.132516,0.155392,0.155427,0.166208,0.162365,0.160686,0.15921,0.16535,0.164974,0.167599,0.17034,0.176156,0.177985,0.172972,0.172342,0.157246,0.159691,0.163467,0.163097,0.168549,0.169053,0.212143,0.22843,0.253761,0.277372,0.27759,0.275752,0.274512,0.274757,0.272947,0.270323,0.264068,0.263893,0.265058,0.266722,0.267351,0.266822,0.289976,0.291205,0.286806,0.301293,0.261195,0.246067,0.212236,0.18174,0.175335,0.176131,0.171183,0.188799,0.19138,0.191627,0.189186,0.188131,0.188105,0.191699,0.19269,0.194142,0.164674,0.160489,0.174069,0.148854,0.148105,0.14699,0.145937,0.137413,0.137038,0.138983,0.139103,0.107234,0.106179,0.106769,0.124366,0.123314,0.124691,0.125334,0.124062,0.122082,0.120317,0.120338,0.101115,0.093871,0.095286,0.095666,0.11495,0.123173,0.131155,0.135085,0.139539,0.14374,0.146592,0.150993,0.133953,0.132578,0.129214,0.125765,0.121021,0.125578,0.126306,0.128163,0.131445,0.12924,0.125909,0.131431,0.130504,0.125126,0.116544,0.10771,0.099275,0.087031,0.073681,0.070824,0.071045,0.069605,0.063943,0.074138,0.067576,0.06763,0.066807,0.068039,0.067898],