{"word":"energy","years":[1800,1801,1802,1803,1804,1805,1806,1807,1808,1809,1810,1811,1812,1813,1814,1815,1816,1817,1818,1819,1820,1821,1822,1823,1824,1825,1826,1827,1828,1829,1830,1831,1832,1833,1834,1835,1836,1837,1838,1839,1840,1841,1842,1843,1844,1845,1846,1847,1848,1849,1850,1851,1852,1853,1854,1855,1856,1857,1858,1859,1860,1861,1862,1863,1864,1865,1866,1867,1868,1869,1870,1871,1872,1873,1874,1875,1876,1877,1878,1879,1880,1881,1882,1883,1884,1885,1886,1887,1888,1889,1890,1891,1892,1893,1894,1895,1896,1897,1898,1899,1900,1901,1902,1903,1904,1905,1906,1907,1908,1909,1910,1911,1912,1913,1914,1915,1916,1917,1918,1919,1920,1921,1922,1923,1924,1925,1926,1927,1928,1929,1930,1931,1932,1933,1934,1935,1936,1937,1938,1939,1940,1941,1942,1943,1944,1945,1946,1947,1948,1949,1950,1951,1952,1953,1954,1955,1956,1957,1958,1959,1960,1961,1962,1963,1964,1965,1966,1967,1968,1969,1970,1971,1972,1973,1974,1975,1976,1977,1978,1979,1980,1981,1982,1983,1984,1985,1986,1987,1988,1989,1990,1991,1992,1993,1994,1995,1996,1997,1998,1999,2000,2001,2002,2003,2004,2005,2006,2007,2008,2009,2010,2011,2012,2013,2014,2015,2016,2017,2018,2019],"level":[-10.728674,-10.893377,-10.91889,-10.885641,-10.793627,-10.852935,-10.841034,-10.830153,-10.92458,-10.836248,-10.954877,-10.869451,-10.887509,-10.937171,-10.846576,-10.722625,-10.763274,-10.724622,-10.757509,-10.84986,-10.832517,-10.844911,-10.82952,-10.873047,-10.858452,-10.802542,-10.735209,-10.742577,-10.730873,-10.674034,-10.597013,-10.624155,-10.584041,-10.575789,-10.64793,-10.626691,-10.592964,-10.599705,-10.528562,-10.525552,-10.553422,-10.526487,-10.475662,-10.483212,-10.439801,-10.332136,-10.413067,-10.379289,-10.358456,-10.376746,-10.403276,-10.386144,-10.401844,-10.459318,-10.476401,-10.477682,-10.493847,-10.522615,-10.569889,-10.593641,-10.612007,-10.594654,-10.563709,-10.586599,-10.569431,-10.563278,-10.605952,-10.608076,-10.653314,-10.648604,-10.655454,-10.690738,-10.665147,-10.699035,-10.734336,-10.729755,-10.725376,-10.686286,-10.60902,-10.592062,-10.600863,-10.556939,-10.533594,-10.447482,-10.49748,-10.524328,-10.547459,-10.54773,-10.512488,-10.493459,-10.429062,-10.41894,-10.398568,-10.365148,-10.390634,-10.387039,-10.399956,-10.398966,-10.3891,-10.380879,-10.359392,-10.352817,-10.303457,-10.297923,-10.325854,-10.358409,-10.371171,-10.355146,-10.338478,-10.322377,-10.283815,-10.283044,-10.33032,-10.326431,-10.350084,-10.336647,-10.339966,-10.307685,-10.291318,-10.328443,-10.315217,-10.303418,-10.274339,-10.265202,-10.245689,-10.194092,-10.184138,-10.187522,-10.207109,-10.200183,-10.239884,-10.261693,-10.230241,-10.188734,-10.188989,-10.215574,-10.269454,-10.209956,-10.207274,-10.198607,-10.18397,-10.202282,-10.158253,-10.180587,-10.114037,-10.030573,-9.910951,-9.860202,-9.860288,-9.812543,-9.721345,-9.743059,-9.720309,-9.683238,-9.595944,-9.525949,-9.509035,-9.459791,-9.36249,-9.307456,-9.284024,-9.214155,-9.12194,-9.119666,-9.062643,-9.021421,-9.031259,-9.049765,-9.074629,-9.096503,-9.082877,-9.02146,-8.927804,-8.741559,-8.531383,-8.446572,-8.435579,-8.393074,-8.385803,-8.350641,-8.320345,-8.388617,-8.471439,-8.568192,-8.682725,-8.743536,-8.801664,-8.869038,-8.912303,-8.935888,-8.93127,-8.91438,-8.932114,-8.982273,-9.004311,-9.0134,-9.067422,-9.121999,-9.142607,-9.140052,-9.104277,-9.077958,-9.069041,-9.078357,-9.068695,-9.016718,-8.994653,-8.944745,-8.939236,-8.909863,-8.866366,-8.781678,-8.647199,-8.681179,-8.839152,-8.877637,-8.842489,-8.826655,-8.841496,-8.843222],"drift":[0.0086092,0.0086092,0.00860921,0.00860921,0.00860921,0.00860921,0.00860921,0.00860921,0.00860921,0.00860921,0.00860921,0.00860921,0.00860922,0.00860922,0.00860922,0.00860922,0.00860922,0.00860922,0.00860922,0.00860922,0.00860922,0.00860923,0.00860923,0.00860923,0.00860923,0.00860923,0.00860923,0.00860923,0.00860924,0.00860924,0.00860924,0.00860924,0.00860924,0.00860924,0.00860924,0.00860924,0.00860924,0.00860924,0.00860924,0.00860925,0.00860925,0.00860925,0.00860925,0.00860925,0.00860925,0.00860925,0.00860925,0.00860925,0.00860925,0.00860925,0.00860925,0.00860925,0.00860925,0.00860925,0.00860925,0.00860925,0.00860926,0.00860926,0.00860926,0.00860926,0.00860926,0.00860926,0.00860927,0.00860927,0.00860927,0.00860927,0.00860928,0.00860928,0.00860928,0.00860928,0.00860929,0.00860929,0.00860929,0.00860929,0.0086093,0.0086093,0.0086093,0.00860931,0.00860931,0.00860931,0.00860932,0.00860932,0.00860932,0.00860932,0.00860933,0.00860933,0.00860933,0.00860933,0.00860934,0.00860934,0.00860934,0.00860934,0.00860935,0.00860935,0.00860935,0.00860935,0.00860936,0.00860936,0.00860936,0.00860936,0.00860937,0.00860937,0.00860937,0.00860937,0.00860938,0.00860938,0.00860938,0.00860938,0.00860939,0.00860939,0.00860939,0.00860939,0.0086094,0.0086094,0.0086094,0.00860941,0.00860941,0.00860941,0.00860942,0.00860942,0.00860942,0.00860943,0.00860943,0.00860943,0.00860943,0.00860944,0.00860944,0.00860944,0.00860945,0.00860945,0.00860945,0.00860945,0.00860946,0.00860946,0.00860946,0.00860947,0.00860947,0.00860947,0.00860948,0.00860948,0.00860948,0.00860949,0.00860949,0.0086095,0.0086095,0.0086095,0.0086095,0.00860951,0.00860951,0.00860951,0.00860951,0.00860951,0.00860951,0.00860952,0.00860952,0.00860952,0.00860952,0.00860952,0.00860952,0.00860952,0.00860952,0.00860952,0.00860952,0.00860951,0.00860951,0.00860951,0.00860951,0.00860951,0.00860951,0.00860951,0.00860951,0.00860951,0.0086095,0.0086095,0.0086095,0.00860949,0.00860949,0.00860949,0.00860948,0.00860948,0.00860947,0.00860947,0.00860947,0.00860946,0.00860946,0.00860946,0.00860946,0.00860945,0.00860945,0.00860945,0.00860945,0.00860945,0.00860945,0.00860945,0.00860945,0.00860945,0.00860945,0.00860945,0.00860945,0.00860945,0.00860945,0.00860945,0.00860945,0.00860945,0.00860945,0.00860945,0.00860945,0.00860945,0.00860945,0.00860945,0.00860945,0.00860945,0.00860945,0.00860945,0.00860945,0.00860945,0.00860945,0.00860945,0.00860945,0.00860945],"instab":[null,null,null,null,4.829412,4.386573,4.058211,3.797033,3.566849,3.393923,3.226143,3.094181,2.971532,2.859531,2.764349,2.6817,2.59914,2.526627,2.458355,2.393661,0.236213,0.214838,0.198528,0.194583,0.175968,0.174118,0.176601,0.175251,0.16381,0.148809,0.132503,0.126761,0.127307,0.120295,0.1269,0.106069,0.102928,0.101999,0.106693,0.092252,0.09531,0.094624,0.095994,0.093575,0.093489,0.109123,0.1184,0.118203,0.118071,0.118152,0.113245,0.111004,0.109963,0.112894,0.105463,0.10541,0.104238,0.103326,0.099191,0.099192,0.098199,0.098146,0.096462,0.096718,0.097064,0.069465,0.056459,0.05512,0.055681,0.056449,0.055429,0.055886,0.060649,0.056483,0.057853,0.057989,0.057999,0.059095,0.068199,0.068405,0.068277,0.070481,0.068013,0.082511,0.085664,0.085971,0.084022,0.084121,0.081412,0.081468,0.08594,0.082087,0.080836,0.08076,0.079717,0.079678,0.080201,0.08047,0.073837,0.073595,0.072293,0.071276,0.073714,0.05621,0.052439,0.053799,0.05327,0.052641,0.051355,0.051253,0.045877,0.046153,0.053117,0.049528,0.049681,0.050023,0.050044,0.051528,0.052952,0.057387,0.056833,0.056572,0.053145,0.05273,0.051901,0.054232,0.05297,0.052962,0.054638,0.055104,0.055403,0.057241,0.052262,0.055448,0.052961,0.053287,0.064957,0.069669,0.068507,0.064806,0.065237,0.067725,0.07085,0.074627,0.076853,0.076364,0.090271,0.092389,0.091955,0.091909,0.097929,0.097821,0.097902,0.097166,0.099781,0.100961,0.0897,0.088091,0.090982,0.090587,0.091782,0.086542,0.09038,0.086023,0.086021,0.085902,0.080542,0.082371,0.083078,0.087257,0.079784,0.076004,0.075931,0.087987,0.113765,0.114799,0.1154,0.11507,0.114684,0.114503,0.11374,0.11984,0.122054,0.127561,0.13885,0.140503,0.142174,0.145052,0.146013,0.145946,0.145875,0.145538,0.144759,0.133405,0.092783,0.080336,0.080374,0.075412,0.074856,0.071271,0.066138,0.070335,0.070964,0.068011,0.055463,0.060676,0.059545,0.060728,0.058319,0.05754,0.058052,0.060499,0.091925,0.087842,0.116286,0.11941,0.118269,0.115074,0.114668,0.114522],