{"word":"evolution","years":[1800,1801,1802,1803,1804,1805,1806,1807,1808,1809,1810,1811,1812,1813,1814,1815,1816,1817,1818,1819,1820,1821,1822,1823,1824,1825,1826,1827,1828,1829,1830,1831,1832,1833,1834,1835,1836,1837,1838,1839,1840,1841,1842,1843,1844,1845,1846,1847,1848,1849,1850,1851,1852,1853,1854,1855,1856,1857,1858,1859,1860,1861,1862,1863,1864,1865,1866,1867,1868,1869,1870,1871,1872,1873,1874,1875,1876,1877,1878,1879,1880,1881,1882,1883,1884,1885,1886,1887,1888,1889,1890,1891,1892,1893,1894,1895,1896,1897,1898,1899,1900,1901,1902,1903,1904,1905,1906,1907,1908,1909,1910,1911,1912,1913,1914,1915,1916,1917,1918,1919,1920,1921,1922,1923,1924,1925,1926,1927,1928,1929,1930,1931,1932,1933,1934,1935,1936,1937,1938,1939,1940,1941,1942,1943,1944,1945,1946,1947,1948,1949,1950,1951,1952,1953,1954,1955,1956,1957,1958,1959,1960,1961,1962,1963,1964,1965,1966,1967,1968,1969,1970,1971,1972,1973,1974,1975,1976,1977,1978,1979,1980,1981,1982,1983,1984,1985,1986,1987,1988,1989,1990,1991,1992,1993,1994,1995,1996,1997,1998,1999,2000,2001,2002,2003,2004,2005,2006,2007,2008,2009,2010,2011,2012,2013,2014,2015,2016,2017,2018,2019],"level":[-13.988027,-14.031966,-14.027917,-13.938188,-13.978635,-14.002493,-13.98298,-13.858851,-13.755819,-13.704025,-13.677009,-13.73683,-13.771796,-13.732972,-13.752907,-13.782955,-13.738432,-13.65288,-13.597821,-13.58179,-13.641983,-13.599977,-13.644552,-13.740326,-13.753296,-13.784491,-13.79677,-13.864695,-13.819834,-13.806411,-13.807249,-13.764743,-13.720445,-13.728786,-13.745555,-13.747128,-13.756175,-13.717003,-13.615127,-13.555407,-13.485753,-13.490451,-13.436629,-13.349583,-13.303089,-13.239753,-13.252461,-13.246422,-13.240228,-13.260142,-13.241946,-13.219786,-13.199665,-13.199371,-13.214673,-13.245462,-13.230277,-13.202998,-13.19409,-13.216929,-13.231,-13.234485,-13.2338,-13.202122,-13.195882,-13.153775,-13.114016,-13.036638,-12.978544,-12.908773,-12.820619,-12.714327,-12.605645,-12.489242,-12.376685,-12.283326,-12.2008,-12.13319,-12.091891,-12.070174,-12.046042,-12.028553,-11.995814,-11.924325,-11.882995,-11.838941,-11.791192,-11.757952,-11.711719,-11.667595,-11.618078,-11.591608,-11.56558,-11.535169,-11.524075,-11.511536,-11.509034,-11.507783,-11.51674,-11.526955,-11.525292,-11.523598,-11.523094,-11.532308,-11.53982,-11.554147,-11.564288,-11.564822,-11.571957,-11.571768,-11.561879,-11.573634,-11.604864,-11.633606,-11.659938,-11.681727,-11.696216,-11.70492,-11.704269,-11.689858,-11.662895,-11.631189,-11.585664,-11.548381,-11.506552,-11.472772,-11.469023,-11.485474,-11.504975,-11.523237,-11.563341,-11.591429,-11.616175,-11.638074,-11.653193,-11.695237,-11.736439,-11.751258,-11.769681,-11.795979,-11.81442,-11.828081,-11.839309,-11.86186,-11.867378,-11.871265,-11.861208,-11.840056,-11.829706,-11.809197,-11.794845,-11.782875,-11.770528,-11.758528,-11.743519,-11.716384,-11.686135,-11.646706,-11.596569,-11.548918,-11.500934,-11.463152,-11.418511,-11.377539,-11.341976,-11.308982,-11.276621,-11.240903,-11.208027,-11.186396,-11.175554,-11.171184,-11.161949,-11.15294,-11.142985,-11.135656,-11.113552,-11.098092,-11.082378,-11.060217,-11.031537,-10.998233,-10.968861,-10.942028,-10.918483,-10.890739,-10.866351,-10.847626,-10.831442,-10.820665,-10.809001,-10.799177,-10.79566,-10.794675,-10.79237,-10.789003,-10.787509,-10.786222,-10.77826,-10.770339,-10.761583,-10.751679,-10.738997,-10.723022,-10.712869,-10.701491,-10.687741,-10.677304,-10.670517,-10.657513,-10.641603,-10.620342,-10.586142,-10.586315,-10.603176,-10.606013,-10.590377,-10.578765,-10.563027,-10.541254],"drift":[0.01573876,0.01573876,0.01573876,0.01573876,0.01573876,0.01573877,0.01573877,0.01573877,0.01573876,0.01573876,0.01573876,0.01573876,0.01573876,0.01573876,0.01573876,0.01573876,0.01573876,0.01573876,0.01573876,0.01573876,0.01573876,0.01573876,0.01573876,0.01573876,0.01573876,0.01573876,0.01573876,0.01573877,0.01573877,0.01573877,0.01573877,0.01573877,0.01573877,0.01573877,0.01573877,0.01573878,0.01573878,0.01573878,0.01573878,0.01573878,0.01573878,0.01573878,0.01573878,0.01573878,0.01573878,0.01573878,0.01573878,0.01573878,0.01573878,0.01573878,0.01573878,0.01573878,0.01573878,0.01573878,0.01573878,0.01573878,0.01573878,0.01573878,0.01573878,0.01573879,0.01573879,0.01573879,0.01573879,0.01573879,0.01573879,0.01573879,0.01573879,0.01573879,0.01573879,0.01573879,0.01573879,0.01573879,0.01573879,0.01573879,0.01573879,0.01573878,0.01573878,0.01573878,0.01573878,0.01573877,0.01573877,0.01573877,0.01573876,0.01573876,0.01573876,0.01573875,0.01573875,0.01573875,0.01573874,0.01573874,0.01573873,0.01573873,0.01573873,0.01573872,0.01573872,0.01573871,0.01573871,0.01573871,0.0157387,0.0157387,0.01573869,0.01573869,0.01573869,0.01573868,0.01573868,0.01573868,0.01573867,0.01573867,0.01573867,0.01573866,0.01573866,0.01573866,0.01573866,0.01573865,0.01573865,0.01573865,0.01573865,0.01573864,0.01573864,0.01573864,0.01573864,0.01573864,0.01573863,0.01573863,0.01573863,0.01573863,0.01573863,0.01573862,0.01573862,0.01573862,0.01573862,0.01573862,0.01573862,0.01573861,0.01573861,0.01573861,0.01573861,0.01573861,0.01573861,0.01573861,0.01573861,0.01573861,0.01573861,0.01573861,0.01573861,0.01573861,0.01573861,0.01573862,0.01573862,0.01573862,0.01573862,0.01573862,0.01573862,0.01573862,0.01573862,0.01573862,0.01573862,0.01573862,0.01573862,0.01573862,0.01573862,0.01573862,0.01573862,0.01573862,0.01573862,0.01573862,0.01573862,0.01573862,0.01573862,0.01573862,0.01573862,0.01573862,0.01573862,0.01573862,0.01573862,0.01573862,0.01573862,0.01573862,0.01573862,0.01573862,0.01573862,0.01573861,0.01573861,0.01573861,0.01573861,0.01573861,0.01573861,0.01573861,0.01573861,0.01573861,0.01573861,0.01573861,0.01573861,0.01573861,0.0157386,0.0157386,0.0157386,0.0157386,0.0157386,0.0157386,0.0157386,0.0157386,0.0157386,0.0157386,0.0157386,0.0157386,0.0157386,0.0157386,0.0157386,0.0157386,0.0157386,0.0157386,0.0157386,0.0157386,0.0157386,0.0157386,0.0157386,0.0157386,0.0157386,0.0157386],"instab":[null,null,null,null,6.302265,5.705503,5.249166,4.946285,4.685553,4.444703,4.24497,4.050515,3.879445,3.744751,3.614136,3.49212,3.385221,3.295435,3.211129,3.134021,0.626948,0.614458,0.609967,0.503562,0.492969,0.489093,0.481114,0.493016,0.474068,0.471351,0.457343,0.450226,0.442973,0.432225,0.432918,0.415089,0.419791,0.410019,0.421593,0.410284,0.39307,0.379907,0.378965,0.348559,0.348569,0.36342,0.364729,0.300498,0.296047,0.307873,0.299974,0.299813,0.289003,0.288812,0.285256,0.301506,0.291662,0.284554,0.264714,0.268072,0.236366,0.220898,0.225659,0.205952,0.210886,0.164276,0.161799,0.178498,0.176905,0.164195,0.166512,0.175895,0.180878,0.192478,0.207381,0.185998,0.186915,0.190884,0.190859,0.183413,0.174944,0.176991,0.175416,0.179518,0.162826,0.164217,0.15268,0.154233,0.154138,0.155261,0.15597,0.155674,0.156586,0.149121,0.136886,0.12928,0.123347,0.111565,0.110773,0.118262,0.119408,0.117733,0.108787,0.088539,0.088763,0.09235,0.088551,0.088468,0.087449,0.087632,0.073695,0.073879,0.077857,0.068593,0.071134,0.069798,0.070161,0.068376,0.068732,0.066858,0.069807,0.070508,0.08382,0.087222,0.096662,0.113056,0.1134,0.113872,0.11365,0.112884,0.117577,0.118698,0.11754,0.117261,0.117205,0.118007,0.130896,0.129764,0.128612,0.130971,0.131173,0.131259,0.124308,0.125162,0.116732,0.09339,0.084693,0.095284,0.09567,0.098774,0.096676,0.097115,0.097695,0.096669,0.092357,0.091489,0.071396,0.072658,0.081258,0.080416,0.085839,0.083704,0.087164,0.075543,0.073736,0.064433,0.059432,0.059225,0.055851,0.056188,0.056,0.059904,0.06066,0.060835,0.056499,0.066015,0.065199,0.065742,0.06561,0.065134,0.058544,0.059536,0.056887,0.054011,0.052772,0.052694,0.053304,0.051683,0.046726,0.044696,0.044627,0.041875,0.042052,0.04354,0.045113,0.037753,0.037758,0.042115,0.041623,0.041922,0.04226,0.039046,0.03668,0.035442,0.035452,0.032143,0.028455,0.027513,0.026475,0.026469,0.026057,0.024999,0.065453,0.066174,0.075038,0.0811,0.081602,0.08048,0.080536,0.081972],