{"word":"factory","years":[1800,1801,1802,1803,1804,1805,1806,1807,1808,1809,1810,1811,1812,1813,1814,1815,1816,1817,1818,1819,1820,1821,1822,1823,1824,1825,1826,1827,1828,1829,1830,1831,1832,1833,1834,1835,1836,1837,1838,1839,1840,1841,1842,1843,1844,1845,1846,1847,1848,1849,1850,1851,1852,1853,1854,1855,1856,1857,1858,1859,1860,1861,1862,1863,1864,1865,1866,1867,1868,1869,1870,1871,1872,1873,1874,1875,1876,1877,1878,1879,1880,1881,1882,1883,1884,1885,1886,1887,1888,1889,1890,1891,1892,1893,1894,1895,1896,1897,1898,1899,1900,1901,1902,1903,1904,1905,1906,1907,1908,1909,1910,1911,1912,1913,1914,1915,1916,1917,1918,1919,1920,1921,1922,1923,1924,1925,1926,1927,1928,1929,1930,1931,1932,1933,1934,1935,1936,1937,1938,1939,1940,1941,1942,1943,1944,1945,1946,1947,1948,1949,1950,1951,1952,1953,1954,1955,1956,1957,1958,1959,1960,1961,1962,1963,1964,1965,1966,1967,1968,1969,1970,1971,1972,1973,1974,1975,1976,1977,1978,1979,1980,1981,1982,1983,1984,1985,1986,1987,1988,1989,1990,1991,1992,1993,1994,1995,1996,1997,1998,1999,2000,2001,2002,2003,2004,2005,2006,2007,2008],"level":[-11.839801,-12.038806,-12.187335,-12.293098,-12.340081,-12.413568,-12.428291,-12.437804,-12.40875,-12.431,-12.398538,-12.381029,-12.324687,-12.286877,-12.278793,-12.256256,-12.21697,-12.146763,-12.114977,-12.087273,-12.052695,-12.026011,-11.998509,-11.952765,-11.931818,-11.939267,-11.925102,-11.886424,-11.835721,-11.81561,-11.786324,-11.726853,-11.628461,-11.616866,-11.658601,-11.696862,-11.730747,-11.74558,-11.734739,-11.727001,-11.718931,-11.703774,-11.669724,-11.615333,-11.564672,-11.571053,-11.586249,-11.595489,-11.621154,-11.63096,-11.65691,-11.670756,-11.673858,-11.667667,-11.668808,-11.655581,-11.654375,-11.644049,-11.634354,-11.62748,-11.611535,-11.612303,-11.600882,-11.577211,-11.552277,-11.544223,-11.529868,-11.506685,-11.481552,-11.446958,-11.410081,-11.360472,-11.323132,-11.281347,-11.225201,-11.178285,-11.137305,-11.087277,-11.042301,-10.978747,-10.925508,-10.894923,-10.856351,-10.81513,-10.791223,-10.764222,-10.7317,-10.683051,-10.633009,-10.596089,-10.559635,-10.522411,-10.493841,-10.466094,-10.449951,-10.429099,-10.402571,-10.371087,-10.334354,-10.301148,-10.263116,-10.221313,-10.176681,-10.138049,-10.103988,-10.078099,-10.053031,-10.0278,-10.01177,-9.9879,-9.968298,-9.943793,-9.919817,-9.901316,-9.892573,-9.879106,-9.868946,-9.858518,-9.848144,-9.839445,-9.839187,-9.853183,-9.875584,-9.90222,-9.927792,-9.95843,-9.990367,-10.020511,-10.055658,-10.086555,-10.129108,-10.176866,-10.226804,-10.262944,-10.291413,-10.310604,-10.326754,-10.326794,-10.330802,-10.332053,-10.326864,-10.330474,-10.331192,-10.336142,-10.34139,-10.351725,-10.370114,-10.390854,-10.415856,-10.440256,-10.462842,-10.478946,-10.49935,-10.515403,-10.533865,-10.556345,-10.583663,-10.611734,-10.64298,-10.680369,-10.716727,-10.755409,-10.799793,-10.843383,-10.89135,-10.931232,-10.965516,-10.997041,-11.019622,-11.042661,-11.069918,-11.097798,-11.130649,-11.164784,-11.191925,-11.220516,-11.24361,-11.261663,-11.27489,-11.280434,-11.284371,-11.288934,-11.288891,-11.288315,-11.284712,-11.286147,-11.294832,-11.311716,-11.333975,-11.356343,-11.372842,-11.389654,-11.403409,-11.41718,-11.428868,-11.439747,-11.447352,-11.452964,-11.457146,-11.457312,-11.456938,-11.457957,-11.454793,-11.446813,-11.435348,-11.421426,-11.414091,-11.41366,-11.40783],"drift":[-0.04604924,-0.04385967,-0.04017176,-0.03554492,-0.03075434,-0.02535205,-0.02010191,-0.01500335,-0.01053548,-0.0058999,-0.00181347,0.00199636,0.00502822,0.00759081,0.01014634,0.0125245,0.01451958,0.01571749,0.01668537,0.01749553,0.01806115,0.01850334,0.0188167,0.01874461,0.01864098,0.01891083,0.01924862,0.01930828,0.01891852,0.01851169,0.01795063,0.01679521,0.01447173,0.01218943,0.01067906,0.00986925,0.0096858,0.00985334,0.01000674,0.0101926,0.01040885,0.01055713,0.01036912,0.00955093,0.00814425,0.00694549,0.0060637,0.00540098,0.00518297,0.00517953,0.0056217,0.00634254,0.00719859,0.00806906,0.00907138,0.01001422,0.01108314,0.01216289,0.01327797,0.01448474,0.01567059,0.01709176,0.01859411,0.02002378,0.02138316,0.02293335,0.02460634,0.02629971,0.02800978,0.02962559,0.03113761,0.03238521,0.03356188,0.03462083,0.03537165,0.03595721,0.03647087,0.03679046,0.03699287,0.03681506,0.03640214,0.03607249,0.03570707,0.03526272,0.03498092,0.03481335,0.03467858,0.03434382,0.03378434,0.03317999,0.03252875,0.03181031,0.03113826,0.03051474,0.03009695,0.02981152,0.02957309,0.02930729,0.02893521,0.02850199,0.02793234,0.02716414,0.02614589,0.02494888,0.02362145,0.02226156,0.02086148,0.01939886,0.01798447,0.01648582,0.01494256,0.01326242,0.01142892,0.00949418,0.00757018,0.00556178,0.00348755,0.00131398,-0.00098929,-0.00343125,-0.00592602,-0.00830528,-0.01048274,-0.01242898,-0.01418708,-0.01570968,-0.01699998,-0.01810213,-0.01896028,-0.01964756,-0.02000694,-0.01996907,-0.0195022,-0.01879715,-0.01795365,-0.01709244,-0.01624472,-0.01562896,-0.01517956,-0.01492955,-0.01496755,-0.01516812,-0.01557554,-0.01613507,-0.01685045,-0.0176591,-0.0184573,-0.01922282,-0.01990561,-0.02052407,-0.02111301,-0.02177365,-0.0224539,-0.02322578,-0.02406585,-0.02492863,-0.0257572,-0.02655265,-0.02728091,-0.02786448,-0.02832646,-0.02864021,-0.02872857,-0.0286042,-0.02820265,-0.02763391,-0.02696998,-0.02624083,-0.02556408,-0.02492347,-0.02424946,-0.02352349,-0.02266398,-0.02164027,-0.02053782,-0.01932008,-0.01804832,-0.0167765,-0.01555548,-0.01447777,-0.01355096,-0.01275281,-0.01213784,-0.01170485,-0.01149101,-0.01142111,-0.01139038,-0.01128101,-0.0110145,-0.01058546,-0.01007176,-0.00946159,-0.00878994,-0.00804699,-0.00725193,-0.00640494,-0.00554078,-0.00467559,-0.00381747,-0.00301163,-0.00225425,-0.00151455,-0.00084182,-0.00029538,8.272e-05,0.00026271,0.00034146,0.00041892,0.00041892],"instab":[null,null,null,null,5.219387,4.726742,4.388051,4.091073,3.880719,3.662384,3.493292,3.334265,3.205408,3.089046,2.97792,2.878184,2.787488,2.711995,2.636903,2.56709,0.704402,0.514817,0.441764,0.419359,0.317852,0.338851,0.329763,0.331379,0.266257,0.261881,0.252151,0.258044,0.302938,0.292368,0.307401,0.318495,0.331779,0.315078,0.313652,0.313625,0.31178,0.312486,0.312186,0.307159,0.330067,0.324007,0.323431,0.323437,0.318651,0.318674,0.319155,0.318977,0.227143,0.21301,0.20493,0.202929,0.189816,0.179045,0.179311,0.179586,0.184035,0.183964,0.184101,0.179003,0.129023,0.1291,0.124183,0.124399,0.109585,0.110128,0.098306,0.10301,0.099955,0.100072,0.101472,0.100212,0.098237,0.09951,0.104309,0.107539,0.111526,0.110356,0.108455,0.110132,0.10919,0.110928,0.11657,0.116569,0.118511,0.118847,0.118998,0.111314,0.112295,0.11137,0.109446,0.109611,0.110443,0.108049,0.106126,0.096934,0.079433,0.077292,0.080304,0.073823,0.073039,0.070967,0.064123,0.064004,0.06043,0.060505,0.06248,0.060014,0.060526,0.059777,0.059256,0.056209,0.056037,0.056258,0.05471,0.055023,0.05597,0.056719,0.055412,0.059683,0.056886,0.059511,0.062689,0.05935,0.06031,0.060611,0.060552,0.060809,0.067643,0.063111,0.062713,0.064112,0.063984,0.078448,0.082368,0.082631,0.094098,0.095825,0.099556,0.097575,0.099205,0.098711,0.09499,0.094333,0.090021,0.090598,0.090727,0.088206,0.072795,0.067845,0.064113,0.064042,0.06058,0.055584,0.055021,0.058069,0.0466,0.046229,0.044062,0.042912,0.046131,0.042297,0.042096,0.041953,0.045501,0.050163,0.049434,0.050514,0.050127,0.050515,0.050776,0.050188,0.050226,0.050739,0.050821,0.053264,0.057401,0.058144,0.058046,0.058471,0.053269,0.051651,0.05104,0.046093,0.049053,0.054395,0.054821,0.05587,0.055764,0.052417,0.052544,0.051492,0.051027,0.050922,0.050904,0.049861,0.048213,0.048336,0.046553,0.046072,0.04062,0.042603,0.043549,0.045031,0.04496],