{"word":"factory","years":[1800,1801,1802,1803,1804,1805,1806,1807,1808,1809,1810,1811,1812,1813,1814,1815,1816,1817,1818,1819,1820,1821,1822,1823,1824,1825,1826,1827,1828,1829,1830,1831,1832,1833,1834,1835,1836,1837,1838,1839,1840,1841,1842,1843,1844,1845,1846,1847,1848,1849,1850,1851,1852,1853,1854,1855,1856,1857,1858,1859,1860,1861,1862,1863,1864,1865,1866,1867,1868,1869,1870,1871,1872,1873,1874,1875,1876,1877,1878,1879,1880,1881,1882,1883,1884,1885,1886,1887,1888,1889,1890,1891,1892,1893,1894,1895,1896,1897,1898,1899,1900,1901,1902,1903,1904,1905,1906,1907,1908,1909,1910,1911,1912,1913,1914,1915,1916,1917,1918,1919,1920,1921,1922,1923,1924,1925,1926,1927,1928,1929,1930,1931,1932,1933,1934,1935,1936,1937,1938,1939,1940,1941,1942,1943,1944,1945,1946,1947,1948,1949,1950,1951,1952,1953,1954,1955,1956,1957,1958,1959,1960,1961,1962,1963,1964,1965,1966,1967,1968,1969,1970,1971,1972,1973,1974,1975,1976,1977,1978,1979,1980,1981,1982,1983,1984,1985,1986,1987,1988,1989,1990,1991,1992,1993,1994,1995,1996,1997,1998,1999,2000,2001,2002,2003,2004,2005,2006,2007,2008,2009,2010,2011,2012,2013,2014,2015,2016,2017,2018,2019],"level":[-11.85101,-12.040575,-12.184151,-12.287847,-12.336701,-12.408259,-12.424833,-12.435258,-12.409428,-12.429383,-12.39867,-12.380813,-12.327053,-12.289896,-12.279675,-12.256074,-12.216925,-12.149467,-12.117081,-12.088593,-12.054001,-12.026739,-11.998854,-11.954512,-11.932981,-11.937453,-11.922129,-11.884219,-11.83519,-11.813979,-11.784389,-11.727362,-11.635377,-11.623457,-11.661191,-11.696418,-11.727812,-11.741623,-11.731646,-11.724078,-11.715817,-11.70071,-11.668076,-11.616845,-11.569362,-11.574486,-11.588291,-11.597154,-11.621287,-11.631137,-11.65569,-11.66907,-11.672397,-11.666987,-11.668014,-11.655755,-11.654279,-11.644355,-11.63488,-11.627862,-11.61248,-11.612196,-11.600623,-11.577673,-11.55341,-11.544381,-11.529407,-11.506095,-11.48066,-11.446249,-11.409412,-11.360694,-11.322931,-11.280924,-11.225678,-11.178755,-11.137201,-11.087369,-11.042108,-10.979973,-10.927411,-10.895737,-10.857007,-10.816046,-10.790997,-10.763176,-10.730252,-10.682546,-10.633567,-10.596645,-10.560303,-10.523438,-10.494646,-10.466781,-10.449589,-10.428099,-10.401323,-10.369867,-10.333469,-10.300143,-10.262307,-10.220966,-10.177068,-10.138753,-10.104801,-10.078512,-10.053175,-10.027872,-10.011094,-9.987285,-9.967448,-9.943245,-9.919664,-9.901269,-9.89198,-9.878596,-9.86843,-9.858259,-9.848427,-9.8405,-9.840741,-9.854492,-9.876403,-9.902591,-9.928156,-9.958617,-9.99049,-10.020916,-10.056054,-10.087461,-10.129587,-10.176462,-10.225157,-10.260945,-10.289291,-10.308699,-10.32485,-10.325901,-10.330235,-10.331834,-10.327447,-10.33106,-10.33211,-10.337146,-10.342647,-10.353023,-10.370993,-10.391335,-10.415727,-10.439671,-10.462002,-10.478449,-10.498851,-10.515367,-10.534205,-10.556888,-10.584191,-10.612405,-10.64374,-10.680886,-10.717282,-10.755952,-10.799929,-10.843226,-10.890458,-10.93018,-10.964594,-10.996276,-11.019624,-11.04327,-11.070707,-11.098692,-11.131175,-11.164738,-11.191775,-11.219917,-11.242784,-11.260754,-11.274013,-11.279983,-11.284258,-11.288937,-11.289315,-11.289177,-11.286348,-11.288281,-11.297065,-11.313577,-11.335186,-11.356998,-11.373478,-11.390201,-11.404064,-11.417835,-11.429578,-11.440426,-11.448103,-11.453753,-11.457867,-11.458062,-11.457475,-11.457811,-11.453904,-11.445068,-11.432403,-11.416701,-11.405968,-11.400093,-11.387271,-11.376522,-11.375185,-11.370142,-11.374178,-11.36176,-11.341267,-11.319058,-11.304847,-11.294481,-11.280521,-11.275494],"drift":[-0.0494823,-0.04708231,-0.04302911,-0.03793655,-0.03265693,-0.02671083,-0.0209384,-0.0153461,-0.01045925,-0.00540972,-0.00097907,0.00312888,0.00636938,0.0090824,0.0117759,0.01426682,0.01633143,0.01752011,0.01845409,0.01921618,0.01971483,0.02008418,0.02031988,0.02014401,0.01994439,0.02016308,0.02046468,0.0204674,0.01998077,0.01947307,0.01879204,0.01745594,0.01484296,0.01228005,0.01057402,0.00965269,0.00943459,0.00961476,0.00978872,0.01000072,0.01024254,0.01040101,0.01017857,0.00925279,0.00767203,0.0063105,0.0052936,0.00451923,0.00423576,0.00419361,0.00464397,0.00540313,0.00631185,0.00723605,0.0083018,0.00929976,0.01043176,0.01157246,0.01274909,0.01402391,0.01527546,0.01678386,0.01838153,0.01990092,0.02134558,0.02300127,0.02479448,0.02661309,0.02845188,0.03018858,0.03181137,0.03314452,0.03439852,0.03552218,0.03630791,0.03691178,0.03743612,0.03774808,0.03793133,0.0376999,0.03721384,0.03682269,0.03639887,0.03589688,0.03558075,0.03539757,0.03525676,0.03490266,0.0343074,0.03366734,0.03298145,0.03222903,0.0315355,0.03090486,0.03050914,0.03026796,0.0300866,0.02988179,0.02956533,0.02918444,0.02865532,0.02790886,0.02688846,0.02567231,0.0243143,0.02292246,0.02148925,0.01999069,0.01854719,0.01701353,0.0154315,0.01369918,0.01179757,0.00978292,0.00777674,0.00567448,0.00349529,0.00120171,-0.00123972,-0.0038382,-0.00649832,-0.00903418,-0.01134943,-0.01341045,-0.01526323,-0.01685563,-0.01819075,-0.01931624,-0.02017066,-0.02083258,-0.02112968,-0.0209857,-0.02036697,-0.01948405,-0.01844929,-0.01739811,-0.01636829,-0.01560089,-0.01502652,-0.01468222,-0.01466461,-0.01483635,-0.0152443,-0.01582714,-0.0165869,-0.01745305,-0.01831035,-0.01913285,-0.01986524,-0.02052776,-0.02115938,-0.02187174,-0.02260928,-0.02345121,-0.02437217,-0.02532208,-0.02623805,-0.02712015,-0.02793006,-0.02858206,-0.02910019,-0.02945436,-0.02955972,-0.02942973,-0.02899473,-0.02837595,-0.02765373,-0.02686249,-0.02613147,-0.02544302,-0.02472041,-0.02394186,-0.02301699,-0.02191144,-0.02071806,-0.01939751,-0.01801751,-0.01663831,-0.01531703,-0.01415587,-0.013164,-0.01231751,-0.01167557,-0.01123604,-0.01103747,-0.01099488,-0.01099017,-0.01089086,-0.01060793,-0.01013303,-0.00954939,-0.00884285,-0.00805031,-0.00715975,-0.00619066,-0.00514179,-0.00404948,-0.00292974,-0.00178972,-0.00067702,0.00041402,0.00151792,0.00258089,0.00353668,0.0043361,0.00494078,0.00544622,0.00594431,0.00632458,0.00662904,0.00702416,0.00745323,0.00807914,0.00863072,0.00897906,0.00910073,0.00913485,0.00914789,0.00907848,0.00907847],"instab":[null,null,null,null,5.219731,4.72726,4.388532,4.091588,3.881222,3.662915,3.493754,3.334712,3.205782,3.089404,2.978268,2.8785,2.78777,2.71217,2.637056,2.567224,0.704521,0.515104,0.442392,0.419943,0.318249,0.339562,0.330598,0.33227,0.266512,0.262664,0.252697,0.258746,0.30315,0.292363,0.30723,0.318354,0.331751,0.31517,0.313677,0.313641,0.311769,0.312417,0.312076,0.307328,0.330743,0.324587,0.323748,0.323746,0.319123,0.31913,0.319501,0.31924,0.228238,0.214049,0.206042,0.203974,0.190492,0.17932,0.179681,0.17994,0.184387,0.184229,0.184346,0.179279,0.129163,0.129252,0.124415,0.124633,0.10974,0.110316,0.098366,0.102808,0.099651,0.099827,0.101121,0.099799,0.097943,0.099151,0.104076,0.107215,0.111009,0.110064,0.108299,0.109884,0.108933,0.1109,0.116763,0.116758,0.118693,0.119006,0.119182,0.1114,0.11236,0.111487,0.109441,0.109518,0.110359,0.107933,0.10605,0.096887,0.079368,0.077286,0.080409,0.074187,0.073428,0.071211,0.064096,0.064063,0.060673,0.060747,0.062706,0.060313,0.06082,0.060156,0.059506,0.056364,0.056108,0.056285,0.054782,0.055106,0.056085,0.056792,0.055422,0.059634,0.056795,0.059396,0.062541,0.059235,0.060072,0.060509,0.060394,0.060617,0.067335,0.06282,0.062399,0.063985,0.063859,0.078651,0.082796,0.083266,0.094932,0.096716,0.100409,0.098324,0.099838,0.099183,0.095354,0.094647,0.09035,0.091023,0.09129,0.088743,0.073623,0.068738,0.065114,0.065066,0.061922,0.056836,0.056176,0.059166,0.047437,0.046964,0.044533,0.043259,0.046244,0.042252,0.04203,0.041845,0.045498,0.050301,0.049595,0.050845,0.050456,0.050842,0.051137,0.050569,0.0506,0.051109,0.051201,0.053572,0.057663,0.058396,0.058223,0.058602,0.053248,0.051482,0.050791,0.045856,0.048986,0.054555,0.055069,0.056186,0.056144,0.053005,0.053144,0.052201,0.051787,0.051701,0.051711,0.050622,0.048903,0.048987,0.047134,0.046614,0.041119,0.04303,0.043977,0.045407,0.045311,0.044017,0.046022,0.045755,0.063913,0.064373,0.06476,0.06893,0.069051,0.070134,0.071301,0.073934],