{"word":"fascism","years":[1800,1801,1802,1803,1804,1805,1806,1807,1808,1809,1810,1811,1812,1813,1814,1815,1816,1817,1818,1819,1820,1821,1822,1823,1824,1825,1826,1827,1828,1829,1830,1831,1832,1833,1834,1835,1836,1837,1838,1839,1840,1841,1842,1843,1844,1845,1846,1847,1848,1849,1850,1851,1852,1853,1854,1855,1856,1857,1858,1859,1860,1861,1862,1863,1864,1865,1866,1867,1868,1869,1870,1871,1872,1873,1874,1875,1876,1877,1878,1879,1880,1881,1882,1883,1884,1885,1886,1887,1888,1889,1890,1891,1892,1893,1894,1895,1896,1897,1898,1899,1900,1901,1902,1903,1904,1905,1906,1907,1908,1909,1910,1911,1912,1913,1914,1915,1916,1917,1918,1919,1920,1921,1922,1923,1924,1925,1926,1927,1928,1929,1930,1931,1932,1933,1934,1935,1936,1937,1938,1939,1940,1941,1942,1943,1944,1945,1946,1947,1948,1949,1950,1951,1952,1953,1954,1955,1956,1957,1958,1959,1960,1961,1962,1963,1964,1965,1966,1967,1968,1969,1970,1971,1972,1973,1974,1975,1976,1977,1978,1979,1980,1981,1982,1983,1984,1985,1986,1987,1988,1989,1990,1991,1992,1993,1994,1995,1996,1997,1998,1999,2000,2001,2002,2003,2004,2005,2006,2007,2008,2009,2010,2011,2012,2013,2014,2015,2016,2017,2018,2019],"level":[-18.996108,-19.051692,-19.106672,-19.160792,-19.213704,-19.265042,-19.314521,-19.361839,-19.4066,-19.448428,-19.486863,-19.521413,-19.551685,-19.577729,-19.599879,-19.618217,-19.632919,-19.64401,-19.651408,-19.655221,-19.656026,-19.65444,-19.651864,-19.649849,-19.651169,-19.65183,-19.64941,-19.643135,-19.63318,-19.620782,-19.608477,-19.600315,-19.602303,-19.62219,-19.655406,-19.699038,-19.748749,-19.799094,-19.846393,-19.888374,-19.924213,-19.9548,-19.982712,-20.008968,-20.035597,-20.060787,-20.084089,-20.103653,-20.119103,-20.131396,-20.142904,-20.153147,-20.163207,-20.172956,-20.184048,-20.200195,-20.222199,-20.249846,-20.284957,-20.326678,-20.372614,-20.421855,-20.472024,-20.52134,-20.568078,-20.610573,-20.647539,-20.678001,-20.701435,-20.717529,-20.726276,-20.727974,-20.72316,-20.712665,-20.697648,-20.679712,-20.66117,-20.640844,-20.618527,-20.595,-20.571934,-20.54524,-20.512427,-20.47269,-20.427127,-20.37915,-20.330189,-20.284021,-20.238131,-20.192431,-20.149352,-20.113863,-20.082738,-20.055781,-20.028968,-19.998738,-19.964935,-19.931128,-19.901957,-19.881814,-19.873554,-19.875719,-19.883638,-19.894484,-19.907305,-19.925818,-19.949364,-19.972599,-19.990689,-20.000629,-19.996934,-19.974268,-19.931871,-19.868446,-19.780777,-19.662749,-19.510421,-19.322101,-19.098673,-18.847031,-18.570465,-18.27134,-17.949624,-17.608989,-17.254909,-16.892425,-16.526564,-16.162093,-15.802172,-15.44917,-15.105067,-14.773465,-14.458785,-14.166108,-13.900606,-13.666738,-13.46708,-13.302743,-13.173396,-13.077631,-13.01286,-12.975797,-12.963598,-12.974083,-13.005557,-13.055904,-13.12248,-13.202094,-13.291362,-13.38685,-13.485527,-13.584593,-13.68132,-13.773464,-13.859301,-13.937156,-14.005309,-14.062396,-14.107032,-14.138555,-14.157253,-14.163979,-14.159748,-14.145861,-14.123934,-14.09593,-14.06392,-14.030237,-13.997601,-13.96901,-13.946145,-13.929952,-13.9207,-13.918216,-13.922253,-13.932007,-13.946613,-13.964416,-13.98394,-14.003999,-14.023694,-14.042243,-14.058743,-14.072558,-14.083204,-14.090549,-14.094462,-14.09477,-14.091439,-14.084458,-14.07414,-14.061076,-14.045838,-14.029154,-14.011576,-13.993712,-13.975847,-13.957919,-13.93972,-13.921149,-13.902027,-13.88217,-13.861393,-13.83924,-13.815429,-13.789956,-13.762851,-13.734278,-13.703957,-13.671539,-13.63661,-13.59877,-13.557507,-13.512298,-13.463512,-13.411857,-13.358397,-13.303638,-13.248096,-13.192378],"drift":[-0.05558467,-0.05497936,-0.05412078,-0.05291207,-0.05133707,-0.04947976,-0.04731733,-0.04476147,-0.04182785,-0.03843542,-0.03454925,-0.03027245,-0.02604395,-0.02214963,-0.0183379,-0.01470276,-0.011091,-0.00739799,-0.00381232,-0.00080573,0.00158619,0.00257631,0.00201466,-0.00132017,-0.00066088,0.00242067,0.00627429,0.00995563,0.01239769,0.01230539,0.00816204,-0.00198811,-0.01988748,-0.03321584,-0.04363237,-0.04971034,-0.05034582,-0.04729901,-0.04198098,-0.03583838,-0.03058719,-0.02791181,-0.02625633,-0.02662852,-0.02519047,-0.02330166,-0.01956373,-0.01545078,-0.01229269,-0.01150836,-0.01024281,-0.01005995,-0.00974879,-0.01109238,-0.01614644,-0.02200429,-0.02764654,-0.03511134,-0.04172141,-0.04593593,-0.04924091,-0.05016845,-0.0493162,-0.04673776,-0.04249559,-0.0369654,-0.03046265,-0.02343333,-0.01609487,-0.00874685,-0.0016975,0.00481341,0.01049566,0.01501665,0.01793568,0.01854266,0.02032615,0.02231665,0.02352658,0.02306615,0.0266943,0.03281308,0.03973664,0.045563,0.04797699,0.04896102,0.04616864,0.04588913,0.04570047,0.0430786,0.03548957,0.03112514,0.0269571,0.02681265,0.03022982,0.0338033,0.03380695,0.02917124,0.02014259,0.00825959,-0.00216428,-0.00791887,-0.01084649,-0.01282082,-0.01851271,-0.02354617,-0.02323516,-0.01808983,-0.00994016,0.00369462,0.02266637,0.04239677,0.06342504,0.08766887,0.11802811,0.15232843,0.18831994,0.22342803,0.25164143,0.27656625,0.2991247,0.32171659,0.34063472,0.35407985,0.3624837,0.36586188,0.36447009,0.35992123,0.35300255,0.34410234,0.33160257,0.3146801,0.29267648,0.26550254,0.2338677,0.19965744,0.16433793,0.12934691,0.09576497,0.06477044,0.03706349,0.01219862,-0.01048534,-0.03147357,-0.05034734,-0.06657567,-0.07961399,-0.08926823,-0.09548774,-0.09867697,-0.09906578,-0.09672692,-0.09214439,-0.08583736,-0.07785473,-0.06815252,-0.0570869,-0.04463636,-0.03152265,-0.01869851,-0.00672593,0.00423121,0.01388699,0.02192652,0.02800394,0.03201011,0.03368318,0.03263591,0.02859074,0.02286563,0.01619302,0.00925212,0.00248409,-0.00403776,-0.00975365,-0.01460605,-0.01780305,-0.01952374,-0.02005952,-0.01969487,-0.01854853,-0.0165001,-0.01381539,-0.01064575,-0.007345,-0.003913,-0.00030806,0.00333107,0.00698087,0.01031803,0.01306446,0.01523799,0.01668412,0.01757773,0.01786363,0.01786533,0.01792779,0.01819909,0.01857121,0.01912214,0.01985678,0.02077668,0.02215282,0.02381122,0.02547314,0.02710454,0.02857344,0.03032131,0.0324174,0.03492952,0.0378401,0.04126307,0.04520854,0.0487859,0.05165466,0.05346065,0.05475902,0.05554209,0.0557177,0.0557177],"instab":[null,null,null,null,8.436919,7.703446,7.132813,6.669244,6.287432,5.963436,5.683384,5.436939,5.22272,5.03703,4.866315,4.713602,4.57371,4.443865,4.323554,4.215005,0.180987,0.144453,0.121154,0.643428,0.708682,0.744331,0.750948,0.754772,0.757329,0.758927,0.761023,0.760677,1.416675,1.475253,1.476485,1.480716,1.522663,1.540403,1.549529,1.554549,1.556104,1.574592,1.574248,1.481462,1.468852,1.460765,1.467756,1.469881,1.470547,1.505373,1.511719,1.51717,0.879532,0.825461,0.908407,0.912383,0.87712,0.882725,0.863073,0.883717,0.877812,0.866092,0.867087,0.773177,0.758332,0.748563,0.732105,0.725043,0.721132,0.639404,0.625965,0.609003,0.59109,0.576376,0.459288,0.591938,0.562716,0.510298,0.505024,0.703675,0.751218,0.76504,0.778707,0.78847,0.837036,0.851083,1.054392,1.104081,1.130837,1.14304,1.395523,1.460066,1.484125,1.498902,1.555452,1.537582,1.535234,1.541598,1.557267,1.512688,1.497548,1.525736,1.542779,1.600857,1.641946,1.668142,1.555476,1.554869,1.547944,1.545017,1.361728,1.328076,1.312278,1.337013,1.299543,1.270771,1.273729,1.296765,1.45272,1.430883,1.476302,1.449605,1.421037,1.354816,1.299739,1.272214,1.263591,1.210036,1.208156,1.208159,1.071827,1.077023,1.070075,1.05447,1.00471,0.975489,0.963946,0.891852,0.715156,0.720505,0.708386,0.736747,0.775393,0.730095,0.699398,0.661555,0.57239,0.532864,0.51442,0.515308,0.508894,0.498335,0.473993,0.436202,0.363008,0.338083,0.352345,0.36147,0.37221,0.393308,0.388563,0.367786,0.355732,0.36864,0.384309,0.387696,0.37348,0.353681,0.360115,0.335711,0.313643,0.276352,0.253833,0.247249,0.258519,0.248713,0.276627,0.290097,0.298673,0.306031,0.303648,0.306543,0.304401,0.302286,0.291579,0.285102,0.280564,0.274395,0.189712,0.160447,0.152687,0.153944,0.164709,0.166496,0.171909,0.176651,0.156915,0.134155,0.114515,0.106005,0.105115,0.092804,0.093799,0.091655,0.091771,0.092269,0.100207,0.1003,0.098263,0.09892,0.096019,0.096194,0.119138,0.118304,0.108672,0.136051,0.137138,0.13591,0.145128,0.145143],