{"word":"food","years":[1800,1801,1802,1803,1804,1805,1806,1807,1808,1809,1810,1811,1812,1813,1814,1815,1816,1817,1818,1819,1820,1821,1822,1823,1824,1825,1826,1827,1828,1829,1830,1831,1832,1833,1834,1835,1836,1837,1838,1839,1840,1841,1842,1843,1844,1845,1846,1847,1848,1849,1850,1851,1852,1853,1854,1855,1856,1857,1858,1859,1860,1861,1862,1863,1864,1865,1866,1867,1868,1869,1870,1871,1872,1873,1874,1875,1876,1877,1878,1879,1880,1881,1882,1883,1884,1885,1886,1887,1888,1889,1890,1891,1892,1893,1894,1895,1896,1897,1898,1899,1900,1901,1902,1903,1904,1905,1906,1907,1908,1909,1910,1911,1912,1913,1914,1915,1916,1917,1918,1919,1920,1921,1922,1923,1924,1925,1926,1927,1928,1929,1930,1931,1932,1933,1934,1935,1936,1937,1938,1939,1940,1941,1942,1943,1944,1945,1946,1947,1948,1949,1950,1951,1952,1953,1954,1955,1956,1957,1958,1959,1960,1961,1962,1963,1964,1965,1966,1967,1968,1969,1970,1971,1972,1973,1974,1975,1976,1977,1978,1979,1980,1981,1982,1983,1984,1985,1986,1987,1988,1989,1990,1991,1992,1993,1994,1995,1996,1997,1998,1999,2000,2001,2002,2003,2004,2005,2006,2007,2008,2009,2010,2011,2012,2013,2014,2015,2016,2017,2018,2019],"level":[-9.839378,-9.843328,-9.866492,-9.758261,-9.768172,-9.839657,-9.87136,-9.917432,-9.900679,-9.842853,-9.815826,-9.883448,-9.941328,-9.963718,-9.993406,-9.957496,-9.909886,-9.842582,-9.803674,-9.801067,-9.838494,-9.80463,-9.80877,-9.80253,-9.82634,-9.843274,-9.822415,-9.822881,-9.839797,-9.842526,-9.82586,-9.825934,-9.877933,-9.829664,-9.807509,-9.780054,-9.779558,-9.741346,-9.673947,-9.659295,-9.685265,-9.694475,-9.662278,-9.648664,-9.648055,-9.629478,-9.627269,-9.617212,-9.611136,-9.622032,-9.629731,-9.667593,-9.685262,-9.705549,-9.708554,-9.686483,-9.678912,-9.67416,-9.663036,-9.678702,-9.709853,-9.747303,-9.774942,-9.784057,-9.79504,-9.786295,-9.787875,-9.769677,-9.765647,-9.756702,-9.777647,-9.808512,-9.838338,-9.819599,-9.807718,-9.778458,-9.77634,-9.756668,-9.739485,-9.706491,-9.682865,-9.686,-9.673378,-9.636542,-9.616509,-9.601323,-9.599186,-9.595723,-9.576167,-9.566946,-9.576475,-9.578843,-9.565456,-9.560001,-9.546216,-9.519998,-9.492466,-9.474809,-9.471392,-9.485736,-9.472282,-9.47231,-9.468894,-9.482701,-9.483275,-9.486238,-9.482397,-9.474823,-9.48361,-9.47453,-9.472418,-9.460237,-9.443265,-9.434032,-9.416125,-9.381116,-9.315873,-9.216809,-9.203087,-9.246833,-9.305626,-9.354103,-9.380479,-9.389238,-9.396174,-9.411633,-9.415638,-9.404038,-9.406918,-9.410941,-9.400103,-9.383208,-9.375562,-9.378101,-9.38144,-9.377752,-9.38603,-9.351676,-9.320626,-9.278563,-9.229558,-9.151614,-9.074454,-9.009964,-9.024155,-9.052052,-9.089451,-9.124484,-9.162909,-9.206545,-9.234431,-9.249805,-9.274121,-9.297759,-9.313158,-9.325916,-9.340719,-9.346126,-9.350995,-9.355909,-9.355718,-9.348204,-9.371722,-9.377993,-9.387501,-9.384532,-9.359854,-9.346143,-9.331886,-9.321049,-9.319927,-9.299873,-9.274467,-9.229534,-9.195493,-9.195441,-9.21389,-9.226587,-9.245825,-9.26405,-9.281947,-9.297168,-9.311413,-9.320766,-9.318181,-9.317839,-9.319269,-9.321099,-9.323836,-9.326537,-9.322381,-9.327486,-9.328658,-9.326755,-9.321694,-9.312583,-9.306111,-9.291821,-9.273631,-9.255905,-9.243074,-9.239309,-9.229441,-9.204085,-9.174607,-9.141836,-9.118976,-9.083669,-9.046328,-8.998376,-8.958613,-8.92979,-8.919153,-8.909307,-8.891165,-8.870737,-8.859211,-8.854949,-8.857102,-8.848099],"drift":[0.00452626,0.00452626,0.00452626,0.00452626,0.00452626,0.00452626,0.00452626,0.00452626,0.00452626,0.00452626,0.00452626,0.00452626,0.00452627,0.00452627,0.00452627,0.00452627,0.00452627,0.00452627,0.00452627,0.00452627,0.00452628,0.00452628,0.00452628,0.00452628,0.00452628,0.00452628,0.00452628,0.00452628,0.00452628,0.00452628,0.00452629,0.00452629,0.00452629,0.00452629,0.00452629,0.00452629,0.00452629,0.00452629,0.00452629,0.00452629,0.00452629,0.00452629,0.00452629,0.00452629,0.00452629,0.00452629,0.00452629,0.00452629,0.00452629,0.00452629,0.00452629,0.0045263,0.0045263,0.0045263,0.0045263,0.0045263,0.0045263,0.0045263,0.0045263,0.0045263,0.0045263,0.00452631,0.00452631,0.00452631,0.00452631,0.00452632,0.00452632,0.00452632,0.00452632,0.00452633,0.00452633,0.00452633,0.00452633,0.00452634,0.00452634,0.00452634,0.00452635,0.00452635,0.00452635,0.00452635,0.00452636,0.00452636,0.00452636,0.00452636,0.00452636,0.00452636,0.00452637,0.00452637,0.00452637,0.00452637,0.00452637,0.00452637,0.00452637,0.00452638,0.00452638,0.00452638,0.00452638,0.00452638,0.00452638,0.00452638,0.00452638,0.00452638,0.00452638,0.00452639,0.00452639,0.00452639,0.00452639,0.00452639,0.00452639,0.00452639,0.00452639,0.0045264,0.0045264,0.0045264,0.0045264,0.0045264,0.0045264,0.0045264,0.0045264,0.0045264,0.0045264,0.0045264,0.0045264,0.0045264,0.0045264,0.0045264,0.0045264,0.0045264,0.00452641,0.00452641,0.00452641,0.00452641,0.00452641,0.00452641,0.00452641,0.00452642,0.00452642,0.00452642,0.00452642,0.00452642,0.00452642,0.00452642,0.00452642,0.00452642,0.00452642,0.00452641,0.00452641,0.00452641,0.00452641,0.00452641,0.00452641,0.00452642,0.00452642,0.00452642,0.00452642,0.00452642,0.00452642,0.00452643,0.00452643,0.00452643,0.00452643,0.00452644,0.00452644,0.00452644,0.00452644,0.00452645,0.00452645,0.00452645,0.00452645,0.00452646,0.00452646,0.00452646,0.00452646,0.00452647,0.00452647,0.00452647,0.00452647,0.00452647,0.00452647,0.00452648,0.00452648,0.00452648,0.00452649,0.00452649,0.00452649,0.00452649,0.0045265,0.0045265,0.0045265,0.00452651,0.00452651,0.00452652,0.00452652,0.00452652,0.00452653,0.00452653,0.00452653,0.00452654,0.00452654,0.00452654,0.00452655,0.00452655,0.00452655,0.00452656,0.00452656,0.00452656,0.00452656,0.00452656,0.00452657,0.00452657,0.00452657,0.00452657,0.00452657,0.00452657,0.00452657,0.00452657,0.00452657,0.00452657,0.00452657,0.00452657],"instab":[null,null,null,null,4.468609,4.041102,3.736529,3.482308,3.283449,3.126333,2.991818,2.859047,2.742177,2.642301,2.549408,2.47038,2.39822,2.334926,2.275317,2.218829,0.301446,0.303969,0.285495,0.203691,0.20424,0.184589,0.185482,0.173248,0.17444,0.165997,0.150306,0.145966,0.162384,0.167082,0.158185,0.159383,0.161281,0.152148,0.159493,0.160287,0.148419,0.147554,0.149049,0.148306,0.147729,0.143966,0.143022,0.142917,0.141401,0.141064,0.140536,0.142606,0.110968,0.107558,0.109063,0.106602,0.103904,0.103996,0.0838,0.077841,0.074998,0.073046,0.071118,0.069055,0.069811,0.067944,0.068343,0.071268,0.069508,0.074334,0.072524,0.067563,0.078036,0.07839,0.077142,0.081436,0.081365,0.082617,0.079208,0.08305,0.08716,0.084089,0.080421,0.084394,0.08224,0.082628,0.080981,0.080943,0.08153,0.080213,0.080974,0.079916,0.063033,0.063303,0.06296,0.057751,0.057187,0.057751,0.057355,0.063392,0.059742,0.058116,0.056766,0.055597,0.054917,0.054259,0.054302,0.054153,0.055598,0.054246,0.053568,0.051996,0.052254,0.052138,0.052209,0.051332,0.0493,0.107477,0.11241,0.110041,0.118051,0.125394,0.127926,0.127018,0.127015,0.127897,0.128536,0.128626,0.127546,0.12795,0.127803,0.128389,0.12814,0.128146,0.128338,0.128521,0.131587,0.085161,0.073572,0.076192,0.069096,0.069738,0.076567,0.103524,0.103669,0.10258,0.105084,0.107884,0.110317,0.115546,0.118677,0.118483,0.119409,0.120923,0.121199,0.121141,0.117991,0.116672,0.116386,0.115191,0.114913,0.109955,0.099608,0.050336,0.049415,0.049415,0.055873,0.05708,0.058328,0.054045,0.051246,0.052208,0.051225,0.05708,0.066466,0.066384,0.066347,0.066313,0.067482,0.068099,0.069053,0.066674,0.063447,0.064729,0.063314,0.061892,0.059487,0.059258,0.058686,0.057875,0.057344,0.057193,0.057224,0.04878,0.028471,0.026562,0.024816,0.02605,0.027331,0.029108,0.029595,0.028295,0.026546,0.024447,0.026546,0.032604,0.032318,0.034121,0.034225,0.039133,0.043234,0.04399,0.042556,0.042533,0.04149,0.041504,0.039685,0.03966,0.044113,0.044246],