{"word":"genetics","years":[1800,1801,1802,1803,1804,1805,1806,1807,1808,1809,1810,1811,1812,1813,1814,1815,1816,1817,1818,1819,1820,1821,1822,1823,1824,1825,1826,1827,1828,1829,1830,1831,1832,1833,1834,1835,1836,1837,1838,1839,1840,1841,1842,1843,1844,1845,1846,1847,1848,1849,1850,1851,1852,1853,1854,1855,1856,1857,1858,1859,1860,1861,1862,1863,1864,1865,1866,1867,1868,1869,1870,1871,1872,1873,1874,1875,1876,1877,1878,1879,1880,1881,1882,1883,1884,1885,1886,1887,1888,1889,1890,1891,1892,1893,1894,1895,1896,1897,1898,1899,1900,1901,1902,1903,1904,1905,1906,1907,1908,1909,1910,1911,1912,1913,1914,1915,1916,1917,1918,1919,1920,1921,1922,1923,1924,1925,1926,1927,1928,1929,1930,1931,1932,1933,1934,1935,1936,1937,1938,1939,1940,1941,1942,1943,1944,1945,1946,1947,1948,1949,1950,1951,1952,1953,1954,1955,1956,1957,1958,1959,1960,1961,1962,1963,1964,1965,1966,1967,1968,1969,1970,1971,1972,1973,1974,1975,1976,1977,1978,1979,1980,1981,1982,1983,1984,1985,1986,1987,1988,1989,1990,1991,1992,1993,1994,1995,1996,1997,1998,1999,2000,2001,2002,2003,2004,2005,2006,2007,2008,2009,2010,2011,2012,2013,2014,2015,2016,2017,2018,2019],"level":[-19.063536,-19.091664,-19.119754,-19.14778,-19.175711,-19.203514,-19.231168,-19.258657,-19.285971,-19.313115,-19.340106,-19.366975,-19.393637,-19.420048,-19.446198,-19.472086,-19.497732,-19.523171,-19.548449,-19.573634,-19.598834,-19.624166,-19.649307,-19.673946,-19.697829,-19.720753,-19.74258,-19.763247,-19.782722,-19.801008,-19.818155,-19.834258,-19.849483,-19.864048,-19.877879,-19.890948,-19.903273,-19.914628,-19.924852,-19.933835,-19.941529,-19.947962,-19.953241,-19.957537,-19.961077,-19.963949,-19.96632,-19.967853,-19.968298,-19.967345,-19.964772,-19.960446,-19.954193,-19.945944,-19.935742,-19.923761,-19.909836,-19.893934,-19.876157,-19.856318,-19.83435,-19.810316,-19.784418,-19.756638,-19.727047,-19.695818,-19.663043,-19.628947,-19.5939,-19.557998,-19.52099,-19.482787,-19.443218,-19.402285,-19.360027,-19.316675,-19.272663,-19.228197,-19.183309,-19.13801,-19.092174,-19.045606,-18.99781,-18.948562,-18.897784,-18.84487,-18.789521,-18.731744,-18.671565,-18.609072,-18.544264,-18.476959,-18.407003,-18.33435,-18.259122,-18.181096,-18.09996,-18.015485,-17.92739,-17.835458,-17.739449,-17.639093,-17.534179,-17.424609,-17.310569,-17.192316,-17.070214,-16.944655,-16.81613,-16.685202,-16.552536,-16.418833,-16.284789,-16.15107,-16.01828,-15.886943,-15.757537,-15.630445,-15.505989,-15.384468,-15.26613,-15.151215,-15.039956,-14.932543,-14.82913,-14.729829,-14.634707,-14.543785,-14.457046,-14.374415,-14.295798,-14.221076,-14.150132,-14.082849,-14.019095,-13.958696,-13.901456,-13.847171,-13.795616,-13.746533,-13.699638,-13.654652,-13.611298,-13.569341,-13.528553,-13.488747,-13.449732,-13.41136,-13.37352,-13.336116,-13.299074,-13.262314,-13.225764,-13.189368,-13.153095,-13.116939,-13.08091,-13.045045,-13.009389,-12.974013,-12.939005,-12.904462,-12.870487,-12.837187,-12.804679,-12.77306,-12.742421,-12.712825,-12.684351,-12.657067,-12.631029,-12.606303,-12.582951,-12.561,-12.540469,-12.521342,-12.503609,-12.487249,-12.472198,-12.458357,-12.445614,-12.433855,-12.423004,-12.412993,-12.40375,-12.395206,-12.387304,-12.380004,-12.373251,-12.366989,-12.361162,-12.355704,-12.350545,-12.345616,-12.34086,-12.336216,-12.331639,-12.3271,-12.322588,-12.318089,-12.313587,-12.309077,-12.30455,-12.300003,-12.295437,-12.290859,-12.286283,-12.281729,-12.277215,-12.272759,-12.268371,-12.264069,-12.259858,-12.255754,-12.251739,-12.247782,-12.243861,-12.239962,-12.236069,-12.232172],"drift":[-0.02812768,-0.02808998,-0.0280264,-0.02793061,-0.0278035,-0.02765396,-0.02748873,-0.02731423,-0.02714438,-0.02699068,-0.02686873,-0.02666196,-0.02641118,-0.02615031,-0.02588738,-0.02564654,-0.02543908,-0.02527723,-0.02518548,-0.02519965,-0.02533186,-0.02514123,-0.02463883,-0.02388367,-0.02292342,-0.02182766,-0.02066689,-0.01947458,-0.01828667,-0.01714631,-0.01610336,-0.01522503,-0.01456518,-0.01383031,-0.01306926,-0.01232533,-0.01135509,-0.0102234,-0.0089833,-0.0076943,-0.00643305,-0.00527828,-0.00429636,-0.00353949,-0.00287275,-0.002371,-0.00153299,-0.00044459,0.00095322,0.00257301,0.00432554,0.00625317,0.00824924,0.01020137,0.0119818,0.01392418,0.01590195,0.01777728,0.01983887,0.0219683,0.02403411,0.02589785,0.0277802,0.02959079,0.031229,0.03277487,0.03409646,0.03504664,0.03590181,0.03700817,0.03820287,0.03956894,0.04093347,0.04225731,0.04335198,0.04401259,0.0444657,0.04488776,0.0452994,0.04583635,0.04656799,0.04779584,0.0492474,0.05077817,0.05291407,0.05534963,0.05777619,0.06017947,0.06249336,0.06480752,0.06730494,0.06995562,0.0726535,0.07522827,0.07802549,0.08113578,0.08447548,0.08809504,0.09193217,0.09600838,0.10035595,0.10491438,0.10956964,0.11403991,0.11825313,0.12210267,0.12555855,0.12852518,0.13092835,0.13266518,0.13370335,0.13404396,0.133719,0.13279021,0.13133701,0.12940636,0.12709137,0.1244566,0.12152043,0.11833769,0.11491508,0.11125909,0.1074137,0.10341299,0.09930064,0.09512156,0.09092234,0.08673872,0.08263155,0.07861681,0.07472218,0.07094403,0.06728257,0.06375391,0.06039903,0.05724009,0.05428498,0.05155514,0.04908353,0.04689408,0.0449869,0.04335373,0.04195712,0.04078769,0.03980561,0.03901589,0.03837177,0.03783968,0.03740439,0.0370412,0.03676088,0.03654967,0.03639595,0.03627299,0.03615621,0.03602831,0.03586527,0.03565667,0.0353752,0.0350082,0.03454272,0.0339757,0.03329999,0.03250776,0.03161933,0.03063902,0.02959522,0.02847394,0.02728488,0.02603754,0.02472631,0.02335169,0.02195107,0.02053107,0.01912656,0.01773316,0.01635988,0.01505129,0.01384068,0.01274354,0.01175917,0.0108505,0.01001155,0.00924264,0.00854429,0.00790168,0.00729972,0.00675352,0.00626143,0.0058275,0.00545734,0.00515936,0.00492902,0.00475647,0.0046435,0.00457701,0.0045388,0.00451186,0.00449956,0.00450203,0.00451028,0.00452609,0.00454725,0.0045665,0.00457739,0.00457588,0.00455447,0.00451403,0.00445599,0.00438755,0.00430271,0.00421083,0.00410414,0.00401514,0.00395695,0.00392064,0.00389862,0.00389335,0.00389735,0.00389735],"instab":[null,null,null,null,8.436966,7.70351,7.132912,6.669397,6.287633,5.963705,5.724911,5.466653,5.243663,5.051038,4.876332,4.720785,4.579251,4.4486,4.327873,4.219009,0.870793,0.879491,0.910553,0.928912,0.948046,0.960325,0.961713,0.962745,0.963543,0.964279,0.927985,0.923091,1.105047,1.110071,1.112173,1.195786,1.210435,1.21778,1.22357,1.230738,0.890698,0.885216,0.867549,0.921394,0.910247,1.291506,1.318476,1.315115,1.337965,1.354607,1.350987,1.370447,1.249655,1.257732,1.427171,1.376838,1.383699,1.495168,1.509184,1.519672,1.528013,1.595925,1.603303,1.581619,1.591126,1.282348,1.273489,1.421689,1.540726,1.571086,1.574353,1.599581,1.586496,1.608063,1.489102,1.564581,1.580497,1.484254,1.475157,1.449874,1.481836,1.579072,1.60599,1.823861,1.967064,2.054002,2.043647,1.954788,1.851343,1.857384,1.853876,1.831453,1.851083,1.944071,1.915012,1.867267,1.835034,1.8401,1.824926,1.82397,1.754691,1.656862,1.687087,1.371908,1.211456,1.067745,1.067673,1.066015,1.043362,0.98922,1.01098,1.018412,0.998939,0.791138,0.798964,0.790778,0.797265,0.773355,0.773739,0.777002,0.760213,0.714274,0.468196,0.465363,0.452186,0.465821,0.476269,0.485638,0.517633,0.540113,0.564913,0.561383,0.522768,0.457058,0.429071,0.357385,0.309488,0.297973,0.259676,0.268261,0.27717,0.275975,0.260892,0.249658,0.225592,0.211003,0.197513,0.162835,0.163026,0.184144,0.187766,0.193609,0.195179,0.192003,0.200403,0.204921,0.2182,0.221879,0.233947,0.23849,0.242955,0.220472,0.21888,0.209077,0.214048,0.193013,0.168755,0.163782,0.151079,0.151289,0.144813,0.15328,0.139212,0.132703,0.135109,0.128832,0.133642,0.124869,0.128857,0.143715,0.188781,0.195118,0.197692,0.18984,0.19405,0.183788,0.184812,0.181709,0.178746,0.17884,0.178675,0.159889,0.159667,0.145317,0.145335,0.145409,0.122005,0.118225,0.122298,0.12112,0.088225,0.0872,0.087047,0.087306,0.07948,0.070573,0.072103,0.074865,0.081388,0.081515,0.087949,0.084714,0.104129,0.105742,0.100677,0.091963,0.083652,0.0854,0.088798,0.087443],