{"word":"globalization","years":[1800,1801,1802,1803,1804,1805,1806,1807,1808,1809,1810,1811,1812,1813,1814,1815,1816,1817,1818,1819,1820,1821,1822,1823,1824,1825,1826,1827,1828,1829,1830,1831,1832,1833,1834,1835,1836,1837,1838,1839,1840,1841,1842,1843,1844,1845,1846,1847,1848,1849,1850,1851,1852,1853,1854,1855,1856,1857,1858,1859,1860,1861,1862,1863,1864,1865,1866,1867,1868,1869,1870,1871,1872,1873,1874,1875,1876,1877,1878,1879,1880,1881,1882,1883,1884,1885,1886,1887,1888,1889,1890,1891,1892,1893,1894,1895,1896,1897,1898,1899,1900,1901,1902,1903,1904,1905,1906,1907,1908,1909,1910,1911,1912,1913,1914,1915,1916,1917,1918,1919,1920,1921,1922,1923,1924,1925,1926,1927,1928,1929,1930,1931,1932,1933,1934,1935,1936,1937,1938,1939,1940,1941,1942,1943,1944,1945,1946,1947,1948,1949,1950,1951,1952,1953,1954,1955,1956,1957,1958,1959,1960,1961,1962,1963,1964,1965,1966,1967,1968,1969,1970,1971,1972,1973,1974,1975,1976,1977,1978,1979,1980,1981,1982,1983,1984,1985,1986,1987,1988,1989,1990,1991,1992,1993,1994,1995,1996,1997,1998,1999,2000,2001,2002,2003,2004,2005,2006,2007,2008,2009,2010,2011,2012,2013,2014,2015,2016,2017,2018,2019],"level":[-18.986387,-19.054914,-19.102637,-19.155499,-19.208393,-19.255239,-19.30175,-19.351389,-19.398223,-19.448409,-19.500479,-19.548252,-19.57354,-19.584798,-19.612155,-19.635574,-19.670816,-19.718237,-19.76593,-19.80323,-19.861859,-19.905649,-19.980364,-20.033611,-20.084224,-20.108916,-20.106813,-20.120657,-20.146286,-20.17563,-20.201999,-20.205067,-20.199562,-20.184233,-20.158598,-20.123363,-20.222823,-20.291795,-20.354303,-20.410587,-20.446623,-20.464333,-20.481071,-20.51652,-20.552528,-20.588935,-20.617787,-20.642772,-20.673465,-20.706922,-20.746377,-20.787666,-20.827039,-20.864631,-20.88841,-20.887844,-20.882262,-20.85889,-20.836127,-20.818073,-20.788655,-20.737942,-20.701542,-20.698496,-20.719882,-20.742685,-20.767371,-20.78406,-20.804343,-20.822736,-20.839074,-20.858702,-20.881437,-20.909119,-20.941322,-20.969314,-20.995753,-21.016848,-21.038136,-21.072504,-21.119164,-21.156508,-21.18946,-21.215477,-21.220119,-21.212734,-21.196669,-21.19565,-21.193938,-21.192464,-21.197728,-21.205598,-21.205039,-21.180426,-21.131378,-21.052914,-20.918003,-21.07971,-21.181725,-21.228672,-21.211072,-21.370976,-21.482202,-21.559275,-21.620064,-21.657474,-21.683754,-21.697717,-21.70009,-21.690409,-21.683035,-21.668053,-21.643502,-21.596157,-21.527047,-21.42894,-21.476938,-21.507097,-21.52312,-21.548312,-21.57227,-21.566594,-21.551556,-21.500661,-21.438644,-21.367487,-21.269307,-21.137232,-20.927144,-20.605963,-20.306872,-19.969973,-19.991385,-19.774408,-19.483887,-19.187048,-18.943873,-19.162073,-19.337682,-19.454424,-19.396383,-19.24548,-19.205461,-19.11541,-19.027053,-19.076997,-18.939584,-18.829358,-19.167396,-19.432719,-19.611197,-19.676801,-19.561927,-19.422744,-19.145766,-18.938116,-18.906602,-18.727782,-18.605032,-18.604933,-18.470771,-18.427547,-18.49916,-18.369536,-18.200396,-18.152956,-18.18772,-18.278389,-18.196095,-18.028562,-17.878136,-17.597452,-17.475691,-17.424219,-17.395408,-17.402924,-17.38945,-17.362629,-17.228914,-17.151804,-17.084135,-16.983631,-16.890139,-16.736676,-16.502054,-16.203827,-15.894202,-15.581389,-15.278383,-15.007048,-14.738134,-14.503699,-14.297304,-14.090268,-13.878993,-13.658414,-13.439307,-13.221832,-13.010624,-12.815789,-12.637433,-12.490472,-12.370971,-12.274362,-12.202659,-12.142788,-12.08626,-12.042005,-12.016043,-12.025125,-12.041616,-12.06655,-12.098604,-12.100813,-12.081767,-12.046894,-12.004389,-11.96285,-11.898746,-11.814698],"drift":[-0.03351218,-0.03346429,-0.03339689,-0.03330288,-0.03318206,-0.03304256,-0.03288464,-0.0327038,-0.03250363,-0.03227928,-0.03202787,-0.03175491,-0.0314908,-0.03125437,-0.03102326,-0.03080256,-0.03057578,-0.03032597,-0.0300524,-0.02976891,-0.02944595,-0.02910338,-0.02869842,-0.02825988,-0.02779077,-0.0273259,-0.02690128,-0.02649452,-0.02608894,-0.02567891,-0.02526794,-0.02488732,-0.02454828,-0.02426379,-0.02404754,-0.02391237,-0.02367387,-0.02337342,-0.02301944,-0.02261997,-0.02220214,-0.02179046,-0.02138569,-0.02096168,-0.02051709,-0.02005077,-0.01957241,-0.01908665,-0.01858502,-0.01806304,-0.01751181,-0.01692805,-0.0163136,-0.01567004,-0.01501539,-0.01438205,-0.01377602,-0.01322079,-0.01271479,-0.01225086,-0.01184393,-0.01152257,-0.01126674,-0.0110305,-0.01078009,-0.01051323,-0.010227,-0.00993192,-0.00962268,-0.00930145,-0.0089706,-0.00862517,-0.00826044,-0.00786914,-0.00744457,-0.00699189,-0.00651261,-0.00601338,-0.00549327,-0.00493366,-0.00431698,-0.00365513,-0.0029532,-0.00221973,-0.00148295,-0.0007583,-5.665e-05,0.00064352,0.00134223,0.00204076,0.00274928,0.00347232,0.00419935,0.00489846,0.00553719,0.00607617,0.00643893,0.00703168,0.00777357,0.00859031,0.00939473,0.0104307,0.01163307,0.01295677,0.01438133,0.01587673,0.01742979,0.01902578,0.02065105,0.02229132,0.02395199,0.02562493,0.02729934,0.02894634,0.0305384,0.03203804,0.03364715,0.03534353,0.03711017,0.03896202,0.04089993,0.04288602,0.0449102,0.04692619,0.04892154,0.05088648,0.05278673,0.05457854,0.05615765,0.05737427,0.05826029,0.0587652,0.05937977,0.05977879,0.05986221,0.0596215,0.05912974,0.0590173,0.05922577,0.05967492,0.0601263,0.06045352,0.06080869,0.06112387,0.06140179,0.06183202,0.06215886,0.06241996,0.06322879,0.06448699,0.06607751,0.06784813,0.06955444,0.07116551,0.07249508,0.07363979,0.07484212,0.07590224,0.07689828,0.07799936,0.07902363,0.08009686,0.08137759,0.08259233,0.0836887,0.08483464,0.08614417,0.08769553,0.08925428,0.09070597,0.09207597,0.093188,0.09426096,0.09539244,0.09661498,0.09797995,0.0994605,0.10104041,0.10257562,0.10414567,0.10576561,0.10739274,0.10903888,0.11062427,0.11204005,0.11320118,0.11409366,0.11471433,0.11507747,0.11522688,0.1151661,0.11494218,0.11459318,0.11411773,0.11350941,0.11275464,0.1118544,0.1108097,0.10962769,0.10832913,0.10693479,0.10548571,0.10401745,0.10255933,0.10114342,0.09978395,0.09848365,0.09725752,0.0961289,0.09514418,0.09431216,0.09364323,0.09314622,0.09277964,0.0925139,0.09232701,0.09220825,0.0921588,0.09214773,0.09214773],"instab":[null,null,null,null,8.436079,7.70272,7.132015,6.668313,6.286547,5.962524,5.682502,5.436214,5.222425,5.036997,4.865983,4.713089,4.572968,4.443004,4.322778,4.21453,0.180573,0.145309,0.120458,0.119238,0.127996,0.129045,0.139355,0.143352,0.143462,0.143464,0.146035,0.142817,0.143243,0.134988,0.137081,0.266837,0.289435,0.293193,0.294752,0.298137,0.297386,0.294771,0.290364,0.289948,0.285775,0.284956,0.280807,0.279097,0.27889,0.278887,0.277439,0.277758,0.277734,0.278266,0.278118,0.127302,0.091761,0.096846,0.10247,0.091121,0.085167,0.108629,0.131228,0.135647,0.135608,0.133683,0.136352,0.136613,0.137619,0.138538,0.13786,0.13641,0.135174,0.130743,0.127557,0.129892,0.132277,0.12997,0.125606,0.125473,0.132368,0.11484,0.074331,0.057862,0.057655,0.059498,0.078863,0.080138,0.081922,0.085493,0.086181,0.086319,0.08877,0.088833,0.087723,0.088227,0.524927,0.570741,0.592834,0.605463,0.660495,0.687394,0.698279,0.700652,0.703431,0.70378,0.701984,0.701706,0.701385,0.701597,0.701574,0.701864,0.701701,0.702061,0.702478,0.758679,0.542187,0.507896,0.487348,0.472518,0.383282,0.342336,0.322807,0.316419,0.310013,0.30774,0.306183,0.306623,0.306948,0.389962,0.407801,0.79712,0.913906,0.913685,0.920506,0.911858,1.150096,1.201815,1.247562,1.321136,1.328981,1.339642,1.343939,1.343912,1.353025,1.412093,1.41274,1.536382,1.606873,1.64508,1.676436,1.532666,1.489989,1.492151,1.511035,1.53807,1.310113,1.31041,1.314166,1.280506,1.288465,1.277167,1.329659,1.329134,1.336547,1.294614,1.291434,1.137893,1.079543,1.032899,0.988739,0.996055,1.000786,0.987946,0.95958,0.901378,0.871637,0.878334,0.859138,0.824916,0.806395,0.792203,0.694693,0.697568,0.649582,0.657305,0.676031,0.582095,0.585428,0.586886,0.571042,0.467045,0.457911,0.457051,0.456268,0.434638,0.418412,0.336091,0.330599,0.326999,0.30345,0.303337,0.274542,0.253816,0.277449,0.300748,0.306793,0.299335,0.270043,0.285105,0.273593,0.271409,0.305494,0.316727,0.318062,0.307172,0.292884,0.277067,0.251374,0.228584],