{"word":"gold","years":[1800,1801,1802,1803,1804,1805,1806,1807,1808,1809,1810,1811,1812,1813,1814,1815,1816,1817,1818,1819,1820,1821,1822,1823,1824,1825,1826,1827,1828,1829,1830,1831,1832,1833,1834,1835,1836,1837,1838,1839,1840,1841,1842,1843,1844,1845,1846,1847,1848,1849,1850,1851,1852,1853,1854,1855,1856,1857,1858,1859,1860,1861,1862,1863,1864,1865,1866,1867,1868,1869,1870,1871,1872,1873,1874,1875,1876,1877,1878,1879,1880,1881,1882,1883,1884,1885,1886,1887,1888,1889,1890,1891,1892,1893,1894,1895,1896,1897,1898,1899,1900,1901,1902,1903,1904,1905,1906,1907,1908,1909,1910,1911,1912,1913,1914,1915,1916,1917,1918,1919,1920,1921,1922,1923,1924,1925,1926,1927,1928,1929,1930,1931,1932,1933,1934,1935,1936,1937,1938,1939,1940,1941,1942,1943,1944,1945,1946,1947,1948,1949,1950,1951,1952,1953,1954,1955,1956,1957,1958,1959,1960,1961,1962,1963,1964,1965,1966,1967,1968,1969,1970,1971,1972,1973,1974,1975,1976,1977,1978,1979,1980,1981,1982,1983,1984,1985,1986,1987,1988,1989,1990,1991,1992,1993,1994,1995,1996,1997,1998,1999,2000,2001,2002,2003,2004,2005,2006,2007,2008,2009,2010,2011,2012,2013,2014,2015,2016,2017,2018,2019],"level":[-9.561703,-9.618945,-9.658999,-9.570531,-9.521597,-9.528295,-9.434092,-9.417545,-9.42382,-9.421377,-9.437551,-9.516533,-9.540944,-9.529522,-9.560258,-9.53329,-9.464735,-9.502864,-9.448667,-9.417386,-9.527163,-9.502611,-9.527079,-9.560443,-9.596381,-9.532669,-9.589871,-9.577626,-9.582987,-9.561607,-9.515497,-9.462928,-9.588763,-9.489967,-9.399716,-9.436189,-9.411148,-9.294397,-9.32785,-9.426765,-9.447142,-9.451981,-9.478115,-9.510999,-9.544865,-9.543088,-9.516746,-9.470561,-9.466783,-9.409255,-9.368477,-9.388368,-9.403418,-9.378494,-9.379482,-9.404767,-9.426234,-9.430598,-9.432248,-9.439116,-9.486381,-9.490352,-9.459541,-9.350033,-9.257958,-9.251036,-9.228335,-9.158388,-9.133135,-9.100211,-9.121092,-9.139236,-9.122213,-9.060057,-9.005913,-8.996781,-8.960619,-8.958996,-8.955241,-9.042689,-9.147263,-9.236877,-9.27292,-9.324377,-9.353676,-9.317551,-9.297551,-9.355448,-9.359442,-9.322677,-9.275432,-9.223354,-9.109715,-9.005096,-9.022433,-8.996748,-8.961166,-9.016347,-9.056356,-9.110019,-9.116859,-9.166509,-9.191755,-9.213206,-9.236039,-9.266634,-9.252771,-9.262925,-9.283285,-9.329519,-9.347112,-9.372063,-9.415813,-9.435337,-9.486631,-9.490001,-9.471132,-9.492404,-9.520656,-9.537917,-9.53879,-9.514996,-9.484439,-9.491855,-9.489674,-9.490585,-9.525093,-9.530244,-9.552418,-9.536371,-9.473504,-9.39178,-9.270272,-9.189082,-9.249696,-9.377037,-9.519925,-9.559934,-9.638755,-9.70375,-9.772416,-9.870226,-9.937638,-9.965802,-9.971825,-9.952568,-9.932632,-9.903339,-9.889564,-9.86996,-9.960551,-10.03511,-10.057331,-10.074778,-10.078576,-10.120149,-10.140616,-10.154832,-10.1578,-10.141826,-10.137247,-10.125358,-10.127735,-10.132173,-10.160151,-10.124983,-10.124892,-10.104185,-10.075549,-10.164426,-10.239789,-10.305449,-10.362479,-10.402583,-10.430447,-10.489733,-10.53133,-10.564659,-10.564047,-10.537843,-10.476539,-10.457922,-10.45914,-10.440814,-10.468539,-10.488809,-10.50888,-10.503033,-10.48306,-10.493121,-10.513113,-10.505678,-10.512429,-10.531637,-10.529527,-10.521441,-10.490895,-10.485396,-10.482432,-10.466275,-10.449193,-10.451183,-10.419115,-10.371753,-10.338017,-10.303443,-10.286896,-10.276904,-10.229807,-10.178237,-10.163756,-10.148967,-10.15971,-10.153764,-10.123384,-10.093655,-10.083719,-10.077475,-10.074537,-10.088626],"drift":[-0.00240602,-0.00240602,-0.00240602,-0.00240602,-0.00240602,-0.00240602,-0.00240602,-0.00240602,-0.00240602,-0.00240602,-0.00240602,-0.00240602,-0.00240602,-0.00240602,-0.00240602,-0.00240602,-0.00240602,-0.00240602,-0.00240602,-0.00240602,-0.00240602,-0.00240602,-0.00240602,-0.00240602,-0.00240602,-0.00240602,-0.00240602,-0.00240602,-0.00240602,-0.00240602,-0.00240602,-0.00240602,-0.00240602,-0.00240602,-0.00240602,-0.00240602,-0.00240602,-0.00240602,-0.00240602,-0.00240602,-0.00240602,-0.00240602,-0.00240602,-0.00240602,-0.00240602,-0.00240602,-0.00240602,-0.00240602,-0.00240602,-0.00240602,-0.00240602,-0.00240602,-0.00240603,-0.00240603,-0.00240603,-0.00240603,-0.00240603,-0.00240603,-0.00240603,-0.00240603,-0.00240603,-0.00240603,-0.00240603,-0.00240603,-0.00240603,-0.00240603,-0.00240603,-0.00240603,-0.00240603,-0.00240603,-0.00240603,-0.00240603,-0.00240603,-0.00240603,-0.00240603,-0.00240603,-0.00240603,-0.00240604,-0.00240604,-0.00240604,-0.00240604,-0.00240604,-0.00240604,-0.00240604,-0.00240604,-0.00240604,-0.00240604,-0.00240604,-0.00240604,-0.00240604,-0.00240604,-0.00240604,-0.00240604,-0.00240604,-0.00240604,-0.00240604,-0.00240605,-0.00240605,-0.00240605,-0.00240605,-0.00240605,-0.00240605,-0.00240605,-0.00240605,-0.00240605,-0.00240605,-0.00240605,-0.00240605,-0.00240605,-0.00240605,-0.00240605,-0.00240605,-0.00240605,-0.00240605,-0.00240605,-0.00240605,-0.00240606,-0.00240606,-0.00240606,-0.00240606,-0.00240606,-0.00240606,-0.00240606,-0.00240606,-0.00240606,-0.00240606,-0.00240606,-0.00240606,-0.00240606,-0.00240606,-0.00240606,-0.00240606,-0.00240606,-0.00240606,-0.00240606,-0.00240606,-0.00240606,-0.00240606,-0.00240606,-0.00240606,-0.00240606,-0.00240606,-0.00240606,-0.00240606,-0.00240606,-0.00240606,-0.00240606,-0.00240606,-0.00240606,-0.00240606,-0.00240606,-0.00240606,-0.00240606,-0.00240606,-0.00240606,-0.00240606,-0.00240606,-0.00240606,-0.00240606,-0.00240606,-0.00240606,-0.00240606,-0.00240606,-0.00240606,-0.00240606,-0.00240606,-0.00240606,-0.00240606,-0.00240606,-0.00240606,-0.00240606,-0.00240606,-0.00240606,-0.00240606,-0.00240606,-0.00240606,-0.00240606,-0.00240606,-0.00240606,-0.00240606,-0.00240606,-0.00240606,-0.00240605,-0.00240605,-0.00240605,-0.00240605,-0.00240605,-0.00240605,-0.00240605,-0.00240605,-0.00240605,-0.00240605,-0.00240605,-0.00240605,-0.00240605,-0.00240605,-0.00240605,-0.00240605,-0.00240605,-0.00240605,-0.00240605,-0.00240605,-0.00240605,-0.00240605,-0.00240605,-0.00240605,-0.00240605,-0.00240605,-0.00240605,-0.00240605,-0.00240605,-0.00240605,-0.00240605,-0.00240604,-0.00240604,-0.00240604,-0.00240604,-0.00240604,-0.00240604,-0.00240604],"instab":[null,null,null,null,4.305567,3.907076,3.63234,3.393329,3.192895,3.026353,2.884268,2.754742,2.643809,2.548838,2.459719,2.381308,2.314999,2.247182,2.188822,2.136538,0.215304,0.212839,0.212866,0.182781,0.180662,0.189515,0.181036,0.181615,0.181363,0.181464,0.182581,0.190658,0.226072,0.229999,0.239773,0.242926,0.235629,0.248323,0.247107,0.250705,0.233832,0.232586,0.232628,0.23264,0.229338,0.219733,0.215114,0.217137,0.217514,0.219144,0.22098,0.207694,0.166767,0.162238,0.14357,0.139533,0.138955,0.100479,0.10025,0.076735,0.08228,0.0828,0.083072,0.096628,0.110457,0.110164,0.110839,0.113302,0.111234,0.111157,0.108422,0.110171,0.108405,0.10975,0.113456,0.11272,0.111679,0.111641,0.11288,0.120319,0.126776,0.1394,0.139298,0.134523,0.121478,0.123671,0.12824,0.126129,0.125883,0.122227,0.124427,0.123658,0.133923,0.153832,0.151472,0.151543,0.155432,0.157977,0.155435,0.156466,0.149662,0.142251,0.142379,0.139629,0.135531,0.137261,0.133995,0.127447,0.126429,0.129305,0.128099,0.128104,0.119144,0.081872,0.085025,0.083553,0.07247,0.070283,0.070327,0.064378,0.061554,0.060667,0.068431,0.068365,0.068819,0.066792,0.067072,0.067579,0.069006,0.065203,0.069787,0.073967,0.093748,0.119284,0.112074,0.123452,0.153495,0.153419,0.156782,0.158125,0.158807,0.164445,0.164374,0.164539,0.164133,0.164,0.164165,0.165858,0.16573,0.172793,0.174569,0.175976,0.15963,0.129834,0.132549,0.128932,0.103514,0.103303,0.100411,0.101548,0.101501,0.09382,0.087202,0.086415,0.090428,0.094374,0.094034,0.092298,0.105629,0.101698,0.098864,0.092716,0.095341,0.096164,0.094852,0.095969,0.096614,0.09785,0.097852,0.096474,0.107042,0.107921,0.107739,0.110901,0.108131,0.103527,0.1039,0.103223,0.090199,0.084394,0.080454,0.077885,0.074027,0.072901,0.072914,0.067592,0.068272,0.063568,0.063076,0.063182,0.052349,0.051926,0.052143,0.052732,0.052034,0.053633,0.049957,0.051088,0.050979,0.057457,0.052673,0.053046,0.055501,0.052862,0.052422,0.051934,0.050645,0.050685,0.049541,0.052764],