{"word":"helicopter","years":[1800,1801,1802,1803,1804,1805,1806,1807,1808,1809,1810,1811,1812,1813,1814,1815,1816,1817,1818,1819,1820,1821,1822,1823,1824,1825,1826,1827,1828,1829,1830,1831,1832,1833,1834,1835,1836,1837,1838,1839,1840,1841,1842,1843,1844,1845,1846,1847,1848,1849,1850,1851,1852,1853,1854,1855,1856,1857,1858,1859,1860,1861,1862,1863,1864,1865,1866,1867,1868,1869,1870,1871,1872,1873,1874,1875,1876,1877,1878,1879,1880,1881,1882,1883,1884,1885,1886,1887,1888,1889,1890,1891,1892,1893,1894,1895,1896,1897,1898,1899,1900,1901,1902,1903,1904,1905,1906,1907,1908,1909,1910,1911,1912,1913,1914,1915,1916,1917,1918,1919,1920,1921,1922,1923,1924,1925,1926,1927,1928,1929,1930,1931,1932,1933,1934,1935,1936,1937,1938,1939,1940,1941,1942,1943,1944,1945,1946,1947,1948,1949,1950,1951,1952,1953,1954,1955,1956,1957,1958,1959,1960,1961,1962,1963,1964,1965,1966,1967,1968,1969,1970,1971,1972,1973,1974,1975,1976,1977,1978,1979,1980,1981,1982,1983,1984,1985,1986,1987,1988,1989,1990,1991,1992,1993,1994,1995,1996,1997,1998,1999,2000,2001,2002,2003,2004,2005,2006,2007,2008,2009,2010,2011,2012,2013,2014,2015,2016,2017,2018,2019],"level":[-17.555973,-17.953795,-18.254909,-18.491338,-18.674658,-18.81191,-18.912824,-18.983286,-19.022035,-19.031491,-19.007863,-18.942392,-19.095382,-19.202981,-19.287274,-19.342902,-19.380045,-19.399053,-19.517722,-19.610553,-19.697246,-19.762341,-19.829746,-19.873379,-19.901667,-19.901567,-19.870784,-19.827974,-19.766816,-19.676769,-19.54547,-19.436829,-19.349519,-19.503979,-19.599906,-19.64699,-19.823315,-19.952779,-20.051645,-20.122766,-20.160413,-20.165631,-20.145914,-20.108062,-20.037622,-19.92637,-20.098506,-20.227377,-20.325559,-20.396748,-20.445373,-20.470068,-20.553533,-20.613326,-20.645243,-20.644751,-20.621257,-20.567173,-20.489123,-20.510633,-20.501163,-20.457417,-20.397287,-20.328245,-20.240885,-20.241394,-20.202496,-20.114467,-20.126927,-20.084522,-19.982468,-19.900099,-19.895671,-20.060877,-20.16096,-20.196772,-20.170121,-20.200767,-20.166315,-20.068697,-20.023098,-20.086494,-20.06277,-19.946258,-19.982027,-19.913847,-19.890667,-19.897143,-19.800366,-19.765114,-19.745964,-19.613207,-19.436468,-19.346629,-19.433628,-19.52438,-19.46661,-19.590096,-19.566211,-19.513111,-19.378469,-19.425993,-19.507527,-19.416051,-19.233009,-18.850303,-18.428983,-17.976833,-17.606889,-17.383245,-17.256141,-17.187421,-17.143368,-17.11471,-17.104533,-17.013069,-16.856263,-16.703873,-16.538162,-16.349076,-16.149498,-15.997154,-15.919175,-15.877071,-15.882032,-15.892019,-15.969905,-15.968894,-15.947908,-15.896343,-15.839726,-15.801314,-15.764853,-15.68812,-15.623028,-15.535428,-15.430664,-15.28621,-15.11121,-14.945362,-14.734624,-14.490276,-14.198801,-13.876163,-13.598505,-13.374515,-13.199958,-13.061233,-12.966098,-12.875858,-12.791304,-12.701189,-12.628345,-12.561301,-12.505097,-12.46156,-12.430784,-12.409507,-12.395997,-12.382307,-12.366895,-12.340527,-12.306221,-12.299462,-12.277536,-12.241928,-12.220413,-12.202609,-12.185246,-12.171752,-12.157822,-12.134163,-12.115533,-12.102891,-12.092291,-12.091659,-12.091638,-12.08566,-12.076951,-12.073455,-12.070673,-12.06753,-12.061602,-12.060461,-12.047987,-12.039556,-12.033857,-12.037108,-12.043747,-12.058866,-12.073643,-12.098648,-12.131169,-12.174275,-12.21562,-12.259211,-12.307819,-12.350722,-12.381716,-12.404434,-12.417463,-12.423758,-12.419674,-12.415523,-12.406135,-12.396549,-12.389185,-12.373297,-12.3527,-12.328784,-12.311853,-12.301049,-12.301486,-12.291932,-12.278586,-12.276459,-12.272983,-12.270918,-12.269031,-12.269952],"drift":[-0.07294169,-0.07236228,-0.07137489,-0.07009313,-0.06860943,-0.06700331,-0.0653367,-0.06366096,-0.06202965,-0.0604921,-0.05910458,-0.05793924,-0.05660437,-0.05517856,-0.05370083,-0.05221965,-0.05076537,-0.04936772,-0.04784648,-0.046245,-0.04457139,-0.04286118,-0.04110719,-0.0393487,-0.03760993,-0.03593842,-0.0343859,-0.03297106,-0.0317241,-0.03069432,-0.02995344,-0.02945975,-0.02917432,-0.02866544,-0.0280366,-0.02737379,-0.02644532,-0.02533313,-0.02408979,-0.02276257,-0.02140881,-0.02008392,-0.01883002,-0.01767721,-0.01668155,-0.01591406,-0.01486795,-0.01361852,-0.01221828,-0.01071285,-0.00913982,-0.00753904,-0.00580285,-0.00397037,-0.00208804,-0.00021032,0.00162513,0.00336701,0.00497571,0.00663163,0.0082825,0.00987012,0.0113681,0.01276322,0.0140253,0.0153133,0.01655923,0.0176777,0.01884992,0.01998014,0.02096397,0.02183829,0.02274366,0.02398424,0.02544608,0.02701718,0.02858894,0.03026633,0.03193626,0.03348905,0.03502025,0.03672696,0.03845686,0.04004756,0.04177347,0.04345229,0.04516727,0.04697434,0.0486926,0.05043482,0.05223285,0.05388726,0.05532256,0.05669631,0.05832633,0.06022224,0.06212251,0.06435381,0.06665729,0.06898495,0.07119551,0.07361781,0.07631681,0.07898878,0.08147517,0.08342433,0.08477085,0.08546216,0.0856461,0.08558393,0.0854477,0.08534131,0.08530856,0.08537684,0.08557924,0.08577114,0.08583636,0.08578287,0.08558684,0.08520622,0.08462161,0.08391623,0.08322144,0.08259997,0.08213468,0.08183367,0.08181753,0.0819455,0.08218219,0.08247349,0.0828109,0.0832275,0.0837275,0.08423998,0.0847866,0.08532821,0.08583516,0.08623756,0.08648166,0.0865842,0.08646532,0.08606487,0.08529806,0.08410797,0.08257268,0.08078518,0.07883043,0.07676887,0.07467455,0.07255247,0.07040898,0.06823036,0.0660435,0.06385485,0.06167986,0.05953722,0.05744587,0.05541903,0.05346694,0.05158578,0.04976915,0.04799424,0.04624375,0.04456368,0.04292399,0.04129734,0.03970597,0.03815367,0.03663845,0.0351645,0.03372842,0.03231031,0.03091659,0.02955546,0.02822814,0.02695004,0.02571996,0.0245251,0.02335844,0.02222721,0.02113065,0.02006618,0.01902692,0.01801956,0.01702209,0.01603995,0.01507624,0.01414522,0.01325127,0.01240792,0.01161306,0.0108835,0.01023135,0.00967433,0.0092083,0.00883643,0.00856702,0.0083894,0.00828202,0.00822993,0.00821576,0.00822746,0.00824655,0.00827295,0.00829736,0.00831947,0.00834329,0.00835365,0.00834217,0.00830292,0.00824828,0.00818909,0.00814527,0.00809895,0.00804326,0.00799813,0.00796106,0.00793451,0.00791875,0.00791875],"instab":[null,null,null,null,8.053444,7.349274,6.780537,6.313072,5.926297,5.598939,5.317732,5.207754,4.997073,4.80314,4.629883,4.47308,4.331101,4.215997,4.101302,3.992752,2.347785,1.731329,1.384573,1.246139,1.180497,1.135374,1.09974,1.07779,1.060492,1.048608,1.057406,0.559515,0.923112,0.998232,1.034373,1.072242,1.133886,1.105583,1.111937,1.12278,1.126205,1.127627,1.125848,1.126501,1.126266,1.459785,1.501746,1.521848,1.533356,1.539271,1.522828,1.517693,1.257874,1.228993,1.216272,1.149282,1.12068,1.109884,1.175429,1.171853,1.170452,1.169712,1.17044,1.170189,1.216313,0.737937,0.691601,0.76553,0.772313,0.777385,0.782357,0.814693,0.909628,0.995992,1.045979,1.075806,1.085428,1.116627,1.060484,1.082802,1.127587,1.185242,1.215156,1.32964,1.33767,1.345357,1.342465,1.328378,1.343742,1.336541,1.371019,1.333336,1.306314,1.378515,1.346788,1.448664,1.536901,1.637063,1.631573,1.627318,1.714845,1.678292,1.775515,1.691752,1.705227,1.714642,1.741264,1.826382,1.940053,1.972722,1.930911,1.928707,1.904219,1.835254,1.865857,1.778874,1.701593,1.576376,1.570542,1.544982,1.441633,1.453885,1.267408,1.229757,1.124994,1.11959,1.223662,1.101993,0.868095,0.75774,0.725554,0.722653,0.734904,0.737467,0.67643,0.65443,0.65084,0.649189,0.664169,0.659378,0.604261,0.52387,0.532482,0.652413,0.732196,0.769241,0.652741,0.632998,0.603605,0.600649,0.6109,0.60592,0.573908,0.579568,0.570816,0.571524,0.565862,0.575582,0.589764,0.600516,0.621349,0.634502,0.628721,0.543201,0.434763,0.33192,0.267778,0.189509,0.186217,0.182915,0.185424,0.171027,0.171162,0.167199,0.167514,0.165518,0.165973,0.165979,0.165433,0.161654,0.149706,0.144249,0.125658,0.102644,0.091616,0.085029,0.09355,0.093177,0.096312,0.094678,0.085707,0.085399,0.085388,0.092451,0.092443,0.091249,0.09461,0.106295,0.107723,0.108805,0.108916,0.108715,0.115407,0.113537,0.119727,0.129044,0.126129,0.130957,0.136621,0.154268,0.164863,0.177071,0.177355,0.170783,0.177155,0.174235,0.160169,0.136598,0.122038,0.111407],