{"word":"industry","years":[1800,1801,1802,1803,1804,1805,1806,1807,1808,1809,1810,1811,1812,1813,1814,1815,1816,1817,1818,1819,1820,1821,1822,1823,1824,1825,1826,1827,1828,1829,1830,1831,1832,1833,1834,1835,1836,1837,1838,1839,1840,1841,1842,1843,1844,1845,1846,1847,1848,1849,1850,1851,1852,1853,1854,1855,1856,1857,1858,1859,1860,1861,1862,1863,1864,1865,1866,1867,1868,1869,1870,1871,1872,1873,1874,1875,1876,1877,1878,1879,1880,1881,1882,1883,1884,1885,1886,1887,1888,1889,1890,1891,1892,1893,1894,1895,1896,1897,1898,1899,1900,1901,1902,1903,1904,1905,1906,1907,1908,1909,1910,1911,1912,1913,1914,1915,1916,1917,1918,1919,1920,1921,1922,1923,1924,1925,1926,1927,1928,1929,1930,1931,1932,1933,1934,1935,1936,1937,1938,1939,1940,1941,1942,1943,1944,1945,1946,1947,1948,1949,1950,1951,1952,1953,1954,1955,1956,1957,1958,1959,1960,1961,1962,1963,1964,1965,1966,1967,1968,1969,1970,1971,1972,1973,1974,1975,1976,1977,1978,1979,1980,1981,1982,1983,1984,1985,1986,1987,1988,1989,1990,1991,1992,1993,1994,1995,1996,1997,1998,1999,2000,2001,2002,2003,2004,2005,2006,2007,2008],"level":[-10.824606,-10.940456,-10.952092,-10.882659,-10.68976,-10.584867,-10.525027,-10.48205,-10.471985,-10.369041,-10.38044,-10.337957,-10.291221,-10.344787,-10.364679,-10.339264,-10.234228,-10.114654,-10.055694,-9.922194,-9.81039,-9.862709,-9.945363,-10.0609,-10.010745,-9.994453,-10.026867,-9.991015,-9.934262,-9.910363,-9.898342,-9.919418,-9.849399,-9.894269,-10.009786,-10.120148,-10.157549,-10.124689,-10.135355,-10.151507,-10.134179,-10.149316,-10.152422,-10.176895,-10.191806,-10.223196,-10.242506,-10.281924,-10.291391,-10.291825,-10.32547,-10.346346,-10.360794,-10.37455,-10.382301,-10.344852,-10.331407,-10.397735,-10.412553,-10.453817,-10.533412,-10.583162,-10.612549,-10.640435,-10.644905,-10.630528,-10.578278,-10.576602,-10.556959,-10.568287,-10.540532,-10.593166,-10.588639,-10.617291,-10.607587,-10.599844,-10.580226,-10.59842,-10.552182,-10.522529,-10.483121,-10.457039,-10.350478,-10.346489,-10.350827,-10.388925,-10.355477,-10.316207,-10.235105,-10.234176,-10.243071,-10.254197,-10.212238,-10.178938,-10.143596,-10.198716,-10.203885,-10.213189,-10.213151,-10.200538,-10.153211,-10.094716,-10.032405,-10.044249,-10.031309,-10.020727,-9.97683,-9.916485,-9.869413,-9.816106,-9.798459,-9.710573,-9.639441,-9.557692,-9.573078,-9.516435,-9.423412,-9.306675,-9.165377,-9.043496,-8.959854,-8.877422,-8.844291,-8.847938,-8.835289,-8.828425,-8.813672,-8.810527,-8.791036,-8.754444,-8.764908,-8.776315,-8.762513,-8.71307,-8.712307,-8.73994,-8.810133,-8.824846,-8.814691,-8.774915,-8.745966,-8.705664,-8.656071,-8.617153,-8.581982,-8.575027,-8.611752,-8.627566,-8.665061,-8.697783,-8.71178,-8.702773,-8.698946,-8.69059,-8.691535,-8.67718,-8.680978,-8.689659,-8.702343,-8.730995,-8.762308,-8.774848,-8.80258,-8.831256,-8.858455,-8.874752,-8.873788,-8.860169,-8.882882,-8.903345,-8.91166,-8.935889,-8.956426,-8.947469,-8.92899,-8.933155,-8.948625,-8.963512,-8.962727,-8.940583,-8.919669,-8.930123,-8.946327,-8.950941,-8.952131,-8.971637,-8.998093,-9.035742,-9.044616,-9.060856,-9.05683,-9.086707,-9.086969,-9.090021,-9.089815,-9.115501,-9.15157,-9.162972,-9.172014,-9.196072,-9.240524,-9.289381,-9.326867,-9.360247,-9.379599,-9.383677,-9.390977,-9.40178,-9.412777],"drift":[0.02770489,0.02836033,0.02919838,0.02985273,0.02976265,0.02932954,0.02875713,0.02811979,0.02756489,0.02666582,0.02594055,0.02513975,0.02424035,0.02369619,0.02335105,0.02299648,0.02226734,0.02109392,0.01974761,0.01788193,0.01558743,0.01360297,0.012058,0.0110956,0.00995486,0.00878519,0.00780362,0.006694,0.00535581,0.00393296,0.00247318,0.00112093,-0.00054591,-0.00201036,-0.00295657,-0.0034124,-0.00371304,-0.00418066,-0.00461867,-0.00500403,-0.00549135,-0.00593462,-0.00639082,-0.00676445,-0.00710089,-0.00732643,-0.00749726,-0.00752234,-0.00753854,-0.00758718,-0.00751685,-0.00738552,-0.00722195,-0.00702854,-0.00683184,-0.00683731,-0.00693539,-0.00676229,-0.00655241,-0.00618405,-0.00548051,-0.00457485,-0.0035559,-0.00242586,-0.00128649,-0.00021864,0.00060966,0.00143308,0.00217337,0.00297529,0.00366408,0.00460991,0.00555612,0.00665852,0.00774701,0.00883552,0.0098748,0.01104224,0.01204898,0.01297534,0.01378102,0.01453053,0.01485986,0.01523882,0.01570716,0.01642116,0.01705743,0.01759228,0.01783715,0.01815922,0.01860482,0.01918616,0.01966353,0.02007863,0.02042405,0.02111438,0.02192472,0.02287764,0.02393484,0.02504373,0.02605088,0.0269099,0.02760729,0.02848481,0.02943329,0.03046785,0.03144109,0.03228237,0.03305612,0.03373741,0.03449217,0.03500314,0.03534916,0.03548332,0.03584974,0.03612123,0.03613291,0.03577658,0.03493845,0.03370337,0.03224028,0.03054802,0.02884396,0.02728826,0.02579939,0.02439698,0.0230386,0.02177105,0.02051391,0.01918336,0.01798817,0.0169272,0.0158805,0.01468055,0.01354415,0.01259575,0.01202535,0.01157704,0.01113521,0.01056262,0.00990608,0.00911076,0.00813061,0.00700989,0.00576059,0.00450583,0.00343933,0.00246073,0.00166457,0.0010254,0.00045482,-0.0001548,-0.0007826,-0.00145213,-0.00212398,-0.00287106,-0.00361391,-0.00433363,-0.00501522,-0.00558889,-0.00604511,-0.00647168,-0.00680117,-0.00703079,-0.00716833,-0.00726418,-0.00739761,-0.00762699,-0.00778749,-0.00789012,-0.00799081,-0.00801736,-0.00798674,-0.00803349,-0.00820129,-0.00838752,-0.00854141,-0.00866633,-0.0088344,-0.00914391,-0.00959066,-0.01003347,-0.01044811,-0.01088938,-0.01137494,-0.01182337,-0.01220499,-0.01247044,-0.01275231,-0.01301826,-0.01336203,-0.01363039,-0.0139598,-0.014339,-0.01478461,-0.01518045,-0.01548092,-0.01580001,-0.01614996,-0.0164638,-0.01664986,-0.01668886,-0.01663291,-0.01650049,-0.01635505,-0.01626567,-0.01621722,-0.01619349,-0.01619349],"instab":[null,null,null,null,4.884482,4.455385,4.110816,3.835199,3.599866,3.420954,3.251863,3.109807,2.988951,2.874134,2.772382,2.681249,2.602243,2.53219,2.462788,2.402373,0.312845,0.284656,0.272119,0.30122,0.245757,0.238711,0.2428,0.24241,0.239437,0.226673,0.222273,0.227831,0.234625,0.228079,0.232572,0.243768,0.24358,0.236238,0.236165,0.227937,0.204539,0.203562,0.202268,0.160919,0.15788,0.15636,0.150405,0.151354,0.14672,0.148471,0.147599,0.140393,0.117962,0.118037,0.105715,0.082653,0.082137,0.087539,0.088305,0.086514,0.091435,0.092786,0.091897,0.091723,0.09171,0.091207,0.106487,0.103635,0.107061,0.106712,0.115818,0.123258,0.124721,0.126883,0.126169,0.122464,0.11887,0.113201,0.116928,0.117365,0.110181,0.109353,0.134366,0.132755,0.132385,0.144211,0.137501,0.137544,0.147423,0.14581,0.141035,0.13737,0.137235,0.133775,0.13845,0.150525,0.149521,0.146252,0.144694,0.145235,0.144148,0.143265,0.126032,0.128432,0.128336,0.119089,0.118919,0.120754,0.104792,0.107874,0.111885,0.111262,0.111077,0.123533,0.129602,0.117318,0.117396,0.117337,0.123404,0.125926,0.12592,0.126864,0.122075,0.125475,0.127872,0.129586,0.13118,0.13464,0.13671,0.135337,0.133664,0.134937,0.136481,0.125218,0.114708,0.115284,0.130814,0.128773,0.114158,0.101143,0.09849,0.090153,0.093461,0.092885,0.095941,0.09618,0.10018,0.098698,0.100183,0.098868,0.0986,0.09665,0.095587,0.089875,0.089766,0.091526,0.069757,0.066389,0.065347,0.063769,0.066019,0.065241,0.06108,0.059006,0.053752,0.050291,0.044238,0.054062,0.050468,0.045763,0.044641,0.044309,0.045736,0.045941,0.052356,0.051261,0.051252,0.051494,0.051444,0.05346,0.055834,0.055825,0.055473,0.0542,0.052819,0.051606,0.051922,0.052646,0.052214,0.052169,0.055432,0.058442,0.056315,0.056169,0.054111,0.053931,0.057561,0.056936,0.057315,0.055548,0.050463,0.053107,0.05323,0.053782,0.052108,0.053684,0.0547,0.050599,0.050838],