{"word":"infection","years":[1800,1801,1802,1803,1804,1805,1806,1807,1808,1809,1810,1811,1812,1813,1814,1815,1816,1817,1818,1819,1820,1821,1822,1823,1824,1825,1826,1827,1828,1829,1830,1831,1832,1833,1834,1835,1836,1837,1838,1839,1840,1841,1842,1843,1844,1845,1846,1847,1848,1849,1850,1851,1852,1853,1854,1855,1856,1857,1858,1859,1860,1861,1862,1863,1864,1865,1866,1867,1868,1869,1870,1871,1872,1873,1874,1875,1876,1877,1878,1879,1880,1881,1882,1883,1884,1885,1886,1887,1888,1889,1890,1891,1892,1893,1894,1895,1896,1897,1898,1899,1900,1901,1902,1903,1904,1905,1906,1907,1908,1909,1910,1911,1912,1913,1914,1915,1916,1917,1918,1919,1920,1921,1922,1923,1924,1925,1926,1927,1928,1929,1930,1931,1932,1933,1934,1935,1936,1937,1938,1939,1940,1941,1942,1943,1944,1945,1946,1947,1948,1949,1950,1951,1952,1953,1954,1955,1956,1957,1958,1959,1960,1961,1962,1963,1964,1965,1966,1967,1968,1969,1970,1971,1972,1973,1974,1975,1976,1977,1978,1979,1980,1981,1982,1983,1984,1985,1986,1987,1988,1989,1990,1991,1992,1993,1994,1995,1996,1997,1998,1999,2000,2001,2002,2003,2004,2005,2006,2007,2008,2009,2010,2011,2012,2013,2014,2015,2016,2017,2018,2019],"level":[-12.078345,-12.012959,-11.944851,-11.95012,-11.963402,-11.954612,-12.079712,-12.211014,-12.26524,-12.242827,-12.298161,-12.390007,-12.498962,-12.616385,-12.68531,-12.679693,-12.644922,-12.612691,-12.601863,-12.51613,-12.561868,-12.569191,-12.579531,-12.600269,-12.664375,-12.761415,-12.798375,-12.83568,-12.868808,-12.862319,-12.855006,-12.90918,-12.99102,-13.012056,-12.982276,-12.866789,-12.92749,-12.92429,-12.91843,-12.894811,-12.901433,-12.899328,-12.879894,-12.890753,-12.861486,-12.838003,-12.870025,-12.858549,-12.832931,-12.903982,-12.979097,-13.025215,-12.989877,-12.945511,-12.915586,-12.902415,-12.910006,-12.860777,-12.857913,-12.791009,-12.839402,-12.921294,-12.993184,-13.030087,-12.994278,-12.898944,-12.867994,-12.862101,-12.870562,-12.905765,-12.961712,-12.979117,-12.993396,-12.95574,-12.872566,-12.762069,-12.725079,-12.67267,-12.57158,-12.419805,-12.325316,-12.243533,-12.185136,-12.093463,-12.027933,-11.959195,-11.933962,-11.875978,-11.816799,-11.74836,-11.73098,-11.671042,-11.582903,-11.482493,-11.38487,-11.293589,-11.230967,-11.172622,-11.091932,-11.039927,-10.986914,-10.951054,-10.918901,-10.879494,-10.852779,-10.859882,-10.866146,-10.854958,-10.831885,-10.825127,-10.796181,-10.772636,-10.731615,-10.69768,-10.684601,-10.654807,-10.620778,-10.606755,-10.596771,-10.593292,-10.568045,-10.560559,-10.544375,-10.543198,-10.548505,-10.55072,-10.55811,-10.571706,-10.586318,-10.619565,-10.633629,-10.637701,-10.630668,-10.63802,-10.663059,-10.686717,-10.706447,-10.688038,-10.68764,-10.700093,-10.710924,-10.715729,-10.714338,-10.711279,-10.71352,-10.757653,-10.805548,-10.849792,-10.860699,-10.893985,-10.921459,-10.945892,-10.963439,-10.986717,-11.002925,-11.018596,-11.033428,-11.031085,-11.021335,-11.033004,-11.063149,-11.105309,-11.141927,-11.149629,-11.149946,-11.139706,-11.117771,-11.096338,-11.066007,-11.050672,-11.032849,-11.013855,-10.986756,-10.975549,-10.945429,-10.910032,-10.889355,-10.873815,-10.854164,-10.843388,-10.825239,-10.802593,-10.7534,-10.742896,-10.719623,-10.662756,-10.604457,-10.532056,-10.466492,-10.410745,-10.367301,-10.344894,-10.331249,-10.327241,-10.318321,-10.33184,-10.335178,-10.324336,-10.332746,-10.341086,-10.344597,-10.330641,-10.303577,-10.284984,-10.249862,-10.246379,-10.218286,-10.185484,-10.166888,-10.145523,-10.10599,-10.037732,-9.946166,-9.897793,-9.828,-9.779096,-9.768615,-9.795388,-9.809297,-9.782725],"drift":[-0.01999869,-0.02053123,-0.02161662,-0.02280396,-0.02405069,-0.02550225,-0.02633263,-0.0265083,-0.02651111,-0.02681905,-0.02694915,-0.02667449,-0.02588664,-0.02452788,-0.02289221,-0.02143436,-0.02032706,-0.01954756,-0.01895752,-0.01902043,-0.0189167,-0.01888528,-0.01890716,-0.01891762,-0.01864624,-0.01788592,-0.01700664,-0.01600076,-0.01488804,-0.01390866,-0.01306164,-0.0119582,-0.01041892,-0.00881341,-0.0074486,-0.00685055,-0.00591663,-0.00503957,-0.0042305,-0.00359511,-0.00294085,-0.00231806,-0.00183094,-0.00128751,-0.00093465,-0.00073408,-0.00033837,-1.635e-05,0.0001458,0.00075199,0.00183137,0.00320981,0.00438787,0.00531658,0.00609181,0.00682289,0.00764386,0.00820547,0.0088004,0.00903293,0.00962363,0.01078511,0.01246223,0.01444724,0.01629902,0.01765786,0.0189338,0.02029108,0.02182768,0.02371998,0.02610915,0.02876973,0.03169881,0.03459073,0.03717963,0.03931126,0.04145736,0.04353516,0.04525399,0.04630845,0.04706241,0.04759982,0.04806988,0.048268,0.04835844,0.04832179,0.04842913,0.04847688,0.04845788,0.04831426,0.04836358,0.04834071,0.04806961,0.04747207,0.04656174,0.0453725,0.04407567,0.04268984,0.04106701,0.03937595,0.03759984,0.03583458,0.03409229,0.03231685,0.03057634,0.02907084,0.02778572,0.02660413,0.02544455,0.02440152,0.02333016,0.02225745,0.02106772,0.01979773,0.01856964,0.01727154,0.01586894,0.01447784,0.01311478,0.01181181,0.01042504,0.00905661,0.00764372,0.00627117,0.00497083,0.0037153,0.00252905,0.00144336,0.00045781,-0.00031752,-0.00100712,-0.00167761,-0.00240241,-0.00309635,-0.00365343,-0.00408575,-0.00442049,-0.00489762,-0.00540777,-0.00587398,-0.00630928,-0.00675397,-0.00724945,-0.00780922,-0.00840372,-0.00877538,-0.00890305,-0.0088103,-0.00870447,-0.00844533,-0.00806751,-0.00758761,-0.0070456,-0.00640234,-0.00569793,-0.00493131,-0.00410295,-0.00331478,-0.00260811,-0.00184492,-0.00090523,0.00029177,0.00171898,0.00320494,0.00471287,0.00618634,0.00756157,0.00885029,0.01000504,0.01112654,0.01220627,0.01324367,0.01419466,0.01516428,0.01604062,0.01679624,0.01752765,0.01827145,0.01900665,0.01979319,0.02058999,0.02137396,0.02198442,0.02266648,0.02334476,0.02381397,0.02406809,0.02402076,0.02371432,0.0232081,0.02257566,0.02194428,0.02136466,0.02089329,0.02049661,0.02031207,0.02027504,0.02029685,0.0204977,0.0208784,0.02141123,0.02199056,0.02253824,0.02311053,0.0236079,0.02423079,0.02482959,0.02537867,0.02597005,0.02659016,0.02712954,0.0274124,0.02729514,0.02704641,0.02653108,0.0258762,0.02531735,0.02508338,0.0250926,0.0250926],"instab":[null,null,null,null,5.457765,5.019019,4.621515,4.301153,4.050377,3.867467,3.69265,3.53553,3.395838,3.268544,3.155687,3.059698,2.975105,2.897667,2.820253,2.763511,0.341601,0.331051,0.332182,0.319803,0.3103,0.309995,0.292029,0.256003,0.24695,0.232593,0.240971,0.238983,0.246475,0.234993,0.227215,0.296915,0.305146,0.301198,0.299531,0.261443,0.257728,0.257723,0.259876,0.260429,0.261469,0.250457,0.255893,0.255561,0.262686,0.26696,0.269522,0.280238,0.270602,0.270463,0.269267,0.188517,0.179468,0.187922,0.19385,0.219647,0.21999,0.228106,0.234624,0.241627,0.240254,0.256034,0.253948,0.25407,0.241145,0.238321,0.238042,0.225313,0.228583,0.224988,0.224802,0.249109,0.244789,0.23851,0.23423,0.232763,0.23531,0.228349,0.216921,0.202546,0.199981,0.183422,0.189981,0.190197,0.190723,0.191796,0.188255,0.188739,0.179595,0.177919,0.177793,0.15349,0.153549,0.154842,0.155317,0.123063,0.118747,0.11623,0.117889,0.111195,0.111123,0.110926,0.113718,0.116771,0.11677,0.11064,0.10165,0.102639,0.101695,0.097368,0.093221,0.081055,0.083081,0.082661,0.072404,0.074938,0.075778,0.076069,0.076925,0.076399,0.074723,0.070823,0.062475,0.060343,0.059817,0.062212,0.062624,0.062014,0.062678,0.060086,0.058897,0.059276,0.059739,0.069176,0.071762,0.068807,0.065848,0.065498,0.064805,0.066652,0.074802,0.076215,0.078588,0.08544,0.088638,0.083362,0.082417,0.082188,0.08094,0.080146,0.079668,0.079065,0.072397,0.067479,0.074072,0.075898,0.075612,0.077308,0.081603,0.08102,0.074069,0.073565,0.074264,0.0631,0.069353,0.067576,0.066945,0.065483,0.069136,0.068617,0.068673,0.071529,0.069024,0.069257,0.066395,0.067046,0.066625,0.063385,0.062247,0.065002,0.070059,0.071232,0.070575,0.074373,0.073784,0.074888,0.075542,0.076151,0.075962,0.078995,0.079117,0.085395,0.090484,0.090443,0.092482,0.094692,0.098041,0.097838,0.086674,0.086523,0.089991,0.091126,0.090188,0.085459,0.07938,0.074769,0.069816,0.071605,0.101097,0.099774,0.106205,0.10646,0.102537,0.112851,0.123643,0.121978],