{"word":"internet","years":[1800,1801,1802,1803,1804,1805,1806,1807,1808,1809,1810,1811,1812,1813,1814,1815,1816,1817,1818,1819,1820,1821,1822,1823,1824,1825,1826,1827,1828,1829,1830,1831,1832,1833,1834,1835,1836,1837,1838,1839,1840,1841,1842,1843,1844,1845,1846,1847,1848,1849,1850,1851,1852,1853,1854,1855,1856,1857,1858,1859,1860,1861,1862,1863,1864,1865,1866,1867,1868,1869,1870,1871,1872,1873,1874,1875,1876,1877,1878,1879,1880,1881,1882,1883,1884,1885,1886,1887,1888,1889,1890,1891,1892,1893,1894,1895,1896,1897,1898,1899,1900,1901,1902,1903,1904,1905,1906,1907,1908,1909,1910,1911,1912,1913,1914,1915,1916,1917,1918,1919,1920,1921,1922,1923,1924,1925,1926,1927,1928,1929,1930,1931,1932,1933,1934,1935,1936,1937,1938,1939,1940,1941,1942,1943,1944,1945,1946,1947,1948,1949,1950,1951,1952,1953,1954,1955,1956,1957,1958,1959,1960,1961,1962,1963,1964,1965,1966,1967,1968,1969,1970,1971,1972,1973,1974,1975,1976,1977,1978,1979,1980,1981,1982,1983,1984,1985,1986,1987,1988,1989,1990,1991,1992,1993,1994,1995,1996,1997,1998,1999,2000,2001,2002,2003,2004,2005,2006,2007,2008,2009,2010,2011,2012,2013,2014,2015,2016,2017,2018,2019],"level":[-18.966129,-18.989816,-18.996084,-18.995691,-18.981052,-18.942784,-19.020531,-19.074919,-19.103,-19.106503,-19.080449,-19.014471,-19.032377,-18.994202,-18.912369,-18.910073,-18.849813,-18.897449,-18.872216,-18.905704,-18.871219,-18.91446,-18.985029,-19.098993,-19.128134,-19.201528,-19.178946,-19.27898,-19.408572,-19.474038,-19.474788,-19.397215,-19.439009,-19.505334,-19.504808,-19.538331,-19.495793,-19.544957,-19.621594,-19.62872,-19.55414,-19.389162,-19.301475,-19.262741,-19.256283,-19.308337,-19.339992,-19.399213,-19.448604,-19.488123,-19.565765,-19.636809,-19.603438,-19.603277,-19.580554,-19.525274,-19.443386,-19.321054,-19.291028,-19.269467,-19.247104,-19.249134,-19.224251,-19.18409,-19.166104,-19.206561,-19.20894,-19.211439,-19.219236,-19.228142,-19.237197,-19.278808,-19.180674,-19.107257,-19.049397,-18.994269,-18.936009,-18.865024,-18.855659,-18.873419,-18.845821,-18.824785,-18.822825,-18.835416,-18.866098,-18.922352,-18.983879,-19.030284,-19.026849,-19.044474,-19.048013,-19.057483,-19.044376,-19.021359,-18.988373,-18.944087,-18.876501,-18.872147,-18.81149,-18.738108,-18.774411,-18.876021,-19.060097,-19.20537,-19.327719,-19.428542,-19.520201,-19.555163,-19.588251,-19.599411,-19.598482,-19.602988,-19.631509,-19.64091,-19.636784,-19.590753,-19.559342,-19.519968,-19.508983,-19.466432,-19.410634,-19.341203,-19.211237,-19.081356,-18.943486,-18.831052,-18.809269,-18.745421,-18.677913,-18.544097,-18.535385,-18.463337,-18.392055,-18.381282,-18.3209,-18.291307,-18.165212,-18.11302,-18.041192,-17.953595,-17.906811,-17.858902,-17.93886,-18.043969,-18.129584,-18.168455,-18.096774,-18.028773,-17.9082,-17.796148,-17.739812,-17.755949,-17.777859,-17.702572,-17.744204,-17.712199,-17.67652,-17.679413,-17.705128,-17.756416,-17.741838,-17.722544,-17.729671,-17.694032,-17.64318,-17.618978,-17.584019,-17.530731,-17.515802,-17.510471,-17.546788,-17.464024,-17.360199,-17.27591,-17.137781,-17.052881,-16.98373,-16.881044,-16.729768,-16.586158,-16.446825,-16.298044,-16.172164,-16.026117,-15.884929,-15.721538,-15.569065,-15.444668,-15.292428,-15.155875,-14.983787,-14.781139,-14.567609,-14.326735,-14.05164,-13.770122,-13.48823,-13.2294,-13.010707,-12.828027,-12.686773,-12.585067,-12.512103,-12.451619,-12.393668,-12.335399,-12.287613,-12.243835,-12.202746,-12.166862,-12.128426,-12.09342,-12.054899,-12.011855,-11.953021,-11.867739,-11.756505,-11.628864,-11.496292,-11.369776],"drift":[-0.00598723,-0.00595839,-0.00592905,-0.00591001,-0.00592445,-0.00601089,-0.00598045,-0.00587114,-0.00572563,-0.00558376,-0.00549342,-0.00551955,-0.00552549,-0.00560263,-0.00582224,-0.00605508,-0.00639597,-0.00666967,-0.00699534,-0.00727785,-0.00762841,-0.00792094,-0.00811139,-0.00812937,-0.00811311,-0.00799049,-0.00791768,-0.00769478,-0.00727326,-0.00675693,-0.00625039,-0.00588042,-0.00545194,-0.00492427,-0.00440548,-0.00383925,-0.00334859,-0.00278327,-0.00209762,-0.00140378,-0.00083374,-0.00053387,-0.00037774,-0.00028535,-0.00020394,-3.805e-05,0.00017936,0.00049356,0.00088903,0.00135034,0.00194036,0.0026493,0.00330819,0.0039722,0.00460566,0.00515655,0.00558242,0.00581806,0.00601425,0.00618512,0.00632962,0.00648775,0.0066159,0.00668939,0.00674448,0.00687648,0.00702356,0.00718615,0.00737316,0.00758669,0.00782734,0.00814854,0.00832312,0.00839164,0.00837956,0.0082913,0.00812163,0.00784953,0.00757496,0.00734168,0.00707538,0.00678634,0.00650517,0.0062551,0.00606523,0.00597689,0.00599854,0.00610558,0.00621697,0.0063672,0.00653358,0.00672603,0.00690809,0.0070639,0.00717747,0.00723058,0.00718534,0.00714472,0.00701691,0.00678097,0.00661522,0.00662581,0.00694713,0.00751647,0.00829741,0.00925615,0.01037932,0.01157636,0.01284618,0.01415511,0.0154856,0.01684865,0.01828564,0.01976773,0.02127531,0.02274255,0.02419567,0.02562406,0.0270763,0.02850332,0.02988588,0.031204,0.0323612,0.0333595,0.03418752,0.03488804,0.03560992,0.03628579,0.03691078,0.03737788,0.03789169,0.03834985,0.03875434,0.03920443,0.03962001,0.04005193,0.04034366,0.04061607,0.04083763,0.04098301,0.04111893,0.04124379,0.04156613,0.04212746,0.04289693,0.04379962,0.04465689,0.04547613,0.046173,0.04676253,0.04733647,0.04801382,0.04880511,0.04955325,0.05044996,0.05137673,0.05232907,0.05337139,0.05454257,0.05588619,0.05729712,0.05876996,0.06035018,0.06197066,0.06360926,0.06531207,0.06706433,0.06883904,0.07070159,0.07267065,0.07481729,0.07695099,0.0790409,0.08112225,0.08311072,0.08509628,0.08710782,0.08909397,0.09097881,0.09277789,0.09450111,0.0961359,0.09772221,0.0992298,0.10066901,0.10200603,0.10326082,0.10448117,0.1056237,0.10671583,0.10770145,0.10853237,0.10919221,0.10963749,0.10981318,0.10970909,0.10932446,0.10869623,0.10788877,0.10695945,0.10597425,0.104996,0.10406995,0.10321492,0.10243363,0.10172431,0.10110287,0.10057484,0.10014373,0.09981732,0.09959093,0.09946977,0.09944792,0.09951797,0.09965431,0.09981407,0.09995521,0.10005125,0.10009431,0.10009431],"instab":[null,null,null,null,8.436455,7.86153,7.207478,6.706464,6.307281,5.975804,5.693013,5.503325,5.273332,5.076014,4.939352,4.7734,4.664732,4.525563,4.415875,4.298125,0.903913,0.895923,0.890768,0.957293,0.960966,0.924188,0.967649,0.955878,0.994368,1.014517,1.027485,1.058569,1.048108,1.068387,1.027009,1.035481,1.022057,0.996005,1.000837,0.996387,0.964136,1.049451,1.076517,1.033781,1.041719,0.996023,0.9364,0.939536,0.897642,0.869771,0.852573,0.824952,0.83559,0.807186,0.801492,0.773123,0.713306,0.799252,0.759526,0.726091,0.705989,0.624348,0.590321,0.584709,0.585648,0.594675,0.593505,0.587498,0.582826,0.580162,0.575808,0.623718,0.62933,0.633219,0.630271,0.629755,0.628526,0.563182,0.563992,0.587865,0.583902,0.578786,0.577739,0.572794,0.552776,0.534734,0.547406,0.576987,0.579408,0.582152,0.577493,0.417548,0.389876,0.375041,0.370213,0.367986,0.430807,0.39623,0.389616,0.50235,0.513694,0.519377,0.59611,0.62613,0.642923,0.648233,0.671601,0.654163,0.650779,0.650168,0.651977,0.657564,0.658731,0.658542,0.660947,0.672282,0.626821,0.631744,0.631953,0.512937,0.492436,0.47137,0.436393,0.417901,0.432875,0.520642,0.475757,0.472669,0.486763,0.619317,0.659811,0.659055,0.667137,0.69121,0.679205,0.739947,0.776413,0.777378,0.771532,0.77749,0.778564,0.811105,0.818479,0.853745,0.884009,0.901033,0.896627,0.900908,0.89845,0.821203,0.823113,0.824264,0.857369,0.910674,0.943371,0.909391,0.87135,0.871046,0.871061,0.888716,0.888451,0.816673,0.823246,0.808329,0.788106,0.709891,0.708773,0.712429,0.704534,0.674418,0.726174,0.726951,0.683778,0.584792,0.589316,0.596059,0.588918,0.590388,0.605392,0.560578,0.561454,0.575327,0.550918,0.551466,0.548247,0.551435,0.555996,0.554235,0.557877,0.561768,0.379527,0.376139,0.370554,0.340392,0.30419,0.320871,0.330075,0.330181,0.339612,0.34436,0.342363,0.343235,0.35559,0.387235,0.41169,0.425838,0.438161,0.449271,0.460958,0.472431,0.4838,0.497265,0.509545,0.524461,0.521751,0.502228,0.446517,0.366637,0.309497,0.274451],