{"word":"justice","years":[1800,1801,1802,1803,1804,1805,1806,1807,1808,1809,1810,1811,1812,1813,1814,1815,1816,1817,1818,1819,1820,1821,1822,1823,1824,1825,1826,1827,1828,1829,1830,1831,1832,1833,1834,1835,1836,1837,1838,1839,1840,1841,1842,1843,1844,1845,1846,1847,1848,1849,1850,1851,1852,1853,1854,1855,1856,1857,1858,1859,1860,1861,1862,1863,1864,1865,1866,1867,1868,1869,1870,1871,1872,1873,1874,1875,1876,1877,1878,1879,1880,1881,1882,1883,1884,1885,1886,1887,1888,1889,1890,1891,1892,1893,1894,1895,1896,1897,1898,1899,1900,1901,1902,1903,1904,1905,1906,1907,1908,1909,1910,1911,1912,1913,1914,1915,1916,1917,1918,1919,1920,1921,1922,1923,1924,1925,1926,1927,1928,1929,1930,1931,1932,1933,1934,1935,1936,1937,1938,1939,1940,1941,1942,1943,1944,1945,1946,1947,1948,1949,1950,1951,1952,1953,1954,1955,1956,1957,1958,1959,1960,1961,1962,1963,1964,1965,1966,1967,1968,1969,1970,1971,1972,1973,1974,1975,1976,1977,1978,1979,1980,1981,1982,1983,1984,1985,1986,1987,1988,1989,1990,1991,1992,1993,1994,1995,1996,1997,1998,1999,2000,2001,2002,2003,2004,2005,2006,2007,2008,2009,2010,2011,2012,2013,2014,2015,2016,2017,2018,2019],"level":[-8.950808,-8.966436,-8.966918,-8.975954,-8.932296,-8.88587,-8.865281,-8.860784,-8.84509,-8.834506,-8.841003,-8.786805,-8.779053,-8.788455,-8.780294,-8.772026,-8.781487,-8.784589,-8.777376,-8.749656,-8.759792,-8.804323,-8.836768,-8.893048,-8.897911,-8.87762,-8.894856,-8.902463,-8.906132,-8.90676,-8.925696,-8.968392,-9.014036,-8.975381,-8.961121,-8.975424,-8.965005,-8.993064,-9.028399,-9.044201,-9.058811,-9.07808,-9.116909,-9.14227,-9.140731,-9.154,-9.156502,-9.16244,-9.159993,-9.153365,-9.13574,-9.119668,-9.098674,-9.113945,-9.133911,-9.156398,-9.177647,-9.208419,-9.237767,-9.265883,-9.286109,-9.326824,-9.353637,-9.389489,-9.423929,-9.45257,-9.454524,-9.473876,-9.469468,-9.488561,-9.489691,-9.514753,-9.532001,-9.534251,-9.551954,-9.568605,-9.583127,-9.584576,-9.598223,-9.594318,-9.596449,-9.60635,-9.610043,-9.617539,-9.639208,-9.663882,-9.662938,-9.667825,-9.680728,-9.703418,-9.723725,-9.744551,-9.764603,-9.777849,-9.785922,-9.791839,-9.806351,-9.821663,-9.832202,-9.845792,-9.872417,-9.893952,-9.916286,-9.958464,-9.987121,-10.001723,-10.017134,-10.02853,-10.037503,-10.03751,-10.044006,-10.066588,-10.087777,-10.113964,-10.125872,-10.142743,-10.161619,-10.170533,-10.179687,-10.200427,-10.241594,-10.277484,-10.313804,-10.34307,-10.359579,-10.371771,-10.380931,-10.398778,-10.406672,-10.41412,-10.417929,-10.42796,-10.430109,-10.456726,-10.469388,-10.482599,-10.488025,-10.523565,-10.552552,-10.573901,-10.605824,-10.628263,-10.633224,-10.63777,-10.674304,-10.693631,-10.705875,-10.719358,-10.727525,-10.735523,-10.749683,-10.754163,-10.768146,-10.775521,-10.780712,-10.792214,-10.799648,-10.789646,-10.802783,-10.808868,-10.803077,-10.791463,-10.769997,-10.738127,-10.698461,-10.662504,-10.622242,-10.569008,-10.523403,-10.485306,-10.459867,-10.446735,-10.482188,-10.501385,-10.514359,-10.533767,-10.554659,-10.575668,-10.586923,-10.599929,-10.609005,-10.612199,-10.626052,-10.636127,-10.643053,-10.656004,-10.659904,-10.655245,-10.650978,-10.633508,-10.619748,-10.60785,-10.590936,-10.576359,-10.55779,-10.533932,-10.499999,-10.465146,-10.417453,-10.381062,-10.361317,-10.344249,-10.325933,-10.307167,-10.272303,-10.233963,-10.203142,-10.178769,-10.151939,-10.125961,-10.120126,-10.136027,-10.1581,-10.135223,-10.085706,-10.030817,-9.985817,-9.945657,-9.892959,-9.84873],"drift":[0.00372451,0.00382221,0.00394163,0.00412657,0.00411194,0.0038837,0.00357112,0.00325387,0.00287381,0.00245483,0.00208104,0.00144415,0.00077542,0.00015806,-0.00049969,-0.00120171,-0.00186204,-0.0025161,-0.00321928,-0.00407866,-0.00490745,-0.00553621,-0.00602912,-0.00626835,-0.00651468,-0.00689633,-0.00722578,-0.0075533,-0.00790044,-0.00828429,-0.00861436,-0.00877239,-0.00874426,-0.00895543,-0.0092838,-0.00958683,-0.00999085,-0.01030366,-0.0104901,-0.01064973,-0.01078937,-0.01088619,-0.01084196,-0.01072442,-0.01066879,-0.01060004,-0.01057217,-0.01056769,-0.01062891,-0.01077726,-0.01106899,-0.01149774,-0.01209051,-0.01266723,-0.0132071,-0.01370013,-0.01415504,-0.01452607,-0.01482227,-0.01505136,-0.01525433,-0.01532876,-0.01534521,-0.01525814,-0.01507424,-0.01482184,-0.0146344,-0.01442315,-0.01430697,-0.01416662,-0.01409209,-0.01396218,-0.01381568,-0.01372756,-0.01361938,-0.01349589,-0.01336722,-0.01329872,-0.01322847,-0.01324471,-0.01331705,-0.01340664,-0.01354526,-0.01371443,-0.01384343,-0.01391776,-0.01406712,-0.01426283,-0.01446539,-0.01462644,-0.01475881,-0.01486055,-0.01493608,-0.01502015,-0.01513928,-0.01530498,-0.01547467,-0.01564519,-0.01584149,-0.01604915,-0.01620343,-0.01633079,-0.01642784,-0.01639489,-0.01630005,-0.01621377,-0.01613154,-0.01607322,-0.01605075,-0.01610927,-0.01621632,-0.01629123,-0.01634142,-0.01634191,-0.01636478,-0.01638509,-0.01639284,-0.01643833,-0.0165206,-0.01658157,-0.01651842,-0.01635748,-0.01609576,-0.01576756,-0.0154356,-0.01512002,-0.01483453,-0.01453384,-0.01426666,-0.0140339,-0.01385277,-0.01369093,-0.01358735,-0.013418,-0.01325247,-0.01308714,-0.01296049,-0.01271986,-0.01239709,-0.01202914,-0.01156076,-0.01103745,-0.01054483,-0.01008248,-0.0094866,-0.00884104,-0.00817831,-0.00748879,-0.00679585,-0.00609683,-0.00535712,-0.00462182,-0.00383927,-0.00303887,-0.00222761,-0.00136952,-0.00048083,0.00035495,0.00125885,0.00219981,0.00312265,0.00400262,0.00479443,0.00544956,0.00593194,0.00626275,0.00642191,0.00634475,0.00606939,0.00563234,0.0050953,0.00451768,0.00414185,0.00388384,0.00371094,0.00365475,0.00372249,0.00391507,0.00418424,0.0045402,0.0049649,0.00543078,0.00599402,0.00663837,0.00735121,0.00816654,0.00904279,0.00994117,0.0108682,0.01176189,0.0126455,0.01353289,0.0144032,0.01527264,0.01612544,0.0169392,0.01766717,0.01830838,0.01880124,0.01920531,0.01960665,0.0200208,0.02044356,0.02087479,0.0212354,0.02150965,0.0217369,0.02195084,0.02214015,0.02231008,0.02256319,0.02301048,0.02368536,0.02436433,0.02491632,0.02531699,0.02561831,0.0258462,0.02593854,0.02593854],"instab":[null,null,null,null,3.996253,3.666364,3.393509,3.166419,2.983635,2.830152,2.690283,2.583816,2.482149,2.388646,2.306815,2.233915,2.165676,2.103441,2.046241,1.996811,0.156352,0.159447,0.152466,0.166997,0.15712,0.151816,0.150601,0.150077,0.149717,0.150429,0.13896,0.120882,0.145384,0.155423,0.16101,0.16111,0.167289,0.166893,0.168894,0.161771,0.160355,0.157147,0.158711,0.143725,0.144587,0.136434,0.136406,0.13638,0.136626,0.135282,0.136312,0.135655,0.107907,0.098084,0.092304,0.089265,0.079374,0.08023,0.074299,0.075866,0.076854,0.080666,0.07608,0.071386,0.069478,0.073661,0.077615,0.079583,0.086555,0.087643,0.090824,0.090468,0.075968,0.080365,0.080347,0.080054,0.080196,0.082354,0.082405,0.083019,0.083272,0.078502,0.0789,0.078513,0.07673,0.076839,0.074436,0.071261,0.06499,0.063224,0.0576,0.056411,0.055658,0.052124,0.052073,0.053072,0.051868,0.049299,0.047209,0.045719,0.045773,0.045805,0.046454,0.051193,0.053591,0.046978,0.044561,0.042783,0.041645,0.044811,0.048812,0.048858,0.048023,0.050955,0.051446,0.049955,0.050618,0.050849,0.052597,0.053303,0.055379,0.056158,0.056451,0.052374,0.049606,0.049603,0.051617,0.051983,0.052437,0.050135,0.04842,0.048202,0.056064,0.056163,0.055825,0.056004,0.062515,0.065267,0.06535,0.064185,0.063298,0.064411,0.063045,0.068863,0.074172,0.074524,0.073519,0.073133,0.073078,0.073659,0.072853,0.074215,0.068794,0.066489,0.06728,0.067097,0.060528,0.066506,0.065173,0.065434,0.063004,0.060027,0.060223,0.053679,0.051469,0.051636,0.051975,0.058265,0.061375,0.063593,0.061307,0.066718,0.084874,0.090915,0.092522,0.094851,0.096034,0.097027,0.096988,0.097756,0.09888,0.098914,0.099849,0.099376,0.09538,0.094483,0.093594,0.085718,0.079053,0.074962,0.072975,0.057604,0.048161,0.045363,0.045992,0.044868,0.046186,0.040667,0.050235,0.053724,0.051492,0.051677,0.049098,0.049978,0.049937,0.047191,0.044812,0.045273,0.042781,0.043718,0.043711,0.050202,0.083224,0.08571,0.086641,0.090413,0.090759,0.09087,0.088917,0.088458],