{"word":"labour","years":[1800,1801,1802,1803,1804,1805,1806,1807,1808,1809,1810,1811,1812,1813,1814,1815,1816,1817,1818,1819,1820,1821,1822,1823,1824,1825,1826,1827,1828,1829,1830,1831,1832,1833,1834,1835,1836,1837,1838,1839,1840,1841,1842,1843,1844,1845,1846,1847,1848,1849,1850,1851,1852,1853,1854,1855,1856,1857,1858,1859,1860,1861,1862,1863,1864,1865,1866,1867,1868,1869,1870,1871,1872,1873,1874,1875,1876,1877,1878,1879,1880,1881,1882,1883,1884,1885,1886,1887,1888,1889,1890,1891,1892,1893,1894,1895,1896,1897,1898,1899,1900,1901,1902,1903,1904,1905,1906,1907,1908,1909,1910,1911,1912,1913,1914,1915,1916,1917,1918,1919,1920,1921,1922,1923,1924,1925,1926,1927,1928,1929,1930,1931,1932,1933,1934,1935,1936,1937,1938,1939,1940,1941,1942,1943,1944,1945,1946,1947,1948,1949,1950,1951,1952,1953,1954,1955,1956,1957,1958,1959,1960,1961,1962,1963,1964,1965,1966,1967,1968,1969,1970,1971,1972,1973,1974,1975,1976,1977,1978,1979,1980,1981,1982,1983,1984,1985,1986,1987,1988,1989,1990,1991,1992,1993,1994,1995,1996,1997,1998,1999,2000,2001,2002,2003,2004,2005,2006,2007,2008],"level":[-9.809701,-9.814412,-9.790283,-9.696584,-9.691222,-9.679361,-9.64409,-9.647566,-9.721158,-9.698637,-9.690365,-9.698211,-9.759836,-9.814218,-9.824402,-9.817645,-9.793618,-9.737868,-9.667337,-9.586481,-9.5539,-9.532493,-9.623789,-9.699037,-9.716351,-9.724492,-9.702457,-9.710647,-9.756878,-9.829319,-9.930356,-10.058122,-10.260877,-10.189246,-10.286619,-10.299106,-10.263917,-10.210161,-10.204697,-10.204056,-10.168245,-10.179084,-10.2481,-10.248514,-10.254085,-10.323964,-10.400784,-10.470987,-10.480969,-10.521411,-10.565976,-10.630811,-10.762745,-10.809031,-10.853896,-10.895122,-10.91699,-10.950346,-11.045361,-11.070609,-11.180929,-11.336786,-11.407797,-11.423657,-11.426879,-11.421385,-11.474708,-11.507733,-11.608941,-11.601423,-11.568436,-11.624108,-11.695893,-11.754507,-11.856109,-11.923416,-12.042557,-12.124775,-12.104963,-12.14842,-12.230154,-12.304785,-12.389723,-12.532545,-12.612617,-12.569893,-12.538874,-12.455696,-12.480291,-12.500655,-12.406309,-12.535789,-12.588015,-12.559167,-12.525573,-12.464008,-12.484595,-12.557045,-12.514472,-12.517004,-12.625251,-12.687078,-12.68114,-12.662588,-12.698754,-12.764611,-12.741818,-12.746675,-12.720132,-12.470757,-12.193255,-12.130577,-12.324251,-12.44171,-12.504557,-12.614818,-12.671575,-12.724904,-12.718381,-12.6142,-12.498908,-12.404049,-12.320552,-12.400704,-12.406633,-12.391356,-12.359544,-12.461347,-12.475784,-12.392529,-12.511395,-12.601575,-12.639027,-12.699538,-12.70663,-12.684497,-12.703418,-12.619479,-12.711409,-12.750335,-12.751734,-12.799925,-12.789664,-12.820393,-12.803743,-12.81733,-12.628516,-12.495899,-12.421673,-12.447123,-12.39167,-12.362033,-12.298872,-12.406972,-12.453695,-12.439644,-12.451173,-12.487347,-12.503062,-12.47881,-12.402706,-12.356884,-12.253716,-12.121076,-12.039232,-11.984161,-11.918125,-11.82155,-11.689485,-11.616521,-11.642174,-11.689304,-11.824951,-11.926985,-12.025638,-12.071961,-12.146756,-12.210626,-12.195214,-12.19253,-12.225829,-12.213803,-12.230322,-12.226112,-12.198004,-12.172477,-12.134387,-12.147833,-12.174046,-12.208603,-12.220086,-12.208743,-12.239074,-12.23242,-12.205064,-12.235611,-12.252846,-12.267934,-12.243784,-12.239175,-12.229107,-12.257558,-12.219172,-12.16988,-12.145515,-12.141169,-12.128738,-12.095485,-12.063354],"drift":[-0.01654626,-0.01655079,-0.0165709,-0.01663323,-0.01670399,-0.01678568,-0.01688731,-0.01699407,-0.01707916,-0.01717942,-0.01728942,-0.01740303,-0.01749971,-0.01758227,-0.01766767,-0.01776241,-0.01787316,-0.0180121,-0.01818494,-0.01839571,-0.018626,-0.01887161,-0.0190895,-0.01928588,-0.01948301,-0.01968449,-0.01990195,-0.02012388,-0.02033583,-0.02052782,-0.02068898,-0.02080914,-0.02085962,-0.02094553,-0.02100217,-0.02106207,-0.02114351,-0.02125363,-0.02137398,-0.02150276,-0.02165349,-0.02180836,-0.02194515,-0.02209019,-0.02224155,-0.02237467,-0.02248694,-0.02258095,-0.02267977,-0.0227718,-0.02285547,-0.02292308,-0.02294894,-0.02296587,-0.02297441,-0.02297596,-0.02297794,-0.02297594,-0.02294636,-0.02291589,-0.02285196,-0.02273709,-0.02260375,-0.02247298,-0.02234959,-0.02223685,-0.02211222,-0.0219834,-0.02182425,-0.02167634,-0.02154935,-0.0214093,-0.02124996,-0.02107632,-0.02087183,-0.02064957,-0.0203896,-0.02010594,-0.01983758,-0.01956016,-0.01925895,-0.01893652,-0.01858883,-0.01819356,-0.0177746,-0.01737881,-0.01700155,-0.01666265,-0.01632071,-0.01597722,-0.01567598,-0.01533116,-0.01497221,-0.01463004,-0.01430634,-0.01401169,-0.01371452,-0.01339487,-0.01309664,-0.01280246,-0.01247173,-0.0121221,-0.01177939,-0.01144829,-0.01110772,-0.0107462,-0.01039751,-0.01005095,-0.0097184,-0.00948506,-0.00936161,-0.00926575,-0.00909927,-0.00889131,-0.00866268,-0.00839515,-0.0081091,-0.00780573,-0.00750785,-0.00725274,-0.00704455,-0.00687538,-0.00674082,-0.00657815,-0.00641573,-0.00626161,-0.00612207,-0.0059459,-0.00576647,-0.00562113,-0.00543243,-0.00521128,-0.00497778,-0.00472301,-0.00446734,-0.00422186,-0.00397074,-0.00375329,-0.00350207,-0.00323729,-0.00297322,-0.00269182,-0.00241539,-0.00212812,-0.00184804,-0.00156346,-0.00135178,-0.0011914,-0.0010599,-0.00091906,-0.0007998,-0.0006922,-0.00060905,-0.00048474,-0.00034273,-0.00020623,-6.539e-05,8.928e-05,0.00025,0.00040152,0.00052406,0.00062926,0.00069519,0.00071059,0.00069493,0.00065845,0.00059693,0.00049866,0.00035001,0.00017356,6.99e-06,-0.00014152,-0.00023815,-0.0002958,-0.00031578,-0.00031815,-0.000292,-0.00024151,-0.000197,-0.00015361,-9.752e-05,-4.607e-05,1.169e-05,6.784e-05,0.00011325,0.00014893,0.00017008,0.00019644,0.00023292,0.00028272,0.00033703,0.00038712,0.00044897,0.00050845,0.00055764,0.00061875,0.0006867,0.00076068,0.00082571,0.00088929,0.00094935,0.00102067,0.00107769,0.00111624,0.00114589,0.00117432,0.00119843,0.00121027,0.00121027],"instab":[null,null,null,null,4.425324,4.026381,3.730764,3.489988,3.27559,3.109842,2.965962,2.841272,2.726433,2.623955,2.534656,2.454501,2.381638,2.316312,2.256543,2.203006,0.165645,0.172156,0.181066,0.162778,0.160798,0.159997,0.160688,0.160852,0.135582,0.136287,0.139266,0.139439,0.23112,0.257973,0.265468,0.265421,0.266615,0.271761,0.270069,0.262284,0.266229,0.261531,0.261369,0.257071,0.25967,0.259965,0.259223,0.261012,0.262478,0.262272,0.261232,0.261112,0.19362,0.15702,0.142964,0.142856,0.141649,0.132436,0.140551,0.147304,0.13872,0.154107,0.151407,0.15064,0.145836,0.156155,0.155313,0.15577,0.165552,0.16693,0.183571,0.182894,0.167229,0.16768,0.17163,0.172058,0.176829,0.180356,0.18502,0.180969,0.181184,0.161197,0.157662,0.170397,0.178476,0.179292,0.180507,0.206678,0.194515,0.197275,0.239241,0.249628,0.251402,0.253199,0.250604,0.261413,0.255969,0.256857,0.256917,0.261241,0.266578,0.270039,0.27009,0.260283,0.247653,0.254218,0.255334,0.239769,0.249692,0.267075,0.310084,0.318285,0.339386,0.349931,0.350313,0.352571,0.353025,0.34835,0.346996,0.346727,0.346673,0.344952,0.357004,0.364338,0.364797,0.35853,0.362486,0.373525,0.36874,0.372221,0.315528,0.288245,0.267381,0.262161,0.262271,0.256121,0.259504,0.27728,0.282815,0.281356,0.274832,0.272552,0.25022,0.244855,0.246565,0.258038,0.272898,0.276571,0.281437,0.259384,0.253821,0.245892,0.260639,0.26856,0.273401,0.272571,0.267117,0.247297,0.240616,0.238695,0.241426,0.236665,0.237306,0.242748,0.244288,0.222129,0.202004,0.189533,0.190453,0.187621,0.188769,0.188239,0.192221,0.183985,0.192406,0.193164,0.198561,0.207398,0.205948,0.205698,0.204589,0.205009,0.20316,0.186519,0.180495,0.179313,0.183147,0.180519,0.158153,0.13706,0.136893,0.139592,0.124271,0.117998,0.110018,0.110806,0.105346,0.089984,0.091239,0.089607,0.086016,0.092732,0.092755,0.097657,0.098323,0.098257,0.09095,0.092152,0.094947],