{"word":"laser","years":[1800,1801,1802,1803,1804,1805,1806,1807,1808,1809,1810,1811,1812,1813,1814,1815,1816,1817,1818,1819,1820,1821,1822,1823,1824,1825,1826,1827,1828,1829,1830,1831,1832,1833,1834,1835,1836,1837,1838,1839,1840,1841,1842,1843,1844,1845,1846,1847,1848,1849,1850,1851,1852,1853,1854,1855,1856,1857,1858,1859,1860,1861,1862,1863,1864,1865,1866,1867,1868,1869,1870,1871,1872,1873,1874,1875,1876,1877,1878,1879,1880,1881,1882,1883,1884,1885,1886,1887,1888,1889,1890,1891,1892,1893,1894,1895,1896,1897,1898,1899,1900,1901,1902,1903,1904,1905,1906,1907,1908,1909,1910,1911,1912,1913,1914,1915,1916,1917,1918,1919,1920,1921,1922,1923,1924,1925,1926,1927,1928,1929,1930,1931,1932,1933,1934,1935,1936,1937,1938,1939,1940,1941,1942,1943,1944,1945,1946,1947,1948,1949,1950,1951,1952,1953,1954,1955,1956,1957,1958,1959,1960,1961,1962,1963,1964,1965,1966,1967,1968,1969,1970,1971,1972,1973,1974,1975,1976,1977,1978,1979,1980,1981,1982,1983,1984,1985,1986,1987,1988,1989,1990,1991,1992,1993,1994,1995,1996,1997,1998,1999,2000,2001,2002,2003,2004,2005,2006,2007,2008,2009,2010,2011,2012,2013,2014,2015,2016,2017,2018,2019],"level":[-18.30463,-18.582133,-18.762361,-18.892699,-18.980478,-19.0252,-19.032258,-18.998783,-18.905437,-18.735853,-18.453199,-18.311384,-18.207337,-18.223564,-18.21385,-18.388663,-18.374327,-18.422889,-18.617401,-18.616248,-18.832007,-18.866721,-18.764922,-18.705259,-18.606084,-18.656486,-18.44586,-18.338089,-18.391815,-18.480466,-18.706723,-18.668455,-18.687742,-18.767276,-18.78507,-18.748762,-18.835501,-18.844908,-18.791572,-18.793824,-18.692182,-18.603138,-18.472649,-18.214371,-17.999396,-17.550598,-17.752482,-17.902616,-18.091976,-18.182014,-18.284963,-18.379904,-18.439326,-18.371763,-18.325467,-18.332865,-18.33726,-18.350477,-18.273877,-18.388082,-18.485895,-18.604709,-18.570921,-18.486455,-18.424058,-18.40645,-18.450687,-18.290306,-18.377778,-18.426342,-18.473059,-18.455255,-18.439648,-18.510103,-18.45768,-18.387213,-18.462799,-18.438355,-18.312121,-18.146243,-18.026741,-18.123517,-18.140718,-18.09636,-18.101324,-18.145469,-18.177589,-18.19516,-18.08273,-18.033044,-18.071824,-18.084278,-18.060049,-17.961677,-17.993277,-18.021017,-18.034741,-18.037698,-18.044057,-17.96418,-17.884203,-18.046971,-18.207646,-18.325627,-18.425523,-18.478424,-18.465075,-18.494453,-18.502046,-18.419276,-18.28696,-18.17361,-18.247657,-18.188734,-18.10236,-17.989207,-17.979217,-17.919627,-17.704938,-17.778632,-17.96085,-18.051114,-18.023036,-18.091645,-18.091383,-18.000072,-18.107708,-18.147169,-18.169869,-18.127797,-18.050339,-17.868458,-17.591815,-17.287341,-17.155827,-17.252788,-17.252792,-17.214063,-17.141178,-16.980743,-16.632097,-16.232052,-16.153472,-16.247241,-16.193682,-16.244726,-16.119641,-16.117618,-16.122774,-16.083145,-16.09205,-16.328976,-16.346472,-16.270046,-16.25704,-16.079614,-15.817852,-15.469896,-14.963646,-14.534343,-14.115289,-13.567034,-13.024765,-12.620616,-12.247972,-11.907771,-11.67108,-11.497579,-11.365853,-11.271678,-11.193825,-11.116956,-11.057504,-10.981316,-10.9092,-10.855141,-10.811934,-10.777221,-10.747855,-10.720289,-10.682389,-10.64066,-10.591911,-10.544388,-10.49273,-10.435155,-10.378763,-10.344734,-10.316286,-10.290233,-10.270507,-10.255897,-10.253713,-10.258794,-10.258811,-10.279111,-10.314774,-10.358744,-10.396554,-10.43534,-10.467798,-10.503852,-10.535267,-10.581142,-10.626565,-10.686737,-10.775787,-10.879483,-10.984682,-11.062728,-11.094713,-11.089516,-11.038911,-11.063708,-11.127889,-11.156226,-11.145366,-11.102327,-11.071104,-11.04241],"drift":[0.00220274,0.00233618,0.00255673,0.00284067,0.00316785,0.00351787,0.00387294,0.00421389,0.00451231,0.00473198,0.00481906,0.00484078,0.00481517,0.0047996,0.00478168,0.00484945,0.00491269,0.00500144,0.00518538,0.00537124,0.0056626,0.00597322,0.00623813,0.00647754,0.00667273,0.00689516,0.00702038,0.00709754,0.00720372,0.00735562,0.00761898,0.00786772,0.00812941,0.00843293,0.00874896,0.00905184,0.00940042,0.00975797,0.01009473,0.01043738,0.01073653,0.01099831,0.01120308,0.01128998,0.0112797,0.01106069,0.01094328,0.01090271,0.01095768,0.01106084,0.01121839,0.01142658,0.01166858,0.01188391,0.01208282,0.01229103,0.0125072,0.01273564,0.01293361,0.01319223,0.01350382,0.01387853,0.01424375,0.01457546,0.01488436,0.01519195,0.0155279,0.01579475,0.01611086,0.01645782,0.01683493,0.01721157,0.01758898,0.01800839,0.01841139,0.01878955,0.01921273,0.01963342,0.02000325,0.02030349,0.0205564,0.02086529,0.02119234,0.02150833,0.02183696,0.02219707,0.02258308,0.02298826,0.02335077,0.02370071,0.02408046,0.02447763,0.02487493,0.02523717,0.02562652,0.02604133,0.02647511,0.02692293,0.02738663,0.02782529,0.02823907,0.02874397,0.02933925,0.0300048,0.03073234,0.03149977,0.03227586,0.03308136,0.03390627,0.03470787,0.0354629,0.03618077,0.03695123,0.03771121,0.03844797,0.03914909,0.03986413,0.04056975,0.0411923,0.04186966,0.04265393,0.04350161,0.04435666,0.04526559,0.046196,0.04710488,0.04808759,0.04911207,0.0501708,0.0512334,0.05228349,0.05327175,0.05415344,0.05491571,0.05564143,0.05643996,0.05726542,0.05809972,0.05892697,0.05970579,0.06034676,0.06082566,0.0612961,0.06184051,0.06238888,0.06299136,0.06356422,0.06416644,0.06480173,0.06544903,0.06613181,0.06695917,0.06782682,0.06869036,0.06958048,0.07041914,0.07116652,0.07178184,0.07218989,0.07242756,0.07249986,0.07234519,0.07196633,0.07142898,0.07074794,0.06993833,0.06904918,0.06811019,0.06714085,0.06615862,0.0651708,0.06417741,0.06318626,0.06218892,0.06118684,0.06018816,0.05919758,0.05821868,0.05725355,0.05630258,0.05536039,0.05442471,0.05349173,0.0525616,0.0516319,0.05069936,0.04976411,0.04883637,0.04791835,0.04701077,0.0461162,0.04523666,0.04437767,0.04354227,0.04272765,0.0419431,0.04119557,0.04048868,0.03981914,0.0391871,0.03858924,0.038027,0.03749788,0.03700854,0.03655852,0.03615466,0.03581053,0.03553295,0.03532252,0.03516617,0.03504186,0.03493178,0.03481423,0.03472512,0.0346832,0.03467134,0.03467084,0.03466635,0.0346635,0.0346635],"instab":[null,null,null,null,7.98327,7.297321,6.751743,6.304123,5.933852,5.619166,5.425132,5.193579,4.99625,4.800561,4.644451,4.502493,4.365041,4.24317,4.13885,4.049046,1.424039,1.273292,1.163799,1.132007,1.140393,1.221394,1.244049,1.267862,1.267233,1.268411,1.302219,1.292651,1.267545,1.273059,1.242454,1.194432,1.200281,1.187359,1.119243,1.077139,1.002453,0.980051,0.972703,1.002435,0.974629,1.493774,1.502578,1.480793,1.513437,1.510012,1.406473,1.410261,1.427373,1.422092,1.422044,1.408389,1.396989,1.40189,1.430824,1.427591,1.426833,1.460902,1.459201,1.440308,1.432589,0.683665,0.711114,0.872374,0.834836,0.834215,0.838057,0.831145,0.811009,0.83881,0.830805,0.871425,0.893202,0.891472,0.82549,0.843571,0.926198,0.893631,0.900059,0.900204,0.895767,0.893615,0.829814,0.716461,0.727955,0.741924,0.733731,0.73789,0.73278,0.73417,0.736297,0.696031,0.665689,0.650502,0.666655,0.644293,0.648869,0.632844,0.65075,0.652831,0.662739,0.671321,0.676548,0.65013,0.635337,0.608972,0.625132,0.717686,0.752348,0.704702,0.7056,0.742607,0.744976,0.764982,0.935714,0.937728,0.896565,0.91739,0.914989,0.920571,0.919528,0.96825,0.986398,0.986716,0.983924,0.984278,0.982098,0.914901,0.898411,1.001761,1.068159,1.081893,1.082,1.063543,0.917428,0.92526,0.901925,1.106675,1.12345,1.162219,1.150819,1.170376,1.16544,1.162403,1.160239,1.157505,1.166513,1.299947,1.313272,1.24589,1.207063,1.186725,1.185107,1.184364,1.253086,1.258061,1.253669,1.097966,1.179953,1.140137,1.149442,1.095731,1.09055,1.082917,1.062746,1.067539,1.061507,0.863958,0.832886,0.846523,0.76821,0.770709,0.784281,0.79325,0.745035,0.741107,0.754132,0.711403,0.530865,0.476809,0.419861,0.271141,0.185932,0.135588,0.096005,0.086029,0.085734,0.07791,0.075371,0.080611,0.071126,0.069685,0.07469,0.090358,0.095875,0.102017,0.103783,0.108225,0.106838,0.109492,0.108657,0.105092,0.088796,0.097971,0.126899,0.147848,0.147277,0.141004,0.236366,0.249255,0.252148,0.25271,0.252958,0.269271,0.27755,0.280992],