{"word":"liberalism","years":[1800,1801,1802,1803,1804,1805,1806,1807,1808,1809,1810,1811,1812,1813,1814,1815,1816,1817,1818,1819,1820,1821,1822,1823,1824,1825,1826,1827,1828,1829,1830,1831,1832,1833,1834,1835,1836,1837,1838,1839,1840,1841,1842,1843,1844,1845,1846,1847,1848,1849,1850,1851,1852,1853,1854,1855,1856,1857,1858,1859,1860,1861,1862,1863,1864,1865,1866,1867,1868,1869,1870,1871,1872,1873,1874,1875,1876,1877,1878,1879,1880,1881,1882,1883,1884,1885,1886,1887,1888,1889,1890,1891,1892,1893,1894,1895,1896,1897,1898,1899,1900,1901,1902,1903,1904,1905,1906,1907,1908,1909,1910,1911,1912,1913,1914,1915,1916,1917,1918,1919,1920,1921,1922,1923,1924,1925,1926,1927,1928,1929,1930,1931,1932,1933,1934,1935,1936,1937,1938,1939,1940,1941,1942,1943,1944,1945,1946,1947,1948,1949,1950,1951,1952,1953,1954,1955,1956,1957,1958,1959,1960,1961,1962,1963,1964,1965,1966,1967,1968,1969,1970,1971,1972,1973,1974,1975,1976,1977,1978,1979,1980,1981,1982,1983,1984,1985,1986,1987,1988,1989,1990,1991,1992,1993,1994,1995,1996,1997,1998,1999,2000,2001,2002,2003,2004,2005,2006,2007,2008,2009,2010,2011,2012,2013,2014,2015,2016,2017,2018,2019],"level":[-15.964555,-17.280004,-18.729314,-19.084826,-19.2161,-19.253646,-19.282173,-19.313548,-19.171067,-18.370716,-19.318667,-19.602395,-19.615926,-19.49035,-19.388204,-18.493394,-19.338534,-19.365443,-18.270823,-17.340789,-16.635587,-16.696143,-17.411672,-16.514349,-16.196633,-16.916299,-16.926481,-16.506973,-16.14393,-15.636958,-15.509165,-15.652725,-15.833971,-15.212167,-15.322581,-15.514878,-15.424318,-15.636906,-15.469074,-15.649846,-15.849768,-15.686229,-15.405059,-15.142835,-14.978778,-14.777295,-14.752288,-14.839481,-14.428595,-14.389341,-14.519361,-14.58587,-14.569115,-14.980408,-15.196316,-15.008191,-15.193864,-15.496503,-15.535594,-15.279812,-15.217411,-15.173516,-15.245477,-15.127083,-15.003339,-14.987536,-14.902924,-14.724757,-14.848111,-14.828698,-14.542129,-14.589364,-14.841623,-14.71576,-14.762644,-14.790862,-14.735004,-14.401596,-14.348409,-14.172184,-14.637436,-14.828528,-15.029731,-14.684613,-14.92059,-15.12914,-15.0012,-15.111731,-15.10516,-15.074179,-14.871968,-15.043591,-15.158592,-15.016025,-14.974962,-15.060194,-15.120784,-15.03856,-14.953977,-14.907043,-15.009142,-15.142664,-15.026696,-15.116994,-15.159655,-15.086406,-15.188941,-15.130668,-15.26987,-15.141607,-14.963789,-15.04254,-15.328711,-15.461671,-15.35192,-15.324904,-15.22193,-14.905947,-14.700098,-14.497025,-14.538544,-14.568597,-14.573653,-14.365068,-14.334499,-14.355514,-14.360862,-14.386182,-14.375203,-14.338991,-14.212187,-14.090159,-13.844491,-13.813547,-13.601903,-13.548622,-13.527953,-13.411404,-13.438619,-13.495518,-13.613737,-13.647279,-13.677612,-13.644623,-13.658048,-13.687629,-13.573047,-13.533194,-13.571991,-13.620518,-13.591139,-13.731008,-13.74471,-13.690859,-13.645714,-13.634165,-13.641638,-13.694572,-13.731483,-13.752199,-13.628704,-13.665372,-13.533744,-13.513031,-13.415742,-13.532048,-13.549615,-13.521209,-13.388266,-13.372498,-13.380118,-13.424456,-13.49634,-13.499845,-13.5748,-13.642906,-13.741044,-13.784807,-13.766966,-13.797413,-13.695366,-13.643625,-13.656197,-13.660932,-13.640454,-13.591723,-13.501498,-13.421019,-13.479853,-13.541248,-13.490651,-13.405402,-13.348063,-13.326158,-13.272297,-13.222652,-13.160444,-13.205232,-13.160542,-13.142993,-13.065824,-13.109449,-13.10424,-13.100759,-13.077638,-13.016334,-12.929428,-12.940894,-12.847624,-12.791246,-12.733129,-12.738962,-12.819521,-12.814792,-12.652692,-12.599652,-12.55124,-12.579584,-12.397094,-12.339594],"drift":[0.01655232,0.01655231,0.01655231,0.01655232,0.01655232,0.01655232,0.01655232,0.01655232,0.01655232,0.01655232,0.01655232,0.01655232,0.01655232,0.01655232,0.01655232,0.01655232,0.01655233,0.01655233,0.01655233,0.01655233,0.01655233,0.01655233,0.01655233,0.01655233,0.01655233,0.01655233,0.01655233,0.01655233,0.01655233,0.01655233,0.01655233,0.01655233,0.01655233,0.01655233,0.01655233,0.01655233,0.01655233,0.01655233,0.01655233,0.01655233,0.01655233,0.01655233,0.01655233,0.01655233,0.01655233,0.01655233,0.01655233,0.01655233,0.01655233,0.01655233,0.01655233,0.01655233,0.01655233,0.01655233,0.01655233,0.01655233,0.01655233,0.01655233,0.01655233,0.01655233,0.01655233,0.01655233,0.01655233,0.01655233,0.01655233,0.01655233,0.01655233,0.01655233,0.01655233,0.01655233,0.01655233,0.01655233,0.01655233,0.01655233,0.01655233,0.01655233,0.01655233,0.01655233,0.01655233,0.01655233,0.01655233,0.01655233,0.01655233,0.01655233,0.01655233,0.01655233,0.01655233,0.01655233,0.01655233,0.01655233,0.01655233,0.01655233,0.01655233,0.01655233,0.01655233,0.01655233,0.01655233,0.01655233,0.01655233,0.01655233,0.01655233,0.01655233,0.01655233,0.01655233,0.01655233,0.01655233,0.01655233,0.01655233,0.01655233,0.01655233,0.01655233,0.01655233,0.01655233,0.01655233,0.01655234,0.01655234,0.01655234,0.01655234,0.01655234,0.01655234,0.01655234,0.01655234,0.01655234,0.01655234,0.01655234,0.01655234,0.01655234,0.01655234,0.01655234,0.01655234,0.01655234,0.01655234,0.01655234,0.01655234,0.01655234,0.01655234,0.01655234,0.01655234,0.01655234,0.01655234,0.01655234,0.01655234,0.01655234,0.01655234,0.01655234,0.01655234,0.01655234,0.01655234,0.01655234,0.01655234,0.01655234,0.01655234,0.01655234,0.01655234,0.01655234,0.01655234,0.01655234,0.01655234,0.01655234,0.01655234,0.01655234,0.01655234,0.01655234,0.01655234,0.01655234,0.01655234,0.01655234,0.01655234,0.01655234,0.01655234,0.01655234,0.01655234,0.01655234,0.01655234,0.01655234,0.01655234,0.01655234,0.01655234,0.01655234,0.01655234,0.01655234,0.01655234,0.01655234,0.01655234,0.01655234,0.01655234,0.01655234,0.01655234,0.01655234,0.01655234,0.01655234,0.01655234,0.01655234,0.01655234,0.01655234,0.01655234,0.01655234,0.01655234,0.01655234,0.01655234,0.01655234,0.01655234,0.01655234,0.01655234,0.01655234,0.01655234,0.01655234,0.01655234,0.01655234,0.01655234,0.01655234,0.01655234,0.01655234,0.01655234,0.01655234,0.01655234,0.01655234,0.01655234,0.01655234,0.01655234],"instab":[null,null,null,null,7.209879,6.650492,6.182208,5.787666,5.458511,5.254016,4.98467,4.759923,4.569653,4.40433,4.250309,4.156972,4.028346,3.908989,3.830698,3.749042,1.053773,0.915199,1.008862,0.996078,0.981692,1.042622,1.045192,1.044501,1.043361,0.968065,0.910329,0.915525,0.936703,0.947162,0.953786,0.882709,0.824207,0.83449,0.765868,0.717582,0.6777,0.677653,0.591974,0.515981,0.492137,0.408608,0.405835,0.401643,0.410654,0.379385,0.382366,0.381149,0.360061,0.318581,0.33058,0.33006,0.331051,0.336116,0.328679,0.337044,0.325803,0.324275,0.316454,0.307344,0.307401,0.299043,0.299408,0.301652,0.268587,0.267397,0.286176,0.284689,0.299177,0.271803,0.254624,0.243651,0.23875,0.23409,0.229658,0.231358,0.286257,0.292411,0.306795,0.334785,0.340622,0.350501,0.35459,0.348129,0.345713,0.345567,0.339853,0.343032,0.332541,0.332807,0.333575,0.334109,0.334866,0.313476,0.315337,0.299685,0.261253,0.261244,0.24826,0.204556,0.19426,0.179107,0.175093,0.173837,0.183073,0.186555,0.180257,0.172202,0.188636,0.188183,0.191619,0.190551,0.189834,0.213012,0.219091,0.229395,0.227756,0.21935,0.216906,0.222922,0.220633,0.220338,0.214479,0.214663,0.203124,0.202166,0.19492,0.194576,0.175261,0.160271,0.166195,0.165107,0.167198,0.149624,0.146828,0.137344,0.145597,0.145733,0.145331,0.131567,0.132178,0.134251,0.136843,0.135364,0.13691,0.140178,0.137832,0.147897,0.123088,0.123843,0.102371,0.10093,0.100962,0.090989,0.091239,0.091572,0.096945,0.098888,0.107875,0.107346,0.114629,0.120673,0.115425,0.114212,0.122421,0.120293,0.119108,0.107591,0.110869,0.110145,0.111985,0.113337,0.117497,0.117494,0.117439,0.11764,0.112817,0.112373,0.102548,0.102535,0.092062,0.084792,0.088657,0.094192,0.084177,0.087143,0.088316,0.091967,0.089743,0.089745,0.087006,0.084514,0.07716,0.078104,0.078344,0.074046,0.073222,0.076497,0.075858,0.075559,0.07558,0.075883,0.077233,0.075102,0.074369,0.065847,0.066583,0.064996,0.074742,0.07666,0.089198,0.089304,0.088301,0.089775,0.10332,0.103095],