{"word":"medicine","years":[1800,1801,1802,1803,1804,1805,1806,1807,1808,1809,1810,1811,1812,1813,1814,1815,1816,1817,1818,1819,1820,1821,1822,1823,1824,1825,1826,1827,1828,1829,1830,1831,1832,1833,1834,1835,1836,1837,1838,1839,1840,1841,1842,1843,1844,1845,1846,1847,1848,1849,1850,1851,1852,1853,1854,1855,1856,1857,1858,1859,1860,1861,1862,1863,1864,1865,1866,1867,1868,1869,1870,1871,1872,1873,1874,1875,1876,1877,1878,1879,1880,1881,1882,1883,1884,1885,1886,1887,1888,1889,1890,1891,1892,1893,1894,1895,1896,1897,1898,1899,1900,1901,1902,1903,1904,1905,1906,1907,1908,1909,1910,1911,1912,1913,1914,1915,1916,1917,1918,1919,1920,1921,1922,1923,1924,1925,1926,1927,1928,1929,1930,1931,1932,1933,1934,1935,1936,1937,1938,1939,1940,1941,1942,1943,1944,1945,1946,1947,1948,1949,1950,1951,1952,1953,1954,1955,1956,1957,1958,1959,1960,1961,1962,1963,1964,1965,1966,1967,1968,1969,1970,1971,1972,1973,1974,1975,1976,1977,1978,1979,1980,1981,1982,1983,1984,1985,1986,1987,1988,1989,1990,1991,1992,1993,1994,1995,1996,1997,1998,1999,2000,2001,2002,2003,2004,2005,2006,2007,2008],"level":[-10.716737,-10.695562,-10.701041,-10.683601,-10.673578,-10.664395,-10.67666,-10.69089,-10.69759,-10.691496,-10.680056,-10.713619,-10.730153,-10.745148,-10.761011,-10.760612,-10.74473,-10.713504,-10.704567,-10.695427,-10.712242,-10.707774,-10.706938,-10.705456,-10.708868,-10.707029,-10.710464,-10.717703,-10.723905,-10.725541,-10.726393,-10.7385,-10.758696,-10.758232,-10.763253,-10.758104,-10.754323,-10.734207,-10.712918,-10.694816,-10.68908,-10.682757,-10.66874,-10.661182,-10.640935,-10.62296,-10.617895,-10.612771,-10.61186,-10.615846,-10.622969,-10.63138,-10.639521,-10.643886,-10.647862,-10.655462,-10.660564,-10.662479,-10.669368,-10.676354,-10.689068,-10.710755,-10.728466,-10.737208,-10.739243,-10.73367,-10.728941,-10.71435,-10.699045,-10.686672,-10.679629,-10.67993,-10.6782,-10.664929,-10.650905,-10.637185,-10.622688,-10.607238,-10.585271,-10.563057,-10.541808,-10.526677,-10.514249,-10.498501,-10.490838,-10.486087,-10.480482,-10.481335,-10.487075,-10.494373,-10.500723,-10.507816,-10.516699,-10.521796,-10.522587,-10.52393,-10.523421,-10.527352,-10.533949,-10.545836,-10.551251,-10.563526,-10.572768,-10.579808,-10.588072,-10.597071,-10.610343,-10.627103,-10.643467,-10.664582,-10.684997,-10.709271,-10.735546,-10.765364,-10.792915,-10.815348,-10.836314,-10.854015,-10.867809,-10.873632,-10.870326,-10.865788,-10.865453,-10.870385,-10.873149,-10.873624,-10.871843,-10.867363,-10.864115,-10.862212,-10.859924,-10.855498,-10.851885,-10.853708,-10.855626,-10.859263,-10.861522,-10.857661,-10.855953,-10.855035,-10.851507,-10.843462,-10.831114,-10.815472,-10.804456,-10.79794,-10.793068,-10.791249,-10.790847,-10.796065,-10.801818,-10.808901,-10.816528,-10.821539,-10.823811,-10.825329,-10.824539,-10.824713,-10.820741,-10.817096,-10.812048,-10.811713,-10.812897,-10.813588,-10.812066,-10.807061,-10.804649,-10.800273,-10.7993,-10.797421,-10.791377,-10.787299,-10.786798,-10.784824,-10.779711,-10.775818,-10.768119,-10.768263,-10.767409,-10.767594,-10.764603,-10.762583,-10.756988,-10.76011,-10.76149,-10.764582,-10.767934,-10.768484,-10.769022,-10.767069,-10.765983,-10.75895,-10.749847,-10.735972,-10.72391,-10.712606,-10.700807,-10.686125,-10.674129,-10.662653,-10.65126,-10.644615,-10.636566,-10.625467,-10.612432,-10.600528,-10.588492,-10.580711,-10.579451],"drift":[0.00065996,0.00065996,0.00065996,0.00065996,0.00065996,0.00065996,0.00065996,0.00065996,0.00065996,0.00065996,0.00065996,0.00065996,0.00065996,0.00065996,0.00065996,0.00065996,0.00065996,0.00065996,0.00065996,0.00065996,0.00065996,0.00065996,0.00065996,0.00065996,0.00065996,0.00065996,0.00065996,0.00065996,0.00065996,0.00065996,0.00065997,0.00065997,0.00065997,0.00065997,0.00065997,0.00065997,0.00065997,0.00065998,0.00065998,0.00065998,0.00065998,0.00065998,0.00065998,0.00065997,0.00065997,0.00065997,0.00065997,0.00065997,0.00065997,0.00065996,0.00065996,0.00065996,0.00065996,0.00065996,0.00065996,0.00065996,0.00065996,0.00065996,0.00065996,0.00065996,0.00065996,0.00065996,0.00065996,0.00065996,0.00065996,0.00065996,0.00065997,0.00065997,0.00065997,0.00065997,0.00065997,0.00065997,0.00065997,0.00065997,0.00065997,0.00065997,0.00065997,0.00065996,0.00065996,0.00065996,0.00065996,0.00065995,0.00065995,0.00065995,0.00065994,0.00065994,0.00065993,0.00065993,0.00065992,0.00065992,0.00065992,0.00065991,0.00065991,0.0006599,0.0006599,0.0006599,0.00065989,0.00065989,0.00065989,0.00065989,0.00065988,0.00065988,0.00065988,0.00065988,0.00065988,0.00065987,0.00065987,0.00065987,0.00065987,0.00065987,0.00065987,0.00065988,0.00065988,0.00065988,0.00065989,0.00065989,0.00065989,0.0006599,0.00065991,0.00065991,0.00065992,0.00065992,0.00065993,0.00065994,0.00065994,0.00065995,0.00065995,0.00065996,0.00065997,0.00065997,0.00065998,0.00065998,0.00065999,0.00065999,0.00066,0.00066001,0.00066001,0.00066002,0.00066002,0.00066003,0.00066004,0.00066004,0.00066005,0.00066005,0.00066006,0.00066006,0.00066006,0.00066007,0.00066007,0.00066008,0.00066008,0.00066009,0.00066009,0.0006601,0.0006601,0.00066011,0.00066011,0.00066012,0.00066012,0.00066013,0.00066014,0.00066014,0.00066015,0.00066015,0.00066016,0.00066016,0.00066017,0.00066017,0.00066018,0.00066018,0.00066019,0.00066019,0.00066019,0.0006602,0.0006602,0.00066021,0.00066021,0.00066022,0.00066022,0.00066023,0.00066023,0.00066023,0.00066024,0.00066024,0.00066025,0.00066025,0.00066026,0.00066026,0.00066026,0.00066027,0.00066027,0.00066028,0.00066028,0.00066029,0.00066029,0.00066029,0.00066029,0.0006603,0.0006603,0.0006603,0.0006603,0.0006603,0.00066031,0.00066031,0.00066031,0.00066031,0.00066031,0.00066031,0.00066031],"instab":[null,null,null,null,4.944526,4.546826,4.195124,3.911289,3.680314,3.494734,3.370813,3.217159,3.089688,2.977614,2.872756,2.779916,2.696899,2.635093,2.56659,2.510629,0.523352,0.48663,0.346941,0.341654,0.34182,0.336384,0.33191,0.32259,0.315786,0.315559,0.26158,0.230619,0.2478,0.248546,0.239381,0.234076,0.238823,0.20234,0.205662,0.187685,0.158987,0.159407,0.163889,0.167291,0.168282,0.178664,0.178565,0.178394,0.176249,0.175913,0.172896,0.173315,0.142542,0.142346,0.134108,0.136495,0.125058,0.124612,0.121809,0.105435,0.10644,0.111726,0.117417,0.115911,0.114236,0.090744,0.092708,0.091379,0.095084,0.102661,0.110249,0.110045,0.113875,0.115047,0.116225,0.116184,0.115823,0.114749,0.116917,0.119196,0.125465,0.120451,0.10615,0.103651,0.09537,0.096251,0.08674,0.086738,0.087514,0.089079,0.087454,0.086682,0.079105,0.085513,0.085616,0.087226,0.087468,0.086256,0.08506,0.093038,0.085023,0.086063,0.088036,0.074887,0.07212,0.072629,0.065254,0.063249,0.063457,0.065602,0.065584,0.066163,0.064291,0.069794,0.078316,0.079951,0.077184,0.076405,0.074991,0.074894,0.068192,0.079111,0.087644,0.086998,0.086804,0.084694,0.084148,0.088291,0.090668,0.09141,0.091755,0.094081,0.100593,0.096165,0.087971,0.084803,0.081958,0.078261,0.06645,0.054258,0.055887,0.05242,0.04806,0.05748,0.061937,0.061623,0.061628,0.061463,0.063271,0.063785,0.063336,0.064153,0.064452,0.066699,0.066979,0.067215,0.061929,0.06347,0.06349,0.062809,0.064143,0.063302,0.063649,0.056956,0.051406,0.051886,0.049276,0.051777,0.046949,0.048255,0.050597,0.053505,0.050798,0.049352,0.049746,0.049765,0.060339,0.057956,0.057926,0.059728,0.056402,0.057683,0.06725,0.067484,0.065901,0.065233,0.066969,0.06539,0.066271,0.06463,0.067245,0.065045,0.065336,0.067793,0.068663,0.068111,0.058444,0.062701,0.063724,0.062525,0.06701,0.065164,0.056764,0.055123,0.056525,0.056345,0.05649,0.060154,0.057478],