{"word":"microscope","years":[1800,1801,1802,1803,1804,1805,1806,1807,1808,1809,1810,1811,1812,1813,1814,1815,1816,1817,1818,1819,1820,1821,1822,1823,1824,1825,1826,1827,1828,1829,1830,1831,1832,1833,1834,1835,1836,1837,1838,1839,1840,1841,1842,1843,1844,1845,1846,1847,1848,1849,1850,1851,1852,1853,1854,1855,1856,1857,1858,1859,1860,1861,1862,1863,1864,1865,1866,1867,1868,1869,1870,1871,1872,1873,1874,1875,1876,1877,1878,1879,1880,1881,1882,1883,1884,1885,1886,1887,1888,1889,1890,1891,1892,1893,1894,1895,1896,1897,1898,1899,1900,1901,1902,1903,1904,1905,1906,1907,1908,1909,1910,1911,1912,1913,1914,1915,1916,1917,1918,1919,1920,1921,1922,1923,1924,1925,1926,1927,1928,1929,1930,1931,1932,1933,1934,1935,1936,1937,1938,1939,1940,1941,1942,1943,1944,1945,1946,1947,1948,1949,1950,1951,1952,1953,1954,1955,1956,1957,1958,1959,1960,1961,1962,1963,1964,1965,1966,1967,1968,1969,1970,1971,1972,1973,1974,1975,1976,1977,1978,1979,1980,1981,1982,1983,1984,1985,1986,1987,1988,1989,1990,1991,1992,1993,1994,1995,1996,1997,1998,1999,2000,2001,2002,2003,2004,2005,2006,2007,2008,2009,2010,2011,2012,2013,2014,2015,2016,2017,2018,2019],"level":[-14.113872,-14.124417,-14.066548,-13.916541,-13.76452,-13.628157,-13.520679,-13.495483,-13.457929,-13.431101,-13.368378,-13.438216,-13.43878,-13.357452,-13.378827,-13.349747,-13.313826,-13.272623,-13.252928,-13.240321,-13.24895,-13.243228,-13.266014,-13.278314,-13.268951,-13.288073,-13.303849,-13.311792,-13.321423,-13.314804,-13.275704,-13.240665,-13.202993,-13.197569,-13.172734,-13.164199,-13.165575,-13.14863,-13.112155,-13.0546,-13.016598,-12.991782,-12.942246,-12.858141,-12.77189,-12.675482,-12.604069,-12.579995,-12.54302,-12.533081,-12.494718,-12.446369,-12.424487,-12.386995,-12.351211,-12.316504,-12.291089,-12.274248,-12.282368,-12.307328,-12.349204,-12.374981,-12.399893,-12.401264,-12.418838,-12.402978,-12.372895,-12.342782,-12.314039,-12.281316,-12.255801,-12.244427,-12.235682,-12.210377,-12.172385,-12.125517,-12.071088,-12.039559,-12.007699,-11.966882,-11.927251,-11.912284,-11.895113,-11.885384,-11.893929,-11.910176,-11.940477,-11.972563,-12.00626,-12.028362,-12.043198,-12.057407,-12.069214,-12.084136,-12.094794,-12.115695,-12.136778,-12.162522,-12.185488,-12.22325,-12.247207,-12.284591,-12.314553,-12.340684,-12.361507,-12.385123,-12.402759,-12.415096,-12.429281,-12.436628,-12.43664,-12.443312,-12.465831,-12.490771,-12.516339,-12.541964,-12.559728,-12.571173,-12.582828,-12.584296,-12.570741,-12.554387,-12.529603,-12.508129,-12.49341,-12.474106,-12.469328,-12.470836,-12.463117,-12.447746,-12.439601,-12.424539,-12.409993,-12.39989,-12.392803,-12.395931,-12.404024,-12.397621,-12.387395,-12.390247,-12.382006,-12.373257,-12.36752,-12.360666,-12.350215,-12.354813,-12.346435,-12.326363,-12.304038,-12.27355,-12.257765,-12.260174,-12.255411,-12.246686,-12.236287,-12.223415,-12.209983,-12.181029,-12.144954,-12.111634,-12.099686,-12.082934,-12.073567,-12.0664,-12.055006,-12.040456,-12.031219,-12.028445,-12.025733,-12.028181,-12.036345,-12.0506,-12.06306,-12.079604,-12.097364,-12.12578,-12.150221,-12.17173,-12.192081,-12.215738,-12.231842,-12.242401,-12.248505,-12.253519,-12.259047,-12.261309,-12.263956,-12.272054,-12.281472,-12.291813,-12.30313,-12.309666,-12.317409,-12.330039,-12.340563,-12.351456,-12.359313,-12.368025,-12.371953,-12.371583,-12.370771,-12.367967,-12.361035,-12.355167,-12.345192,-12.339791,-12.342661,-12.348667,-12.356991,-12.376324,-12.378861,-12.360474,-12.320035,-12.329441,-12.375978,-12.410328,-12.423509,-12.43337,-12.441278,-12.441074],"drift":[0.0312935,0.03134108,0.0313585,0.03124097,0.03098609,0.03061135,0.0301492,0.02969269,0.02922723,0.0287645,0.02826315,0.02787337,0.02751593,0.02709729,0.02673378,0.0263676,0.02599055,0.02559621,0.02520857,0.02483527,0.02450003,0.02418614,0.02392567,0.0237064,0.02350345,0.02334897,0.02323899,0.02316447,0.02312725,0.0231088,0.02307217,0.02302192,0.02295502,0.02290805,0.0228589,0.02282603,0.02282069,0.02282203,0.02280784,0.02275413,0.02268309,0.02260961,0.02250552,0.02233137,0.02208452,0.02175315,0.02136529,0.02097436,0.02056523,0.02016819,0.01975045,0.01930019,0.01884699,0.01837259,0.01787838,0.01736504,0.01684254,0.01632004,0.01582534,0.01537702,0.01499382,0.01465698,0.01436515,0.01409121,0.01385328,0.01361307,0.01335414,0.01307614,0.01278032,0.01246183,0.01212848,0.011796,0.01146699,0.01112223,0.01074692,0.01033053,0.00986399,0.00937281,0.00885605,0.00830294,0.00771421,0.00711722,0.00650881,0.00589673,0.00530107,0.00472992,0.00419861,0.00370857,0.00326107,0.00284241,0.00244386,0.00206425,0.00170041,0.00135548,0.00102421,0.00071787,0.00043633,0.00018457,-4.087e-05,-0.00022341,-0.00037895,-0.00049241,-0.00057235,-0.00062323,-0.00065113,-0.00065292,-0.00063539,-0.00060455,-0.00055827,-0.00050427,-0.00045082,-0.0003903,-0.00030462,-0.00019092,-4.835e-05,0.0001233,0.00031529,0.00052066,0.00073988,0.00096161,0.00116902,0.00135915,0.00152265,0.00166345,0.00178941,0.00189545,0.00199821,0.00210495,0.00220532,0.0022907,0.00236943,0.00243373,0.00248425,0.00252611,0.00256277,0.00260592,0.00266122,0.00271228,0.00275479,0.00280367,0.00284637,0.00288236,0.0029151,0.00294336,0.00296308,0.00299141,0.0030136,0.0030164,0.00299723,0.00294681,0.00288178,0.00282276,0.00276154,0.00269354,0.00261678,0.00252835,0.00242752,0.00229653,0.00212711,0.00192223,0.00170594,0.00147253,0.00123015,0.00098102,0.00072005,0.00044334,0.00015664,-0.00013304,-0.00042596,-0.00071657,-0.00099872,-0.00126579,-0.00152013,-0.00175738,-0.00197644,-0.00216542,-0.00232907,-0.00247091,-0.00259241,-0.00268996,-0.00277225,-0.00284568,-0.00291541,-0.00298275,-0.0030472,-0.00311254,-0.00317841,-0.00323869,-0.00329193,-0.00333716,-0.00337332,-0.00340588,-0.0034335,-0.00345067,-0.00345979,-0.00346046,-0.00345613,-0.00344582,-0.00343496,-0.00342843,-0.00342672,-0.0034321,-0.00344926,-0.00347703,-0.00352009,-0.00357329,-0.0036273,-0.0036786,-0.00372462,-0.00375289,-0.00378254,-0.0038374,-0.00394262,-0.00404162,-0.0040923,-0.00410856,-0.0041145,-0.00411391,-0.00410901,-0.00410901],"instab":[null,null,null,null,6.470081,5.895315,5.459628,5.062335,4.749387,4.481823,4.303155,4.103889,3.929191,3.812417,3.673837,3.553835,3.445526,3.349967,3.259331,3.176771,0.783162,0.752555,0.735668,0.637948,0.603822,0.587553,0.559358,0.547583,0.547265,0.536593,0.468812,0.390536,0.347795,0.249506,0.204248,0.205067,0.208175,0.202001,0.201828,0.219364,0.21867,0.217193,0.210634,0.207392,0.207065,0.231296,0.255951,0.256603,0.251125,0.250054,0.250984,0.256485,0.253209,0.245396,0.244373,0.244577,0.235139,0.229147,0.225516,0.221505,0.241993,0.241746,0.254052,0.250594,0.267128,0.243883,0.202685,0.203475,0.191536,0.185613,0.190044,0.1747,0.175152,0.17404,0.173411,0.171416,0.189785,0.184817,0.184475,0.186862,0.181322,0.17663,0.154386,0.155538,0.118748,0.113189,0.122475,0.130193,0.146384,0.150623,0.147733,0.149138,0.145189,0.14653,0.146699,0.147055,0.12215,0.122062,0.123264,0.127691,0.101723,0.10468,0.100087,0.087244,0.087291,0.084306,0.083694,0.085676,0.075732,0.072619,0.081618,0.093777,0.093936,0.093033,0.091015,0.091744,0.091774,0.091553,0.089242,0.076986,0.079985,0.074702,0.083762,0.091242,0.092026,0.101718,0.101015,0.102291,0.099926,0.101775,0.101133,0.098603,0.099663,0.09831,0.097794,0.089546,0.094608,0.094402,0.091937,0.091894,0.09199,0.09172,0.089358,0.08585,0.09054,0.089175,0.090381,0.088222,0.087574,0.096357,0.102739,0.105995,0.105733,0.105427,0.103373,0.103374,0.099218,0.099034,0.098414,0.109391,0.110237,0.110976,0.1108,0.111642,0.108384,0.101807,0.098425,0.099483,0.09922,0.089693,0.081257,0.081882,0.082039,0.08457,0.084543,0.092698,0.094615,0.09722,0.092505,0.069815,0.071752,0.065388,0.063655,0.064148,0.063766,0.059073,0.05769,0.05791,0.055855,0.054491,0.053575,0.054015,0.056451,0.056196,0.055141,0.049393,0.046028,0.044166,0.043997,0.035507,0.030862,0.028426,0.031979,0.032128,0.038464,0.045265,0.044537,0.044535,0.047224,0.065489,0.073911,0.076664,0.153199,0.163665,0.176303,0.188864,0.189404,0.18913,0.189852,0.190234],