{"word":"militia","years":[1800,1801,1802,1803,1804,1805,1806,1807,1808,1809,1810,1811,1812,1813,1814,1815,1816,1817,1818,1819,1820,1821,1822,1823,1824,1825,1826,1827,1828,1829,1830,1831,1832,1833,1834,1835,1836,1837,1838,1839,1840,1841,1842,1843,1844,1845,1846,1847,1848,1849,1850,1851,1852,1853,1854,1855,1856,1857,1858,1859,1860,1861,1862,1863,1864,1865,1866,1867,1868,1869,1870,1871,1872,1873,1874,1875,1876,1877,1878,1879,1880,1881,1882,1883,1884,1885,1886,1887,1888,1889,1890,1891,1892,1893,1894,1895,1896,1897,1898,1899,1900,1901,1902,1903,1904,1905,1906,1907,1908,1909,1910,1911,1912,1913,1914,1915,1916,1917,1918,1919,1920,1921,1922,1923,1924,1925,1926,1927,1928,1929,1930,1931,1932,1933,1934,1935,1936,1937,1938,1939,1940,1941,1942,1943,1944,1945,1946,1947,1948,1949,1950,1951,1952,1953,1954,1955,1956,1957,1958,1959,1960,1961,1962,1963,1964,1965,1966,1967,1968,1969,1970,1971,1972,1973,1974,1975,1976,1977,1978,1979,1980,1981,1982,1983,1984,1985,1986,1987,1988,1989,1990,1991,1992,1993,1994,1995,1996,1997,1998,1999,2000,2001,2002,2003,2004,2005,2006,2007,2008,2009,2010,2011,2012,2013,2014,2015,2016,2017,2018,2019],"level":[-10.323086,-10.087465,-10.171889,-10.247151,-10.376643,-10.126477,-10.47144,-10.585691,-10.373465,-10.366971,-10.516838,-10.283236,-9.714312,-9.323051,-9.024057,-9.031316,-9.414386,-9.664554,-9.734357,-9.882274,-9.953266,-10.146524,-10.124921,-10.192231,-10.263773,-10.235515,-10.45845,-10.533511,-10.358776,-10.427668,-10.63095,-10.735236,-10.727414,-10.520588,-10.316083,-10.111884,-10.363207,-10.642781,-10.670724,-10.614331,-10.584954,-10.800469,-10.758071,-11.075787,-11.153292,-11.081995,-10.875817,-10.893551,-11.032628,-10.828157,-10.944696,-10.500318,-10.379767,-10.269232,-10.298611,-10.582533,-10.85714,-10.853593,-10.735553,-10.77875,-10.519528,-10.377216,-10.403571,-10.45825,-10.52784,-10.766362,-10.90668,-11.051806,-11.049532,-11.349053,-11.523618,-11.512534,-11.502038,-11.603246,-11.678998,-11.600936,-11.522058,-11.524962,-11.430886,-11.467252,-11.474904,-11.436166,-11.549089,-11.705758,-11.690229,-11.684171,-11.646435,-11.566587,-11.466094,-11.609959,-11.744948,-11.829036,-11.836942,-11.786559,-11.773294,-11.817794,-11.75114,-11.748006,-11.738752,-11.837092,-11.801032,-11.843451,-11.68233,-11.649972,-11.700302,-11.759955,-11.849206,-11.818751,-11.740526,-11.676773,-11.662192,-11.78319,-11.913429,-11.97928,-11.833861,-11.828635,-11.698303,-11.910193,-12.320507,-12.510584,-12.681713,-12.655795,-12.671915,-12.697646,-12.587668,-12.544634,-12.583495,-12.645059,-12.652276,-12.622786,-12.570768,-12.580902,-12.576834,-12.683625,-12.665275,-12.675391,-12.641982,-12.66468,-12.701739,-12.839823,-12.934778,-12.921272,-12.999361,-13.030067,-13.133537,-13.214434,-13.176433,-13.076446,-13.136052,-13.104776,-13.089586,-13.024382,-13.120376,-13.053875,-13.132422,-13.212782,-13.220845,-13.046053,-13.1071,-13.133995,-13.046951,-13.007064,-13.044011,-13.047929,-12.957727,-12.874345,-12.859711,-12.76121,-12.629924,-12.686702,-12.610739,-12.568351,-12.707849,-12.808762,-12.740048,-12.744387,-12.759692,-12.916474,-13.012943,-13.02636,-13.120469,-13.147385,-13.059951,-13.005448,-13.161905,-13.165562,-13.179891,-13.15286,-13.140333,-13.068262,-12.965742,-12.868678,-12.671341,-12.779457,-12.979053,-13.008335,-12.930014,-12.91014,-12.946123,-12.869505,-12.847019,-12.831078,-12.839962,-12.802941,-12.737493,-12.681466,-12.595726,-12.602611,-12.538511,-12.377638,-12.515382,-12.502144,-12.607929,-12.680058,-12.566631,-12.457487,-12.497158,-12.486442,-12.457925,-12.475379],"drift":[-0.00982784,-0.00982784,-0.00982784,-0.00982784,-0.00982784,-0.00982784,-0.00982784,-0.00982784,-0.00982784,-0.00982784,-0.00982784,-0.00982784,-0.00982784,-0.00982784,-0.00982784,-0.00982784,-0.00982784,-0.00982784,-0.00982784,-0.00982784,-0.00982784,-0.00982784,-0.00982784,-0.00982784,-0.00982784,-0.00982784,-0.00982784,-0.00982784,-0.00982784,-0.00982784,-0.00982784,-0.00982784,-0.00982784,-0.00982784,-0.00982784,-0.00982784,-0.00982784,-0.00982784,-0.00982784,-0.00982784,-0.00982784,-0.00982784,-0.00982784,-0.00982784,-0.00982784,-0.00982784,-0.00982784,-0.00982784,-0.00982784,-0.00982784,-0.00982784,-0.00982784,-0.00982784,-0.00982784,-0.00982785,-0.00982785,-0.00982785,-0.00982785,-0.00982785,-0.00982785,-0.00982785,-0.00982785,-0.00982785,-0.00982785,-0.00982785,-0.00982785,-0.00982785,-0.00982785,-0.00982785,-0.00982785,-0.00982785,-0.00982785,-0.00982785,-0.00982785,-0.00982785,-0.00982784,-0.00982784,-0.00982784,-0.00982784,-0.00982784,-0.00982784,-0.00982784,-0.00982784,-0.00982784,-0.00982784,-0.00982784,-0.00982784,-0.00982784,-0.00982784,-0.00982784,-0.00982784,-0.00982784,-0.00982784,-0.00982784,-0.00982784,-0.00982784,-0.00982784,-0.00982784,-0.00982784,-0.00982784,-0.00982784,-0.00982784,-0.00982784,-0.00982784,-0.00982784,-0.00982783,-0.00982783,-0.00982783,-0.00982783,-0.00982783,-0.00982783,-0.00982783,-0.00982783,-0.00982783,-0.00982783,-0.00982783,-0.00982783,-0.00982783,-0.00982783,-0.00982783,-0.00982783,-0.00982783,-0.00982783,-0.00982783,-0.00982783,-0.00982783,-0.00982782,-0.00982782,-0.00982782,-0.00982782,-0.00982782,-0.00982782,-0.00982782,-0.00982782,-0.00982782,-0.00982782,-0.00982782,-0.00982782,-0.00982782,-0.00982782,-0.00982781,-0.00982781,-0.00982781,-0.00982781,-0.00982781,-0.00982781,-0.00982781,-0.00982781,-0.00982781,-0.00982781,-0.0098278,-0.0098278,-0.0098278,-0.0098278,-0.0098278,-0.0098278,-0.0098278,-0.0098278,-0.0098278,-0.0098278,-0.0098278,-0.0098278,-0.00982779,-0.00982779,-0.00982779,-0.00982779,-0.00982779,-0.00982779,-0.00982779,-0.00982779,-0.00982779,-0.00982779,-0.00982779,-0.00982779,-0.00982779,-0.00982779,-0.00982779,-0.00982779,-0.00982779,-0.00982778,-0.00982778,-0.00982778,-0.00982778,-0.00982778,-0.00982778,-0.00982778,-0.00982778,-0.00982778,-0.00982778,-0.00982778,-0.00982778,-0.00982778,-0.00982778,-0.00982778,-0.00982778,-0.00982777,-0.00982777,-0.00982777,-0.00982777,-0.00982777,-0.00982777,-0.00982777,-0.00982777,-0.00982777,-0.00982777,-0.00982777,-0.00982777,-0.00982777,-0.00982777,-0.00982777,-0.00982777,-0.00982777,-0.00982777,-0.00982777,-0.00982777,-0.00982777,-0.00982777,-0.00982777,-0.00982777,-0.00982777],