{"word":"monarchy","years":[1800,1801,1802,1803,1804,1805,1806,1807,1808,1809,1810,1811,1812,1813,1814,1815,1816,1817,1818,1819,1820,1821,1822,1823,1824,1825,1826,1827,1828,1829,1830,1831,1832,1833,1834,1835,1836,1837,1838,1839,1840,1841,1842,1843,1844,1845,1846,1847,1848,1849,1850,1851,1852,1853,1854,1855,1856,1857,1858,1859,1860,1861,1862,1863,1864,1865,1866,1867,1868,1869,1870,1871,1872,1873,1874,1875,1876,1877,1878,1879,1880,1881,1882,1883,1884,1885,1886,1887,1888,1889,1890,1891,1892,1893,1894,1895,1896,1897,1898,1899,1900,1901,1902,1903,1904,1905,1906,1907,1908,1909,1910,1911,1912,1913,1914,1915,1916,1917,1918,1919,1920,1921,1922,1923,1924,1925,1926,1927,1928,1929,1930,1931,1932,1933,1934,1935,1936,1937,1938,1939,1940,1941,1942,1943,1944,1945,1946,1947,1948,1949,1950,1951,1952,1953,1954,1955,1956,1957,1958,1959,1960,1961,1962,1963,1964,1965,1966,1967,1968,1969,1970,1971,1972,1973,1974,1975,1976,1977,1978,1979,1980,1981,1982,1983,1984,1985,1986,1987,1988,1989,1990,1991,1992,1993,1994,1995,1996,1997,1998,1999,2000,2001,2002,2003,2004,2005,2006,2007,2008,2009,2010,2011,2012,2013,2014,2015,2016,2017,2018,2019],"level":[-11.430481,-11.436569,-11.451688,-11.515393,-11.470033,-11.45204,-11.485619,-11.494488,-11.481745,-11.452453,-11.436552,-11.425232,-11.429214,-11.480316,-11.508507,-11.504369,-11.482823,-11.494946,-11.515359,-11.551893,-11.564495,-11.591623,-11.627537,-11.712629,-11.786458,-11.794309,-11.786077,-11.810649,-11.828778,-11.846593,-11.850241,-11.893539,-11.928605,-11.882848,-11.876208,-11.870179,-11.856804,-11.837457,-11.815179,-11.776794,-11.742004,-11.706202,-11.651906,-11.619329,-11.586656,-11.582721,-11.572284,-11.545349,-11.520468,-11.545411,-11.596456,-11.623819,-11.671429,-11.726654,-11.768382,-11.812732,-11.863317,-11.935222,-11.980818,-11.987065,-12.015936,-12.059558,-12.102484,-12.11518,-12.149495,-12.194817,-12.244317,-12.274371,-12.296825,-12.313476,-12.331134,-12.355955,-12.376369,-12.390901,-12.420447,-12.424747,-12.440224,-12.452233,-12.452003,-12.469049,-12.496167,-12.533116,-12.57418,-12.58648,-12.630036,-12.662135,-12.695648,-12.726093,-12.733236,-12.724448,-12.707878,-12.718012,-12.726656,-12.694804,-12.684372,-12.710787,-12.74561,-12.75977,-12.779393,-12.809096,-12.859987,-12.929531,-12.986153,-13.050783,-13.111683,-13.162403,-13.20052,-13.215931,-13.228987,-13.197527,-13.127305,-13.159497,-13.27188,-13.34015,-13.362772,-13.387815,-13.412605,-13.409892,-13.406752,-13.414976,-13.431789,-13.43674,-13.42317,-13.417517,-13.410749,-13.402424,-13.370106,-13.391884,-13.38912,-13.370381,-13.383572,-13.380606,-13.372858,-13.384098,-13.378487,-13.390169,-13.410803,-13.414285,-13.457037,-13.477429,-13.50829,-13.534341,-13.552996,-13.556275,-13.552765,-13.558678,-13.550541,-13.550047,-13.56662,-13.567742,-13.552592,-13.545428,-13.537409,-13.549689,-13.557105,-13.563824,-13.548917,-13.526226,-13.510386,-13.484018,-13.433891,-13.385824,-13.339293,-13.298607,-13.258207,-13.231615,-13.208266,-13.196135,-13.188091,-13.191175,-13.208449,-13.247933,-13.301319,-13.3381,-13.379059,-13.429675,-13.479028,-13.515887,-13.546271,-13.541221,-13.542301,-13.537958,-13.538377,-13.524333,-13.518896,-13.499766,-13.487884,-13.467747,-13.454156,-13.438017,-13.407564,-13.38356,-13.358995,-13.339407,-13.319623,-13.294449,-13.266473,-13.235256,-13.199167,-13.167937,-13.13117,-13.099445,-13.061163,-13.016191,-12.973603,-12.929762,-12.893545,-12.863059,-12.826282,-12.787338,-12.759417,-12.736329,-12.731505,-12.704541,-12.650696,-12.61267,-12.592828,-12.582156,-12.547878,-12.525002],"drift":[-0.00990162,-0.00990723,-0.00990517,-0.009824,-0.00982398,-0.00986486,-0.00987088,-0.00987836,-0.00991911,-0.01001753,-0.01015406,-0.01032217,-0.0104996,-0.01061732,-0.0107092,-0.01082291,-0.01098423,-0.01114386,-0.01128987,-0.01139876,-0.01150587,-0.01159002,-0.01163839,-0.01157875,-0.01142756,-0.01128164,-0.01116441,-0.01102746,-0.01088007,-0.01072248,-0.01057529,-0.01037999,-0.01014838,-0.00999899,-0.00987406,-0.00977252,-0.00970502,-0.00968024,-0.00970245,-0.00979539,-0.00995388,-0.01017967,-0.01050026,-0.01088421,-0.01133221,-0.01180266,-0.01230581,-0.01286667,-0.01348304,-0.01408255,-0.01462771,-0.01515415,-0.01563285,-0.01605334,-0.01643606,-0.01677774,-0.01706971,-0.01728103,-0.01745072,-0.01763688,-0.01780652,-0.0179382,-0.01803314,-0.01813592,-0.01821491,-0.01825404,-0.01824722,-0.01822303,-0.01819263,-0.01816449,-0.0181371,-0.01809987,-0.01805925,-0.01802381,-0.01797143,-0.01793915,-0.01791049,-0.01789052,-0.01789719,-0.01790511,-0.01789948,-0.01786584,-0.01779808,-0.01773841,-0.01764078,-0.01752188,-0.01737946,-0.01721784,-0.01707103,-0.01696224,-0.01690277,-0.01685325,-0.0168158,-0.01684992,-0.01692416,-0.01698445,-0.0170185,-0.01705675,-0.01709123,-0.01710717,-0.01707342,-0.01696252,-0.01679329,-0.01655371,-0.01624893,-0.01589345,-0.01550529,-0.01511727,-0.01473228,-0.01441522,-0.01422262,-0.01400359,-0.0136399,-0.01319587,-0.01273797,-0.01226199,-0.01176758,-0.01129446,-0.01084257,-0.01039453,-0.00993705,-0.00948691,-0.00907067,-0.00867608,-0.0083042,-0.00795678,-0.00766858,-0.00735964,-0.00706558,-0.00680947,-0.00654397,-0.00629246,-0.0060616,-0.00582312,-0.00560146,-0.00537085,-0.0051178,-0.00486716,-0.0045608,-0.00423116,-0.00386236,-0.00346094,-0.00303717,-0.00261304,-0.00219792,-0.00177733,-0.00137133,-0.00096807,-0.00054185,-0.00011479,0.00028983,0.00068433,0.00106805,0.0014714,0.00188782,0.0023169,0.00272746,0.00310867,0.00347115,0.00379996,0.00406065,0.00425662,0.00439042,0.00447086,0.00449845,0.00449356,0.00446094,0.00441704,0.0043678,0.00432952,0.00432302,0.00438093,0.00452379,0.00472739,0.00499818,0.00535075,0.00578377,0.00627949,0.00682913,0.00738138,0.00794608,0.00851608,0.00909921,0.00967508,0.01025718,0.01082623,0.01139373,0.01194837,0.01250059,0.01304747,0.01356875,0.01407468,0.01456519,0.01504831,0.01552447,0.01598643,0.01643077,0.01685336,0.01724767,0.01762141,0.017967,0.01829235,0.01858831,0.01884548,0.01906772,0.01925354,0.01941441,0.019559,0.01967827,0.01976921,0.01984816,0.01992234,0.02001873,0.02010491,0.02014147,0.02015172,0.02016244,0.02018711,0.02019106,0.02019106],