{"word":"nationalism","years":[1800,1801,1802,1803,1804,1805,1806,1807,1808,1809,1810,1811,1812,1813,1814,1815,1816,1817,1818,1819,1820,1821,1822,1823,1824,1825,1826,1827,1828,1829,1830,1831,1832,1833,1834,1835,1836,1837,1838,1839,1840,1841,1842,1843,1844,1845,1846,1847,1848,1849,1850,1851,1852,1853,1854,1855,1856,1857,1858,1859,1860,1861,1862,1863,1864,1865,1866,1867,1868,1869,1870,1871,1872,1873,1874,1875,1876,1877,1878,1879,1880,1881,1882,1883,1884,1885,1886,1887,1888,1889,1890,1891,1892,1893,1894,1895,1896,1897,1898,1899,1900,1901,1902,1903,1904,1905,1906,1907,1908,1909,1910,1911,1912,1913,1914,1915,1916,1917,1918,1919,1920,1921,1922,1923,1924,1925,1926,1927,1928,1929,1930,1931,1932,1933,1934,1935,1936,1937,1938,1939,1940,1941,1942,1943,1944,1945,1946,1947,1948,1949,1950,1951,1952,1953,1954,1955,1956,1957,1958,1959,1960,1961,1962,1963,1964,1965,1966,1967,1968,1969,1970,1971,1972,1973,1974,1975,1976,1977,1978,1979,1980,1981,1982,1983,1984,1985,1986,1987,1988,1989,1990,1991,1992,1993,1994,1995,1996,1997,1998,1999,2000,2001,2002,2003,2004,2005,2006,2007,2008,2009,2010,2011,2012,2013,2014,2015,2016,2017,2018,2019],"level":[-19.214154,-19.21528,-19.218817,-19.233882,-19.255087,-19.277051,-19.300611,-19.325671,-19.347469,-19.367045,-19.38133,-19.384417,-19.364064,-19.320812,-19.264975,-19.180417,-19.066373,-18.911437,-18.98592,-18.99501,-18.95185,-18.831089,-18.812518,-18.863617,-19.078552,-19.203182,-19.244835,-19.227537,-19.146851,-19.141573,-19.054845,-18.868075,-18.57364,-18.450383,-18.358227,-18.350281,-18.309567,-18.325597,-18.356569,-18.380686,-18.322974,-18.262318,-18.181525,-18.016814,-17.925049,-17.858277,-17.812425,-17.827422,-17.855424,-17.751631,-17.745552,-17.693858,-17.637696,-17.583261,-17.466893,-17.402109,-17.320477,-17.273135,-17.274366,-17.286012,-17.246811,-17.246584,-17.306407,-17.338883,-17.342445,-17.255266,-17.212226,-17.173869,-17.170968,-17.146663,-17.120551,-17.129124,-17.141817,-17.110217,-17.0913,-17.067191,-17.058743,-17.013775,-16.960513,-16.885582,-16.836697,-16.792296,-16.738216,-16.659649,-16.57723,-16.455366,-16.313874,-16.211832,-16.067818,-15.874807,-15.697708,-15.582597,-15.580913,-15.625939,-15.656626,-15.683287,-15.710646,-15.724959,-15.731042,-15.730251,-15.719846,-15.708184,-15.690609,-15.665088,-15.616267,-15.543047,-15.464252,-15.379096,-15.291344,-15.193248,-15.06505,-14.953853,-14.857269,-14.744229,-14.60064,-14.441192,-14.295281,-14.169947,-14.068438,-13.989561,-13.937674,-13.883448,-13.821005,-13.757057,-13.692907,-13.62681,-13.556395,-13.494796,-13.433183,-13.364206,-13.28493,-13.202524,-13.124509,-13.059392,-13.018713,-13.007637,-13.016713,-13.016938,-13.02046,-13.019853,-13.015468,-13.0054,-12.989524,-12.975563,-12.972713,-12.975756,-12.977382,-12.976734,-12.978592,-12.974583,-12.962088,-12.95142,-12.932813,-12.912526,-12.882988,-12.857426,-12.826233,-12.798253,-12.768129,-12.746208,-12.725193,-12.708092,-12.690795,-12.672372,-12.64967,-12.637596,-12.622379,-12.610124,-12.602196,-12.608489,-12.619657,-12.641248,-12.671687,-12.711295,-12.752979,-12.794344,-12.831592,-12.867005,-12.895723,-12.916434,-12.928596,-12.936341,-12.940937,-12.94476,-12.945109,-12.938903,-12.920975,-12.893751,-12.858851,-12.825044,-12.785205,-12.748401,-12.712485,-12.675652,-12.639127,-12.604213,-12.572031,-12.544266,-12.516062,-12.488423,-12.458168,-12.429793,-12.403493,-12.376823,-12.349606,-12.321184,-12.293286,-12.270747,-12.246955,-12.228748,-12.208896,-12.193593,-12.180086,-12.148964,-12.103611,-12.054151,-12.011749,-11.973115,-11.926356,-11.886705],"drift":[0.03345868,0.03345868,0.03345868,0.03345868,0.03345868,0.03345868,0.03345868,0.03345868,0.03345869,0.03345869,0.03345869,0.03345869,0.03345869,0.03345869,0.03345869,0.03345869,0.03345869,0.03345869,0.03345869,0.03345869,0.03345869,0.03345869,0.03345869,0.03345869,0.03345869,0.03345869,0.03345869,0.0334587,0.0334587,0.0334587,0.0334587,0.0334587,0.0334587,0.0334587,0.0334587,0.0334587,0.0334587,0.0334587,0.0334587,0.0334587,0.0334587,0.0334587,0.0334587,0.0334587,0.0334587,0.0334587,0.0334587,0.0334587,0.0334587,0.0334587,0.03345871,0.03345871,0.03345871,0.03345871,0.03345871,0.03345871,0.03345871,0.03345871,0.03345871,0.03345871,0.03345871,0.03345871,0.03345871,0.03345871,0.03345871,0.03345871,0.03345871,0.03345871,0.03345871,0.03345871,0.03345871,0.03345871,0.03345871,0.03345871,0.03345871,0.03345871,0.03345871,0.03345871,0.03345871,0.03345871,0.03345871,0.03345871,0.03345871,0.03345871,0.03345871,0.03345871,0.03345871,0.03345871,0.03345871,0.03345871,0.03345871,0.03345871,0.03345871,0.03345871,0.03345871,0.03345871,0.03345871,0.03345871,0.03345871,0.03345871,0.03345871,0.03345871,0.03345871,0.03345871,0.03345871,0.03345871,0.03345871,0.03345871,0.03345871,0.03345871,0.03345871,0.0334587,0.0334587,0.0334587,0.0334587,0.0334587,0.0334587,0.0334587,0.0334587,0.0334587,0.0334587,0.03345869,0.03345869,0.03345869,0.03345869,0.03345869,0.03345869,0.03345869,0.03345868,0.03345868,0.03345868,0.03345868,0.03345868,0.03345867,0.03345867,0.03345867,0.03345867,0.03345867,0.03345867,0.03345866,0.03345866,0.03345866,0.03345866,0.03345866,0.03345866,0.03345866,0.03345865,0.03345865,0.03345865,0.03345865,0.03345865,0.03345865,0.03345865,0.03345864,0.03345864,0.03345864,0.03345864,0.03345864,0.03345864,0.03345864,0.03345864,0.03345863,0.03345863,0.03345863,0.03345863,0.03345863,0.03345863,0.03345863,0.03345863,0.03345863,0.03345862,0.03345862,0.03345862,0.03345862,0.03345862,0.03345862,0.03345862,0.03345862,0.03345862,0.03345862,0.03345862,0.03345862,0.03345862,0.03345862,0.03345862,0.03345862,0.03345862,0.03345862,0.03345862,0.03345862,0.03345862,0.03345862,0.03345862,0.03345862,0.03345862,0.03345862,0.03345862,0.03345862,0.03345862,0.03345862,0.03345862,0.03345862,0.03345862,0.03345862,0.03345862,0.03345862,0.03345862,0.03345862,0.03345862,0.03345862,0.03345862,0.03345862,0.03345862,0.03345862,0.03345862,0.03345862,0.03345862,0.03345862,0.03345862,0.03345862],"instab":[null,null,null,null,8.436523,7.703113,7.132457,6.668841,6.287068,5.963084,5.683074,5.436725,5.222707,5.037146,4.866364,4.713657,4.573796,4.579481,4.45222,4.333478,0.962986,1.032117,1.041708,1.096978,1.240897,1.310589,1.331586,1.34262,1.376435,1.398582,1.413449,1.418093,1.626763,1.635047,1.657553,1.665876,1.670996,1.450643,1.41806,1.438365,1.422661,1.36208,1.358215,1.344025,1.245428,1.175931,1.153804,1.133293,1.210101,1.219285,1.210773,1.197403,0.926322,0.926745,0.902044,0.893593,0.88753,0.898403,0.893303,0.864513,0.869215,0.873943,0.87011,0.824433,0.869778,0.884531,0.861992,0.87014,0.748429,0.656102,0.643162,0.644062,0.666689,0.648175,0.603162,0.604836,0.594868,0.567623,0.567369,0.557556,0.542853,0.517311,0.495125,0.478655,0.378939,0.330039,0.39761,0.386065,0.377354,0.425085,0.516155,0.636824,0.598746,0.624614,0.63334,0.641922,0.635601,0.644037,0.647072,0.647895,0.650187,0.652279,0.651423,0.658782,0.657857,0.657747,0.623263,0.620263,0.618083,0.589176,0.513845,0.319846,0.297214,0.278221,0.279206,0.317966,0.337539,0.350778,0.35213,0.346195,0.341515,0.336103,0.326511,0.302259,0.283678,0.285579,0.283859,0.286248,0.290511,0.285164,0.272956,0.264508,0.262481,0.256032,0.257448,0.237309,0.239075,0.218141,0.21058,0.197802,0.207931,0.21455,0.215995,0.215474,0.216558,0.221891,0.219824,0.220012,0.225538,0.230702,0.227468,0.219754,0.19889,0.159016,0.112913,0.092967,0.091894,0.093502,0.101866,0.100452,0.099177,0.096478,0.096361,0.091306,0.100438,0.098314,0.09566,0.095716,0.093557,0.083712,0.083556,0.076724,0.079241,0.089273,0.10384,0.121768,0.128689,0.140721,0.141481,0.145248,0.142093,0.140743,0.139511,0.139018,0.124444,0.124233,0.119145,0.11511,0.111265,0.114326,0.127823,0.13819,0.145815,0.152032,0.155498,0.153856,0.153575,0.14246,0.129762,0.115578,0.10946,0.104373,0.100603,0.093626,0.082413,0.060725,0.047646,0.040835,0.041289,0.042023,0.0389,0.039472,0.077591,0.08523,0.084135,0.093637,0.09568,0.096394,0.104505,0.108076],