{"word":"nuclear","years":[1800,1801,1802,1803,1804,1805,1806,1807,1808,1809,1810,1811,1812,1813,1814,1815,1816,1817,1818,1819,1820,1821,1822,1823,1824,1825,1826,1827,1828,1829,1830,1831,1832,1833,1834,1835,1836,1837,1838,1839,1840,1841,1842,1843,1844,1845,1846,1847,1848,1849,1850,1851,1852,1853,1854,1855,1856,1857,1858,1859,1860,1861,1862,1863,1864,1865,1866,1867,1868,1869,1870,1871,1872,1873,1874,1875,1876,1877,1878,1879,1880,1881,1882,1883,1884,1885,1886,1887,1888,1889,1890,1891,1892,1893,1894,1895,1896,1897,1898,1899,1900,1901,1902,1903,1904,1905,1906,1907,1908,1909,1910,1911,1912,1913,1914,1915,1916,1917,1918,1919,1920,1921,1922,1923,1924,1925,1926,1927,1928,1929,1930,1931,1932,1933,1934,1935,1936,1937,1938,1939,1940,1941,1942,1943,1944,1945,1946,1947,1948,1949,1950,1951,1952,1953,1954,1955,1956,1957,1958,1959,1960,1961,1962,1963,1964,1965,1966,1967,1968,1969,1970,1971,1972,1973,1974,1975,1976,1977,1978,1979,1980,1981,1982,1983,1984,1985,1986,1987,1988,1989,1990,1991,1992,1993,1994,1995,1996,1997,1998,1999,2000,2001,2002,2003,2004,2005,2006,2007,2008],"level":[-17.878847,-17.941596,-17.940377,-17.880995,-17.94464,-17.941328,-17.870314,-17.958879,-17.974918,-18.143761,-18.246118,-18.33916,-18.362836,-18.402625,-18.386794,-18.306695,-18.162047,-17.943708,-17.838572,-17.889257,-18.104541,-18.324878,-18.473865,-18.538545,-18.62573,-18.629672,-18.710433,-18.72456,-18.670725,-18.719031,-18.691529,-18.57893,-18.480165,-18.620759,-18.677654,-18.655303,-18.709759,-18.676624,-18.558366,-18.585354,-18.512016,-18.3899,-18.160814,-17.874968,-17.619158,-17.378315,-17.324538,-17.200314,-17.089458,-16.918589,-16.779727,-16.639836,-16.556374,-16.457075,-16.388242,-16.378211,-16.374204,-16.375978,-16.382851,-16.380113,-16.358703,-16.317439,-16.288806,-16.209491,-16.207816,-16.168022,-16.124489,-16.058911,-15.988916,-15.939813,-15.90525,-15.873341,-15.830161,-15.745104,-15.680229,-15.601588,-15.48585,-15.339665,-15.155469,-15.01825,-14.919683,-14.812642,-14.73063,-14.636362,-14.600401,-14.562259,-14.514271,-14.478023,-14.436686,-14.363757,-14.300136,-14.238562,-14.173435,-14.098841,-14.052391,-13.995048,-13.927155,-13.870337,-13.813023,-13.761297,-13.718052,-13.684613,-13.656316,-13.623175,-13.590658,-13.575995,-13.569864,-13.562461,-13.547418,-13.536271,-13.547679,-13.562369,-13.580447,-13.593286,-13.604307,-13.608691,-13.624848,-13.635477,-13.636242,-13.626125,-13.602203,-13.568719,-13.527096,-13.483178,-13.437935,-13.393709,-13.35388,-13.325364,-13.30163,-13.262576,-13.223826,-13.165686,-13.113667,-13.05789,-13.019567,-12.982165,-12.943648,-12.899029,-12.85453,-12.797151,-12.731277,-12.661091,-12.566807,-12.46534,-12.342636,-12.181815,-11.997102,-11.879096,-11.773943,-11.660525,-11.544117,-11.428564,-11.30184,-11.161073,-11.006992,-10.846284,-10.699747,-10.561952,-10.436916,-10.334758,-10.248387,-10.170117,-10.099304,-10.039319,-9.990037,-9.947003,-9.912907,-9.884744,-9.862299,-9.843138,-9.825911,-9.805036,-9.78252,-9.75494,-9.722349,-9.696472,-9.678137,-9.665474,-9.659773,-9.654346,-9.651368,-9.650517,-9.648066,-9.654294,-9.668355,-9.687523,-9.709052,-9.735311,-9.766101,-9.800215,-9.830543,-9.857186,-9.884706,-9.917237,-9.952312,-9.990028,-10.034407,-10.085073,-10.125804,-10.158081,-10.182174,-10.199973,-10.209522,-10.213186,-10.20603,-10.19398,-10.173944,-10.148031,-10.117237],"drift":[0.03731541,0.03731541,0.03731541,0.03731541,0.03731541,0.03731541,0.03731541,0.03731541,0.03731541,0.03731541,0.03731541,0.03731541,0.03731541,0.03731541,0.03731541,0.03731541,0.03731541,0.03731541,0.03731541,0.03731542,0.03731542,0.03731542,0.03731542,0.03731542,0.03731542,0.03731542,0.03731542,0.03731542,0.03731542,0.03731542,0.03731542,0.03731542,0.03731543,0.03731543,0.03731543,0.03731543,0.03731543,0.03731543,0.03731543,0.03731543,0.03731543,0.03731544,0.03731544,0.03731544,0.03731544,0.03731544,0.03731544,0.03731544,0.03731544,0.03731544,0.03731544,0.03731544,0.03731544,0.03731544,0.03731544,0.03731544,0.03731544,0.03731544,0.03731544,0.03731544,0.03731544,0.03731544,0.03731544,0.03731544,0.03731545,0.03731545,0.03731545,0.03731545,0.03731545,0.03731545,0.03731545,0.03731545,0.03731545,0.03731545,0.03731545,0.03731545,0.03731545,0.03731545,0.03731545,0.03731545,0.03731545,0.03731545,0.03731545,0.03731545,0.03731545,0.03731545,0.03731545,0.03731545,0.03731545,0.03731545,0.03731545,0.03731545,0.03731545,0.03731545,0.03731545,0.03731545,0.03731545,0.03731545,0.03731545,0.03731545,0.03731545,0.03731545,0.03731545,0.03731545,0.03731545,0.03731545,0.03731545,0.03731545,0.03731545,0.03731545,0.03731544,0.03731544,0.03731544,0.03731544,0.03731544,0.03731544,0.03731544,0.03731544,0.03731544,0.03731545,0.03731545,0.03731545,0.03731545,0.03731545,0.03731545,0.03731545,0.03731545,0.03731545,0.03731545,0.03731545,0.03731545,0.03731545,0.03731545,0.03731545,0.03731545,0.03731545,0.03731545,0.03731545,0.03731545,0.03731545,0.03731545,0.03731545,0.03731545,0.03731545,0.03731545,0.03731545,0.03731545,0.03731545,0.03731545,0.03731545,0.03731545,0.03731544,0.03731544,0.03731544,0.03731544,0.03731544,0.03731544,0.03731544,0.03731544,0.03731544,0.03731544,0.03731544,0.03731544,0.03731544,0.03731544,0.03731543,0.03731543,0.03731543,0.03731543,0.03731543,0.03731543,0.03731543,0.03731543,0.03731543,0.03731543,0.03731543,0.03731543,0.03731542,0.03731542,0.03731542,0.03731542,0.03731542,0.03731542,0.03731542,0.03731542,0.03731542,0.03731542,0.03731542,0.03731542,0.03731542,0.03731542,0.03731542,0.03731541,0.03731541,0.03731541,0.03731541,0.03731541,0.03731541,0.03731541,0.03731541,0.03731541,0.03731541,0.03731541,0.03731541,0.03731541,0.03731541,0.03731541,0.03731541,0.03731541],"instab":[null,null,null,null,8.406985,7.559246,7.358921,6.825376,6.556496,6.209904,5.892377,5.621055,5.403321,5.191352,5.003032,4.836253,4.686713,4.68324,4.660876,4.592711,2.731874,2.691581,2.68955,2.375499,2.359797,2.382557,2.169992,2.120699,2.078037,2.015085,2.029947,2.011638,2.335597,2.394002,2.426128,2.449694,2.495455,2.351745,2.334341,2.261389,2.250597,2.193408,2.13426,2.193933,2.175289,2.399406,2.384153,2.358445,2.319009,2.288929,2.251724,2.263591,1.964228,1.868456,1.803561,1.788027,1.702944,1.649576,1.513721,1.418851,1.418768,1.350551,1.397392,1.374904,1.38544,0.90261,0.857026,0.844628,0.824659,0.777067,0.771726,0.685462,0.710621,0.692867,0.619637,0.62735,0.627679,0.627986,0.73538,0.773463,0.762979,0.777614,0.730865,0.692716,0.648026,0.653711,0.639093,0.644358,0.666405,0.665838,0.665356,0.659805,0.624749,0.625968,0.629316,0.613329,0.6058,0.599765,0.501327,0.435353,0.435371,0.405812,0.410167,0.275507,0.279315,0.272295,0.275837,0.286354,0.24354,0.239992,0.246588,0.253823,0.271507,0.225931,0.237247,0.236576,0.231285,0.243073,0.243294,0.237626,0.223822,0.217301,0.220554,0.222448,0.201503,0.208204,0.22816,0.229504,0.233723,0.213937,0.218252,0.236219,0.231702,0.260843,0.25332,0.25285,0.242788,0.227467,0.215134,0.196974,0.189735,0.197929,0.200909,0.201924,0.212548,0.213687,0.505229,0.521105,0.50979,0.510691,0.499355,0.499222,0.497729,0.494267,0.496234,0.515337,0.517833,0.52361,0.521551,0.514059,0.508378,0.481544,0.477659,0.463171,0.434199,0.434627,0.250231,0.255987,0.269845,0.288094,0.31222,0.327519,0.345298,0.359892,0.358935,0.326612,0.306786,0.277508,0.224131,0.189771,0.176166,0.167972,0.144054,0.121821,0.114418,0.10606,0.102429,0.101071,0.105734,0.125165,0.138285,0.141945,0.142423,0.145335,0.134601,0.120002,0.110923,0.131692,0.144977,0.148938,0.147446,0.148504,0.131847,0.118946,0.115649,0.115352,0.117998,0.125829,0.133609],