{"word":"nuclear","years":[1800,1801,1802,1803,1804,1805,1806,1807,1808,1809,1810,1811,1812,1813,1814,1815,1816,1817,1818,1819,1820,1821,1822,1823,1824,1825,1826,1827,1828,1829,1830,1831,1832,1833,1834,1835,1836,1837,1838,1839,1840,1841,1842,1843,1844,1845,1846,1847,1848,1849,1850,1851,1852,1853,1854,1855,1856,1857,1858,1859,1860,1861,1862,1863,1864,1865,1866,1867,1868,1869,1870,1871,1872,1873,1874,1875,1876,1877,1878,1879,1880,1881,1882,1883,1884,1885,1886,1887,1888,1889,1890,1891,1892,1893,1894,1895,1896,1897,1898,1899,1900,1901,1902,1903,1904,1905,1906,1907,1908,1909,1910,1911,1912,1913,1914,1915,1916,1917,1918,1919,1920,1921,1922,1923,1924,1925,1926,1927,1928,1929,1930,1931,1932,1933,1934,1935,1936,1937,1938,1939,1940,1941,1942,1943,1944,1945,1946,1947,1948,1949,1950,1951,1952,1953,1954,1955,1956,1957,1958,1959,1960,1961,1962,1963,1964,1965,1966,1967,1968,1969,1970,1971,1972,1973,1974,1975,1976,1977,1978,1979,1980,1981,1982,1983,1984,1985,1986,1987,1988,1989,1990,1991,1992,1993,1994,1995,1996,1997,1998,1999,2000,2001,2002,2003,2004,2005,2006,2007,2008,2009,2010,2011,2012,2013,2014,2015,2016,2017,2018,2019],"level":[-17.860469,-17.928567,-17.929595,-17.869697,-17.93685,-17.934111,-17.860737,-17.952435,-17.968534,-18.142844,-18.248118,-18.343833,-18.367823,-18.408798,-18.39239,-18.309595,-18.159978,-17.933787,-17.824527,-17.876202,-18.097969,-18.32463,-18.477243,-18.542557,-18.631437,-18.634247,-18.717011,-18.730985,-18.674784,-18.724783,-18.696429,-18.580038,-18.478062,-18.624337,-18.683955,-18.661682,-18.719447,-18.686844,-18.56646,-18.59722,-18.524512,-18.401859,-18.16885,-17.877375,-17.617195,-17.37244,-17.321475,-17.197249,-17.08673,-16.913795,-16.773814,-16.632451,-16.549245,-16.449225,-16.380398,-16.372165,-16.369861,-16.373323,-16.381934,-16.380524,-16.359761,-16.318454,-16.290308,-16.209652,-16.209567,-16.170022,-16.126704,-16.06063,-15.990064,-15.941238,-15.907574,-15.876789,-15.834494,-15.748977,-15.684608,-15.606189,-15.489524,-15.341462,-15.154054,-15.015316,-14.916528,-14.808778,-14.726792,-14.631884,-14.597238,-14.56016,-14.512753,-14.477446,-14.436829,-14.363438,-14.299688,-14.238039,-14.172674,-14.097447,-14.051347,-13.993889,-13.925423,-13.868355,-13.810668,-13.758651,-13.715295,-13.681965,-13.65383,-13.620536,-13.587748,-13.573331,-13.567624,-13.560477,-13.545297,-13.534047,-13.546081,-13.561435,-13.580255,-13.593629,-13.605134,-13.609796,-13.626734,-13.638037,-13.639241,-13.629314,-13.605233,-13.571391,-13.529247,-13.484837,-13.439141,-13.394564,-13.354596,-13.326404,-13.303231,-13.264245,-13.225665,-13.167063,-13.114886,-13.058876,-13.021028,-12.984214,-12.946353,-12.902304,-12.858555,-12.801656,-12.736183,-12.666499,-12.572098,-12.470527,-12.347197,-12.18456,-11.997278,-11.879222,-11.77451,-11.661252,-11.544931,-11.429539,-11.302609,-11.161149,-11.005878,-10.84367,-10.696027,-10.557258,-10.431475,-10.329141,-10.242888,-10.164747,-10.094056,-10.034321,-9.985423,-9.942764,-9.909151,-9.881495,-9.859598,-9.840964,-9.824221,-9.803602,-9.781204,-9.753481,-9.720481,-9.694347,-9.675926,-9.663272,-9.657725,-9.652351,-9.649414,-9.648578,-9.645979,-9.652274,-9.666588,-9.686108,-9.708002,-9.734747,-9.766164,-9.801033,-9.832017,-9.859256,-9.887516,-9.921126,-9.957584,-9.997063,-10.043832,-10.097628,-10.141785,-10.178024,-10.206836,-10.230436,-10.247102,-10.259669,-10.263492,-10.265305,-10.262643,-10.25862,-10.25544,-10.252875,-10.24982,-10.249282,-10.245096,-10.253746,-10.27018,-10.279783,-10.2834,-10.2815,-10.272586,-10.250556],"drift":[0.03474845,0.03474845,0.03474845,0.03474845,0.03474845,0.03474845,0.03474845,0.03474845,0.03474845,0.03474845,0.03474845,0.03474845,0.03474845,0.03474845,0.03474845,0.03474845,0.03474845,0.03474845,0.03474845,0.03474845,0.03474845,0.03474845,0.03474845,0.03474845,0.03474845,0.03474845,0.03474845,0.03474846,0.03474846,0.03474846,0.03474846,0.03474846,0.03474846,0.03474846,0.03474846,0.03474846,0.03474846,0.03474846,0.03474846,0.03474846,0.03474846,0.03474846,0.03474847,0.03474847,0.03474847,0.03474847,0.03474847,0.03474847,0.03474847,0.03474847,0.03474847,0.03474847,0.03474847,0.03474847,0.03474847,0.03474847,0.03474847,0.03474847,0.03474847,0.03474847,0.03474847,0.03474847,0.03474847,0.03474847,0.03474847,0.03474847,0.03474847,0.03474847,0.03474847,0.03474847,0.03474847,0.03474847,0.03474847,0.03474847,0.03474847,0.03474847,0.03474847,0.03474847,0.03474847,0.03474847,0.03474847,0.03474847,0.03474847,0.03474847,0.03474847,0.03474847,0.03474847,0.03474847,0.03474847,0.03474847,0.03474847,0.03474847,0.03474847,0.03474847,0.03474847,0.03474847,0.03474847,0.03474847,0.03474847,0.03474847,0.03474847,0.03474847,0.03474847,0.03474847,0.03474847,0.03474847,0.03474847,0.03474847,0.03474847,0.03474847,0.03474847,0.03474847,0.03474847,0.03474847,0.03474847,0.03474847,0.03474847,0.03474847,0.03474847,0.03474847,0.03474847,0.03474847,0.03474847,0.03474847,0.03474847,0.03474847,0.03474847,0.03474847,0.03474847,0.03474847,0.03474847,0.03474847,0.03474847,0.03474847,0.03474847,0.03474847,0.03474847,0.03474847,0.03474847,0.03474847,0.03474847,0.03474847,0.03474846,0.03474846,0.03474846,0.03474846,0.03474846,0.03474846,0.03474846,0.03474846,0.03474846,0.03474846,0.03474846,0.03474846,0.03474846,0.03474846,0.03474846,0.03474846,0.03474846,0.03474846,0.03474846,0.03474846,0.03474846,0.03474845,0.03474845,0.03474845,0.03474845,0.03474845,0.03474845,0.03474845,0.03474845,0.03474845,0.03474845,0.03474845,0.03474845,0.03474845,0.03474845,0.03474844,0.03474844,0.03474844,0.03474844,0.03474844,0.03474844,0.03474844,0.03474844,0.03474844,0.03474844,0.03474844,0.03474844,0.03474844,0.03474844,0.03474844,0.03474844,0.03474844,0.03474843,0.03474843,0.03474843,0.03474843,0.03474843,0.03474843,0.03474843,0.03474843,0.03474843,0.03474843,0.03474843,0.03474843,0.03474843,0.03474843,0.03474843,0.03474843,0.03474843,0.03474843,0.03474843,0.03474843,0.03474843,0.03474843,0.03474843,0.03474843,0.03474843,0.03474843],"instab":[null,null,null,null,8.406888,7.559208,7.359048,6.825563,6.556765,6.210241,5.892713,5.621347,5.403722,5.191739,5.003416,4.836651,4.687123,4.683709,4.660881,4.592154,2.731679,2.692111,2.689941,2.375805,2.359856,2.382986,2.170167,2.120549,2.078359,2.015241,2.03002,2.012002,2.336041,2.395342,2.427689,2.451378,2.497268,2.353209,2.337019,2.265489,2.254269,2.196432,2.137265,2.196943,2.178239,2.400869,2.386464,2.360917,2.321283,2.29118,2.254307,2.265839,1.965958,1.869472,1.804547,1.788869,1.704113,1.65144,1.514205,1.41935,1.419356,1.351855,1.398381,1.375653,1.385695,0.902855,0.855751,0.843573,0.823295,0.775941,0.770757,0.685107,0.710025,0.693072,0.620924,0.628604,0.628936,0.629223,0.736567,0.774143,0.763629,0.777988,0.731402,0.692371,0.64768,0.653597,0.639103,0.644481,0.666428,0.665866,0.665385,0.659848,0.624928,0.626055,0.629462,0.613616,0.606284,0.600417,0.501245,0.435304,0.435319,0.406011,0.410233,0.276377,0.280091,0.27281,0.276425,0.286718,0.24363,0.240149,0.246684,0.253819,0.271308,0.225474,0.236453,0.235792,0.230329,0.241956,0.242055,0.236316,0.222619,0.216281,0.219673,0.22175,0.201133,0.208025,0.227843,0.228964,0.233352,0.213651,0.218029,0.235928,0.231255,0.260208,0.252607,0.252073,0.242049,0.226775,0.214714,0.196853,0.189852,0.198272,0.201274,0.202279,0.21283,0.21396,0.505388,0.520896,0.509543,0.510363,0.498984,0.498846,0.497404,0.493856,0.495776,0.514741,0.517117,0.522762,0.520591,0.513146,0.507648,0.481214,0.477564,0.463478,0.435182,0.435896,0.249853,0.255405,0.269015,0.287003,0.3108,0.325773,0.343215,0.357492,0.356355,0.32366,0.303697,0.274367,0.220845,0.186651,0.173331,0.165412,0.141955,0.120214,0.113181,0.105228,0.101873,0.100714,0.10539,0.124671,0.137503,0.141039,0.141437,0.144254,0.133435,0.118867,0.109865,0.13076,0.143948,0.14784,0.146338,0.14736,0.130814,0.118055,0.115074,0.114949,0.117801,0.125739,0.133504,0.13642,0.142807,0.14384,0.169102,0.176437,0.177567,0.177658,0.177654,0.157531,0.144739,0.133321],