{"word":"parliament","years":[1800,1801,1802,1803,1804,1805,1806,1807,1808,1809,1810,1811,1812,1813,1814,1815,1816,1817,1818,1819,1820,1821,1822,1823,1824,1825,1826,1827,1828,1829,1830,1831,1832,1833,1834,1835,1836,1837,1838,1839,1840,1841,1842,1843,1844,1845,1846,1847,1848,1849,1850,1851,1852,1853,1854,1855,1856,1857,1858,1859,1860,1861,1862,1863,1864,1865,1866,1867,1868,1869,1870,1871,1872,1873,1874,1875,1876,1877,1878,1879,1880,1881,1882,1883,1884,1885,1886,1887,1888,1889,1890,1891,1892,1893,1894,1895,1896,1897,1898,1899,1900,1901,1902,1903,1904,1905,1906,1907,1908,1909,1910,1911,1912,1913,1914,1915,1916,1917,1918,1919,1920,1921,1922,1923,1924,1925,1926,1927,1928,1929,1930,1931,1932,1933,1934,1935,1936,1937,1938,1939,1940,1941,1942,1943,1944,1945,1946,1947,1948,1949,1950,1951,1952,1953,1954,1955,1956,1957,1958,1959,1960,1961,1962,1963,1964,1965,1966,1967,1968,1969,1970,1971,1972,1973,1974,1975,1976,1977,1978,1979,1980,1981,1982,1983,1984,1985,1986,1987,1988,1989,1990,1991,1992,1993,1994,1995,1996,1997,1998,1999,2000,2001,2002,2003,2004,2005,2006,2007,2008],"level":[-9.995552,-9.926417,-9.998188,-10.076258,-9.99688,-9.87347,-9.962219,-9.960973,-9.92313,-9.868489,-9.802243,-9.8578,-9.83043,-9.837055,-9.905679,-10.019397,-9.89616,-9.805865,-9.868638,-9.974901,-10.026265,-10.108765,-10.172275,-10.360705,-10.465894,-10.52309,-10.452781,-10.3804,-10.430115,-10.547268,-10.713741,-10.841029,-10.963311,-10.970898,-10.965321,-10.947353,-10.885712,-10.923097,-10.971288,-10.935006,-10.921078,-10.944829,-10.950828,-10.945975,-10.894809,-10.872524,-10.841848,-10.850651,-10.923053,-11.107977,-11.200969,-11.213332,-11.265472,-11.283699,-11.303076,-11.3891,-11.42802,-11.529769,-11.611178,-11.651704,-11.771415,-11.998258,-12.18683,-12.284708,-12.241683,-12.266763,-12.320709,-12.357078,-12.356631,-12.246155,-12.140658,-12.160189,-12.153258,-12.045158,-12.040583,-12.044669,-12.082613,-12.172704,-12.094928,-12.011116,-11.910661,-11.948552,-11.971622,-11.959264,-12.029316,-12.085372,-12.112526,-12.067071,-12.064432,-12.140113,-12.147019,-12.268421,-12.375794,-12.37613,-12.414842,-12.439812,-12.516919,-12.532574,-12.506812,-12.530126,-12.597169,-12.663963,-12.715633,-12.764255,-12.808827,-12.830565,-12.827577,-12.77884,-12.717638,-12.500019,-12.30386,-12.362366,-12.710774,-12.94954,-13.126183,-13.274697,-13.38469,-13.407667,-13.387554,-13.33104,-13.28515,-13.173752,-13.206057,-13.219028,-13.205766,-13.133483,-12.989818,-13.080016,-13.093316,-13.006665,-13.106513,-13.189096,-13.23558,-13.296522,-13.32359,-13.334241,-13.293134,-13.242308,-13.360652,-13.428533,-13.416573,-13.446802,-13.509551,-13.49048,-13.445958,-13.444219,-13.343545,-13.304379,-13.344659,-13.303249,-13.13491,-13.191597,-13.206565,-13.248862,-13.280075,-13.388011,-13.408733,-13.390327,-13.406739,-13.398869,-13.337115,-13.296512,-13.228037,-13.148068,-13.009148,-12.944216,-12.818725,-12.845148,-12.764309,-12.814798,-12.79174,-12.926402,-13.041169,-13.103695,-13.23854,-13.329855,-13.39415,-13.43274,-13.445137,-13.436823,-13.437452,-13.420491,-13.415752,-13.391635,-13.399179,-13.379067,-13.313182,-13.236387,-13.117572,-12.942311,-12.699997,-12.511629,-12.365274,-12.317543,-12.386184,-12.481759,-12.612651,-12.746212,-12.80922,-12.811298,-12.790546,-12.814108,-12.799221,-12.768423,-12.724553,-12.66492,-12.59391,-12.597567,-12.577122],"drift":[-0.0167189,-0.01672557,-0.01672796,-0.01672559,-0.01673069,-0.01674668,-0.01675707,-0.01676887,-0.0167849,-0.01680649,-0.01683454,-0.01685958,-0.01688805,-0.01691732,-0.01694258,-0.01696031,-0.01698894,-0.0170259,-0.01705931,-0.01708579,-0.01710961,-0.01712834,-0.01714346,-0.01714527,-0.01714024,-0.01713209,-0.01713074,-0.01713635,-0.01713942,-0.01713472,-0.01711841,-0.01709354,-0.01706049,-0.01702818,-0.01699763,-0.01696979,-0.01694806,-0.01692475,-0.016899,-0.01687739,-0.01685817,-0.01683842,-0.01681951,-0.01680229,-0.01679034,-0.01678144,-0.01677623,-0.01677163,-0.01676271,-0.01674072,-0.0167128,-0.01668522,-0.01665488,-0.01662442,-0.01659375,-0.01655768,-0.01651987,-0.01647544,-0.01642596,-0.0163746,-0.01631521,-0.01623946,-0.01615031,-0.01605481,-0.0159639,-0.01587229,-0.01577771,-0.01568153,-0.01558661,-0.01550149,-0.01542577,-0.01534973,-0.01527542,-0.01521071,-0.01514753,-0.01508521,-0.01502112,-0.01495119,-0.01488846,-0.01483342,-0.01478733,-0.01473944,-0.01469091,-0.01464448,-0.01459375,-0.01453979,-0.01448485,-0.01443457,-0.01438562,-0.0143319,-0.01427876,-0.01421729,-0.01414858,-0.01408095,-0.0140114,-0.013941,-0.01386568,-0.01379023,-0.01371786,-0.01364473,-0.01356746,-0.01348605,-0.01340167,-0.01331456,-0.01322501,-0.0131348,-0.01304585,-0.0129617,-0.01288331,-0.01282284,-0.01277861,-0.01273084,-0.01265696,-0.01256551,-0.01246131,-0.01234653,-0.01222416,-0.01210096,-0.01198026,-0.01186488,-0.01175399,-0.01165268,-0.01154976,-0.01144673,-0.01134562,-0.01125101,-0.01116845,-0.01107974,-0.01099086,-0.01090956,-0.01082136,-0.01072757,-0.01063101,-0.01053054,-0.01042878,-0.010327,-0.01022922,-0.01013619,-0.01003474,-0.0099288,-0.00982456,-0.00971874,-0.00960879,-0.00950107,-0.00939755,-0.0092949,-0.0092008,-0.00911045,-0.00901768,-0.00892884,-0.00885377,-0.00877498,-0.00869571,-0.00861383,-0.00853019,-0.00843883,-0.00834651,-0.00825627,-0.0081654,-0.00807577,-0.00799157,-0.00791115,-0.00783667,-0.00776901,-0.00771276,-0.00766215,-0.00762189,-0.00758017,-0.00754532,-0.00750714,-0.00747133,-0.00742564,-0.0073716,-0.00731327,-0.00724503,-0.00717025,-0.00709104,-0.00700937,-0.00692729,-0.00684639,-0.00676598,-0.00668741,-0.00660972,-0.00653443,-0.00645906,-0.00638575,-0.00631806,-0.00625683,-0.00620533,-0.00616793,-0.00614984,-0.00614688,-0.00615577,-0.00616884,-0.00617707,-0.00617834,-0.00616992,-0.0061516,-0.00612885,-0.00610642,-0.00608608,-0.00606439,-0.00604432,-0.00602711,-0.00601378,-0.00600556,-0.00600332,-0.00600126,-0.00600126],"instab":[null,null,null,null,4.545228,4.288545,3.933759,3.676367,3.471191,3.298689,3.166269,3.022076,2.907842,2.805404,2.709045,2.61843,2.550668,2.49471,2.427511,2.362891,0.611428,0.582183,0.520074,0.503872,0.502925,0.434446,0.420169,0.446181,0.447406,0.446572,0.436189,0.429337,0.439185,0.436585,0.438355,0.382125,0.38956,0.348836,0.351763,0.349615,0.355471,0.352548,0.346211,0.312796,0.309773,0.289352,0.290153,0.261995,0.265028,0.305539,0.300752,0.297113,0.267654,0.267652,0.27107,0.280341,0.257245,0.262876,0.259626,0.259378,0.256016,0.285909,0.315615,0.334935,0.343897,0.344985,0.336149,0.327458,0.318669,0.312253,0.350518,0.347718,0.348785,0.381705,0.378894,0.375646,0.375094,0.399869,0.400014,0.399955,0.43076,0.407112,0.375073,0.345254,0.344481,0.349467,0.354324,0.354445,0.347262,0.357231,0.334466,0.342502,0.361832,0.335674,0.335864,0.335895,0.342366,0.307044,0.308573,0.30671,0.259888,0.261036,0.260522,0.24673,0.24588,0.24417,0.240011,0.231492,0.223443,0.262876,0.384398,0.412554,0.474116,0.501746,0.51164,0.517421,0.522522,0.522609,0.517582,0.519921,0.519819,0.54975,0.549781,0.549701,0.549478,0.549279,0.601599,0.609775,0.610013,0.621301,0.550121,0.516456,0.456708,0.431097,0.418989,0.408942,0.392937,0.414789,0.428068,0.436716,0.43778,0.405604,0.413495,0.413218,0.416711,0.421447,0.354405,0.352375,0.353027,0.303776,0.393237,0.39198,0.391847,0.389163,0.389484,0.406216,0.407701,0.380446,0.369582,0.36019,0.361329,0.361233,0.350285,0.350154,0.365958,0.358297,0.381698,0.390283,0.397762,0.401703,0.34248,0.349948,0.366249,0.364645,0.378719,0.366251,0.368308,0.36859,0.368411,0.36728,0.363938,0.364441,0.36307,0.365019,0.340585,0.340774,0.288129,0.27911,0.239246,0.23768,0.264851,0.282887,0.294541,0.306696,0.284137,0.27483,0.281523,0.311737,0.324434,0.32633,0.326064,0.331178,0.330931,0.330261,0.328335,0.326455,0.333475,0.335967,0.335989],