{"word":"parliament","years":[1800,1801,1802,1803,1804,1805,1806,1807,1808,1809,1810,1811,1812,1813,1814,1815,1816,1817,1818,1819,1820,1821,1822,1823,1824,1825,1826,1827,1828,1829,1830,1831,1832,1833,1834,1835,1836,1837,1838,1839,1840,1841,1842,1843,1844,1845,1846,1847,1848,1849,1850,1851,1852,1853,1854,1855,1856,1857,1858,1859,1860,1861,1862,1863,1864,1865,1866,1867,1868,1869,1870,1871,1872,1873,1874,1875,1876,1877,1878,1879,1880,1881,1882,1883,1884,1885,1886,1887,1888,1889,1890,1891,1892,1893,1894,1895,1896,1897,1898,1899,1900,1901,1902,1903,1904,1905,1906,1907,1908,1909,1910,1911,1912,1913,1914,1915,1916,1917,1918,1919,1920,1921,1922,1923,1924,1925,1926,1927,1928,1929,1930,1931,1932,1933,1934,1935,1936,1937,1938,1939,1940,1941,1942,1943,1944,1945,1946,1947,1948,1949,1950,1951,1952,1953,1954,1955,1956,1957,1958,1959,1960,1961,1962,1963,1964,1965,1966,1967,1968,1969,1970,1971,1972,1973,1974,1975,1976,1977,1978,1979,1980,1981,1982,1983,1984,1985,1986,1987,1988,1989,1990,1991,1992,1993,1994,1995,1996,1997,1998,1999,2000,2001,2002,2003,2004,2005,2006,2007,2008,2009,2010,2011,2012,2013,2014,2015,2016,2017,2018,2019],"level":[-9.994104,-9.926538,-9.997596,-10.074658,-9.996353,-9.874575,-9.961817,-9.960425,-9.922867,-9.86871,-9.803221,-9.85785,-9.830948,-9.83766,-9.905554,-10.017768,-9.89642,-9.807566,-9.869819,-9.975238,-10.026785,-10.109131,-10.172927,-10.3598,-10.464516,-10.521586,-10.452769,-10.38191,-10.431624,-10.548153,-10.713474,-10.840166,-10.961649,-10.969784,-10.964602,-10.946992,-10.886306,-10.923197,-10.970742,-10.935023,-10.921292,-10.944681,-10.950559,-10.945673,-10.895136,-10.873109,-10.843018,-10.852134,-10.924277,-11.107482,-11.200107,-11.213148,-11.265244,-11.283905,-11.303755,-11.389364,-11.428721,-11.530086,-11.611534,-11.652876,-11.772458,-11.997722,-12.185149,-12.282807,-12.241242,-12.266484,-12.319996,-12.35596,-12.35532,-12.246015,-12.141532,-12.160272,-12.152988,-12.046095,-12.0413,-12.045234,-12.082631,-12.171302,-12.0944,-12.011374,-11.912046,-11.949215,-11.972008,-11.960068,-12.029424,-12.085036,-12.112099,-12.067598,-12.065362,-12.14044,-12.147967,-12.268391,-12.37499,-12.376038,-12.414778,-12.439959,-12.516444,-12.532313,-12.507342,-12.530784,-12.597423,-12.663873,-12.715394,-12.763812,-12.808076,-12.829611,-12.826491,-12.777996,-12.716942,-12.501803,-12.308327,-12.36674,-12.71167,-12.94903,-13.125099,-13.273117,-13.3827,-13.406019,-13.386385,-13.33053,-13.284919,-13.174768,-13.206242,-13.218724,-13.205273,-13.133579,-12.99168,-13.080356,-13.093483,-13.008332,-13.107109,-13.189069,-13.235483,-13.296052,-13.323118,-13.333849,-13.293511,-13.243703,-13.360688,-13.428018,-13.41662,-13.44669,-13.50867,-13.489853,-13.445763,-13.443648,-13.344008,-13.304975,-13.344235,-13.302982,-13.136772,-13.192449,-13.207338,-13.249323,-13.280524,-13.387293,-13.40802,-13.389998,-13.406077,-13.398025,-13.33667,-13.295938,-13.227576,-13.14773,-13.009768,-12.944749,-12.820318,-12.845791,-12.765958,-12.8158,-12.793612,-12.927129,-13.041291,-13.104087,-13.238108,-13.329145,-13.393345,-13.431967,-13.444542,-13.436518,-13.437153,-13.420354,-13.415493,-13.391454,-13.398457,-13.377991,-13.312123,-13.235149,-13.116417,-12.941768,-12.700973,-12.513531,-12.368011,-12.320362,-12.388068,-12.482863,-12.612737,-12.74525,-12.808043,-12.810511,-12.79025,-12.813456,-12.798616,-12.76791,-12.72416,-12.664762,-12.594105,-12.59693,-12.575829,-12.580305,-12.600121,-12.612792,-12.639724,-12.602966,-12.548519,-12.491111,-12.489337,-12.502785,-12.473673,-12.456426],"drift":[-0.01733927,-0.01734832,-0.01735164,-0.0173486,-0.01735575,-0.01737772,-0.01739225,-0.01740878,-0.01743116,-0.01746117,-0.01750001,-0.0175349,-0.01757452,-0.01761529,-0.01765071,-0.01767606,-0.01771622,-0.01776773,-0.0178145,-0.01785194,-0.01788579,-0.01791277,-0.01793487,-0.01793898,-0.01793384,-0.01792454,-0.01792447,-0.01793386,-0.01793987,-0.01793537,-0.01791518,-0.0178834,-0.01784059,-0.01779881,-0.01775949,-0.01772392,-0.01769671,-0.01766746,-0.01763502,-0.01760826,-0.01758484,-0.01756081,-0.01753802,-0.01751761,-0.01750446,-0.01749551,-0.01749164,-0.01748865,-0.01747985,-0.01745339,-0.01741893,-0.01738493,-0.01734724,-0.01730941,-0.0172713,-0.01722592,-0.01717818,-0.01712148,-0.01705792,-0.01699178,-0.01691471,-0.01681546,-0.01669803,-0.01657198,-0.01645212,-0.01633132,-0.01620657,-0.01607971,-0.01595463,-0.01584289,-0.01574397,-0.01564473,-0.01554793,-0.01546417,-0.01538257,-0.01530218,-0.01521945,-0.01512889,-0.01504813,-0.01497782,-0.01491968,-0.01485917,-0.01479782,-0.01473932,-0.01467499,-0.01460631,-0.0145363,-0.01447258,-0.01441064,-0.01434224,-0.01427456,-0.01419558,-0.01410676,-0.01401932,-0.01392926,-0.013838,-0.01374006,-0.0136419,-0.01354785,-0.01345274,-0.01335198,-0.01324555,-0.01313505,-0.01302079,-0.01290321,-0.01278471,-0.0126679,-0.0125576,-0.01245514,-0.01237692,-0.01232063,-0.01225943,-0.0121628,-0.01204218,-0.01190409,-0.01175151,-0.01158851,-0.01142426,-0.01126332,-0.01110952,-0.01096177,-0.01082691,-0.01068986,-0.01055261,-0.01041792,-0.01029198,-0.01018224,-0.01006415,-0.00994573,-0.00983744,-0.00971967,-0.00959421,-0.00946483,-0.00933001,-0.0091933,-0.00905642,-0.00892481,-0.00879945,-0.00866256,-0.00851943,-0.00837843,-0.00823511,-0.00808606,-0.00793989,-0.00779925,-0.00765967,-0.00753152,-0.00740832,-0.00728174,-0.00716032,-0.00705737,-0.00694924,-0.00684026,-0.00672754,-0.00661221,-0.00648622,-0.00635871,-0.0062338,-0.00610784,-0.00598339,-0.0058661,-0.00575379,-0.00564936,-0.00555404,-0.00547401,-0.00540148,-0.00534278,-0.00528194,-0.00523016,-0.00517363,-0.00512001,-0.00505272,-0.00497381,-0.00488874,-0.00478992,-0.00468191,-0.00456757,-0.00444959,-0.00433075,-0.00421323,-0.00409609,-0.00398117,-0.0038672,-0.0037562,-0.00364485,-0.00353607,-0.00343468,-0.00334185,-0.00326203,-0.00320116,-0.00316627,-0.00315168,-0.00315292,-0.00315958,-0.00315936,-0.00314938,-0.0031259,-0.00308865,-0.00304504,-0.00300148,-0.00296041,-0.00291718,-0.00287584,-0.00283808,-0.00280527,-0.0027791,-0.00276074,-0.00274238,-0.00272656,-0.00271055,-0.00269272,-0.00267382,-0.00265235,-0.00263507,-0.00262386,-0.00261906,-0.00261472,-0.00260923,-0.00260711,-0.00260711],