{"word":"peace","years":[1800,1801,1802,1803,1804,1805,1806,1807,1808,1809,1810,1811,1812,1813,1814,1815,1816,1817,1818,1819,1820,1821,1822,1823,1824,1825,1826,1827,1828,1829,1830,1831,1832,1833,1834,1835,1836,1837,1838,1839,1840,1841,1842,1843,1844,1845,1846,1847,1848,1849,1850,1851,1852,1853,1854,1855,1856,1857,1858,1859,1860,1861,1862,1863,1864,1865,1866,1867,1868,1869,1870,1871,1872,1873,1874,1875,1876,1877,1878,1879,1880,1881,1882,1883,1884,1885,1886,1887,1888,1889,1890,1891,1892,1893,1894,1895,1896,1897,1898,1899,1900,1901,1902,1903,1904,1905,1906,1907,1908,1909,1910,1911,1912,1913,1914,1915,1916,1917,1918,1919,1920,1921,1922,1923,1924,1925,1926,1927,1928,1929,1930,1931,1932,1933,1934,1935,1936,1937,1938,1939,1940,1941,1942,1943,1944,1945,1946,1947,1948,1949,1950,1951,1952,1953,1954,1955,1956,1957,1958,1959,1960,1961,1962,1963,1964,1965,1966,1967,1968,1969,1970,1971,1972,1973,1974,1975,1976,1977,1978,1979,1980,1981,1982,1983,1984,1985,1986,1987,1988,1989,1990,1991,1992,1993,1994,1995,1996,1997,1998,1999,2000,2001,2002,2003,2004,2005,2006,2007,2008],"level":[-8.367448,-8.404224,-8.364548,-8.413515,-8.47253,-8.452236,-8.417091,-8.576136,-8.556785,-8.50195,-8.685526,-8.519422,-8.417547,-8.347783,-8.147303,-8.075446,-8.218647,-8.37128,-8.476128,-8.403787,-8.451266,-8.594827,-8.578903,-8.672709,-8.702785,-8.728002,-8.701282,-8.664458,-8.64334,-8.67121,-8.667063,-8.764101,-9.167865,-8.841748,-8.895285,-8.921783,-8.790431,-8.856479,-8.924671,-8.876555,-8.859698,-8.848992,-8.886183,-8.893261,-8.840255,-8.849654,-8.755862,-8.749527,-8.761755,-8.847266,-8.959602,-8.923363,-8.948876,-8.958368,-8.931283,-8.92223,-8.938727,-8.994769,-9.033369,-9.064078,-9.081719,-8.936514,-9.026899,-9.078338,-9.102466,-9.149963,-9.216644,-9.289377,-9.311238,-9.357094,-9.381346,-9.385446,-9.549963,-9.549441,-9.597207,-9.536654,-9.576824,-9.566296,-9.588617,-9.522846,-9.584012,-9.591889,-9.6872,-9.688778,-9.721063,-9.762453,-9.790965,-9.721005,-9.759555,-9.799354,-9.768924,-9.860753,-9.897154,-9.871021,-9.856434,-9.843936,-9.84108,-9.775536,-9.712858,-9.690264,-9.786443,-9.869097,-9.866134,-9.975574,-9.960176,-9.96844,-10.057472,-10.058851,-10.090664,-10.039435,-9.967413,-9.990291,-10.112828,-10.089843,-9.948745,-9.802511,-9.707326,-9.500234,-9.3539,-9.411607,-9.778719,-9.914695,-10.032813,-10.098315,-10.081611,-10.103858,-10.102868,-10.178725,-10.125523,-10.087396,-10.131855,-10.141043,-10.142174,-10.158863,-10.101541,-10.043997,-10.031706,-9.973668,-9.980927,-9.883364,-9.846371,-9.780998,-9.594349,-9.433778,-9.408176,-9.448305,-9.649128,-9.769252,-9.916684,-9.956393,-9.89403,-9.867704,-10.018563,-10.046812,-10.09724,-10.092975,-10.178699,-10.221479,-10.242831,-10.185412,-10.183998,-10.179999,-10.223034,-10.174511,-10.143612,-10.048021,-10.033894,-10.003288,-9.977217,-9.927828,-9.973253,-9.976566,-10.093954,-10.115079,-10.244394,-10.342052,-10.424828,-10.496474,-10.515468,-10.428786,-10.481033,-10.430147,-10.371819,-10.351461,-10.390046,-10.404675,-10.432336,-10.374462,-10.3801,-10.459433,-10.449019,-10.372115,-10.397611,-10.357145,-10.29264,-10.238285,-10.298519,-10.426558,-10.422765,-10.366522,-10.340618,-10.33981,-10.309979,-10.243228,-10.205546,-10.159371,-10.139683,-10.158917,-10.095904],"drift":[-0.00830996,-0.00830996,-0.00830996,-0.00830996,-0.00830996,-0.00830996,-0.00830996,-0.00830996,-0.00830996,-0.00830996,-0.00830996,-0.00830996,-0.00830996,-0.00830996,-0.00830996,-0.00830996,-0.00830996,-0.00830996,-0.00830996,-0.00830996,-0.00830996,-0.00830996,-0.00830996,-0.00830996,-0.00830996,-0.00830996,-0.00830996,-0.00830996,-0.00830996,-0.00830996,-0.00830996,-0.00830996,-0.00830996,-0.00830996,-0.00830996,-0.00830996,-0.00830996,-0.00830996,-0.00830996,-0.00830996,-0.00830996,-0.00830996,-0.00830996,-0.00830995,-0.00830995,-0.00830995,-0.00830995,-0.00830995,-0.00830995,-0.00830995,-0.00830995,-0.00830995,-0.00830995,-0.00830995,-0.00830995,-0.00830995,-0.00830995,-0.00830995,-0.00830995,-0.00830995,-0.00830995,-0.00830995,-0.00830995,-0.00830995,-0.00830995,-0.00830995,-0.00830995,-0.00830995,-0.00830995,-0.00830994,-0.00830994,-0.00830994,-0.00830994,-0.00830994,-0.00830994,-0.00830994,-0.00830993,-0.00830993,-0.00830993,-0.00830993,-0.00830993,-0.00830993,-0.00830993,-0.00830992,-0.00830992,-0.00830992,-0.00830992,-0.00830992,-0.00830992,-0.00830991,-0.00830991,-0.00830991,-0.00830991,-0.00830991,-0.00830991,-0.0083099,-0.0083099,-0.0083099,-0.0083099,-0.0083099,-0.0083099,-0.0083099,-0.00830989,-0.00830989,-0.00830989,-0.00830989,-0.00830989,-0.00830988,-0.00830988,-0.00830988,-0.00830988,-0.00830988,-0.00830987,-0.00830987,-0.00830987,-0.00830987,-0.00830987,-0.00830987,-0.00830987,-0.00830987,-0.00830987,-0.00830987,-0.00830986,-0.00830986,-0.00830986,-0.00830986,-0.00830986,-0.00830986,-0.00830985,-0.00830985,-0.00830985,-0.00830985,-0.00830985,-0.00830985,-0.00830984,-0.00830984,-0.00830984,-0.00830984,-0.00830984,-0.00830984,-0.00830984,-0.00830984,-0.00830984,-0.00830984,-0.00830984,-0.00830984,-0.00830984,-0.00830984,-0.00830984,-0.00830983,-0.00830983,-0.00830983,-0.00830983,-0.00830983,-0.00830983,-0.00830983,-0.00830983,-0.00830983,-0.00830983,-0.00830982,-0.00830982,-0.00830982,-0.00830982,-0.00830982,-0.00830982,-0.00830982,-0.00830982,-0.00830982,-0.00830982,-0.00830982,-0.00830981,-0.00830981,-0.00830981,-0.00830981,-0.00830981,-0.00830981,-0.00830981,-0.00830981,-0.00830981,-0.0083098,-0.0083098,-0.0083098,-0.0083098,-0.0083098,-0.0083098,-0.0083098,-0.00830979,-0.00830979,-0.00830979,-0.00830979,-0.00830979,-0.00830979,-0.00830979,-0.00830979,-0.00830979,-0.00830979,-0.00830978,-0.00830978,-0.00830978,-0.00830978,-0.00830978,-0.00830978,-0.00830978,-0.00830978,-0.00830978,-0.00830978,-0.00830978,-0.00830978,-0.00830978],"instab":[null,null,null,null,3.733134,3.41384,3.167998,2.952121,2.786292,2.649507,2.518749,2.42013,2.328828,2.244975,2.174465,2.106843,2.041119,1.981098,1.92636,1.879154,0.165601,0.171922,0.169356,0.170731,0.170006,0.16949,0.1677,0.160109,0.160071,0.15624,0.141164,0.128862,0.188686,0.22558,0.214831,0.211695,0.216711,0.212596,0.210387,0.209195,0.209466,0.204504,0.204216,0.202468,0.203402,0.203378,0.205604,0.205271,0.205058,0.206018,0.209057,0.209636,0.144248,0.088878,0.088223,0.087046,0.07173,0.071456,0.068303,0.06628,0.066566,0.086371,0.089632,0.09062,0.088057,0.088316,0.081762,0.082735,0.082479,0.081205,0.07411,0.072967,0.086597,0.087385,0.086269,0.091292,0.091229,0.09187,0.091824,0.097463,0.098028,0.078035,0.078763,0.079068,0.079039,0.07898,0.078409,0.083356,0.083473,0.083519,0.086064,0.087928,0.073367,0.074075,0.072999,0.068522,0.06782,0.070693,0.073376,0.069662,0.072043,0.075886,0.071053,0.078706,0.079126,0.078793,0.082486,0.077154,0.077403,0.078597,0.081448,0.077173,0.086106,0.085402,0.094556,0.103962,0.105548,0.118931,0.126576,0.126453,0.17024,0.172496,0.175672,0.173427,0.173464,0.17349,0.17138,0.173426,0.173874,0.173999,0.17236,0.172349,0.16766,0.167847,0.163774,0.158579,0.156871,0.144762,0.132487,0.137654,0.082945,0.074229,0.080001,0.086009,0.085985,0.085405,0.109749,0.111374,0.12223,0.122964,0.123081,0.123645,0.133922,0.133829,0.134092,0.132867,0.135108,0.133551,0.133644,0.131189,0.130621,0.129912,0.115933,0.101731,0.100898,0.108557,0.095036,0.091926,0.080799,0.081272,0.080384,0.078561,0.072714,0.072501,0.07957,0.08296,0.082291,0.083914,0.083974,0.088262,0.089626,0.091055,0.092455,0.091609,0.091747,0.084882,0.084796,0.087278,0.086947,0.085812,0.08566,0.091136,0.085118,0.086138,0.081275,0.079103,0.076516,0.085112,0.084338,0.080101,0.077557,0.076657,0.074825,0.076724,0.075899,0.076465,0.074882,0.074385,0.076457],