{"word":"peace","years":[1800,1801,1802,1803,1804,1805,1806,1807,1808,1809,1810,1811,1812,1813,1814,1815,1816,1817,1818,1819,1820,1821,1822,1823,1824,1825,1826,1827,1828,1829,1830,1831,1832,1833,1834,1835,1836,1837,1838,1839,1840,1841,1842,1843,1844,1845,1846,1847,1848,1849,1850,1851,1852,1853,1854,1855,1856,1857,1858,1859,1860,1861,1862,1863,1864,1865,1866,1867,1868,1869,1870,1871,1872,1873,1874,1875,1876,1877,1878,1879,1880,1881,1882,1883,1884,1885,1886,1887,1888,1889,1890,1891,1892,1893,1894,1895,1896,1897,1898,1899,1900,1901,1902,1903,1904,1905,1906,1907,1908,1909,1910,1911,1912,1913,1914,1915,1916,1917,1918,1919,1920,1921,1922,1923,1924,1925,1926,1927,1928,1929,1930,1931,1932,1933,1934,1935,1936,1937,1938,1939,1940,1941,1942,1943,1944,1945,1946,1947,1948,1949,1950,1951,1952,1953,1954,1955,1956,1957,1958,1959,1960,1961,1962,1963,1964,1965,1966,1967,1968,1969,1970,1971,1972,1973,1974,1975,1976,1977,1978,1979,1980,1981,1982,1983,1984,1985,1986,1987,1988,1989,1990,1991,1992,1993,1994,1995,1996,1997,1998,1999,2000,2001,2002,2003,2004,2005,2006,2007,2008,2009,2010,2011,2012,2013,2014,2015,2016,2017,2018,2019],"level":[-8.367467,-8.405049,-8.363518,-8.413381,-8.473527,-8.452245,-8.414912,-8.57815,-8.557186,-8.499582,-8.68961,-8.519188,-8.417305,-8.349127,-8.145381,-8.072322,-8.218181,-8.372158,-8.478322,-8.402406,-8.450084,-8.596531,-8.577866,-8.67341,-8.703069,-8.728742,-8.701484,-8.664186,-8.642677,-8.671252,-8.665324,-8.761186,-9.176226,-8.838173,-8.89534,-8.923462,-8.788134,-8.856319,-8.926105,-8.876343,-8.859497,-8.848411,-8.886596,-8.894015,-8.839737,-8.850737,-8.754821,-8.748966,-8.760694,-8.847034,-8.961397,-8.922877,-8.949078,-8.958833,-8.931055,-8.921783,-8.938178,-8.994939,-9.033568,-9.064543,-9.083459,-8.933781,-9.027029,-9.078662,-9.10217,-9.149668,-9.216616,-9.289998,-9.311065,-9.357348,-9.381372,-9.383672,-9.551783,-9.549286,-9.598413,-9.535619,-9.577282,-9.566079,-9.589491,-9.521403,-9.584333,-9.590975,-9.688222,-9.688525,-9.720957,-9.762775,-9.792087,-9.71977,-9.759453,-9.800029,-9.767559,-9.861392,-9.898051,-9.871006,-9.856404,-9.84393,-9.841878,-9.775504,-9.712089,-9.688634,-9.786511,-9.870039,-9.865052,-9.976973,-9.959946,-9.967519,-10.058443,-10.058777,-10.091751,-10.03966,-9.966049,-9.989106,-10.114797,-10.091704,-9.949031,-9.802085,-9.708523,-9.499114,-9.35048,-9.407491,-9.781166,-9.915448,-10.033781,-10.099471,-10.081311,-10.103998,-10.102138,-10.18025,-10.125406,-10.086368,-10.132172,-10.141191,-10.142144,-10.159818,-10.101613,-10.043493,-10.032124,-9.973075,-9.982101,-9.882848,-9.846898,-9.782572,-9.593946,-9.431758,-9.406689,-9.446124,-9.649828,-9.769256,-9.918291,-9.957861,-9.89346,-9.865535,-10.0198,-10.046802,-10.097787,-10.091978,-10.179174,-10.22198,-10.243828,-10.184828,-10.183873,-10.179548,-10.224146,-10.174563,-10.144307,-10.047093,-10.033958,-10.003257,-9.977331,-9.926655,-9.973412,-9.975257,-10.094801,-10.113863,-10.244657,-10.342333,-10.425156,-10.497396,-10.516748,-10.427375,-10.482166,-10.430327,-10.371234,-10.350644,-10.390229,-10.404686,-10.433312,-10.373661,-10.379208,-10.460579,-10.449884,-10.371048,-10.39835,-10.357516,-10.292314,-10.236634,-10.297656,-10.428252,-10.423651,-10.366222,-10.340311,-10.34021,-10.310468,-10.242928,-10.205533,-10.158877,-10.13869,-10.156193,-10.072284,-9.959033,-9.952119,-9.956362,-10.101156,-10.07824,-9.958832,-9.863315,-9.872763,-9.874104,-9.817111,-9.817933],"drift":[-0.00665375,-0.00665373,-0.00665374,-0.00665372,-0.00665367,-0.00665363,-0.00665363,-0.00665352,-0.00665343,-0.00665338,-0.00665321,-0.00665316,-0.00665318,-0.00665325,-0.00665346,-0.00665372,-0.00665389,-0.00665396,-0.00665397,-0.00665403,-0.00665407,-0.00665401,-0.00665396,-0.00665386,-0.00665374,-0.00665361,-0.0066535,-0.00665343,-0.00665337,-0.00665329,-0.00665323,-0.0066531,-0.0066527,-0.00665254,-0.00665233,-0.00665212,-0.006652,-0.00665183,-0.00665163,-0.00665146,-0.00665131,-0.00665117,-0.00665101,-0.00665085,-0.00665073,-0.00665061,-0.00665055,-0.00665051,-0.00665046,-0.00665036,-0.00665018,-0.00665004,-0.00664988,-0.00664972,-0.00664958,-0.00664946,-0.00664932,-0.00664916,-0.00664897,-0.00664877,-0.00664855,-0.00664845,-0.00664828,-0.00664809,-0.00664788,-0.00664764,-0.00664737,-0.00664705,-0.00664672,-0.00664637,-0.006646,-0.00664564,-0.00664517,-0.0066447,-0.00664421,-0.00664376,-0.00664329,-0.00664283,-0.00664236,-0.00664194,-0.00664148,-0.00664102,-0.0066405,-0.00663999,-0.00663946,-0.0066389,-0.00663833,-0.00663781,-0.00663727,-0.00663671,-0.00663617,-0.00663558,-0.00663496,-0.00663437,-0.00663379,-0.00663323,-0.00663267,-0.00663216,-0.0066317,-0.00663125,-0.00663075,-0.00663019,-0.00662964,-0.00662902,-0.00662842,-0.00662782,-0.00662716,-0.0066265,-0.00662583,-0.0066252,-0.00662461,-0.00662402,-0.00662335,-0.0066227,-0.00662215,-0.0066217,-0.00662132,-0.00662108,-0.00662095,-0.00662078,-0.00662037,-0.00661987,-0.0066193,-0.00661869,-0.00661809,-0.00661749,-0.00661689,-0.00661624,-0.00661563,-0.00661505,-0.00661445,-0.00661385,-0.00661325,-0.00661264,-0.00661207,-0.00661155,-0.00661104,-0.00661058,-0.00661011,-0.00660971,-0.00660935,-0.00660903,-0.00660884,-0.00660876,-0.0066087,-0.00660863,-0.00660842,-0.00660813,-0.00660775,-0.00660735,-0.00660699,-0.00660666,-0.00660623,-0.00660579,-0.00660531,-0.00660485,-0.00660433,-0.00660379,-0.00660323,-0.00660272,-0.00660222,-0.00660172,-0.0066012,-0.00660071,-0.00660025,-0.00659986,-0.00659948,-0.00659913,-0.0065988,-0.0065985,-0.00659818,-0.00659787,-0.00659747,-0.00659707,-0.00659659,-0.00659605,-0.00659545,-0.00659481,-0.00659416,-0.00659358,-0.00659296,-0.00659239,-0.00659185,-0.00659134,-0.0065908,-0.00659026,-0.0065897,-0.00658919,-0.00658868,-0.00658811,-0.00658756,-0.00658707,-0.00658656,-0.00658609,-0.00658566,-0.00658528,-0.00658485,-0.00658435,-0.00658385,-0.0065834,-0.00658296,-0.00658253,-0.00658213,-0.00658178,-0.00658145,-0.00658116,-0.00658089,-0.00658061,-0.00658039,-0.00658025,-0.00658012,-0.00657999,-0.00657977,-0.00657957,-0.00657946,-0.00657941,-0.00657936,-0.00657931,-0.00657931,-0.00657931],"instab":[null,null,null,null,3.733139,3.413902,3.168021,2.9521,2.786361,2.649558,2.518768,2.420236,2.328869,2.244977,2.17445,2.106782,2.04105,1.981046,1.926329,1.879155,0.165693,0.171996,0.169468,0.170842,0.170121,0.169592,0.167823,0.160146,0.160067,0.156249,0.14102,0.128453,0.188453,0.226176,0.215567,0.212559,0.217482,0.213466,0.211341,0.210111,0.210366,0.205421,0.20511,0.203361,0.204301,0.204287,0.206505,0.206174,0.205967,0.20692,0.209908,0.210514,0.145582,0.089202,0.088416,0.087239,0.07187,0.071494,0.068351,0.066255,0.066545,0.086437,0.089833,0.090796,0.088225,0.088469,0.08191,0.082891,0.082656,0.081367,0.074345,0.073121,0.086796,0.087642,0.08654,0.091599,0.091559,0.09219,0.092151,0.097773,0.09838,0.078426,0.079038,0.079377,0.079346,0.079288,0.078722,0.08369,0.08382,0.083869,0.086425,0.088323,0.073742,0.074416,0.073334,0.068813,0.06808,0.070927,0.073534,0.069753,0.072132,0.075893,0.071083,0.07874,0.079198,0.078867,0.082585,0.077235,0.077467,0.078678,0.081451,0.077119,0.086112,0.085404,0.094576,0.103824,0.105329,0.118614,0.126087,0.125997,0.16991,0.171966,0.175032,0.172724,0.172759,0.172787,0.170663,0.17272,0.173195,0.1733,0.171684,0.171676,0.166954,0.16714,0.163044,0.157914,0.156265,0.144228,0.132194,0.1374,0.082222,0.073915,0.079879,0.085805,0.08579,0.085236,0.109556,0.110973,0.121636,0.122294,0.122432,0.122992,0.133376,0.133257,0.133489,0.132287,0.134547,0.132975,0.133056,0.130604,0.130058,0.129362,0.115416,0.10151,0.100775,0.108393,0.094743,0.091742,0.080758,0.081302,0.080396,0.078615,0.072669,0.072491,0.079564,0.082832,0.082076,0.083673,0.083724,0.088045,0.089479,0.090936,0.092291,0.091396,0.09156,0.084719,0.084663,0.087189,0.086858,0.085783,0.08562,0.091083,0.085042,0.08605,0.081152,0.079037,0.076595,0.08521,0.084459,0.080188,0.077562,0.07664,0.07483,0.076736,0.075874,0.076434,0.074861,0.074338,0.076437,0.075891,0.075728,0.072821,0.089003,0.088819,0.092423,0.094619,0.09328,0.080285,0.080436,0.080274],