{"word":"physics","years":[1800,1801,1802,1803,1804,1805,1806,1807,1808,1809,1810,1811,1812,1813,1814,1815,1816,1817,1818,1819,1820,1821,1822,1823,1824,1825,1826,1827,1828,1829,1830,1831,1832,1833,1834,1835,1836,1837,1838,1839,1840,1841,1842,1843,1844,1845,1846,1847,1848,1849,1850,1851,1852,1853,1854,1855,1856,1857,1858,1859,1860,1861,1862,1863,1864,1865,1866,1867,1868,1869,1870,1871,1872,1873,1874,1875,1876,1877,1878,1879,1880,1881,1882,1883,1884,1885,1886,1887,1888,1889,1890,1891,1892,1893,1894,1895,1896,1897,1898,1899,1900,1901,1902,1903,1904,1905,1906,1907,1908,1909,1910,1911,1912,1913,1914,1915,1916,1917,1918,1919,1920,1921,1922,1923,1924,1925,1926,1927,1928,1929,1930,1931,1932,1933,1934,1935,1936,1937,1938,1939,1940,1941,1942,1943,1944,1945,1946,1947,1948,1949,1950,1951,1952,1953,1954,1955,1956,1957,1958,1959,1960,1961,1962,1963,1964,1965,1966,1967,1968,1969,1970,1971,1972,1973,1974,1975,1976,1977,1978,1979,1980,1981,1982,1983,1984,1985,1986,1987,1988,1989,1990,1991,1992,1993,1994,1995,1996,1997,1998,1999,2000,2001,2002,2003,2004,2005,2006,2007,2008],"level":[-14.320211,-14.362944,-14.447795,-14.369546,-14.275331,-14.197941,-14.136674,-14.10409,-14.10192,-13.990992,-13.832539,-13.787166,-13.706831,-13.620359,-13.574721,-13.611338,-13.570402,-13.538379,-13.527513,-13.620657,-13.650108,-13.627161,-13.703655,-13.824877,-13.856187,-13.855162,-13.83549,-13.847884,-13.801172,-13.738998,-13.728396,-13.713632,-13.702994,-13.680284,-13.68127,-13.623155,-13.605475,-13.599093,-13.562345,-13.515201,-13.490466,-13.457664,-13.451691,-13.464421,-13.430551,-13.355794,-13.351766,-13.364756,-13.35079,-13.347203,-13.357494,-13.367686,-13.381694,-13.386658,-13.366584,-13.388227,-13.381609,-13.375112,-13.362029,-13.369716,-13.391546,-13.411818,-13.493729,-13.517284,-13.498896,-13.454961,-13.402827,-13.298224,-13.193719,-13.056335,-12.953635,-12.887552,-12.815035,-12.75769,-12.69603,-12.636758,-12.600143,-12.567511,-12.542677,-12.523459,-12.52541,-12.525796,-12.492759,-12.402688,-12.375961,-12.390641,-12.403104,-12.413867,-12.385982,-12.369434,-12.332821,-12.290169,-12.260406,-12.226597,-12.201098,-12.177553,-12.165437,-12.15851,-12.162719,-12.153293,-12.139318,-12.134628,-12.121206,-12.116156,-12.124248,-12.130785,-12.127672,-12.132651,-12.134171,-12.138289,-12.134614,-12.148812,-12.175566,-12.202736,-12.236124,-12.256739,-12.264136,-12.261277,-12.259874,-12.244153,-12.213434,-12.171774,-12.124946,-12.07752,-12.032794,-11.987134,-11.95949,-11.932192,-11.905726,-11.883836,-11.877516,-11.869208,-11.856074,-11.834166,-11.827222,-11.836874,-11.830659,-11.79863,-11.77577,-11.757727,-11.718376,-11.718142,-11.700071,-11.690973,-11.670903,-11.676657,-11.648963,-11.62626,-11.600231,-11.588553,-11.582965,-11.574284,-11.549508,-11.520216,-11.479961,-11.433869,-11.373906,-11.32162,-11.253047,-11.199714,-11.157118,-11.126814,-11.095174,-11.063226,-11.026689,-10.989003,-10.986998,-10.994809,-11.007544,-11.022429,-11.035368,-11.043265,-11.068099,-11.096327,-11.120358,-11.136386,-11.131801,-11.1604,-11.172925,-11.161555,-11.164336,-11.152755,-11.123028,-11.122447,-11.120088,-11.108156,-11.094597,-11.10669,-11.115006,-11.118721,-11.133277,-11.146243,-11.154306,-11.181209,-11.205186,-11.241496,-11.294971,-11.345629,-11.382956,-11.409041,-11.423444,-11.429687,-11.432495,-11.42642,-11.422394,-11.40779,-11.392114,-11.379409,-11.365243],"drift":[0.01640777,0.01641197,0.01642336,0.01643037,0.01643184,0.01642899,0.01642295,0.01641577,0.01640959,0.01639671,0.01637373,0.01634869,0.01631911,0.01628454,0.01624789,0.016215,0.01618035,0.01614457,0.01610917,0.01608153,0.01605712,0.01603222,0.0160139,0.01600532,0.0160001,0.01599595,0.01599154,0.01598914,0.01598456,0.0159767,0.01596922,0.01596183,0.01595482,0.01594732,0.01594103,0.01593174,0.01592233,0.0159136,0.01590338,0.01589095,0.01587789,0.01586363,0.01585007,0.01583854,0.01582573,0.01580873,0.01579257,0.01577845,0.01576447,0.01575134,0.01574007,0.01573064,0.01572332,0.01571747,0.01571132,0.01570781,0.01570495,0.01570275,0.01570073,0.01570037,0.01570268,0.01570754,0.01571934,0.01573392,0.01574832,0.01576072,0.01577053,0.01577403,0.01577123,0.0157598,0.01574218,0.01572099,0.01569577,0.01566759,0.01563614,0.01560159,0.01556555,0.0155283,0.01549039,0.01545221,0.01541526,0.01537944,0.01534237,0.01529999,0.01525679,0.01521573,0.01517663,0.01513937,0.0151012,0.01506293,0.01502314,0.01498138,0.01493857,0.01489442,0.01484951,0.01480399,0.01475866,0.01471389,0.01467046,0.0146274,0.01458439,0.01454208,0.01449985,0.01445829,0.01441834,0.01437987,0.0143422,0.01430591,0.01427074,0.01423687,0.01420376,0.01417266,0.01414447,0.01411921,0.01409733,0.01407792,0.01406003,0.01404293,0.01402674,0.01401042,0.01399292,0.01397345,0.01395165,0.01392747,0.0139011,0.01387247,0.01384287,0.01381231,0.01378086,0.01374883,0.01371732,0.0136862,0.01365512,0.01362345,0.01359226,0.01356272,0.0135337,0.01350336,0.01347236,0.01344104,0.01340788,0.01337565,0.01334309,0.01331083,0.01327809,0.0132467,0.01321429,0.0131812,0.0131472,0.0131133,0.01307994,0.01304689,0.01301301,0.01297797,0.01294099,0.01290166,0.01285899,0.01281352,0.01276408,0.01271176,0.01265732,0.01260163,0.01254459,0.01248616,0.01242603,0.01236411,0.01230292,0.01224316,0.01218517,0.0121291,0.01207482,0.01202196,0.01197171,0.01192432,0.01187948,0.01183662,0.01179428,0.01175481,0.01171707,0.01167934,0.01164265,0.01160596,0.01156798,0.01153078,0.01149424,0.01145766,0.01142093,0.01138588,0.01135222,0.01131964,0.01128889,0.01125986,0.01123221,0.01120726,0.01118482,0.01116575,0.01115127,0.01114118,0.01113453,0.01113053,0.01112834,0.01112738,0.01112742,0.01112781,0.01112871,0.01112936,0.01112968,0.0111299,0.0111299],"instab":[null,null,null,null,6.458515,5.910409,5.471167,5.108591,4.784171,4.534112,4.361332,4.164599,3.997511,3.854889,3.728277,3.601908,3.492135,3.392352,3.306741,3.219112,0.684831,0.69042,0.626731,0.599528,0.563615,0.550329,0.545323,0.548598,0.524574,0.536129,0.458948,0.458245,0.456909,0.448922,0.435198,0.421362,0.42207,0.421579,0.399817,0.368012,0.351334,0.328349,0.32941,0.252148,0.242866,0.274512,0.271651,0.258011,0.257999,0.238483,0.239161,0.239683,0.241171,0.242814,0.231979,0.225505,0.224699,0.22029,0.222229,0.215661,0.216863,0.220362,0.258459,0.257155,0.255711,0.208648,0.207631,0.219555,0.220813,0.262879,0.286128,0.286841,0.289601,0.284374,0.280816,0.274424,0.273673,0.271955,0.271827,0.271703,0.270385,0.276959,0.240995,0.245976,0.241225,0.247597,0.243621,0.260367,0.260365,0.238421,0.217223,0.217915,0.212066,0.212021,0.210308,0.203735,0.203285,0.202635,0.205634,0.203977,0.203572,0.195887,0.18278,0.125531,0.109684,0.110202,0.108449,0.084166,0.081091,0.079976,0.081624,0.072769,0.07644,0.072631,0.082204,0.082094,0.081738,0.079446,0.07801,0.078017,0.075085,0.079965,0.085149,0.091686,0.096681,0.109186,0.110117,0.110289,0.111752,0.113107,0.112,0.112305,0.109605,0.11082,0.09861,0.09694,0.10153,0.103208,0.097916,0.100207,0.117334,0.124864,0.124163,0.124826,0.128375,0.136157,0.136745,0.136444,0.138378,0.136198,0.136305,0.138213,0.137631,0.135246,0.134492,0.129158,0.127991,0.126297,0.136689,0.136549,0.124586,0.117133,0.117014,0.113672,0.1099,0.097783,0.098511,0.100765,0.104156,0.10984,0.114055,0.108444,0.113194,0.120939,0.128801,0.139319,0.138372,0.148,0.143354,0.137712,0.132712,0.132266,0.144401,0.143714,0.142149,0.120668,0.129301,0.129551,0.129667,0.130319,0.129766,0.128723,0.130689,0.129823,0.127123,0.120836,0.116695,0.119773,0.118875,0.117171,0.11676,0.116336,0.09448,0.096309,0.09629,0.097458,0.086168,0.088325,0.091875],