{"word":"poverty","years":[1800,1801,1802,1803,1804,1805,1806,1807,1808,1809,1810,1811,1812,1813,1814,1815,1816,1817,1818,1819,1820,1821,1822,1823,1824,1825,1826,1827,1828,1829,1830,1831,1832,1833,1834,1835,1836,1837,1838,1839,1840,1841,1842,1843,1844,1845,1846,1847,1848,1849,1850,1851,1852,1853,1854,1855,1856,1857,1858,1859,1860,1861,1862,1863,1864,1865,1866,1867,1868,1869,1870,1871,1872,1873,1874,1875,1876,1877,1878,1879,1880,1881,1882,1883,1884,1885,1886,1887,1888,1889,1890,1891,1892,1893,1894,1895,1896,1897,1898,1899,1900,1901,1902,1903,1904,1905,1906,1907,1908,1909,1910,1911,1912,1913,1914,1915,1916,1917,1918,1919,1920,1921,1922,1923,1924,1925,1926,1927,1928,1929,1930,1931,1932,1933,1934,1935,1936,1937,1938,1939,1940,1941,1942,1943,1944,1945,1946,1947,1948,1949,1950,1951,1952,1953,1954,1955,1956,1957,1958,1959,1960,1961,1962,1963,1964,1965,1966,1967,1968,1969,1970,1971,1972,1973,1974,1975,1976,1977,1978,1979,1980,1981,1982,1983,1984,1985,1986,1987,1988,1989,1990,1991,1992,1993,1994,1995,1996,1997,1998,1999,2000,2001,2002,2003,2004,2005,2006,2007,2008],"level":[-10.862912,-11.044895,-11.060799,-10.875315,-10.749598,-10.9003,-10.86106,-10.937308,-11.025848,-10.860186,-10.947586,-10.918616,-10.992021,-11.086355,-11.07289,-10.941901,-10.868731,-10.949664,-10.989747,-10.997853,-10.925965,-10.934352,-10.873022,-10.99554,-10.898984,-10.904797,-10.832277,-10.794193,-10.87108,-10.807905,-10.797914,-10.902995,-11.281017,-10.893334,-10.974638,-10.945078,-10.888203,-10.851714,-10.830041,-10.826805,-10.80275,-10.751564,-10.811143,-10.824754,-10.773189,-10.768802,-10.855778,-10.844192,-10.847066,-10.852032,-10.871451,-10.932604,-10.967761,-11.031912,-11.012378,-10.983674,-10.998441,-11.070959,-11.096756,-11.091397,-11.235631,-11.366872,-11.368643,-11.442628,-11.423685,-11.396444,-11.345628,-11.320141,-11.370125,-11.257614,-11.289745,-11.344046,-11.437423,-11.352656,-11.400061,-11.420171,-11.435812,-11.478234,-11.497263,-11.456976,-11.43867,-11.45087,-11.531566,-11.542118,-11.523343,-11.575665,-11.537243,-11.542274,-11.52863,-11.537467,-11.550825,-11.587966,-11.59603,-11.580702,-11.586655,-11.666938,-11.723482,-11.761022,-11.751742,-11.681212,-11.725702,-11.834079,-11.851846,-11.876066,-11.912453,-11.929161,-11.963676,-11.940036,-11.96785,-11.883807,-11.866683,-11.900507,-11.959736,-11.995616,-11.990363,-12.051071,-12.045869,-12.108691,-12.220283,-12.160641,-12.205911,-12.204817,-12.16219,-12.082567,-12.091574,-12.103667,-12.033406,-12.080704,-12.096323,-12.070563,-12.051515,-12.012847,-11.974438,-12.008602,-11.971616,-11.954565,-11.991999,-11.99211,-12.013928,-12.122349,-12.177059,-12.22316,-12.262891,-12.252806,-12.235773,-12.260006,-12.207928,-12.133294,-12.242633,-12.294548,-12.22825,-12.25744,-12.271038,-12.338974,-12.327725,-12.298583,-12.281708,-12.316738,-12.29823,-12.229992,-12.130285,-12.041276,-11.972836,-11.6779,-11.023511,-10.798897,-10.674826,-10.501986,-10.668612,-10.682655,-10.815042,-10.902544,-11.019496,-11.095632,-11.205456,-11.256505,-11.245153,-11.292923,-11.346705,-11.433022,-11.403786,-11.368132,-11.379317,-11.23956,-11.249046,-11.284855,-11.272919,-11.278895,-11.166618,-11.158633,-11.10428,-11.093335,-10.986352,-10.786736,-10.91739,-10.918193,-10.942342,-10.928809,-10.946313,-10.939735,-10.870774,-10.884074,-10.874552,-10.824848,-10.761667,-10.707396,-10.622171,-10.637328,-10.635669],"drift":[-0.00416155,-0.00412074,-0.00407723,-0.00407722,-0.00410699,-0.00410313,-0.00410921,-0.00409873,-0.00406888,-0.00407798,-0.00406796,-0.00406552,-0.00404716,-0.00400809,-0.00397303,-0.00396894,-0.00398255,-0.0039785,-0.00396617,-0.00395288,-0.003957,-0.00396011,-0.0039782,-0.00396908,-0.00398304,-0.00399657,-0.00402767,-0.00406842,-0.00409247,-0.00413196,-0.00417468,-0.00419425,-0.00412803,-0.00415172,-0.00415771,-0.00417144,-0.00419918,-0.00423625,-0.00427927,-0.00432402,-0.00437528,-0.00443929,-0.00449064,-0.0045399,-0.00460204,-0.00466624,-0.00471155,-0.0047606,-0.00481009,-0.00485954,-0.00490564,-0.00493884,-0.00496511,-0.00497779,-0.0049961,-0.00502214,-0.00504594,-0.00505426,-0.00505782,-0.00506377,-0.00503778,-0.00498283,-0.00492862,-0.00485855,-0.00479395,-0.00473671,-0.00469221,-0.00465463,-0.00460666,-0.00458556,-0.00455814,-0.00451931,-0.00446008,-0.00442133,-0.00437271,-0.00432049,-0.00426566,-0.00420208,-0.0041351,-0.00407831,-0.00402666,-0.00397313,-0.00390199,-0.00382933,-0.00376186,-0.00368324,-0.00361428,-0.003545,-0.00347967,-0.0034131,-0.00334426,-0.00326765,-0.00318995,-0.00311649,-0.00304239,-0.00295056,-0.00284643,-0.00273433,-0.002625,-0.00253245,-0.00243027,-0.00230378,-0.00217375,-0.00203865,-0.00189567,-0.00174929,-0.00159539,-0.00144728,-0.00129312,-0.00115854,-0.00102817,-0.00089026,-0.00073896,-0.00057961,-0.00042159,-0.00024973,-7.913e-05,0.00010588,0.00031652,0.00051354,0.00072107,0.00092851,0.00112639,0.00130625,0.00148847,0.00167382,0.00184342,0.0020243,0.00220923,0.00238876,0.00256446,0.00273187,0.0028911,0.00305884,0.00321878,0.00337556,0.00354169,0.00370867,0.0038815,0.00408011,0.00429221,0.00451587,0.00474969,0.00498229,0.00521211,0.0054487,0.00567458,0.00588464,0.00612114,0.00637096,0.00660703,0.00685132,0.00710029,0.00736649,0.00763179,0.00789216,0.00815047,0.00841869,0.00868459,0.00893682,0.00916822,0.00938131,0.00958083,0.00971487,0.00970096,0.00963774,0.00954824,0.00942128,0.00933472,0.00925352,0.00920483,0.00917833,0.00918077,0.0092028,0.00925214,0.00931532,0.00937804,0.00945387,0.00954421,0.00965655,0.00976439,0.0098663,0.00997303,0.01004999,0.01013142,0.0102234,0.01031498,0.01041031,0.01048225,0.01055477,0.01061724,0.01067963,0.01071993,0.01071687,0.01074625,0.01077829,0.01081834,0.01085777,0.01090371,0.01095063,0.01098425,0.01102344,0.01106298,0.01109364,0.01111236,0.01112116,0.01111297,0.0111108,0.0111108],"instab":[null,null,null,null,4.915307,4.454392,4.124892,3.850336,3.621851,3.44659,3.280817,3.142096,3.016245,2.903528,2.804885,2.719138,2.639695,2.563529,2.494217,2.430552,0.191936,0.179538,0.17413,0.155952,0.149778,0.13518,0.135523,0.134099,0.1322,0.11629,0.111175,0.11163,0.186013,0.231124,0.233387,0.22945,0.22803,0.22676,0.22637,0.22626,0.224938,0.225492,0.224966,0.219779,0.217847,0.217734,0.21898,0.218314,0.216179,0.215169,0.214957,0.215277,0.1517,0.066339,0.060748,0.061387,0.058506,0.060423,0.059711,0.061517,0.07052,0.074059,0.074382,0.076069,0.073616,0.074304,0.07476,0.076658,0.078092,0.091317,0.091327,0.090419,0.095199,0.100763,0.100872,0.099733,0.099719,0.098238,0.098178,0.09878,0.09194,0.081498,0.085085,0.081693,0.082146,0.083665,0.083165,0.081888,0.079484,0.0669,0.066767,0.066599,0.057234,0.046551,0.04523,0.049778,0.051437,0.05135,0.051225,0.057292,0.056642,0.064281,0.060399,0.060407,0.058932,0.05702,0.054344,0.056605,0.056155,0.065383,0.066548,0.066126,0.06746,0.067009,0.067515,0.066545,0.066268,0.066407,0.075114,0.074026,0.074426,0.068258,0.069907,0.076591,0.076095,0.076317,0.080522,0.08101,0.080217,0.075116,0.074691,0.075493,0.075078,0.075477,0.076039,0.073208,0.074509,0.072935,0.059073,0.06559,0.065939,0.067273,0.067583,0.060659,0.061444,0.061828,0.056637,0.064396,0.07218,0.073835,0.078389,0.077447,0.075267,0.077065,0.075729,0.076007,0.076474,0.076814,0.077051,0.073473,0.077461,0.07977,0.07808,0.095417,0.216359,0.219159,0.219131,0.222555,0.231445,0.228912,0.238094,0.24106,0.24703,0.247165,0.252418,0.254672,0.254786,0.255195,0.256494,0.25987,0.258962,0.258227,0.258996,0.256158,0.150519,0.13219,0.127476,0.10256,0.101725,0.101658,0.097786,0.095536,0.092606,0.115346,0.119478,0.117411,0.118264,0.116973,0.116238,0.110741,0.11194,0.112483,0.11126,0.103004,0.103446,0.101782,0.103767,0.103558,0.099437],