{"word":"president","years":[1800,1801,1802,1803,1804,1805,1806,1807,1808,1809,1810,1811,1812,1813,1814,1815,1816,1817,1818,1819,1820,1821,1822,1823,1824,1825,1826,1827,1828,1829,1830,1831,1832,1833,1834,1835,1836,1837,1838,1839,1840,1841,1842,1843,1844,1845,1846,1847,1848,1849,1850,1851,1852,1853,1854,1855,1856,1857,1858,1859,1860,1861,1862,1863,1864,1865,1866,1867,1868,1869,1870,1871,1872,1873,1874,1875,1876,1877,1878,1879,1880,1881,1882,1883,1884,1885,1886,1887,1888,1889,1890,1891,1892,1893,1894,1895,1896,1897,1898,1899,1900,1901,1902,1903,1904,1905,1906,1907,1908,1909,1910,1911,1912,1913,1914,1915,1916,1917,1918,1919,1920,1921,1922,1923,1924,1925,1926,1927,1928,1929,1930,1931,1932,1933,1934,1935,1936,1937,1938,1939,1940,1941,1942,1943,1944,1945,1946,1947,1948,1949,1950,1951,1952,1953,1954,1955,1956,1957,1958,1959,1960,1961,1962,1963,1964,1965,1966,1967,1968,1969,1970,1971,1972,1973,1974,1975,1976,1977,1978,1979,1980,1981,1982,1983,1984,1985,1986,1987,1988,1989,1990,1991,1992,1993,1994,1995,1996,1997,1998,1999,2000,2001,2002,2003,2004,2005,2006,2007,2008,2009,2010,2011,2012,2013,2014,2015,2016,2017,2018,2019],"level":[-10.675343,-10.663714,-10.593312,-10.53636,-10.349192,-10.261182,-10.084386,-10.006697,-9.949488,-9.894736,-9.826319,-9.616536,-9.436507,-9.329299,-9.176673,-9.085896,-9.086005,-9.152505,-9.206646,-9.262701,-9.302034,-9.41139,-9.431349,-9.435474,-9.464807,-9.514933,-9.587959,-9.588704,-9.607595,-9.64145,-9.652393,-9.642946,-9.652287,-9.639579,-9.660345,-9.722325,-9.752543,-9.792176,-9.862106,-9.935955,-9.995688,-10.037398,-10.117272,-10.238182,-10.314356,-10.354287,-10.380665,-10.439219,-10.510653,-10.557912,-10.600373,-10.627211,-10.634795,-10.646843,-10.663375,-10.678854,-10.68032,-10.653055,-10.640487,-10.695185,-10.715839,-10.723915,-10.709827,-10.692174,-10.650401,-10.621303,-10.577514,-10.578186,-10.532558,-10.506919,-10.480077,-10.456543,-10.430296,-10.369286,-10.343297,-10.318182,-10.292342,-10.276175,-10.249759,-10.227577,-10.190849,-10.1445,-10.11946,-10.072426,-10.062091,-10.05836,-10.011692,-9.954417,-9.896816,-9.890019,-9.859865,-9.807663,-9.779189,-9.742372,-9.722076,-9.685316,-9.645916,-9.614457,-9.581341,-9.562726,-9.534158,-9.501261,-9.474817,-9.44892,-9.425975,-9.404691,-9.391971,-9.372788,-9.360075,-9.352459,-9.356472,-9.353956,-9.346755,-9.337971,-9.332972,-9.318468,-9.302996,-9.28406,-9.26331,-9.227653,-9.195449,-9.157958,-9.133287,-9.12482,-9.109934,-9.095251,-9.087162,-9.080128,-9.066816,-9.0593,-9.055695,-9.06647,-9.091771,-9.109992,-9.123917,-9.147509,-9.170806,-9.162285,-9.159031,-9.153729,-9.150849,-9.14404,-9.12017,-9.074152,-9.029236,-8.991175,-8.961663,-8.944984,-8.948086,-8.960582,-8.96618,-8.965873,-8.961487,-8.960234,-8.965103,-8.976651,-8.991708,-9.016132,-9.050605,-9.098206,-9.15141,-9.212466,-9.291893,-9.391435,-9.520881,-9.603744,-9.64953,-9.67552,-9.719338,-9.74895,-9.784459,-9.819823,-9.863904,-9.903082,-9.938084,-9.978438,-10.013375,-10.036722,-10.046734,-10.039995,-10.014151,-9.99883,-9.994025,-9.988023,-9.976907,-9.981064,-9.982908,-9.980571,-9.98109,-9.994013,-9.9969,-9.992224,-9.980121,-9.978725,-9.985899,-9.998679,-10.010298,-10.021036,-10.024342,-10.019424,-10.008814,-10.012562,-10.018593,-10.005318,-9.984722,-9.965481,-9.951769,-9.935788,-9.934035,-9.956223,-9.99981,-10.051059,-10.105,-10.115595,-10.088866,-10.054699,-10.043296,-10.032824,-10.012326,-9.991321],"drift":[0.07939193,0.08181483,0.08464579,0.08846696,0.08875901,0.08907787,0.08626034,0.08374927,0.08218717,0.08160598,0.08149639,0.07679985,0.06841235,0.05863768,0.04550243,0.03074836,0.0170976,0.00643592,-0.00205983,-0.00862498,-0.01409211,-0.01615308,-0.01807794,-0.02050169,-0.02260969,-0.02373381,-0.02309549,-0.02325632,-0.02357322,-0.0235225,-0.02392157,-0.02551375,-0.02768419,-0.03129885,-0.03529014,-0.03832713,-0.04165405,-0.04505322,-0.04756294,-0.04913279,-0.0503236,-0.0518224,-0.05231821,-0.05036151,-0.04748184,-0.04487218,-0.04292377,-0.04041652,-0.03680022,-0.03280997,-0.02847463,-0.0241978,-0.020515,-0.01713493,-0.01377642,-0.01035703,-0.00725556,-0.00538839,-0.00416326,-0.00113122,0.00259887,0.00671063,0.01055859,0.01415289,0.01675963,0.01892519,0.02020176,0.02222467,0.02341081,0.02451727,0.02554061,0.02663568,0.02774464,0.02766421,0.02764366,0.02771352,0.02785038,0.02840499,0.02903071,0.02990131,0.0305278,0.03058861,0.03084782,0.0305283,0.03093078,0.03230579,0.03316727,0.03316679,0.03229264,0.03233012,0.03244538,0.03185425,0.031384,0.03071947,0.03042763,0.02990938,0.02905177,0.0281081,0.02698536,0.02616191,0.02525245,0.02406964,0.02280195,0.02142359,0.01999081,0.01851181,0.0172399,0.01589852,0.01467103,0.0136958,0.01335375,0.0133992,0.01366629,0.01410793,0.01487525,0.01565585,0.01644305,0.01714112,0.01771013,0.01763745,0.01704392,0.0157193,0.01407462,0.01263043,0.0111056,0.00945288,0.00784889,0.00627403,0.00444754,0.00251133,0.00053603,-0.00103483,-0.00173805,-0.00185192,-0.00153411,-0.00042762,0.00149659,0.00316965,0.00483968,0.00649319,0.00827589,0.01011104,0.01145421,0.01156154,0.01047627,0.00840471,0.00557845,0.00235529,-0.00067275,-0.00327804,-0.00580039,-0.00854112,-0.01174407,-0.01541172,-0.01945632,-0.02378368,-0.02842309,-0.03320549,-0.03794255,-0.04233428,-0.04633737,-0.04981418,-0.05223218,-0.05295858,-0.05095016,-0.04780068,-0.04472323,-0.04231561,-0.03985426,-0.03775914,-0.03574447,-0.0337434,-0.0313727,-0.02872291,-0.0258486,-0.02245567,-0.01861644,-0.01460809,-0.01076404,-0.00754583,-0.00552149,-0.00424238,-0.00328678,-0.00266329,-0.00253249,-0.00234362,-0.00217258,-0.00216282,-0.0022118,-0.00187781,-0.00150774,-0.00135876,-0.00169111,-0.00213387,-0.0023964,-0.00228766,-0.0018453,-0.00108494,-0.00024519,0.00040994,0.00070039,0.00114989,0.00185616,0.00215414,0.0017927,0.00080742,-0.00063931,-0.00268028,-0.00487978,-0.0064604,-0.00671356,-0.00537432,-0.00229858,0.00107381,0.00352888,0.00488847,0.00601515,0.00698249,0.00746655,0.00746655],"instab":[null,null,null,null,4.826953,4.366546,4.076103,3.800036,3.570425,3.377362,3.206593,3.082684,2.971288,2.857892,2.764923,2.678487,2.595442,2.517949,2.447324,2.38231,0.434045,0.450635,0.420165,0.417222,0.345313,0.341329,0.308759,0.31286,0.314482,0.314039,0.296892,0.275297,0.246697,0.253499,0.241772,0.234374,0.235677,0.217521,0.208394,0.198788,0.198112,0.145435,0.144807,0.160117,0.161976,0.162768,0.149066,0.1455,0.146115,0.145113,0.145113,0.139915,0.144242,0.139059,0.13717,0.126839,0.126798,0.134693,0.148517,0.153682,0.151369,0.1494,0.150172,0.124505,0.120853,0.120816,0.124758,0.135516,0.13296,0.132885,0.132152,0.132362,0.134955,0.140723,0.141158,0.141431,0.140891,0.138172,0.122601,0.109219,0.108098,0.108827,0.111806,0.115958,0.112126,0.124025,0.110808,0.102229,0.108586,0.11607,0.117575,0.121098,0.119231,0.109006,0.111319,0.111286,0.111537,0.110497,0.110833,0.111479,0.11165,0.108206,0.106312,0.098819,0.098497,0.085582,0.086816,0.084862,0.064059,0.053514,0.054233,0.043706,0.043101,0.03955,0.035995,0.036139,0.033701,0.034398,0.031341,0.034402,0.035103,0.040784,0.043036,0.045215,0.045258,0.045234,0.043604,0.044708,0.044867,0.044867,0.040802,0.039257,0.04723,0.049571,0.048602,0.049807,0.058848,0.061602,0.06201,0.060087,0.059684,0.054592,0.051814,0.060133,0.066848,0.070014,0.071345,0.070926,0.071659,0.07588,0.07732,0.077663,0.07304,0.071027,0.071084,0.070251,0.06049,0.059677,0.06047,0.063207,0.065376,0.065842,0.067501,0.060802,0.093512,0.092257,0.088389,0.099158,0.09966,0.104035,0.105689,0.108274,0.10811,0.108159,0.109567,0.109697,0.109717,0.110083,0.11074,0.111031,0.118815,0.122008,0.120907,0.119353,0.076915,0.059512,0.059657,0.052887,0.051652,0.055327,0.056652,0.056479,0.056716,0.056368,0.056841,0.058187,0.058712,0.060647,0.061521,0.061232,0.050825,0.04372,0.047008,0.046894,0.043452,0.04526,0.045141,0.047091,0.047602,0.044824,0.051525,0.058926,0.079939,0.081039,0.085727,0.098352,0.098752,0.098265,0.098745,0.100564],