{"word":"printing","years":[1800,1801,1802,1803,1804,1805,1806,1807,1808,1809,1810,1811,1812,1813,1814,1815,1816,1817,1818,1819,1820,1821,1822,1823,1824,1825,1826,1827,1828,1829,1830,1831,1832,1833,1834,1835,1836,1837,1838,1839,1840,1841,1842,1843,1844,1845,1846,1847,1848,1849,1850,1851,1852,1853,1854,1855,1856,1857,1858,1859,1860,1861,1862,1863,1864,1865,1866,1867,1868,1869,1870,1871,1872,1873,1874,1875,1876,1877,1878,1879,1880,1881,1882,1883,1884,1885,1886,1887,1888,1889,1890,1891,1892,1893,1894,1895,1896,1897,1898,1899,1900,1901,1902,1903,1904,1905,1906,1907,1908,1909,1910,1911,1912,1913,1914,1915,1916,1917,1918,1919,1920,1921,1922,1923,1924,1925,1926,1927,1928,1929,1930,1931,1932,1933,1934,1935,1936,1937,1938,1939,1940,1941,1942,1943,1944,1945,1946,1947,1948,1949,1950,1951,1952,1953,1954,1955,1956,1957,1958,1959,1960,1961,1962,1963,1964,1965,1966,1967,1968,1969,1970,1971,1972,1973,1974,1975,1976,1977,1978,1979,1980,1981,1982,1983,1984,1985,1986,1987,1988,1989,1990,1991,1992,1993,1994,1995,1996,1997,1998,1999,2000,2001,2002,2003,2004,2005,2006,2007,2008,2009,2010,2011,2012,2013,2014,2015,2016,2017,2018,2019],"level":[-11.250072,-11.218199,-11.194786,-11.163038,-11.139977,-11.114257,-11.08254,-11.051144,-11.017839,-10.998025,-10.968994,-10.9414,-10.905769,-10.868415,-10.835984,-10.811923,-10.802122,-10.800518,-10.799924,-10.798651,-10.791507,-10.790592,-10.794721,-10.78628,-10.771219,-10.748636,-10.744175,-10.734848,-10.712728,-10.690476,-10.669062,-10.655871,-10.637106,-10.618402,-10.599423,-10.590744,-10.588137,-10.585559,-10.581757,-10.577173,-10.568224,-10.558919,-10.542388,-10.517027,-10.521651,-10.531354,-10.53239,-10.527722,-10.52025,-10.505582,-10.486917,-10.482083,-10.475747,-10.488045,-10.493586,-10.498372,-10.501043,-10.504551,-10.496534,-10.491364,-10.479889,-10.482739,-10.486281,-10.490217,-10.491363,-10.490061,-10.483971,-10.473249,-10.456963,-10.448583,-10.440087,-10.436524,-10.43308,-10.442767,-10.452778,-10.461128,-10.467262,-10.477512,-10.489864,-10.49871,-10.502658,-10.50998,-10.516483,-10.520741,-10.518235,-10.51244,-10.506119,-10.495976,-10.486023,-10.476416,-10.466406,-10.452892,-10.440685,-10.428168,-10.417598,-10.403905,-10.391054,-10.377775,-10.366688,-10.353622,-10.344177,-10.335493,-10.325802,-10.3138,-10.302164,-10.293264,-10.283421,-10.276461,-10.2717,-10.266001,-10.261506,-10.255768,-10.253541,-10.254922,-10.261261,-10.268459,-10.276477,-10.283855,-10.292132,-10.299252,-10.305673,-10.308581,-10.313732,-10.318187,-10.32141,-10.324959,-10.328816,-10.331943,-10.337667,-10.341298,-10.346711,-10.353013,-10.362473,-10.370499,-10.380444,-10.389432,-10.397299,-10.402054,-10.407828,-10.413201,-10.419914,-10.426725,-10.43299,-10.444602,-10.455394,-10.470372,-10.4867,-10.501512,-10.517561,-10.533111,-10.549516,-10.566256,-10.584711,-10.602633,-10.622775,-10.641244,-10.658386,-10.675491,-10.69243,-10.709366,-10.726039,-10.743368,-10.764741,-10.785851,-10.808762,-10.828289,-10.846033,-10.86014,-10.877308,-10.894534,-10.910285,-10.926494,-10.939897,-10.952961,-10.962808,-10.971656,-10.978377,-10.980902,-10.980231,-10.975744,-10.976272,-10.983858,-10.990066,-10.996004,-11.00224,-11.007743,-11.014964,-11.025672,-11.035662,-11.043555,-11.049447,-11.056858,-11.061918,-11.066868,-11.075582,-11.085134,-11.096857,-11.1086,-11.123771,-11.143149,-11.165646,-11.189581,-11.214959,-11.243159,-11.272127,-11.299025,-11.326626,-11.354099,-11.381265,-11.409056,-11.439561,-11.470527,-11.502714,-11.52784,-11.551654,-11.571931,-11.592009,-11.609822,-11.625129,-11.643939],"drift":[0.02173982,0.02168724,0.02162571,0.02151167,0.02138959,0.02124504,0.02104617,0.0207936,0.02047611,0.02016207,0.01980201,0.01940152,0.01891684,0.0183365,0.01768304,0.01699649,0.01634727,0.01577454,0.01528057,0.01485927,0.01447799,0.01416709,0.01395111,0.01376371,0.01356958,0.01332868,0.0131338,0.01295866,0.012736,0.01246397,0.0121455,0.01182161,0.01146169,0.01106421,0.01062565,0.0101972,0.00980813,0.00945657,0.00913434,0.00883572,0.00853652,0.00823332,0.00788708,0.00745018,0.00707592,0.00678871,0.0065421,0.00630521,0.00606227,0.00577468,0.00542022,0.0050688,0.0047108,0.00444104,0.00422307,0.00405185,0.0039155,0.00381766,0.00369804,0.00357078,0.00340251,0.00326668,0.00316618,0.00310252,0.0030609,0.00302841,0.00298004,0.00289149,0.00273346,0.00254614,0.00232795,0.00210334,0.00187179,0.0017002,0.00158936,0.0015301,0.0015106,0.00155211,0.00166575,0.00183393,0.00203211,0.00227883,0.0025711,0.0028988,0.00322853,0.00354496,0.00384698,0.00411634,0.00435542,0.00456725,0.00475084,0.00488897,0.00498913,0.00505024,0.00508271,0.00507051,0.00501794,0.00492252,0.00479511,0.00462479,0.00442947,0.00421207,0.00396625,0.00367874,0.00334994,0.00299235,0.00259922,0.00218346,0.00175433,0.00130474,0.00083859,0.00034703,-0.00015429,-0.00064924,-0.00111467,-0.00154855,-0.00194885,-0.002321,-0.00266224,-0.00298035,-0.00328062,-0.00358282,-0.00387688,-0.00416795,-0.00446391,-0.00476462,-0.00507004,-0.00538555,-0.00569929,-0.00602377,-0.00635142,-0.00667932,-0.00699279,-0.00730091,-0.0075953,-0.00788248,-0.00816973,-0.00847469,-0.00879367,-0.0091304,-0.00947967,-0.00984278,-0.01022445,-0.01059893,-0.01097241,-0.0113251,-0.01165184,-0.01196218,-0.01225132,-0.01252335,-0.01277524,-0.01300655,-0.01320961,-0.01338821,-0.01353177,-0.01364973,-0.01374956,-0.01383198,-0.01389829,-0.01394883,-0.01398524,-0.0140043,-0.01398514,-0.01392901,-0.01382628,-0.01369398,-0.01354066,-0.0133844,-0.01320852,-0.01301179,-0.01280085,-0.01257223,-0.0123393,-0.0121026,-0.01187761,-0.01166834,-0.01148474,-0.01134762,-0.01127285,-0.01127985,-0.01134262,-0.01142489,-0.01153422,-0.01167259,-0.01183916,-0.0120386,-0.01226304,-0.01249555,-0.01274105,-0.01301171,-0.0133193,-0.01365755,-0.0140404,-0.01447042,-0.01493029,-0.01541807,-0.01592503,-0.01645368,-0.01698898,-0.01751189,-0.01800894,-0.01847524,-0.01890573,-0.019288,-0.01962005,-0.01991434,-0.02016875,-0.02038527,-0.02056661,-0.02071047,-0.02080351,-0.02084383,-0.0208253,-0.02078446,-0.0207279,-0.02067368,-0.02062254,-0.02058599,-0.02057682,-0.02057682],"instab":[null,null,null,null,5.117672,4.660763,4.32599,4.049695,3.838956,3.631579,3.465274,3.313788,3.185846,3.075629,2.976671,2.888095,2.802204,2.720924,2.646141,2.576532,0.305487,0.279836,0.233247,0.224884,0.220626,0.248409,0.250496,0.259623,0.242316,0.234181,0.242444,0.240457,0.240505,0.235254,0.238785,0.229231,0.22873,0.226765,0.223555,0.216346,0.215603,0.21808,0.197387,0.268224,0.264069,0.253636,0.254077,0.242884,0.245608,0.244882,0.25614,0.254431,0.272549,0.281525,0.274769,0.274186,0.273905,0.281564,0.283034,0.282684,0.298261,0.295405,0.29278,0.223459,0.223351,0.212635,0.209069,0.208792,0.216542,0.216386,0.198535,0.198168,0.18576,0.174026,0.174794,0.174716,0.175047,0.157373,0.160838,0.162043,0.134337,0.134533,0.135121,0.137595,0.136908,0.13562,0.134674,0.13542,0.120152,0.120895,0.114959,0.118969,0.094091,0.098062,0.094458,0.093079,0.093101,0.096134,0.087271,0.079958,0.079551,0.077596,0.074659,0.057173,0.054735,0.05644,0.053682,0.053172,0.056414,0.056644,0.058597,0.056601,0.056472,0.054077,0.056872,0.059376,0.065286,0.063499,0.068147,0.063408,0.068852,0.06954,0.06998,0.069456,0.06432,0.064334,0.059324,0.059463,0.060506,0.061092,0.061187,0.059065,0.056852,0.053121,0.053225,0.053157,0.053171,0.054767,0.052539,0.05283,0.046075,0.044616,0.053951,0.054163,0.056942,0.057097,0.060406,0.058609,0.057931,0.056959,0.057038,0.054885,0.054223,0.054024,0.055839,0.056392,0.053732,0.052701,0.052673,0.051191,0.051351,0.056253,0.045452,0.045365,0.045368,0.045734,0.045393,0.053731,0.053571,0.053597,0.05462,0.054914,0.055095,0.054828,0.05341,0.052231,0.05237,0.052688,0.053037,0.078,0.095946,0.094705,0.093817,0.094049,0.087983,0.086517,0.083259,0.083145,0.084801,0.084614,0.084962,0.083867,0.083797,0.083579,0.083578,0.083028,0.082046,0.081773,0.081398,0.068007,0.049434,0.051648,0.052415,0.056659,0.066976,0.066338,0.063582,0.065183,0.06508,0.065029,0.063434,0.063467,0.079898,0.071565,0.070937,0.068758,0.068424,0.063136,0.071009,0.074181],