{"word":"propaganda","years":[1800,1801,1802,1803,1804,1805,1806,1807,1808,1809,1810,1811,1812,1813,1814,1815,1816,1817,1818,1819,1820,1821,1822,1823,1824,1825,1826,1827,1828,1829,1830,1831,1832,1833,1834,1835,1836,1837,1838,1839,1840,1841,1842,1843,1844,1845,1846,1847,1848,1849,1850,1851,1852,1853,1854,1855,1856,1857,1858,1859,1860,1861,1862,1863,1864,1865,1866,1867,1868,1869,1870,1871,1872,1873,1874,1875,1876,1877,1878,1879,1880,1881,1882,1883,1884,1885,1886,1887,1888,1889,1890,1891,1892,1893,1894,1895,1896,1897,1898,1899,1900,1901,1902,1903,1904,1905,1906,1907,1908,1909,1910,1911,1912,1913,1914,1915,1916,1917,1918,1919,1920,1921,1922,1923,1924,1925,1926,1927,1928,1929,1930,1931,1932,1933,1934,1935,1936,1937,1938,1939,1940,1941,1942,1943,1944,1945,1946,1947,1948,1949,1950,1951,1952,1953,1954,1955,1956,1957,1958,1959,1960,1961,1962,1963,1964,1965,1966,1967,1968,1969,1970,1971,1972,1973,1974,1975,1976,1977,1978,1979,1980,1981,1982,1983,1984,1985,1986,1987,1988,1989,1990,1991,1992,1993,1994,1995,1996,1997,1998,1999,2000,2001,2002,2003,2004,2005,2006,2007,2008,2009,2010,2011,2012,2013,2014,2015,2016,2017,2018,2019],"level":[-17.460464,-17.494872,-17.584685,-17.353655,-17.391167,-17.028247,-16.768995,-16.521187,-16.370514,-16.266025,-16.172386,-16.195189,-16.442982,-16.818365,-17.038556,-17.045537,-16.983881,-16.912566,-16.710558,-16.602942,-16.38723,-16.16949,-16.192117,-16.148199,-16.119751,-16.233084,-16.253858,-16.296109,-16.256061,-16.269262,-16.177041,-16.057992,-15.8002,-16.04164,-16.130133,-16.25046,-16.491674,-16.698671,-16.733219,-16.779785,-16.672968,-16.454245,-16.347581,-16.231369,-16.111618,-16.114603,-16.106235,-16.093157,-16.098235,-16.088996,-16.180409,-16.203333,-16.20376,-16.209204,-16.212427,-16.220058,-16.210365,-16.240333,-16.223401,-16.25295,-16.278557,-16.337681,-16.435477,-16.384269,-16.307565,-16.28926,-16.286143,-16.253799,-16.22708,-16.193073,-16.051549,-15.998728,-15.884352,-15.82526,-15.777468,-15.760977,-15.756895,-15.712184,-15.650119,-15.579209,-15.570254,-15.511027,-15.430877,-15.306893,-15.224187,-15.125828,-15.03505,-14.957457,-14.841692,-14.748395,-14.660961,-14.59104,-14.527782,-14.445552,-14.371549,-14.314715,-14.244769,-14.201382,-14.143709,-14.084621,-13.993148,-13.890428,-13.8051,-13.725875,-13.637747,-13.553488,-13.465287,-13.363545,-13.246359,-13.145487,-13.05218,-12.969176,-12.883526,-12.776735,-12.651047,-12.493194,-12.320012,-12.119908,-11.92291,-11.798764,-11.74769,-11.734499,-11.738431,-11.766116,-11.787889,-11.827587,-11.848722,-11.867842,-11.866064,-11.866015,-11.854595,-11.845718,-11.816366,-11.771737,-11.714508,-11.682152,-11.666839,-11.617463,-11.552501,-11.498737,-11.479,-11.476467,-11.483841,-11.504256,-11.544803,-11.583897,-11.607943,-11.617388,-11.635402,-11.651113,-11.638369,-11.631221,-11.641924,-11.654019,-11.672629,-11.689387,-11.708837,-11.734165,-11.751702,-11.770021,-11.782359,-11.791737,-11.810415,-11.845302,-11.864564,-11.882935,-11.905395,-11.908954,-11.906553,-11.92374,-11.963703,-12.022681,-12.084042,-12.148591,-12.211578,-12.263416,-12.307473,-12.354491,-12.389637,-12.404697,-12.408286,-12.400141,-12.399347,-12.409452,-12.422004,-12.440127,-12.458856,-12.478406,-12.502163,-12.521623,-12.542218,-12.562463,-12.577969,-12.595939,-12.599842,-12.609118,-12.622017,-12.633346,-12.630816,-12.617189,-12.599028,-12.587318,-12.55969,-12.524076,-12.491451,-12.453749,-12.41426,-12.381056,-12.345201,-12.314003,-12.28772,-12.268097,-12.260297,-12.215479,-12.142281,-12.073288,-12.038148,-11.996963,-11.940053,-11.909012],"drift":[0.03072677,0.03073616,0.03076293,0.03076082,0.03076856,0.03072843,0.03065535,0.03055098,0.03042929,0.03029693,0.03015544,0.03002158,0.02992776,0.02989236,0.02989301,0.02989898,0.02990037,0.02989578,0.02986639,0.0298258,0.02975841,0.02966392,0.02957698,0.02948796,0.0293991,0.02933081,0.02926974,0.02921898,0.02916666,0.02912044,0.02906513,0.02899685,0.0288956,0.0288333,0.02878792,0.02876403,0.02877906,0.02882807,0.02888621,0.02895523,0.02901302,0.02904347,0.02906274,0.02906944,0.02906307,0.02906133,0.02906256,0.0290661,0.02907456,0.02908588,0.02911456,0.02915075,0.0291912,0.02923664,0.02928676,0.02934221,0.02940048,0.02946731,0.02953595,0.02961311,0.02969822,0.02979613,0.02991244,0.03002568,0.03013219,0.0302404,0.03035253,0.03046436,0.03057674,0.03068862,0.03078453,0.03087726,0.03095795,0.03103459,0.03110882,0.03118515,0.03126539,0.03134369,0.03141756,0.03148574,0.03155717,0.03162461,0.03168505,0.03173219,0.03177199,0.03180218,0.03182388,0.03183898,0.03184198,0.03183613,0.03182226,0.0318029,0.031779,0.03174784,0.03171058,0.0316697,0.03162331,0.03157522,0.03152337,0.03146754,0.03140307,0.03132832,0.03124578,0.03115633,0.03105866,0.03095333,0.03083975,0.03071595,0.03057968,0.03043329,0.03027783,0.03011477,0.0299437,0.02976156,0.0295656,0.02935114,0.02911595,0.02885612,0.02857205,0.0282742,0.02797307,0.02767407,0.02737963,0.02709312,0.02681366,0.02654378,0.02628077,0.02602431,0.02577134,0.02552208,0.02527486,0.02502999,0.02478451,0.02453616,0.0242831,0.02402888,0.02377591,0.02351925,0.02325663,0.0229896,0.02272304,0.02245939,0.02220004,0.02194684,0.02170264,0.02146721,0.02123833,0.02101388,0.02079505,0.02058149,0.02036905,0.02015852,0.01995244,0.01975098,0.01955504,0.01936434,0.01917924,0.01900055,0.01882713,0.01865906,0.01849546,0.01833587,0.01818162,0.01803502,0.0178938,0.0177578,0.0176276,0.01750045,0.01737548,0.0172555,0.01714375,0.01704298,0.01695352,0.01687579,0.01680958,0.01675327,0.01670572,0.01666735,0.01663645,0.01661012,0.01658671,0.01656451,0.01654458,0.01652849,0.0165166,0.01650969,0.01650787,0.01651124,0.01652042,0.01653479,0.0165545,0.01657952,0.01660917,0.01664379,0.01668138,0.01672272,0.01676832,0.01681797,0.01686968,0.01692185,0.01697385,0.01702661,0.01707784,0.0171264,0.01717272,0.01721609,0.01725624,0.0172941,0.01732928,0.01736246,0.01739436,0.01742593,0.01745889,0.01748791,0.0175089,0.01752247,0.0175335,0.01754112,0.01754306,0.01754306],"instab":[null,null,null,null,7.965751,7.4996,6.959365,6.529113,6.140161,5.804939,5.531,5.296044,5.071943,4.883304,4.709338,4.553515,4.418511,4.288838,4.192889,4.083445,1.427457,1.471945,1.417542,1.151395,1.030246,0.924457,0.904966,0.880628,0.882062,0.888268,0.881227,0.867112,1.115845,1.055382,0.968362,0.96233,0.987996,1.03672,1.009615,1.024387,1.013943,0.973059,0.972399,0.975669,0.987392,0.969224,0.969214,0.960628,0.958429,0.954163,0.964436,0.961581,0.661996,0.579131,0.578702,0.576591,0.545611,0.443464,0.445677,0.395673,0.389537,0.303601,0.373647,0.366986,0.324617,0.326613,0.327187,0.327942,0.327968,0.31611,0.347767,0.346594,0.369369,0.37112,0.374372,0.37236,0.374998,0.365646,0.363073,0.372368,0.378679,0.378477,0.2918,0.304153,0.292768,0.294883,0.290384,0.292162,0.296055,0.264994,0.223966,0.21166,0.193368,0.19356,0.192816,0.193859,0.177107,0.178546,0.1789,0.171093,0.146478,0.146846,0.140584,0.119022,0.118771,0.11626,0.113678,0.107777,0.101912,0.101668,0.099159,0.099168,0.098094,0.097348,0.095853,0.096801,0.096782,0.112047,0.172424,0.17857,0.177208,0.184894,0.192847,0.215122,0.224714,0.250199,0.261209,0.276399,0.276851,0.281334,0.281454,0.286351,0.288243,0.288487,0.289724,0.285315,0.286116,0.266529,0.198431,0.152575,0.142714,0.142169,0.141818,0.137066,0.140946,0.137252,0.139329,0.131897,0.133043,0.13849,0.138913,0.137804,0.137953,0.137967,0.127672,0.12346,0.119446,0.121005,0.110008,0.084468,0.077181,0.077321,0.07838,0.080652,0.078097,0.070308,0.068782,0.068392,0.076692,0.071472,0.069701,0.067841,0.07098,0.075199,0.081974,0.084319,0.084057,0.085576,0.087494,0.087562,0.088067,0.093856,0.09849,0.09741,0.099382,0.099757,0.097899,0.098579,0.091985,0.088392,0.088344,0.086297,0.084931,0.080078,0.072996,0.067637,0.066003,0.057286,0.044563,0.044238,0.051058,0.047947,0.048214,0.058823,0.062694,0.067658,0.075154,0.076958,0.07817,0.079469,0.079085,0.0767,0.086413,0.080011,0.089587,0.110317,0.107544,0.101078,0.105981,0.105164],