{"word":"radio","years":[1800,1801,1802,1803,1804,1805,1806,1807,1808,1809,1810,1811,1812,1813,1814,1815,1816,1817,1818,1819,1820,1821,1822,1823,1824,1825,1826,1827,1828,1829,1830,1831,1832,1833,1834,1835,1836,1837,1838,1839,1840,1841,1842,1843,1844,1845,1846,1847,1848,1849,1850,1851,1852,1853,1854,1855,1856,1857,1858,1859,1860,1861,1862,1863,1864,1865,1866,1867,1868,1869,1870,1871,1872,1873,1874,1875,1876,1877,1878,1879,1880,1881,1882,1883,1884,1885,1886,1887,1888,1889,1890,1891,1892,1893,1894,1895,1896,1897,1898,1899,1900,1901,1902,1903,1904,1905,1906,1907,1908,1909,1910,1911,1912,1913,1914,1915,1916,1917,1918,1919,1920,1921,1922,1923,1924,1925,1926,1927,1928,1929,1930,1931,1932,1933,1934,1935,1936,1937,1938,1939,1940,1941,1942,1943,1944,1945,1946,1947,1948,1949,1950,1951,1952,1953,1954,1955,1956,1957,1958,1959,1960,1961,1962,1963,1964,1965,1966,1967,1968,1969,1970,1971,1972,1973,1974,1975,1976,1977,1978,1979,1980,1981,1982,1983,1984,1985,1986,1987,1988,1989,1990,1991,1992,1993,1994,1995,1996,1997,1998,1999,2000,2001,2002,2003,2004,2005,2006,2007,2008],"level":[-14.672389,-14.828951,-15.009734,-15.225462,-15.414772,-15.63773,-15.893041,-16.02834,-16.157897,-16.256438,-16.333843,-16.393272,-16.44302,-16.474098,-16.475519,-16.363783,-16.268216,-16.1615,-16.104218,-16.102309,-16.092181,-16.075842,-16.083516,-16.076361,-16.068278,-16.080487,-16.085687,-16.073913,-16.014997,-15.98309,-15.930313,-15.907374,-15.853999,-15.948762,-15.992506,-15.98706,-16.085148,-16.157409,-16.205925,-16.229626,-16.231424,-16.212179,-16.180185,-16.119763,-16.054485,-15.983797,-16.006944,-16.018035,-16.01933,-16.003132,-16.009169,-16.006263,-16.00683,-16.016993,-16.018578,-16.044353,-16.059915,-16.059472,-16.098814,-16.160633,-16.226583,-16.285352,-16.34776,-16.383846,-16.396552,-16.409154,-16.388701,-16.354231,-16.331024,-16.302667,-16.244536,-16.198465,-16.1558,-16.152739,-16.105296,-16.08709,-16.094268,-16.069965,-16.025302,-15.985957,-15.949409,-15.911736,-15.874422,-15.824282,-15.814843,-15.773716,-15.746144,-15.720844,-15.687216,-15.63846,-15.592877,-15.535025,-15.453327,-15.366447,-15.279871,-15.175277,-15.038117,-14.95734,-14.85938,-14.746259,-14.619393,-14.491053,-14.35031,-14.204976,-14.074309,-13.967287,-13.866162,-13.761552,-13.640545,-13.503112,-13.357524,-13.192358,-13.004564,-12.803373,-12.609584,-12.420743,-12.230428,-12.029449,-11.820237,-11.604102,-11.38825,-11.170022,-10.963225,-10.779736,-10.621285,-10.481993,-10.362691,-10.259101,-10.16823,-10.085307,-10.011564,-9.947471,-9.893039,-9.842779,-9.794827,-9.749621,-9.706115,-9.660356,-9.617589,-9.576791,-9.538839,-9.502537,-9.467603,-9.440086,-9.419423,-9.406997,-9.405033,-9.411898,-9.427071,-9.449046,-9.472838,-9.498142,-9.525188,-9.55398,-9.584457,-9.616223,-9.647441,-9.679134,-9.710814,-9.743766,-9.777575,-9.812661,-9.848023,-9.884084,-9.919303,-9.951533,-9.98477,-10.018123,-10.051035,-10.083625,-10.11454,-10.144142,-10.171548,-10.197771,-10.2239,-10.248272,-10.268423,-10.285416,-10.300717,-10.313918,-10.32568,-10.335598,-10.344509,-10.353275,-10.360828,-10.36754,-10.371981,-10.374762,-10.378458,-10.38063,-10.380942,-10.377782,-10.371973,-10.363989,-10.352829,-10.340218,-10.326613,-10.310955,-10.297594,-10.286825,-10.273273,-10.266045,-10.26473,-10.266531,-10.268953,-10.27023,-10.269962,-10.267419,-10.268064],"drift":[-0.12406906,-0.1235383,-0.12207247,-0.11907683,-0.11493396,-0.10902657,-0.10072969,-0.09186813,-0.08239094,-0.07264994,-0.06283128,-0.0530682,-0.04335934,-0.0338511,-0.02487258,-0.0181255,-0.01323554,-0.01030493,-0.00847833,-0.00682141,-0.00544134,-0.00441706,-0.00333955,-0.00243348,-0.00169918,-0.00079321,0.00018474,0.00097338,0.00081556,0.00014988,-0.00137545,-0.00329794,-0.00614616,-0.00754687,-0.0083563,-0.00939119,-0.00897728,-0.00752965,-0.00541252,-0.00299666,-0.00060038,0.00147174,0.0030453,0.00368162,0.0033118,0.00184142,0.00077921,-8.909e-05,-0.00093771,-0.00206622,-0.00312987,-0.00429212,-0.00551522,-0.0066624,-0.00789251,-0.00883053,-0.00965859,-0.01065165,-0.01117606,-0.01087325,-0.00967079,-0.00766632,-0.00476766,-0.00135745,0.00223814,0.00607614,0.00967929,0.01287751,0.01590699,0.01873311,0.02091568,0.02268734,0.02413269,0.02592223,0.02736024,0.02894778,0.03112542,0.0334145,0.03551984,0.03756269,0.03962212,0.04171339,0.04387652,0.04593733,0.04859433,0.05137332,0.05454108,0.05818649,0.06223306,0.06649975,0.07110811,0.07593301,0.08066374,0.08529292,0.08990115,0.09426938,0.09793701,0.10188494,0.10589699,0.10979102,0.11340616,0.11677736,0.11975708,0.12231902,0.12474458,0.12745966,0.13060489,0.13417474,0.13795968,0.14175322,0.14548412,0.14889352,0.1516675,0.15363254,0.15494165,0.15569701,0.15588692,0.15534025,0.15391362,0.15147064,0.147976,0.14333383,0.13765502,0.13122754,0.12435536,0.11723921,0.11008937,0.10304569,0.09620087,0.08957294,0.08320359,0.07714639,0.07146023,0.06612037,0.06107729,0.05629344,0.05171848,0.04724086,0.04283631,0.03846507,0.0341022,0.0297034,0.02521917,0.0206974,0.01617619,0.01171624,0.00741559,0.00334822,-0.00041663,-0.00382932,-0.00691594,-0.00970219,-0.01220515,-0.01443716,-0.01640718,-0.01812631,-0.0196316,-0.02093987,-0.02207269,-0.02302782,-0.02380683,-0.0244016,-0.02481735,-0.02504944,-0.02511541,-0.02506516,-0.02488144,-0.02455934,-0.0241008,-0.02350359,-0.02278533,-0.0219557,-0.02103705,-0.02003369,-0.01893076,-0.01773896,-0.01650775,-0.01526863,-0.01402897,-0.01280284,-0.01159371,-0.01041195,-0.00925471,-0.00810546,-0.00696522,-0.00582912,-0.0047157,-0.00363388,-0.00255104,-0.00147439,-0.00041674,0.0005825,0.00149636,0.00230425,0.00296748,0.00347319,0.0038134,0.00396013,0.0039533,0.00383514,0.00355826,0.00322144,0.00291576,0.00268713,0.00254195,0.00245915,0.00241214,0.00236301,0.00236301],"instab":[null,null,null,null,6.27651,5.79311,5.348908,5.171612,4.910499,4.705378,4.523108,4.365958,4.207183,4.05543,3.92216,3.897902,3.806801,3.788933,3.739786,3.640138,1.743319,1.730384,1.746308,1.654371,1.635158,1.647157,1.222725,1.280652,1.291206,1.309461,1.314952,1.346022,1.655257,1.808738,1.801325,1.825576,1.878235,1.80115,1.730114,1.737167,1.739841,1.721984,1.722435,1.726027,1.718581,1.883894,1.888103,1.86694,1.850045,1.853959,1.834417,1.823587,1.439995,1.330711,1.26628,1.034683,0.98091,0.982616,0.953629,0.943206,0.951824,0.954251,0.98569,0.997468,0.993826,0.610601,0.6012,0.63729,0.629131,0.606816,0.647628,0.659143,0.744457,0.806144,0.83893,0.847029,0.876408,0.837146,0.839499,0.839425,0.825643,0.824176,0.782671,0.814193,0.86498,0.838254,0.837433,0.829369,0.837673,0.822983,0.80669,0.81126,0.738625,0.66488,0.611813,0.592989,0.758758,0.75365,0.753474,0.752982,0.756314,0.756378,0.752998,0.710326,0.675757,0.670799,0.673997,0.683125,0.681008,0.680856,0.682311,0.672429,0.672016,0.687816,0.689767,0.668541,0.43713,0.419059,0.410477,0.409586,0.407453,0.417266,0.440339,0.427209,0.391637,0.391766,0.390047,0.3715,0.380168,0.402977,0.410817,0.421051,0.45352,0.449469,0.447766,0.455784,0.472029,0.47406,0.473454,0.459194,0.450466,0.40735,0.320709,0.233689,0.193573,0.165093,0.158652,0.159561,0.158183,0.159537,0.160051,0.159654,0.150226,0.137685,0.129213,0.120375,0.10036,0.099441,0.099784,0.101283,0.102979,0.103579,0.101133,0.10007,0.096657,0.100444,0.106573,0.111951,0.116571,0.106674,0.098549,0.09152,0.088491,0.08891,0.08424,0.071273,0.066313,0.065304,0.067273,0.070036,0.071974,0.073415,0.077104,0.073157,0.062056,0.061825,0.061006,0.064408,0.062298,0.056895,0.054237,0.049194,0.047956,0.047894,0.047065,0.037515,0.033071,0.045209,0.050178,0.054908,0.070117,0.074249,0.074485,0.079738,0.088713,0.095264,0.101551,0.100337,0.107659],