{"word":"rebellion","years":[1800,1801,1802,1803,1804,1805,1806,1807,1808,1809,1810,1811,1812,1813,1814,1815,1816,1817,1818,1819,1820,1821,1822,1823,1824,1825,1826,1827,1828,1829,1830,1831,1832,1833,1834,1835,1836,1837,1838,1839,1840,1841,1842,1843,1844,1845,1846,1847,1848,1849,1850,1851,1852,1853,1854,1855,1856,1857,1858,1859,1860,1861,1862,1863,1864,1865,1866,1867,1868,1869,1870,1871,1872,1873,1874,1875,1876,1877,1878,1879,1880,1881,1882,1883,1884,1885,1886,1887,1888,1889,1890,1891,1892,1893,1894,1895,1896,1897,1898,1899,1900,1901,1902,1903,1904,1905,1906,1907,1908,1909,1910,1911,1912,1913,1914,1915,1916,1917,1918,1919,1920,1921,1922,1923,1924,1925,1926,1927,1928,1929,1930,1931,1932,1933,1934,1935,1936,1937,1938,1939,1940,1941,1942,1943,1944,1945,1946,1947,1948,1949,1950,1951,1952,1953,1954,1955,1956,1957,1958,1959,1960,1961,1962,1963,1964,1965,1966,1967,1968,1969,1970,1971,1972,1973,1974,1975,1976,1977,1978,1979,1980,1981,1982,1983,1984,1985,1986,1987,1988,1989,1990,1991,1992,1993,1994,1995,1996,1997,1998,1999,2000,2001,2002,2003,2004,2005,2006,2007,2008,2009,2010,2011,2012,2013,2014,2015,2016,2017,2018,2019],"level":[-11.343721,-11.21443,-11.200461,-11.350064,-11.102912,-10.842157,-11.235254,-11.326249,-11.33475,-11.19364,-11.133298,-11.050559,-11.11494,-11.117294,-11.214481,-11.26176,-11.32177,-11.338822,-11.328941,-11.386165,-11.446724,-11.499405,-11.306391,-11.27761,-11.450211,-11.541968,-11.531081,-11.347991,-11.479495,-11.501294,-11.450332,-11.587855,-11.774249,-11.414,-11.63432,-11.625527,-11.542215,-11.46202,-11.60833,-11.526388,-11.463295,-11.587905,-11.603294,-11.566985,-11.461902,-11.558722,-11.546859,-11.543284,-11.538241,-11.507461,-11.585464,-11.593961,-11.663363,-11.666008,-11.684052,-11.719003,-11.616447,-11.626322,-11.432518,-11.52026,-11.319803,-10.28132,-9.574117,-9.6586,-9.702119,-9.805228,-9.749463,-10.029303,-10.137878,-10.478706,-10.603714,-10.701726,-10.893413,-11.121332,-11.298343,-11.248519,-11.306934,-11.399134,-11.440911,-11.376285,-11.377157,-11.434832,-11.163821,-11.593261,-11.52419,-11.607496,-11.722329,-11.733345,-11.635092,-11.641129,-11.759478,-11.872385,-11.84642,-11.951646,-11.873421,-11.898004,-11.873275,-11.845402,-11.905277,-11.919792,-11.963524,-12.082668,-12.087576,-12.319479,-12.399821,-12.452853,-12.497384,-12.510926,-12.565266,-12.519038,-12.350279,-12.35716,-12.641635,-12.769829,-12.817775,-12.916821,-12.892032,-12.949032,-13.028202,-12.981269,-13.013367,-13.034051,-12.998546,-12.981815,-12.946826,-12.984604,-12.823349,-12.936148,-12.916425,-12.861493,-12.951831,-13.019264,-12.992786,-13.006167,-12.944657,-12.976825,-12.947558,-12.883404,-12.979643,-13.027545,-13.047799,-13.032526,-13.031696,-13.036825,-13.135668,-13.227425,-13.099938,-13.056107,-13.077327,-13.094066,-12.953366,-13.003371,-12.988204,-13.021898,-13.015401,-13.032324,-13.00667,-12.935094,-12.898895,-12.864592,-12.796941,-12.711813,-12.728869,-12.708161,-12.60651,-12.542025,-12.509445,-12.413115,-12.31428,-12.259752,-12.28436,-12.338849,-12.45246,-12.555729,-12.627017,-12.677459,-12.769082,-12.841419,-12.891461,-12.813661,-12.80904,-12.828421,-12.877671,-12.890545,-12.881565,-12.883217,-12.852447,-12.799592,-12.77328,-12.678057,-12.721164,-12.751088,-12.752033,-12.714866,-12.708574,-12.705469,-12.685466,-12.656019,-12.595015,-12.557465,-12.503883,-12.497116,-12.465843,-12.409598,-12.355018,-12.288402,-12.249278,-12.271424,-12.19222,-12.096371,-12.056329,-12.036744,-12.140845,-12.092426,-11.934303,-11.89344,-11.892718,-11.882043,-11.828962,-11.827357],"drift":[-0.0022084,-0.0022084,-0.0022084,-0.0022084,-0.0022084,-0.0022084,-0.0022084,-0.0022084,-0.0022084,-0.0022084,-0.0022084,-0.0022084,-0.0022084,-0.0022084,-0.0022084,-0.0022084,-0.0022084,-0.0022084,-0.0022084,-0.0022084,-0.0022084,-0.0022084,-0.0022084,-0.0022084,-0.0022084,-0.0022084,-0.0022084,-0.0022084,-0.0022084,-0.0022084,-0.0022084,-0.0022084,-0.0022084,-0.0022084,-0.0022084,-0.0022084,-0.0022084,-0.0022084,-0.0022084,-0.0022084,-0.0022084,-0.0022084,-0.0022084,-0.0022084,-0.0022084,-0.0022084,-0.0022084,-0.0022084,-0.0022084,-0.0022084,-0.0022084,-0.0022084,-0.0022084,-0.0022084,-0.0022084,-0.0022084,-0.0022084,-0.0022084,-0.0022084,-0.0022084,-0.0022084,-0.0022084,-0.0022084,-0.0022084,-0.00220841,-0.00220841,-0.00220841,-0.00220841,-0.00220841,-0.00220841,-0.00220841,-0.00220841,-0.00220841,-0.00220841,-0.00220841,-0.00220841,-0.00220841,-0.00220841,-0.00220841,-0.00220841,-0.00220841,-0.00220841,-0.00220841,-0.00220841,-0.00220841,-0.00220841,-0.00220841,-0.00220841,-0.00220841,-0.00220841,-0.00220841,-0.00220841,-0.00220841,-0.00220841,-0.00220841,-0.00220841,-0.00220841,-0.00220841,-0.00220841,-0.00220841,-0.00220841,-0.00220841,-0.00220841,-0.00220841,-0.00220841,-0.00220841,-0.00220841,-0.00220841,-0.00220841,-0.00220841,-0.00220841,-0.00220841,-0.0022084,-0.0022084,-0.0022084,-0.0022084,-0.0022084,-0.0022084,-0.0022084,-0.0022084,-0.0022084,-0.0022084,-0.00220839,-0.00220839,-0.00220839,-0.00220839,-0.00220839,-0.00220839,-0.00220839,-0.00220839,-0.00220839,-0.00220839,-0.00220839,-0.00220838,-0.00220838,-0.00220838,-0.00220838,-0.00220838,-0.00220838,-0.00220838,-0.00220838,-0.00220838,-0.00220838,-0.00220837,-0.00220837,-0.00220837,-0.00220837,-0.00220837,-0.00220837,-0.00220837,-0.00220837,-0.00220837,-0.00220837,-0.00220836,-0.00220836,-0.00220836,-0.00220836,-0.00220836,-0.00220836,-0.00220836,-0.00220836,-0.00220836,-0.00220836,-0.00220836,-0.00220836,-0.00220835,-0.00220835,-0.00220835,-0.00220835,-0.00220835,-0.00220835,-0.00220835,-0.00220835,-0.00220835,-0.00220835,-0.00220835,-0.00220835,-0.00220835,-0.00220835,-0.00220835,-0.00220835,-0.00220835,-0.00220834,-0.00220834,-0.00220834,-0.00220834,-0.00220834,-0.00220834,-0.00220834,-0.00220834,-0.00220834,-0.00220834,-0.00220834,-0.00220834,-0.00220834,-0.00220833,-0.00220833,-0.00220833,-0.00220833,-0.00220833,-0.00220833,-0.00220833,-0.00220833,-0.00220833,-0.00220833,-0.00220833,-0.00220833,-0.00220833,-0.00220833,-0.00220833,-0.00220833,-0.00220833,-0.00220833,-0.00220833,-0.00220833,-0.00220833,-0.00220833,-0.00220833,-0.00220833,-0.00220833],