{"word":"reform","years":[1800,1801,1802,1803,1804,1805,1806,1807,1808,1809,1810,1811,1812,1813,1814,1815,1816,1817,1818,1819,1820,1821,1822,1823,1824,1825,1826,1827,1828,1829,1830,1831,1832,1833,1834,1835,1836,1837,1838,1839,1840,1841,1842,1843,1844,1845,1846,1847,1848,1849,1850,1851,1852,1853,1854,1855,1856,1857,1858,1859,1860,1861,1862,1863,1864,1865,1866,1867,1868,1869,1870,1871,1872,1873,1874,1875,1876,1877,1878,1879,1880,1881,1882,1883,1884,1885,1886,1887,1888,1889,1890,1891,1892,1893,1894,1895,1896,1897,1898,1899,1900,1901,1902,1903,1904,1905,1906,1907,1908,1909,1910,1911,1912,1913,1914,1915,1916,1917,1918,1919,1920,1921,1922,1923,1924,1925,1926,1927,1928,1929,1930,1931,1932,1933,1934,1935,1936,1937,1938,1939,1940,1941,1942,1943,1944,1945,1946,1947,1948,1949,1950,1951,1952,1953,1954,1955,1956,1957,1958,1959,1960,1961,1962,1963,1964,1965,1966,1967,1968,1969,1970,1971,1972,1973,1974,1975,1976,1977,1978,1979,1980,1981,1982,1983,1984,1985,1986,1987,1988,1989,1990,1991,1992,1993,1994,1995,1996,1997,1998,1999,2000,2001,2002,2003,2004,2005,2006,2007,2008,2009,2010,2011,2012,2013,2014,2015,2016,2017,2018,2019],"level":[-11.551494,-11.612419,-11.63725,-11.628421,-11.563987,-11.38866,-11.429951,-11.42188,-11.574345,-11.61834,-11.611547,-11.566154,-11.652861,-11.622513,-11.550174,-11.590896,-11.445212,-11.302602,-11.221943,-11.408857,-11.334633,-11.47847,-11.532125,-11.708085,-11.688021,-11.502907,-11.395054,-11.354884,-11.279581,-11.312543,-11.186828,-11.204186,-11.36653,-11.208435,-11.17082,-11.121969,-11.022873,-10.969154,-11.010933,-11.047236,-11.018833,-10.96571,-10.991605,-11.06979,-11.032055,-11.026319,-11.027093,-11.059537,-11.063673,-11.082349,-11.110703,-11.153432,-11.136455,-11.154654,-11.203927,-11.219991,-11.236192,-11.309976,-11.264452,-11.243837,-11.273834,-11.401432,-11.456874,-11.524774,-11.504979,-11.426915,-11.34893,-11.278708,-11.254602,-11.171108,-11.03885,-10.960221,-10.854432,-10.913758,-10.96412,-10.996036,-10.927324,-10.976919,-11.02027,-11.054444,-11.022328,-10.991149,-11.018301,-11.064454,-11.007125,-11.007688,-10.990785,-10.971271,-10.944379,-10.986973,-11.037576,-11.029189,-11.034767,-10.986581,-10.9392,-11.007646,-11.073686,-11.095062,-11.140387,-11.166923,-11.210006,-11.246589,-11.292136,-11.319305,-11.343061,-11.304297,-11.275341,-11.290175,-11.292034,-11.273752,-11.19998,-11.221936,-11.313002,-11.387555,-11.489151,-11.606174,-11.680779,-11.73884,-11.783501,-11.780642,-11.831454,-11.848305,-11.833075,-11.821648,-11.801547,-11.800557,-11.777337,-11.825376,-11.824177,-11.781676,-11.778426,-11.762103,-11.729576,-11.702146,-11.643116,-11.676075,-11.732906,-11.717657,-11.771039,-11.88268,-11.956942,-11.994949,-12.00468,-11.999892,-12.004326,-12.007963,-11.954221,-11.886283,-11.859284,-11.861232,-11.829231,-11.818089,-11.838172,-11.838548,-11.826563,-11.826406,-11.840609,-11.829332,-11.756954,-11.592095,-11.524712,-11.408638,-11.342214,-11.276645,-11.242603,-11.196892,-11.137909,-11.052455,-10.912941,-10.744286,-10.696522,-10.688582,-10.722708,-10.726399,-10.756054,-10.783952,-10.796449,-10.810488,-10.868715,-10.920681,-10.940576,-10.950228,-10.929343,-10.87427,-10.78802,-10.681389,-10.61402,-10.578558,-10.53678,-10.514721,-10.448492,-10.352748,-10.249165,-10.170767,-10.107032,-10.150976,-10.241638,-10.321293,-10.378623,-10.438055,-10.479409,-10.513528,-10.527832,-10.53024,-10.509497,-10.506653,-10.507289,-10.525598,-10.516104,-10.467385,-10.431169,-10.503793,-10.601408,-10.598436,-10.552664,-10.514447,-10.530849,-10.573345,-10.562208,-10.550415],"drift":[0.00457111,0.00457111,0.00457111,0.00457111,0.00457111,0.00457111,0.00457111,0.00457111,0.00457111,0.00457111,0.00457111,0.00457111,0.00457111,0.00457111,0.00457111,0.00457111,0.00457111,0.00457111,0.00457111,0.00457111,0.00457111,0.00457111,0.00457111,0.00457111,0.00457111,0.00457111,0.00457111,0.00457111,0.00457111,0.00457111,0.00457111,0.00457111,0.00457111,0.00457111,0.00457111,0.00457111,0.00457111,0.00457111,0.00457111,0.00457111,0.00457111,0.0045711,0.0045711,0.0045711,0.0045711,0.0045711,0.0045711,0.0045711,0.0045711,0.0045711,0.0045711,0.0045711,0.0045711,0.0045711,0.0045711,0.0045711,0.0045711,0.0045711,0.0045711,0.0045711,0.0045711,0.0045711,0.0045711,0.0045711,0.0045711,0.0045711,0.0045711,0.0045711,0.0045711,0.0045711,0.0045711,0.0045711,0.0045711,0.0045711,0.00457109,0.00457109,0.00457109,0.00457109,0.00457109,0.00457109,0.00457109,0.00457109,0.00457109,0.00457109,0.00457109,0.00457109,0.00457109,0.00457109,0.00457109,0.00457109,0.00457109,0.00457109,0.00457109,0.00457109,0.00457109,0.00457109,0.00457109,0.00457109,0.00457109,0.00457109,0.00457109,0.00457109,0.00457109,0.00457109,0.00457109,0.00457109,0.00457109,0.00457109,0.00457109,0.00457109,0.00457109,0.00457109,0.00457109,0.00457109,0.0045711,0.0045711,0.0045711,0.0045711,0.0045711,0.0045711,0.00457111,0.00457111,0.00457111,0.00457111,0.00457112,0.00457112,0.00457112,0.00457112,0.00457112,0.00457113,0.00457113,0.00457113,0.00457113,0.00457113,0.00457114,0.00457114,0.00457114,0.00457114,0.00457114,0.00457115,0.00457115,0.00457115,0.00457116,0.00457116,0.00457116,0.00457116,0.00457117,0.00457117,0.00457117,0.00457118,0.00457118,0.00457118,0.00457118,0.00457119,0.00457119,0.00457119,0.00457119,0.0045712,0.0045712,0.0045712,0.0045712,0.0045712,0.00457121,0.00457121,0.00457121,0.00457121,0.00457121,0.00457121,0.00457121,0.00457121,0.00457121,0.00457121,0.00457121,0.00457121,0.00457121,0.00457121,0.00457121,0.00457121,0.00457121,0.00457121,0.00457121,0.00457121,0.00457121,0.00457121,0.00457121,0.00457121,0.00457121,0.00457121,0.00457121,0.00457121,0.00457121,0.00457121,0.00457121,0.00457121,0.00457121,0.00457121,0.0045712,0.0045712,0.0045712,0.0045712,0.0045712,0.0045712,0.0045712,0.0045712,0.0045712,0.0045712,0.0045712,0.0045712,0.0045712,0.0045712,0.0045712,0.0045712,0.0045712,0.0045712,0.0045712,0.0045712,0.0045712,0.0045712,0.0045712,0.0045712],"instab":[null,null,null,null,5.155059,4.756116,4.382755,4.1022,3.84934,3.646364,3.475667,3.333992,3.197165,3.081148,2.981874,2.883167,2.801533,2.727177,2.660249,2.589364,0.304786,0.314508,0.313287,0.33446,0.334706,0.318821,0.321844,0.319983,0.308135,0.312103,0.320782,0.31786,0.345038,0.355103,0.351014,0.34449,0.3425,0.338202,0.327137,0.294714,0.284478,0.272852,0.272993,0.253176,0.250173,0.235607,0.22961,0.231147,0.225205,0.218303,0.202946,0.203195,0.144065,0.113671,0.116208,0.116084,0.105214,0.106523,0.110592,0.110381,0.111496,0.118706,0.118587,0.112627,0.108679,0.115784,0.122228,0.12936,0.129274,0.131547,0.146678,0.144259,0.16242,0.165442,0.164909,0.169854,0.176998,0.1673,0.168416,0.171037,0.171014,0.156756,0.155422,0.154547,0.156219,0.155253,0.153178,0.1496,0.150638,0.151391,0.143365,0.141698,0.115687,0.115774,0.122894,0.119949,0.111805,0.110271,0.1106,0.107111,0.107232,0.103311,0.104506,0.097207,0.089836,0.093155,0.096729,0.096219,0.090399,0.090043,0.102314,0.102604,0.107707,0.10658,0.095974,0.103874,0.102525,0.102913,0.103446,0.106998,0.107744,0.107746,0.108934,0.109797,0.110959,0.108128,0.110023,0.111831,0.111781,0.117421,0.101039,0.100308,0.098786,0.09835,0.106527,0.092485,0.094948,0.094499,0.089977,0.102755,0.105463,0.106452,0.106072,0.106209,0.105033,0.105597,0.103337,0.107115,0.108296,0.105236,0.106875,0.107564,0.107203,0.107128,0.096531,0.096722,0.089787,0.086578,0.086893,0.110418,0.102368,0.108812,0.108168,0.109528,0.108623,0.104599,0.104572,0.102328,0.106413,0.126667,0.126721,0.126809,0.129949,0.129058,0.132907,0.136756,0.135754,0.133414,0.139948,0.128294,0.1304,0.123794,0.122832,0.120178,0.121837,0.12848,0.130364,0.130028,0.125193,0.090138,0.087973,0.092431,0.096421,0.099246,0.104088,0.102291,0.112735,0.121915,0.121492,0.121548,0.123068,0.12444,0.125294,0.125939,0.124203,0.115655,0.111587,0.1122,0.110552,0.112529,0.117946,0.115281,0.119811,0.113043,0.100678,0.107168,0.102852,0.100958,0.099997,0.097626],