{"word":"religion","years":[1800,1801,1802,1803,1804,1805,1806,1807,1808,1809,1810,1811,1812,1813,1814,1815,1816,1817,1818,1819,1820,1821,1822,1823,1824,1825,1826,1827,1828,1829,1830,1831,1832,1833,1834,1835,1836,1837,1838,1839,1840,1841,1842,1843,1844,1845,1846,1847,1848,1849,1850,1851,1852,1853,1854,1855,1856,1857,1858,1859,1860,1861,1862,1863,1864,1865,1866,1867,1868,1869,1870,1871,1872,1873,1874,1875,1876,1877,1878,1879,1880,1881,1882,1883,1884,1885,1886,1887,1888,1889,1890,1891,1892,1893,1894,1895,1896,1897,1898,1899,1900,1901,1902,1903,1904,1905,1906,1907,1908,1909,1910,1911,1912,1913,1914,1915,1916,1917,1918,1919,1920,1921,1922,1923,1924,1925,1926,1927,1928,1929,1930,1931,1932,1933,1934,1935,1936,1937,1938,1939,1940,1941,1942,1943,1944,1945,1946,1947,1948,1949,1950,1951,1952,1953,1954,1955,1956,1957,1958,1959,1960,1961,1962,1963,1964,1965,1966,1967,1968,1969,1970,1971,1972,1973,1974,1975,1976,1977,1978,1979,1980,1981,1982,1983,1984,1985,1986,1987,1988,1989,1990,1991,1992,1993,1994,1995,1996,1997,1998,1999,2000,2001,2002,2003,2004,2005,2006,2007,2008,2009,2010,2011,2012,2013,2014,2015,2016,2017,2018,2019],"level":[-8.805096,-8.691128,-8.699578,-8.734177,-8.72443,-8.75523,-8.778938,-8.794206,-8.833284,-8.807451,-8.797678,-8.77798,-8.773025,-8.81409,-8.805389,-8.786542,-8.834061,-8.869157,-8.901719,-8.97155,-8.927861,-8.862532,-8.868951,-8.883383,-8.87106,-8.881136,-8.824221,-8.804365,-8.831729,-8.845658,-8.866534,-8.970233,-9.112521,-9.065826,-9.082706,-9.03722,-9.069095,-9.112406,-9.124676,-9.138162,-9.145012,-9.140029,-9.151284,-9.126648,-9.094402,-9.145831,-9.196155,-9.220609,-9.237331,-9.257109,-9.315355,-9.365195,-9.408133,-9.444315,-9.437625,-9.438659,-9.4643,-9.522763,-9.600818,-9.656877,-9.74732,-9.851527,-9.934279,-9.959599,-9.975288,-10.010296,-10.019282,-10.010698,-10.009507,-9.974839,-9.945045,-9.976697,-10.001498,-9.985969,-10.000378,-10.013677,-10.027726,-10.052842,-10.080829,-10.106093,-10.142875,-10.182283,-10.216685,-10.211581,-10.242748,-10.254878,-10.265004,-10.27202,-10.277016,-10.271605,-10.248832,-10.265357,-10.297738,-10.307281,-10.336873,-10.380091,-10.421252,-10.451151,-10.465884,-10.444188,-10.471396,-10.508573,-10.523383,-10.54299,-10.566961,-10.597085,-10.62325,-10.613698,-10.623165,-10.624412,-10.625574,-10.669774,-10.755996,-10.815827,-10.845366,-10.893506,-10.943735,-10.962099,-10.965008,-10.961243,-10.956437,-10.928111,-10.870676,-10.819215,-10.751949,-10.702495,-10.657118,-10.639206,-10.626732,-10.651954,-10.678123,-10.700745,-10.713907,-10.721827,-10.73926,-10.778507,-10.807993,-10.816461,-10.838106,-10.857422,-10.871901,-10.871083,-10.870821,-10.879217,-10.86957,-10.861819,-10.84699,-10.844167,-10.839171,-10.837774,-10.817555,-10.816996,-10.832793,-10.843707,-10.843871,-10.818921,-10.822524,-10.825791,-10.836098,-10.832546,-10.789782,-10.773005,-10.750707,-10.7004,-10.654635,-10.657249,-10.653429,-10.639258,-10.626105,-10.624838,-10.639114,-10.677057,-10.748356,-10.819171,-10.864637,-10.888375,-10.917958,-10.932006,-10.926848,-10.918069,-10.927282,-10.914447,-10.913984,-10.900334,-10.888071,-10.886459,-10.885742,-10.856964,-10.859427,-10.867454,-10.85654,-10.839357,-10.827865,-10.800707,-10.782254,-10.746039,-10.703254,-10.66955,-10.630168,-10.592986,-10.553561,-10.520779,-10.469384,-10.396621,-10.350449,-10.298005,-10.261371,-10.250845,-10.212316,-10.170117,-10.166014,-10.190847,-10.233257,-10.23937,-10.183944,-10.135247,-10.12024,-10.114169,-10.083422,-10.062896],"drift":[-0.00875359,-0.00892592,-0.00909892,-0.00923611,-0.00939996,-0.00953375,-0.00964764,-0.00975364,-0.00981846,-0.00993335,-0.01007591,-0.01026027,-0.010466,-0.01062877,-0.01081868,-0.01105024,-0.0112306,-0.01137744,-0.01149453,-0.01152971,-0.01164242,-0.01186322,-0.01209167,-0.01231683,-0.01257659,-0.01283986,-0.01320109,-0.01360873,-0.01399706,-0.01438548,-0.01476479,-0.01501922,-0.01509493,-0.0152574,-0.0154176,-0.01566332,-0.01588628,-0.01607073,-0.01626051,-0.01645419,-0.01666136,-0.01689891,-0.0171444,-0.01744855,-0.01782249,-0.01814924,-0.0184308,-0.01870391,-0.0189798,-0.01925457,-0.01947458,-0.01965196,-0.01979663,-0.0199183,-0.02007733,-0.02026311,-0.02044133,-0.02056616,-0.02061026,-0.02060459,-0.02050084,-0.02027955,-0.01997054,-0.01965401,-0.01934305,-0.0190101,-0.01869121,-0.01841064,-0.01815758,-0.01797871,-0.01786692,-0.01773577,-0.0175947,-0.01750015,-0.01740993,-0.01732549,-0.01724565,-0.01715476,-0.01704865,-0.01693101,-0.0167855,-0.01660821,-0.01640594,-0.01623388,-0.01604084,-0.0158533,-0.0156738,-0.01550646,-0.01535388,-0.01523045,-0.0151604,-0.01508842,-0.01499216,-0.01490356,-0.01479433,-0.01464518,-0.0144588,-0.01425074,-0.014042,-0.01388345,-0.01370618,-0.01349596,-0.01328389,-0.01306294,-0.01282668,-0.01256612,-0.01228647,-0.01203749,-0.01179211,-0.01156154,-0.01134558,-0.01108348,-0.01071587,-0.01027929,-0.00981567,-0.00929822,-0.00872331,-0.00813485,-0.00755373,-0.00698851,-0.00643985,-0.00594001,-0.00552916,-0.00519834,-0.00496927,-0.00481663,-0.00473448,-0.00468412,-0.00465786,-0.00460272,-0.0045173,-0.00440645,-0.00428331,-0.00415506,-0.00400817,-0.00381179,-0.00357936,-0.00334006,-0.00307507,-0.00278726,-0.00248304,-0.00218345,-0.0018873,-0.001582,-0.00129248,-0.00101565,-0.00076108,-0.00051153,-0.00026972,-3.025e-05,0.00018078,0.00039128,0.00062452,0.00087396,0.00112485,0.00134229,0.00156668,0.00179785,0.00204602,0.00229207,0.0024813,0.00265045,0.002792,0.00286684,0.00288144,0.00290375,0.00292478,0.00293001,0.00292089,0.0029141,0.00293144,0.00300617,0.00318525,0.00346825,0.00381996,0.00421037,0.00464824,0.00511236,0.00557641,0.00603597,0.00651695,0.00698905,0.00747031,0.0079429,0.00840942,0.00888548,0.00937302,0.00983331,0.01031086,0.01081417,0.01131733,0.01181226,0.01230764,0.01278217,0.01324873,0.01368304,0.01407648,0.01444237,0.01477323,0.01507262,0.01533782,0.01557852,0.01576893,0.0158793,0.01594713,0.01596372,0.01595127,0.01594645,0.01590991,0.01583646,0.01577948,0.01577953,0.01586129,0.01597391,0.01603113,0.01604249,0.01605529,0.01608212,0.01608835,0.01608835],"instab":[null,null,null,null,4.014274,3.662743,3.394109,3.183173,2.996923,2.853209,2.724366,2.613721,2.516263,2.422279,2.341816,2.272807,2.203903,2.141646,2.085702,2.030381,0.297449,0.262853,0.192893,0.158399,0.160127,0.15888,0.16523,0.168642,0.160243,0.158695,0.161438,0.163797,0.223609,0.22987,0.231664,0.237538,0.235971,0.237236,0.237129,0.221062,0.220445,0.208499,0.208868,0.209049,0.217414,0.215508,0.211765,0.208277,0.207833,0.208781,0.206475,0.20558,0.134488,0.122309,0.119869,0.100706,0.101814,0.097949,0.10461,0.104673,0.10698,0.112894,0.121551,0.119368,0.098043,0.097696,0.096483,0.101744,0.101605,0.106953,0.122758,0.121731,0.122252,0.12442,0.123303,0.121492,0.121195,0.120925,0.114648,0.114719,0.111723,0.100174,0.086169,0.089859,0.091137,0.088802,0.088714,0.087135,0.086843,0.082262,0.0727,0.072042,0.071126,0.065406,0.065422,0.067119,0.068867,0.069944,0.07131,0.08385,0.083466,0.08519,0.080678,0.075192,0.073523,0.074018,0.076985,0.080246,0.080236,0.080531,0.076169,0.07612,0.086964,0.091287,0.091616,0.091416,0.093991,0.093547,0.09315,0.081902,0.081966,0.081095,0.090929,0.094296,0.105017,0.107859,0.109414,0.108505,0.109856,0.111324,0.110764,0.112234,0.099907,0.090591,0.090575,0.092888,0.089757,0.088644,0.090124,0.091364,0.092789,0.092776,0.086481,0.085098,0.072506,0.066152,0.05566,0.053737,0.046291,0.045802,0.050201,0.049488,0.049822,0.050481,0.051133,0.054207,0.049082,0.048937,0.049581,0.051916,0.059487,0.059506,0.059697,0.062157,0.073089,0.074242,0.074369,0.074332,0.074449,0.073446,0.071778,0.072178,0.081728,0.094821,0.099591,0.095572,0.097219,0.09763,0.097543,0.098039,0.091426,0.092706,0.092715,0.088701,0.075655,0.076031,0.076369,0.083456,0.082457,0.082117,0.082161,0.083793,0.077242,0.064983,0.056181,0.056507,0.054909,0.051719,0.05271,0.052365,0.049287,0.049216,0.047655,0.058107,0.058087,0.059418,0.055118,0.059514,0.058923,0.056516,0.055932,0.061399,0.083405,0.096357,0.0973,0.10007,0.099075,0.102097,0.101659,0.101425],