{"word":"revolution","years":[1800,1801,1802,1803,1804,1805,1806,1807,1808,1809,1810,1811,1812,1813,1814,1815,1816,1817,1818,1819,1820,1821,1822,1823,1824,1825,1826,1827,1828,1829,1830,1831,1832,1833,1834,1835,1836,1837,1838,1839,1840,1841,1842,1843,1844,1845,1846,1847,1848,1849,1850,1851,1852,1853,1854,1855,1856,1857,1858,1859,1860,1861,1862,1863,1864,1865,1866,1867,1868,1869,1870,1871,1872,1873,1874,1875,1876,1877,1878,1879,1880,1881,1882,1883,1884,1885,1886,1887,1888,1889,1890,1891,1892,1893,1894,1895,1896,1897,1898,1899,1900,1901,1902,1903,1904,1905,1906,1907,1908,1909,1910,1911,1912,1913,1914,1915,1916,1917,1918,1919,1920,1921,1922,1923,1924,1925,1926,1927,1928,1929,1930,1931,1932,1933,1934,1935,1936,1937,1938,1939,1940,1941,1942,1943,1944,1945,1946,1947,1948,1949,1950,1951,1952,1953,1954,1955,1956,1957,1958,1959,1960,1961,1962,1963,1964,1965,1966,1967,1968,1969,1970,1971,1972,1973,1974,1975,1976,1977,1978,1979,1980,1981,1982,1983,1984,1985,1986,1987,1988,1989,1990,1991,1992,1993,1994,1995,1996,1997,1998,1999,2000,2001,2002,2003,2004,2005,2006,2007,2008],"level":[-10.396647,-10.373806,-10.361415,-10.440164,-10.450698,-10.46109,-10.424856,-10.390741,-10.376149,-10.287237,-10.284655,-10.317923,-10.270534,-10.337564,-10.314464,-10.299808,-10.257859,-10.158995,-10.144037,-10.182292,-10.175721,-10.229073,-10.285875,-10.374491,-10.409952,-10.3185,-10.344371,-10.439861,-10.44401,-10.409248,-10.341194,-10.360299,-10.43914,-10.349405,-10.412279,-10.479669,-10.50288,-10.546827,-10.574374,-10.577665,-10.607035,-10.620464,-10.609406,-10.603475,-10.580245,-10.560527,-10.529418,-10.493319,-10.422893,-10.510234,-10.558852,-10.586408,-10.602179,-10.667457,-10.678196,-10.711327,-10.71673,-10.794594,-10.786919,-10.775833,-10.762565,-10.696574,-10.792271,-10.870476,-10.931765,-10.997671,-11.057994,-11.106043,-11.107878,-11.092239,-11.087224,-11.084843,-11.060966,-11.042921,-11.078308,-11.090456,-11.101523,-11.122517,-11.151901,-11.149569,-11.170534,-11.189187,-11.236594,-11.255928,-11.263815,-11.261274,-11.245501,-11.251061,-11.246733,-11.257954,-11.228142,-11.237068,-11.24686,-11.227278,-11.236707,-11.258193,-11.311171,-11.301283,-11.298115,-11.32068,-11.343297,-11.401552,-11.427927,-11.437433,-11.416424,-11.440023,-11.466159,-11.489136,-11.52607,-11.517973,-11.481512,-11.482008,-11.549166,-11.613582,-11.662849,-11.691141,-11.666236,-11.561365,-11.477509,-11.413694,-11.430497,-11.485102,-11.51289,-11.540292,-11.543921,-11.548431,-11.537894,-11.552653,-11.55248,-11.512103,-11.47227,-11.429966,-11.39075,-11.382214,-11.374898,-11.420514,-11.491741,-11.49795,-11.533356,-11.559779,-11.549706,-11.543883,-11.533975,-11.537075,-11.563905,-11.591959,-11.59122,-11.574385,-11.573022,-11.554408,-11.510535,-11.491573,-11.487981,-11.483515,-11.455164,-11.423318,-11.37425,-11.34145,-11.288774,-11.204214,-11.115738,-11.040672,-11.013679,-10.973112,-10.916112,-10.856862,-10.779583,-10.688174,-10.628741,-10.635882,-10.649926,-10.706471,-10.783952,-10.851328,-10.896804,-10.93775,-11.001325,-11.077597,-11.141719,-11.155661,-11.137175,-11.14257,-11.154998,-11.172986,-11.181056,-11.195178,-11.215375,-11.245618,-11.274048,-11.295672,-11.30262,-11.327214,-11.350357,-11.375272,-11.380397,-11.376491,-11.380035,-11.398333,-11.391222,-11.374387,-11.362873,-11.374374,-11.382112,-11.369522,-11.363576,-11.347455,-11.32411,-11.319149,-11.31256],"drift":[-0.00440352,-0.00440352,-0.00440352,-0.00440352,-0.00440352,-0.00440352,-0.00440352,-0.00440352,-0.00440352,-0.00440352,-0.00440352,-0.00440352,-0.00440352,-0.00440352,-0.00440352,-0.00440352,-0.00440352,-0.00440353,-0.00440353,-0.00440353,-0.00440353,-0.00440353,-0.00440353,-0.00440353,-0.00440354,-0.00440354,-0.00440354,-0.00440354,-0.00440354,-0.00440354,-0.00440354,-0.00440354,-0.00440354,-0.00440354,-0.00440354,-0.00440354,-0.00440354,-0.00440354,-0.00440354,-0.00440354,-0.00440354,-0.00440354,-0.00440354,-0.00440354,-0.00440354,-0.00440354,-0.00440354,-0.00440354,-0.00440355,-0.00440355,-0.00440355,-0.00440355,-0.00440355,-0.00440355,-0.00440355,-0.00440355,-0.00440354,-0.00440354,-0.00440354,-0.00440354,-0.00440354,-0.00440354,-0.00440354,-0.00440354,-0.00440354,-0.00440354,-0.00440354,-0.00440353,-0.00440353,-0.00440353,-0.00440353,-0.00440352,-0.00440352,-0.00440352,-0.00440352,-0.00440352,-0.00440352,-0.00440351,-0.00440351,-0.00440351,-0.00440351,-0.0044035,-0.0044035,-0.0044035,-0.0044035,-0.00440349,-0.00440349,-0.00440349,-0.00440349,-0.00440348,-0.00440348,-0.00440348,-0.00440348,-0.00440347,-0.00440347,-0.00440347,-0.00440347,-0.00440346,-0.00440346,-0.00440346,-0.00440346,-0.00440345,-0.00440345,-0.00440345,-0.00440344,-0.00440344,-0.00440344,-0.00440343,-0.00440343,-0.00440343,-0.00440342,-0.00440342,-0.00440342,-0.00440341,-0.00440341,-0.00440341,-0.0044034,-0.0044034,-0.0044034,-0.00440339,-0.00440339,-0.00440339,-0.00440338,-0.00440338,-0.00440338,-0.00440337,-0.00440337,-0.00440337,-0.00440336,-0.00440336,-0.00440336,-0.00440336,-0.00440335,-0.00440335,-0.00440335,-0.00440335,-0.00440334,-0.00440334,-0.00440334,-0.00440334,-0.00440333,-0.00440333,-0.00440333,-0.00440333,-0.00440332,-0.00440332,-0.00440332,-0.00440331,-0.00440331,-0.00440331,-0.00440331,-0.0044033,-0.0044033,-0.0044033,-0.0044033,-0.0044033,-0.00440329,-0.00440329,-0.00440329,-0.00440329,-0.00440329,-0.00440329,-0.00440329,-0.00440329,-0.00440329,-0.00440329,-0.0044033,-0.0044033,-0.0044033,-0.0044033,-0.00440331,-0.00440331,-0.00440331,-0.00440331,-0.00440331,-0.00440332,-0.00440332,-0.00440332,-0.00440332,-0.00440332,-0.00440332,-0.00440332,-0.00440332,-0.00440332,-0.00440332,-0.00440332,-0.00440332,-0.00440332,-0.00440332,-0.00440332,-0.00440332,-0.00440332,-0.00440332,-0.00440332,-0.00440331,-0.00440331,-0.00440331,-0.00440331,-0.00440331,-0.00440331,-0.00440331,-0.00440331,-0.00440331,-0.00440331,-0.00440331,-0.00440331,-0.00440331,-0.00440331,-0.00440331],"instab":[null,null,null,null,4.643216,4.238991,3.937548,3.691748,3.477199,3.313309,3.159765,3.019465,2.908613,2.797321,2.703575,2.617267,2.538781,2.473063,2.408152,2.345229,0.20237,0.203645,0.203724,0.185321,0.196439,0.214958,0.213601,0.225774,0.225349,0.209933,0.221218,0.215884,0.226377,0.24073,0.24168,0.245579,0.245599,0.232307,0.230354,0.229107,0.227121,0.226424,0.22707,0.219955,0.211447,0.190789,0.190722,0.174813,0.197334,0.205262,0.196181,0.19564,0.168681,0.140448,0.139356,0.13387,0.137582,0.149532,0.148903,0.148588,0.148176,0.176101,0.182369,0.186116,0.18629,0.187354,0.187399,0.188816,0.1561,0.153289,0.153192,0.153169,0.153646,0.15292,0.153309,0.152276,0.148663,0.135419,0.136323,0.137125,0.136883,0.092923,0.086392,0.080127,0.078303,0.074661,0.073408,0.064441,0.065223,0.065976,0.072965,0.072832,0.072103,0.068426,0.065198,0.065385,0.078946,0.079825,0.078226,0.077357,0.077408,0.084331,0.080951,0.081347,0.086906,0.087131,0.085376,0.085359,0.088869,0.087619,0.088609,0.093924,0.096772,0.097182,0.099051,0.100829,0.093822,0.112156,0.122019,0.137329,0.137493,0.136662,0.136105,0.136822,0.133629,0.133577,0.134227,0.134635,0.131531,0.13262,0.129933,0.128667,0.127984,0.122543,0.118927,0.113516,0.127829,0.117461,0.111292,0.095771,0.095606,0.090313,0.090339,0.088263,0.089033,0.091776,0.090432,0.090971,0.089914,0.087909,0.091117,0.089989,0.084626,0.084555,0.081339,0.081578,0.064856,0.064593,0.061402,0.061214,0.070964,0.081702,0.081883,0.081858,0.079548,0.070803,0.068704,0.076544,0.078711,0.079149,0.07945,0.087779,0.103502,0.115138,0.120851,0.122867,0.12641,0.134995,0.145388,0.143335,0.13761,0.127088,0.126796,0.126295,0.123162,0.12083,0.115796,0.098409,0.074916,0.073792,0.072236,0.072289,0.06803,0.063017,0.062465,0.0645,0.064787,0.058214,0.041894,0.04234,0.040805,0.040504,0.040899,0.042431,0.04243,0.043289,0.048107,0.046892,0.045746],