{"word":"satellite","years":[1800,1801,1802,1803,1804,1805,1806,1807,1808,1809,1810,1811,1812,1813,1814,1815,1816,1817,1818,1819,1820,1821,1822,1823,1824,1825,1826,1827,1828,1829,1830,1831,1832,1833,1834,1835,1836,1837,1838,1839,1840,1841,1842,1843,1844,1845,1846,1847,1848,1849,1850,1851,1852,1853,1854,1855,1856,1857,1858,1859,1860,1861,1862,1863,1864,1865,1866,1867,1868,1869,1870,1871,1872,1873,1874,1875,1876,1877,1878,1879,1880,1881,1882,1883,1884,1885,1886,1887,1888,1889,1890,1891,1892,1893,1894,1895,1896,1897,1898,1899,1900,1901,1902,1903,1904,1905,1906,1907,1908,1909,1910,1911,1912,1913,1914,1915,1916,1917,1918,1919,1920,1921,1922,1923,1924,1925,1926,1927,1928,1929,1930,1931,1932,1933,1934,1935,1936,1937,1938,1939,1940,1941,1942,1943,1944,1945,1946,1947,1948,1949,1950,1951,1952,1953,1954,1955,1956,1957,1958,1959,1960,1961,1962,1963,1964,1965,1966,1967,1968,1969,1970,1971,1972,1973,1974,1975,1976,1977,1978,1979,1980,1981,1982,1983,1984,1985,1986,1987,1988,1989,1990,1991,1992,1993,1994,1995,1996,1997,1998,1999,2000,2001,2002,2003,2004,2005,2006,2007,2008,2009,2010,2011,2012,2013,2014,2015,2016,2017,2018,2019],"level":[-16.309326,-16.391923,-15.810425,-15.326192,-14.904652,-14.847955,-14.494071,-14.210461,-14.010084,-13.634785,-13.513055,-13.519776,-13.61783,-13.798601,-14.072481,-14.144482,-14.200921,-14.168714,-14.096166,-14.116232,-14.135258,-14.188554,-14.283617,-14.395103,-14.350667,-14.356417,-14.364523,-14.484398,-14.552684,-14.582447,-14.602774,-14.525118,-14.436501,-14.4347,-14.42749,-14.481213,-14.497496,-14.365579,-14.150852,-14.067634,-14.260961,-14.294528,-14.200824,-14.097581,-13.995559,-13.778368,-13.748309,-13.712924,-13.645825,-13.706817,-13.67851,-13.657571,-13.734731,-13.781938,-13.742378,-13.750403,-13.778207,-13.784135,-13.933447,-14.072675,-14.228648,-14.380003,-14.529707,-14.630925,-14.718695,-14.741176,-14.730724,-14.659065,-14.642992,-14.592144,-14.527985,-14.441655,-14.334678,-14.230637,-14.171825,-14.126669,-14.061514,-13.98228,-13.968911,-14.024206,-14.137346,-14.24666,-14.327902,-14.369377,-14.404458,-14.48238,-14.503665,-14.514188,-14.398009,-14.365978,-14.330654,-14.299024,-14.269349,-14.212765,-14.251122,-14.307536,-14.386586,-14.398646,-14.418481,-14.511355,-14.531145,-14.666109,-14.736529,-14.725262,-14.717229,-14.689979,-14.752925,-14.834477,-14.82297,-14.813239,-14.791531,-14.793442,-14.943399,-15.004365,-15.057271,-15.091202,-15.115868,-15.154724,-15.215187,-15.267022,-15.272795,-15.274326,-15.222518,-15.146021,-15.080843,-15.002203,-14.944074,-14.921808,-14.896605,-14.866002,-14.871739,-14.809056,-14.732606,-14.624816,-14.609417,-14.617133,-14.625824,-14.57754,-14.548883,-14.516878,-14.468542,-14.388307,-14.248513,-14.099405,-13.957399,-13.811929,-13.600618,-13.411867,-13.316441,-13.211618,-13.112175,-13.022396,-12.918659,-12.776353,-12.607863,-12.37604,-12.088147,-11.800825,-11.55828,-11.36895,-11.218993,-11.080675,-10.968781,-10.956964,-10.942652,-10.902946,-10.895971,-10.932842,-10.97229,-10.998414,-11.028189,-11.062311,-11.071778,-11.07403,-11.060119,-11.050997,-11.034319,-11.012232,-10.995452,-10.974767,-10.939274,-10.902788,-10.864131,-10.848631,-10.815176,-10.783591,-10.757803,-10.740173,-10.748711,-10.772332,-10.7811,-10.776775,-10.756527,-10.773485,-10.764148,-10.770396,-10.81409,-10.835408,-10.834191,-10.858306,-10.909868,-10.954597,-11.005841,-11.050457,-11.08958,-11.142668,-11.201148,-11.244472,-11.305768,-11.369465,-11.409537,-11.461173,-11.48414,-11.521672,-11.572001,-11.598578,-11.629636,-11.640184,-11.664685,-11.698755],"drift":[0.13300188,0.13432863,0.1329036,0.12931655,0.12393121,0.11895962,0.11254235,0.10507237,0.0970159,0.08724693,0.07726576,0.06780142,0.05935773,0.05239174,0.04743357,0.04321037,0.03960039,0.03603591,0.03224675,0.0287795,0.02560644,0.02291893,0.02095746,0.01981102,0.01851304,0.01736438,0.01637245,0.01621896,0.0165855,0.01723726,0.01812018,0.01863673,0.01872264,0.01891267,0.01917473,0.01988538,0.0208186,0.02106814,0.02012595,0.01879551,0.01877042,0.01906741,0.0189051,0.01822379,0.0170268,0.01459804,0.01207414,0.00940679,0.00638441,0.00377665,0.00101794,-0.00186337,-0.00428131,-0.0064351,-0.00887193,-0.01131397,-0.01365454,-0.01604266,-0.01761066,-0.01843025,-0.01840343,-0.01755845,-0.01590028,-0.01371707,-0.01107817,-0.00836909,-0.00577583,-0.00365909,-0.00166377,8.39e-06,0.00128579,0.00203984,0.00214812,0.00162938,0.00075875,-0.00038509,-0.00193225,-0.0039789,-0.0061323,-0.00798316,-0.00918691,-0.0097745,-0.00992229,-0.00987591,-0.00967442,-0.00905295,-0.0083562,-0.00764613,-0.00769805,-0.00799445,-0.00855743,-0.00936771,-0.01041825,-0.01188112,-0.01318105,-0.01421494,-0.01484984,-0.01550191,-0.01612732,-0.01628044,-0.01641197,-0.01581395,-0.0148799,-0.01410675,-0.01346984,-0.01308352,-0.01239035,-0.01127157,-0.01029297,-0.00943759,-0.00877388,-0.0081524,-0.00665828,-0.00482997,-0.0027058,-0.00038948,0.00207624,0.00479384,0.00791302,0.01139988,0.01499241,0.01868663,0.02217703,0.02533315,0.02824407,0.03084487,0.03327777,0.03577843,0.03834417,0.04095755,0.04385828,0.04664316,0.04924462,0.0514858,0.05394905,0.05679178,0.06003748,0.0633555,0.06688706,0.07063327,0.07451669,0.07836492,0.08183513,0.08489136,0.08759612,0.08994472,0.09154647,0.09255004,0.09353591,0.09445232,0.09533802,0.09625793,0.09713181,0.09772771,0.09788814,0.09722436,0.09538725,0.09236901,0.08842662,0.08386329,0.07889323,0.07355748,0.06798581,0.0627598,0.05783193,0.05301559,0.04848259,0.04447483,0.04098351,0.03790517,0.03524331,0.03300832,0.0310347,0.02926593,0.02759165,0.02603103,0.02452797,0.02303992,0.02159039,0.02014644,0.01860805,0.01695965,0.01517772,0.01339381,0.01148644,0.0094554,0.00732384,0.00512887,0.00301799,0.00107104,-0.00081535,-0.00273337,-0.00479282,-0.00677741,-0.00886116,-0.010961,-0.0128594,-0.01470575,-0.01665009,-0.01854848,-0.02024372,-0.02178828,-0.02315158,-0.02438279,-0.02552329,-0.02649416,-0.0272682,-0.02794343,-0.02841342,-0.02866628,-0.02884895,-0.02889139,-0.02897029,-0.02899651,-0.02889145,-0.02880063,-0.02869592,-0.02870289,-0.02873572,-0.02873572],"instab":[null,null,null,null,8.64881,7.752472,7.128306,6.626413,6.198603,5.902357,5.606772,5.347062,5.119651,4.918865,4.751679,4.591379,4.445697,4.315626,4.20474,4.094609,2.254419,2.083573,1.107623,1.03188,0.923039,0.731561,0.731338,0.723696,0.698536,0.584751,0.579981,0.596288,0.632137,0.624329,0.443826,0.430624,0.416398,0.416055,0.495861,0.587134,0.654989,0.667909,0.668276,0.625849,0.624854,0.695818,0.691645,0.675831,0.679517,0.699056,0.687493,0.690369,0.689478,0.702816,0.703164,0.697983,0.680096,0.688752,0.653758,0.578007,0.506941,0.491269,0.501558,0.497258,0.500666,0.372989,0.372667,0.406982,0.369814,0.355771,0.360331,0.350994,0.356753,0.358304,0.356514,0.356607,0.354191,0.347794,0.332066,0.321016,0.31669,0.321563,0.308034,0.303486,0.284041,0.304338,0.303345,0.305377,0.346505,0.34545,0.345016,0.34309,0.335367,0.340367,0.337905,0.338438,0.356296,0.338176,0.338657,0.356285,0.368293,0.379862,0.384282,0.38574,0.384431,0.392666,0.392619,0.396411,0.3582,0.357411,0.36019,0.391637,0.427425,0.40488,0.405274,0.405305,0.392867,0.393433,0.386987,0.372011,0.353346,0.328809,0.313758,0.322084,0.324514,0.312012,0.320092,0.288672,0.288287,0.291095,0.300282,0.261242,0.189452,0.22906,0.222465,0.223647,0.242031,0.243059,0.239095,0.228006,0.230424,0.22815,0.232137,0.233198,0.235594,0.229855,0.245392,0.283257,0.28397,0.283115,0.263183,0.266373,0.271456,0.241336,0.243295,0.240218,0.236132,0.263777,0.273319,0.268655,0.263712,0.25585,0.256442,0.289376,0.322395,0.325842,0.318811,0.305069,0.326203,0.335262,0.342041,0.353966,0.35697,0.359603,0.359797,0.357363,0.329694,0.277254,0.228997,0.201946,0.197687,0.191217,0.163686,0.157831,0.150148,0.154627,0.158783,0.152999,0.132945,0.126913,0.119458,0.095103,0.101023,0.099682,0.101789,0.10399,0.114846,0.118964,0.122809,0.122649,0.127037,0.127287,0.124215,0.124048,0.123383,0.121977,0.122971,0.119984,0.119845,0.119754,0.120723,0.122852,0.116388,0.11487,0.112898,0.109026,0.100725,0.106576,0.10461,0.102814],