{"word":"silver","years":[1800,1801,1802,1803,1804,1805,1806,1807,1808,1809,1810,1811,1812,1813,1814,1815,1816,1817,1818,1819,1820,1821,1822,1823,1824,1825,1826,1827,1828,1829,1830,1831,1832,1833,1834,1835,1836,1837,1838,1839,1840,1841,1842,1843,1844,1845,1846,1847,1848,1849,1850,1851,1852,1853,1854,1855,1856,1857,1858,1859,1860,1861,1862,1863,1864,1865,1866,1867,1868,1869,1870,1871,1872,1873,1874,1875,1876,1877,1878,1879,1880,1881,1882,1883,1884,1885,1886,1887,1888,1889,1890,1891,1892,1893,1894,1895,1896,1897,1898,1899,1900,1901,1902,1903,1904,1905,1906,1907,1908,1909,1910,1911,1912,1913,1914,1915,1916,1917,1918,1919,1920,1921,1922,1923,1924,1925,1926,1927,1928,1929,1930,1931,1932,1933,1934,1935,1936,1937,1938,1939,1940,1941,1942,1943,1944,1945,1946,1947,1948,1949,1950,1951,1952,1953,1954,1955,1956,1957,1958,1959,1960,1961,1962,1963,1964,1965,1966,1967,1968,1969,1970,1971,1972,1973,1974,1975,1976,1977,1978,1979,1980,1981,1982,1983,1984,1985,1986,1987,1988,1989,1990,1991,1992,1993,1994,1995,1996,1997,1998,1999,2000,2001,2002,2003,2004,2005,2006,2007,2008,2009,2010,2011,2012,2013,2014,2015,2016,2017,2018,2019],"level":[-10.619997,-10.710162,-10.770705,-10.704847,-10.436973,-10.287473,-10.116235,-10.057345,-10.020523,-9.944292,-9.857197,-9.916141,-9.934441,-9.912029,-9.89912,-9.880436,-9.762326,-9.782879,-9.698771,-9.653081,-9.761729,-9.707194,-9.769886,-9.825472,-9.888862,-9.826042,-9.905664,-9.907221,-9.916802,-9.886347,-9.821676,-9.793876,-9.934798,-9.857538,-9.768734,-9.836561,-9.806425,-9.66234,-9.721234,-9.781051,-9.780059,-9.803849,-9.801225,-9.823462,-9.862811,-9.860772,-9.85983,-9.857653,-9.889688,-9.907579,-9.877747,-9.847207,-9.85001,-9.804822,-9.782901,-9.809291,-9.825392,-9.810842,-9.799903,-9.828753,-9.877236,-9.902785,-9.924066,-9.907674,-9.9191,-9.939915,-9.937808,-9.884109,-9.893704,-9.866628,-9.901897,-9.928207,-9.906425,-9.843011,-9.77985,-9.659289,-9.463141,-9.369522,-9.266057,-9.335107,-9.457277,-9.520585,-9.539236,-9.542784,-9.533882,-9.48106,-9.44944,-9.553492,-9.552591,-9.456051,-9.418654,-9.373503,-9.2562,-9.158269,-9.241633,-9.278015,-9.263544,-9.40024,-9.517302,-9.654188,-9.702843,-9.813084,-9.879372,-9.915704,-9.950275,-9.968042,-9.976688,-9.994633,-10.010731,-10.029252,-10.020516,-10.007728,-10.077012,-10.125751,-10.182833,-10.222066,-10.189291,-10.188515,-10.20149,-10.175305,-10.147252,-10.109741,-10.068751,-10.060641,-10.083432,-10.088154,-10.108663,-10.113056,-10.156131,-10.141293,-10.088613,-10.030359,-9.984425,-9.939098,-9.960068,-10.072057,-10.18545,-10.1953,-10.213692,-10.223471,-10.267408,-10.311112,-10.310871,-10.33479,-10.378858,-10.381166,-10.345935,-10.334621,-10.333288,-10.319624,-10.370019,-10.412885,-10.429432,-10.457424,-10.467216,-10.491885,-10.524578,-10.546454,-10.559692,-10.554682,-10.539014,-10.53598,-10.533086,-10.494891,-10.469397,-10.446381,-10.51068,-10.558135,-10.609624,-10.652096,-10.725475,-10.798727,-10.847576,-10.869336,-10.887522,-10.931501,-10.946158,-10.955349,-10.95119,-10.920553,-10.863661,-10.869816,-10.891813,-10.899169,-10.932493,-10.959803,-10.981244,-10.988809,-11.003842,-11.008977,-11.016463,-11.028006,-11.049232,-11.06694,-11.07126,-11.069188,-11.066247,-11.081356,-11.081488,-11.061927,-11.026149,-11.020708,-10.981587,-10.949058,-10.921717,-10.891668,-10.866818,-10.851557,-10.802053,-10.727274,-10.688215,-10.649247,-10.646403,-10.632049,-10.607608,-10.580835,-10.574543,-10.555015,-10.557423,-10.57587],"drift":[0.01155465,0.01158644,0.01164079,0.01167819,0.0116355,0.01154971,0.01141401,0.01126347,0.01110493,0.01092604,0.01072334,0.01054242,0.01037051,0.01019484,0.01001832,0.00983909,0.00962602,0.00942238,0.00919539,0.008957,0.00875537,0.00853943,0.00834575,0.00817206,0.00802074,0.00785229,0.00771118,0.00757297,0.00744013,0.00730009,0.00714211,0.00697768,0.00685948,0.00671927,0.0065534,0.00641079,0.00626076,0.00606764,0.00589483,0.00574257,0.00559179,0.00545019,0.00530947,0.00517737,0.00505919,0.00494195,0.00482596,0.0047108,0.00460712,0.00451048,0.00440592,0.00429319,0.00418268,0.00405936,0.00393045,0.00381101,0.00369781,0.00358121,0.00346231,0.00335351,0.00326091,0.00317732,0.00310137,0.00302128,0.00294569,0.00287754,0.00280962,0.0027258,0.00264583,0.00255822,0.00248244,0.00241565,0.00234282,0.00225089,0.00213992,0.00199194,0.00178326,0.00154588,0.00127663,0.00102937,0.00082062,0.00063192,0.00044925,0.00026782,8.37e-05,-0.00011691,-0.00032744,-0.00050555,-0.0006841,-0.00089304,-0.00111394,-0.00134931,-0.00162177,-0.00192535,-0.00220347,-0.00247091,-0.00274365,-0.00297451,-0.00316971,-0.00332311,-0.00346234,-0.00356819,-0.00365443,-0.00373046,-0.00379685,-0.00385887,-0.0039194,-0.00397554,-0.00402789,-0.00407571,-0.00412754,-0.00418465,-0.00422142,-0.00424427,-0.0042506,-0.00424599,-0.00425296,-0.0042615,-0.00426732,-0.00428266,-0.0043081,-0.00434662,-0.00439931,-0.00445591,-0.00450677,-0.00455757,-0.00460339,-0.00464927,-0.00468314,-0.00472311,-0.00478102,-0.00485864,-0.00495214,-0.00506135,-0.00516559,-0.00523644,-0.00527347,-0.00530908,-0.0053406,-0.00537073,-0.00538881,-0.00539491,-0.00540277,-0.00540484,-0.00539482,-0.00538577,-0.00538942,-0.00539829,-0.00540926,-0.0054262,-0.00542908,-0.00542025,-0.00540795,-0.00538859,-0.00536785,-0.00534108,-0.00530576,-0.00526525,-0.00522226,-0.00518246,-0.00514919,-0.00511847,-0.00509025,-0.00507557,-0.00507044,-0.00507409,-0.00505923,-0.00503111,-0.00498848,-0.00493412,-0.00485837,-0.00476124,-0.00465033,-0.00453407,-0.00441354,-0.00428065,-0.00414451,-0.00400679,-0.00387163,-0.00374725,-0.00364183,-0.00353563,-0.00342365,-0.00331044,-0.00318786,-0.00305773,-0.00292185,-0.00278452,-0.00264337,-0.00250143,-0.00235794,-0.00221158,-0.00205927,-0.00190207,-0.00174412,-0.00158735,-0.00143201,-0.00127238,-0.00111312,-0.00096031,-0.000819,-0.00067963,-0.00055271,-0.00043613,-0.00032824,-0.00022984,-0.00013928,-5.353e-05,1.673e-05,6.361e-05,9.831e-05,0.00012085,0.00014255,0.0001598,0.00016946,0.0001708,0.00017024,0.00016362,0.0001578,0.0001578],"instab":[null,null,null,null,4.811879,4.388221,4.071312,3.794542,3.563918,3.374695,3.219889,3.073185,2.946299,2.836437,2.737534,2.646967,2.57311,2.497091,2.431535,2.372145,0.325821,0.320016,0.324814,0.32475,0.249359,0.253533,0.239711,0.239737,0.239211,0.239091,0.233703,0.237468,0.266462,0.269103,0.284783,0.288608,0.274819,0.29988,0.298579,0.294847,0.274414,0.269088,0.2672,0.265867,0.256967,0.247142,0.23902,0.239415,0.239107,0.240012,0.237525,0.229878,0.187488,0.187597,0.168639,0.156592,0.154958,0.090557,0.089698,0.076313,0.080093,0.078209,0.079446,0.082017,0.076183,0.077323,0.078261,0.090219,0.089389,0.09182,0.092974,0.093263,0.091821,0.092564,0.089639,0.092415,0.143291,0.145693,0.169447,0.170582,0.185993,0.191851,0.190919,0.191217,0.19191,0.191646,0.195463,0.211536,0.213684,0.218684,0.21737,0.215126,0.219049,0.234302,0.24361,0.247229,0.227587,0.235955,0.218109,0.231554,0.22211,0.225209,0.226808,0.226859,0.226988,0.223992,0.214142,0.202873,0.201584,0.189771,0.18922,0.194784,0.184885,0.145923,0.141715,0.141747,0.131452,0.124887,0.121393,0.098819,0.100757,0.089116,0.089614,0.09029,0.089379,0.089133,0.089853,0.090591,0.096773,0.095803,0.098368,0.097163,0.092564,0.097941,0.093073,0.097367,0.126872,0.126751,0.125933,0.125682,0.126455,0.128607,0.125277,0.123984,0.126071,0.125821,0.129097,0.128925,0.124694,0.128256,0.127733,0.124986,0.122463,0.112751,0.109429,0.102878,0.071594,0.071528,0.071488,0.070489,0.071859,0.066707,0.065652,0.070378,0.065765,0.075362,0.078342,0.079133,0.081608,0.075216,0.076741,0.08007,0.082317,0.081775,0.08202,0.083849,0.083486,0.08345,0.083456,0.084345,0.097895,0.098099,0.098246,0.095556,0.094112,0.081849,0.078447,0.078369,0.076559,0.076917,0.073346,0.065643,0.061065,0.061241,0.060996,0.056332,0.057003,0.057453,0.057467,0.057256,0.042097,0.041996,0.045729,0.048041,0.046982,0.046884,0.045816,0.046546,0.045912,0.058679,0.058906,0.061363,0.060517,0.058182,0.057152,0.056988,0.05868,0.055453,0.05407,0.060082],