{"word":"society","years":[1800,1801,1802,1803,1804,1805,1806,1807,1808,1809,1810,1811,1812,1813,1814,1815,1816,1817,1818,1819,1820,1821,1822,1823,1824,1825,1826,1827,1828,1829,1830,1831,1832,1833,1834,1835,1836,1837,1838,1839,1840,1841,1842,1843,1844,1845,1846,1847,1848,1849,1850,1851,1852,1853,1854,1855,1856,1857,1858,1859,1860,1861,1862,1863,1864,1865,1866,1867,1868,1869,1870,1871,1872,1873,1874,1875,1876,1877,1878,1879,1880,1881,1882,1883,1884,1885,1886,1887,1888,1889,1890,1891,1892,1893,1894,1895,1896,1897,1898,1899,1900,1901,1902,1903,1904,1905,1906,1907,1908,1909,1910,1911,1912,1913,1914,1915,1916,1917,1918,1919,1920,1921,1922,1923,1924,1925,1926,1927,1928,1929,1930,1931,1932,1933,1934,1935,1936,1937,1938,1939,1940,1941,1942,1943,1944,1945,1946,1947,1948,1949,1950,1951,1952,1953,1954,1955,1956,1957,1958,1959,1960,1961,1962,1963,1964,1965,1966,1967,1968,1969,1970,1971,1972,1973,1974,1975,1976,1977,1978,1979,1980,1981,1982,1983,1984,1985,1986,1987,1988,1989,1990,1991,1992,1993,1994,1995,1996,1997,1998,1999,2000,2001,2002,2003,2004,2005,2006,2007,2008],"level":[-10.191162,-10.0884,-9.988728,-9.86251,-9.682652,-9.58287,-9.487741,-9.416458,-9.400524,-9.338567,-9.321719,-9.291303,-9.257482,-9.240182,-9.210217,-9.15415,-9.098301,-9.024724,-8.992482,-8.997477,-8.973745,-8.999613,-9.057102,-9.102549,-9.106691,-9.102365,-9.055242,-9.04413,-9.032085,-9.026498,-9.046772,-9.105264,-9.185272,-9.129582,-9.135062,-9.127175,-9.120368,-9.11003,-9.086796,-9.087458,-9.103895,-9.10351,-9.120612,-9.135452,-9.133353,-9.152609,-9.186116,-9.198671,-9.203248,-9.228505,-9.26213,-9.297318,-9.326234,-9.354483,-9.368779,-9.366864,-9.375929,-9.402055,-9.439212,-9.482429,-9.519816,-9.565137,-9.597017,-9.616803,-9.623831,-9.612616,-9.606201,-9.615341,-9.615643,-9.598212,-9.592131,-9.603128,-9.601284,-9.581308,-9.58449,-9.589379,-9.593764,-9.613137,-9.6118,-9.608104,-9.608305,-9.605603,-9.628591,-9.62979,-9.638654,-9.651737,-9.643259,-9.637529,-9.639596,-9.662217,-9.669512,-9.686271,-9.708472,-9.713057,-9.712108,-9.733142,-9.751176,-9.763785,-9.775834,-9.785645,-9.793107,-9.807689,-9.831729,-9.854842,-9.86846,-9.886351,-9.918152,-9.941704,-9.971367,-9.986367,-9.997048,-10.016343,-10.033557,-10.050755,-10.078859,-10.104363,-10.135306,-10.163129,-10.180446,-10.177587,-10.178653,-10.181313,-10.17869,-10.173379,-10.173246,-10.17632,-10.175067,-10.176907,-10.180778,-10.180264,-10.16935,-10.155876,-10.137927,-10.126174,-10.118202,-10.117593,-10.120969,-10.123897,-10.133849,-10.150603,-10.170343,-10.175609,-10.169376,-10.203145,-10.220162,-10.220447,-10.204411,-10.184697,-10.175911,-10.177268,-10.171703,-10.174716,-10.172903,-10.159642,-10.147192,-10.124494,-10.099948,-10.065642,-10.015518,-9.956438,-9.887448,-9.827033,-9.78599,-9.737907,-9.705318,-9.663323,-9.613774,-9.541322,-9.476997,-9.438153,-9.4237,-9.437446,-9.469988,-9.515892,-9.558982,-9.599583,-9.638749,-9.669463,-9.68844,-9.68798,-9.71062,-9.742396,-9.7711,-9.79507,-9.814126,-9.824158,-9.822395,-9.81877,-9.814216,-9.811901,-9.802787,-9.798023,-9.792363,-9.788491,-9.780888,-9.770741,-9.758991,-9.752535,-9.739346,-9.726718,-9.710802,-9.706717,-9.697576,-9.678547,-9.653524,-9.626288,-9.598147,-9.582505,-9.561062],"drift":[0.09203506,0.09160989,0.09086518,0.08871926,0.08296111,0.07653625,0.06937445,0.06213704,0.05673084,0.05111752,0.04686247,0.04325925,0.04003013,0.03770191,0.03568035,0.03285078,0.02910966,0.02360608,0.01776023,0.01281629,0.00743972,0.00338325,0.00173945,0.00196587,0.00243437,0.00282791,0.0014658,-0.0002786,-0.00251144,-0.00506527,-0.00701633,-0.00692716,-0.00394147,-0.00331921,-0.00261134,-0.00231957,-0.00238951,-0.00296389,-0.00457663,-0.00634453,-0.00771242,-0.00940125,-0.01078485,-0.01200772,-0.01378971,-0.01535507,-0.01620098,-0.01719139,-0.01868176,-0.01991152,-0.02059775,-0.02070569,-0.02048822,-0.01996316,-0.01966273,-0.02021751,-0.02121433,-0.02201649,-0.02221856,-0.02158833,-0.02033193,-0.01808512,-0.01529155,-0.01231985,-0.00955787,-0.0076192,-0.0062368,-0.00473932,-0.00341772,-0.00292245,-0.00278403,-0.0023201,-0.00202121,-0.00259415,-0.00314381,-0.0036243,-0.00407464,-0.00391863,-0.00397094,-0.00432712,-0.00484683,-0.00566575,-0.00579811,-0.00611273,-0.00631833,-0.00625581,-0.00677724,-0.00779439,-0.00903855,-0.00974439,-0.01054728,-0.01110398,-0.01122084,-0.01160072,-0.01247801,-0.01301619,-0.0133555,-0.0137244,-0.01415969,-0.01476734,-0.01566454,-0.01660465,-0.01725006,-0.01766308,-0.01823643,-0.01882346,-0.01889615,-0.01878432,-0.01824131,-0.01782674,-0.01769541,-0.01750068,-0.01731732,-0.01713866,-0.01652542,-0.01555629,-0.01397733,-0.01184959,-0.00950516,-0.00765077,-0.00605739,-0.00459864,-0.00342614,-0.00259992,-0.00188202,-0.00111687,-0.00044567,0.00028083,0.00117188,0.00208899,0.00265631,0.00279491,0.00233285,0.00149743,0.00040538,-0.00069473,-0.00168855,-0.00263325,-0.00328788,-0.00340879,-0.0028824,-0.00226153,-0.00197737,-0.00043316,0.00176835,0.00405126,0.00585916,0.00711792,0.00831057,0.00988637,0.01163346,0.01396105,0.01677013,0.01971828,0.02295453,0.02620096,0.02951295,0.03263501,0.03506388,0.03654087,0.03673177,0.03598397,0.03503564,0.03357022,0.03214365,0.03032666,0.02774777,0.02339708,0.0174242,0.01060237,0.0036279,-0.00265796,-0.00775935,-0.01134892,-0.01368044,-0.01494495,-0.01524947,-0.01494105,-0.01447267,-0.01459615,-0.01440082,-0.01351682,-0.01203089,-0.01007175,-0.00775654,-0.00535114,-0.00322771,-0.00137589,0.00024094,0.00177556,0.00301933,0.00419391,0.00531041,0.0064839,0.00761306,0.00864179,0.00954729,0.01057534,0.01149979,0.01237955,0.01311912,0.01421677,0.01551557,0.01667512,0.01750383,0.01794678,0.01798569,0.01811751,0.01811751],"instab":[null,null,null,null,4.634573,4.210706,3.891398,3.638327,3.413512,3.241012,3.083705,2.949829,2.834212,2.728784,2.634543,2.552297,2.476231,2.410657,2.347625,2.286075,0.204766,0.200345,0.205886,0.213029,0.158716,0.158585,0.176146,0.17574,0.153868,0.154373,0.14872,0.147902,0.202151,0.228431,0.227043,0.227366,0.227669,0.221128,0.223997,0.218484,0.21688,0.21759,0.20965,0.199947,0.200898,0.19857,0.192673,0.192678,0.193841,0.192842,0.192517,0.191898,0.120286,0.073537,0.073353,0.076709,0.078979,0.079019,0.071067,0.071585,0.06811,0.068101,0.067781,0.065817,0.061009,0.068603,0.068017,0.067772,0.064519,0.070252,0.071841,0.071302,0.071718,0.075823,0.075239,0.072906,0.071537,0.07722,0.076648,0.07394,0.073888,0.071729,0.078733,0.078577,0.0786,0.078808,0.074889,0.075445,0.076186,0.076704,0.074125,0.072736,0.075608,0.067429,0.07187,0.072533,0.072146,0.067332,0.067269,0.066672,0.067287,0.063163,0.056357,0.056826,0.057117,0.054113,0.054966,0.053266,0.052089,0.047394,0.049011,0.049006,0.04428,0.045352,0.038672,0.037609,0.037462,0.038599,0.039573,0.045116,0.046264,0.046221,0.046319,0.046257,0.04656,0.045979,0.042576,0.04259,0.037947,0.038656,0.037537,0.037423,0.039298,0.039065,0.03733,0.0375,0.036749,0.033606,0.030762,0.029575,0.037247,0.038414,0.052571,0.06121,0.063173,0.06333,0.064507,0.068865,0.069941,0.070148,0.070406,0.070625,0.069427,0.069638,0.069247,0.070157,0.069996,0.070072,0.07166,0.072466,0.073675,0.076268,0.07004,0.059374,0.057657,0.057495,0.06022,0.060611,0.064329,0.062631,0.063346,0.068899,0.077929,0.092595,0.099999,0.103169,0.106099,0.10729,0.105979,0.109068,0.102296,0.095138,0.095088,0.091579,0.091594,0.09179,0.094052,0.090066,0.084203,0.082748,0.085615,0.085398,0.082395,0.071349,0.063208,0.057541,0.051041,0.046208,0.041888,0.033081,0.035046,0.032718,0.031435,0.029892,0.028465,0.027871,0.029706,0.030991,0.029962],