{"word":"software","years":[1800,1801,1802,1803,1804,1805,1806,1807,1808,1809,1810,1811,1812,1813,1814,1815,1816,1817,1818,1819,1820,1821,1822,1823,1824,1825,1826,1827,1828,1829,1830,1831,1832,1833,1834,1835,1836,1837,1838,1839,1840,1841,1842,1843,1844,1845,1846,1847,1848,1849,1850,1851,1852,1853,1854,1855,1856,1857,1858,1859,1860,1861,1862,1863,1864,1865,1866,1867,1868,1869,1870,1871,1872,1873,1874,1875,1876,1877,1878,1879,1880,1881,1882,1883,1884,1885,1886,1887,1888,1889,1890,1891,1892,1893,1894,1895,1896,1897,1898,1899,1900,1901,1902,1903,1904,1905,1906,1907,1908,1909,1910,1911,1912,1913,1914,1915,1916,1917,1918,1919,1920,1921,1922,1923,1924,1925,1926,1927,1928,1929,1930,1931,1932,1933,1934,1935,1936,1937,1938,1939,1940,1941,1942,1943,1944,1945,1946,1947,1948,1949,1950,1951,1952,1953,1954,1955,1956,1957,1958,1959,1960,1961,1962,1963,1964,1965,1966,1967,1968,1969,1970,1971,1972,1973,1974,1975,1976,1977,1978,1979,1980,1981,1982,1983,1984,1985,1986,1987,1988,1989,1990,1991,1992,1993,1994,1995,1996,1997,1998,1999,2000,2001,2002,2003,2004,2005,2006,2007,2008,2009,2010,2011,2012,2013,2014,2015,2016,2017,2018,2019],"level":[-18.993311,-19.021908,-19.044005,-19.065021,-19.082419,-19.093288,-19.097645,-19.094721,-19.081025,-19.119953,-19.146467,-19.158,-19.236226,-19.297565,-19.351358,-19.393574,-19.428801,-19.457081,-19.474669,-19.477725,-19.472814,-19.561464,-19.643646,-19.706455,-19.754809,-19.782737,-19.79011,-19.787928,-19.774562,-19.746534,-19.700019,-19.627245,-19.529102,-19.62347,-19.692766,-19.74074,-19.762597,-19.758004,-19.730049,-19.67531,-19.688348,-19.666443,-19.612413,-19.528514,-19.513741,-19.501934,-19.646021,-19.750513,-19.864451,-19.94628,-19.998496,-20.020429,-20.054129,-20.05551,-20.063951,-20.0324,-20.028684,-19.985536,-19.950653,-19.880854,-19.872548,-19.86564,-19.870701,-19.850256,-19.845232,-19.848854,-19.860437,-19.833137,-19.863741,-19.855562,-19.851291,-19.851407,-19.855046,-19.818046,-19.781596,-19.761229,-19.75569,-19.698559,-19.588215,-19.518507,-19.453818,-19.477088,-19.432084,-19.392733,-19.412232,-19.40025,-19.357396,-19.308916,-19.184918,-19.106089,-19.096079,-19.047054,-18.954088,-18.853641,-18.863795,-18.88995,-18.860227,-18.877035,-18.835494,-18.774934,-18.84421,-19.008053,-19.204932,-19.397414,-19.542086,-19.596218,-19.627451,-19.635517,-19.687485,-19.697352,-19.625518,-19.554665,-19.438371,-19.290287,-19.258383,-19.222293,-19.219895,-19.233682,-19.194551,-19.126406,-19.098211,-19.048928,-18.937994,-18.850739,-18.748085,-18.610949,-18.565485,-18.4451,-18.349083,-18.164024,-17.928623,-17.714362,-17.472347,-17.253542,-17.058369,-16.910069,-16.715185,-16.575558,-16.431801,-16.283631,-16.118264,-15.958198,-15.880248,-15.834013,-15.787101,-15.77475,-15.692085,-15.648193,-15.602338,-15.539328,-15.490077,-15.484821,-15.441316,-15.324376,-15.259761,-15.180607,-15.061052,-14.927948,-14.760766,-14.629439,-14.474503,-14.274795,-14.057365,-13.858467,-13.646494,-13.440894,-13.225551,-13.008754,-12.800464,-12.605211,-12.424337,-12.250183,-12.080604,-11.911782,-11.743947,-11.583504,-11.41989,-11.258643,-11.101365,-10.945585,-10.789629,-10.635989,-10.486267,-10.345451,-10.219981,-10.115611,-10.030211,-9.967047,-9.914869,-9.871696,-9.829948,-9.800987,-9.772628,-9.747052,-9.723152,-9.705184,-9.694549,-9.688593,-9.690141,-9.697567,-9.709184,-9.722306,-9.737174,-9.754674,-9.774096,-9.79382,-9.815146,-9.835426,-9.856611,-9.876842,-9.895622,-9.91429,-9.932897,-9.94996,-9.964524,-9.977244,-9.983692,-9.988204,-9.988323,-9.980609],"drift":[-0.01962413,-0.01959545,-0.01955877,-0.01951743,-0.01948287,-0.01947584,-0.01951715,-0.0196302,-0.01984979,-0.02000839,-0.02014619,-0.02031153,-0.02029172,-0.02014068,-0.01988206,-0.01955204,-0.0191719,-0.01876265,-0.01835715,-0.01800057,-0.01771724,-0.01720714,-0.01648931,-0.01562341,-0.01465287,-0.01363988,-0.01264694,-0.0117014,-0.010836,-0.01009485,-0.00953467,-0.00923763,-0.00928388,-0.00905812,-0.00863979,-0.0080957,-0.00750762,-0.00695823,-0.00652045,-0.00627852,-0.00601497,-0.00584068,-0.0058578,-0.00616186,-0.00653285,-0.00696248,-0.00695372,-0.00663314,-0.00596951,-0.00506336,-0.00400647,-0.00289227,-0.00167958,-0.00046785,0.00076938,0.0019082,0.00304125,0.00404607,0.0049523,0.00565123,0.00634167,0.0070303,0.00775758,0.0084443,0.00914196,0.00988042,0.0106875,0.01144148,0.01232986,0.01323152,0.01416182,0.01513777,0.01617375,0.01714315,0.01805082,0.01895109,0.01989424,0.02071835,0.02125592,0.0216386,0.02188365,0.02227305,0.02258978,0.02285293,0.02325147,0.02368605,0.02405934,0.02435456,0.02433123,0.02413367,0.02398126,0.02374879,0.02329503,0.02259463,0.02199892,0.02155716,0.02108928,0.02074257,0.02032936,0.01978755,0.01953046,0.0198596,0.02088165,0.02258581,0.02482468,0.02731597,0.02999444,0.03279459,0.03586572,0.03908305,0.04219568,0.0452167,0.04801048,0.05048434,0.05301759,0.05560497,0.05836244,0.06135057,0.06440973,0.06745695,0.07062969,0.07387068,0.07699318,0.08008287,0.0831004,0.08594518,0.08891938,0.09179298,0.09465308,0.09722416,0.09935349,0.10111547,0.102427,0.10336648,0.10401246,0.10451686,0.10473235,0.10483629,0.1048158,0.10465671,0.10430354,0.10377209,0.1033232,0.10305681,0.10296992,0.10317273,0.1034411,0.10389984,0.10454416,0.10532125,0.1062776,0.10755691,0.10904099,0.11049981,0.11210533,0.11381619,0.11550871,0.11714497,0.11862127,0.12005695,0.12138112,0.12245488,0.12322502,0.12375323,0.12399941,0.12398472,0.12367796,0.1230735,0.12219661,0.12108616,0.11978457,0.11830917,0.11666986,0.11486383,0.11288844,0.11076103,0.10846465,0.10599953,0.10337048,0.10057387,0.09760021,0.0944474,0.09111787,0.08762946,0.08402008,0.08034564,0.07665504,0.07300757,0.0694267,0.06592975,0.06251012,0.05919773,0.05598394,0.05286736,0.04984339,0.04692132,0.04411525,0.04143118,0.03888451,0.03648589,0.03424106,0.03214764,0.03020453,0.02841393,0.02677625,0.02528724,0.02394724,0.02274864,0.02169049,0.02076636,0.01996865,0.01929447,0.01874146,0.01830291,0.01796943,0.01773407,0.01757601,0.01748857,0.01745742,0.01745742],"instab":[null,null,null,null,8.436735,7.703301,7.13267,6.669098,6.3764,6.022098,5.724032,5.540857,5.305401,5.101066,4.91897,4.757789,4.612407,4.479285,4.356977,4.247033,0.909304,0.917963,0.93654,0.945336,0.954114,0.957424,0.956573,0.956312,0.861215,0.851856,0.846456,0.732231,1.469901,1.493098,1.503691,1.516611,1.524528,1.526716,1.527863,1.602444,1.505508,1.504064,1.492815,1.575618,1.5662,1.774722,1.850443,1.85615,1.896653,1.920666,1.935675,1.936113,1.447663,1.431924,1.431454,1.444065,1.447974,1.452257,1.455267,1.448817,1.43381,1.427765,1.434319,1.338999,1.339944,0.960751,0.888756,0.972886,0.949649,0.911022,0.879767,0.878422,0.887462,0.886805,0.863864,0.841875,0.873399,0.896341,0.961091,0.851295,1.016091,1.123889,1.113025,1.160073,1.190573,1.207123,1.180215,1.184832,1.227489,1.306667,1.337767,1.359157,1.335003,1.505052,1.502896,1.569257,1.548806,1.592466,1.556755,1.728316,1.679561,1.606773,1.657233,1.726059,1.855035,1.855498,1.859068,1.844882,1.81216,1.773894,1.778799,1.773061,1.770734,1.848892,1.848773,1.831275,1.811133,1.797526,1.798679,1.633243,1.568999,1.583689,1.598794,1.507441,1.325004,1.466733,1.523795,1.524272,1.557835,1.481109,1.519007,1.505931,1.536825,1.327122,1.373585,1.388551,1.44329,1.378155,1.36158,1.350896,1.336828,1.335745,1.328313,1.344853,1.32817,1.362523,1.268176,1.272018,1.191654,1.180854,1.144428,1.225132,1.294132,1.294896,1.233034,1.242701,1.146487,1.148921,1.199991,1.201316,1.20109,1.050774,1.08817,1.091493,1.105238,0.975405,0.963987,0.97637,0.972601,0.982672,0.97219,0.892456,0.705542,0.644674,0.62,0.541276,0.533761,0.494136,0.433295,0.412575,0.337161,0.34188,0.277603,0.27742,0.252555,0.254504,0.24823,0.245058,0.235798,0.250653,0.250815,0.287406,0.310523,0.329108,0.326669,0.332982,0.336659,0.333007,0.33365,0.336318,0.336405,0.33033,0.311287,0.274518,0.216915,0.168214,0.096974,0.084442,0.079571,0.077421,0.064819,0.062947,0.065146,0.065535,0.072889,0.073052,0.087543,0.09531,0.098231,0.099188],