{"word":"soldier","years":[1800,1801,1802,1803,1804,1805,1806,1807,1808,1809,1810,1811,1812,1813,1814,1815,1816,1817,1818,1819,1820,1821,1822,1823,1824,1825,1826,1827,1828,1829,1830,1831,1832,1833,1834,1835,1836,1837,1838,1839,1840,1841,1842,1843,1844,1845,1846,1847,1848,1849,1850,1851,1852,1853,1854,1855,1856,1857,1858,1859,1860,1861,1862,1863,1864,1865,1866,1867,1868,1869,1870,1871,1872,1873,1874,1875,1876,1877,1878,1879,1880,1881,1882,1883,1884,1885,1886,1887,1888,1889,1890,1891,1892,1893,1894,1895,1896,1897,1898,1899,1900,1901,1902,1903,1904,1905,1906,1907,1908,1909,1910,1911,1912,1913,1914,1915,1916,1917,1918,1919,1920,1921,1922,1923,1924,1925,1926,1927,1928,1929,1930,1931,1932,1933,1934,1935,1936,1937,1938,1939,1940,1941,1942,1943,1944,1945,1946,1947,1948,1949,1950,1951,1952,1953,1954,1955,1956,1957,1958,1959,1960,1961,1962,1963,1964,1965,1966,1967,1968,1969,1970,1971,1972,1973,1974,1975,1976,1977,1978,1979,1980,1981,1982,1983,1984,1985,1986,1987,1988,1989,1990,1991,1992,1993,1994,1995,1996,1997,1998,1999,2000,2001,2002,2003,2004,2005,2006,2007,2008,2009,2010,2011,2012,2013,2014,2015,2016,2017,2018,2019],"level":[-11.030837,-11.537692,-11.541718,-11.424559,-10.864168,-10.865361,-10.875229,-10.669435,-10.792385,-10.560628,-10.603845,-10.729653,-10.577133,-10.439345,-10.488027,-10.251674,-10.348745,-10.699581,-10.774509,-10.620802,-10.54322,-10.708899,-10.500595,-10.609249,-10.574304,-10.396067,-10.455449,-10.503057,-10.519252,-10.3644,-10.616209,-10.633584,-11.147828,-10.542339,-10.560287,-10.659134,-10.568724,-10.603952,-10.567949,-10.545564,-10.478725,-10.516935,-10.581723,-10.606607,-10.572287,-10.619522,-10.493094,-10.438896,-10.476885,-10.687659,-10.56687,-10.623255,-10.521293,-10.688984,-10.59077,-10.63122,-10.668415,-10.659136,-10.703866,-10.682374,-10.735862,-10.418609,-10.08655,-10.077227,-9.944649,-10.066399,-10.228622,-10.407625,-10.507492,-10.667882,-10.710281,-10.80717,-10.932644,-10.909549,-11.049578,-10.932655,-10.898788,-10.990821,-10.847772,-10.836507,-10.681583,-10.793128,-10.756472,-10.97242,-10.743325,-10.791968,-10.684433,-10.674222,-10.414218,-10.54377,-10.866147,-10.901908,-10.778284,-10.82114,-10.864319,-10.821484,-10.800754,-10.77248,-10.616898,-10.692061,-10.762234,-10.881922,-10.930496,-11.099408,-11.119968,-11.129875,-11.111348,-11.207685,-11.28168,-11.321702,-11.262034,-11.265942,-11.306105,-11.477672,-11.275647,-11.307252,-11.162814,-10.704054,-10.424169,-10.601461,-11.089592,-11.301505,-11.418857,-11.512333,-11.528405,-11.56252,-11.465313,-11.544359,-11.588503,-11.585555,-11.596246,-11.668913,-11.690781,-11.693018,-11.745951,-11.728868,-11.847392,-11.760034,-11.782172,-11.795284,-11.618162,-11.311064,-10.957488,-10.750834,-10.768414,-10.998117,-11.383334,-11.658985,-11.830954,-11.912912,-11.862664,-11.727853,-11.793698,-11.828458,-11.885129,-11.967722,-11.999694,-12.038709,-12.081796,-12.054656,-12.027519,-11.98734,-12.0445,-12.072124,-11.993452,-11.961226,-11.913741,-11.802768,-11.793796,-11.787302,-11.829935,-11.787675,-11.919526,-12.03472,-12.116604,-12.154094,-12.150065,-12.162242,-12.212669,-12.085983,-12.059801,-12.106711,-12.189988,-12.222692,-12.139982,-12.131589,-12.142112,-12.09745,-12.069357,-12.10764,-12.095841,-12.067191,-12.085801,-12.038248,-12.027785,-11.995597,-12.049861,-11.973346,-11.949434,-11.902692,-11.787612,-11.729855,-11.753752,-11.691613,-11.641974,-11.574954,-11.543328,-11.539267,-11.488387,-11.30615,-11.332043,-11.287362,-11.439595,-11.394555,-11.176494,-11.144378,-11.206167,-11.208797,-11.167957,-11.195844],"drift":[-0.00075344,-0.00075344,-0.00075344,-0.00075344,-0.00075344,-0.00075344,-0.00075344,-0.00075344,-0.00075344,-0.00075344,-0.00075344,-0.00075344,-0.00075344,-0.00075344,-0.00075344,-0.00075344,-0.00075344,-0.00075344,-0.00075344,-0.00075345,-0.00075345,-0.00075345,-0.00075345,-0.00075345,-0.00075345,-0.00075345,-0.00075345,-0.00075345,-0.00075345,-0.00075345,-0.00075345,-0.00075345,-0.00075345,-0.00075345,-0.00075345,-0.00075345,-0.00075345,-0.00075345,-0.00075345,-0.00075345,-0.00075345,-0.00075346,-0.00075346,-0.00075346,-0.00075346,-0.00075346,-0.00075346,-0.00075346,-0.00075346,-0.00075346,-0.00075346,-0.00075346,-0.00075346,-0.00075346,-0.00075346,-0.00075346,-0.00075346,-0.00075346,-0.00075346,-0.00075346,-0.00075346,-0.00075346,-0.00075346,-0.00075347,-0.00075347,-0.00075347,-0.00075347,-0.00075347,-0.00075347,-0.00075347,-0.00075347,-0.00075347,-0.00075347,-0.00075347,-0.00075347,-0.00075347,-0.00075347,-0.00075347,-0.00075347,-0.00075347,-0.00075347,-0.00075347,-0.00075347,-0.00075347,-0.00075347,-0.00075347,-0.00075347,-0.00075347,-0.00075348,-0.00075348,-0.00075348,-0.00075348,-0.00075348,-0.00075348,-0.00075348,-0.00075348,-0.00075348,-0.00075348,-0.00075348,-0.00075348,-0.00075348,-0.00075348,-0.00075348,-0.00075348,-0.00075348,-0.00075348,-0.00075348,-0.00075348,-0.00075348,-0.00075348,-0.00075348,-0.00075348,-0.00075348,-0.00075348,-0.00075348,-0.00075348,-0.00075348,-0.00075348,-0.00075348,-0.00075348,-0.00075348,-0.00075348,-0.00075348,-0.00075348,-0.00075348,-0.00075348,-0.00075348,-0.00075348,-0.00075348,-0.00075348,-0.00075348,-0.00075348,-0.00075347,-0.00075347,-0.00075347,-0.00075347,-0.00075347,-0.00075347,-0.00075347,-0.00075347,-0.00075347,-0.00075347,-0.00075347,-0.00075347,-0.00075347,-0.00075347,-0.00075347,-0.00075347,-0.00075347,-0.00075347,-0.00075347,-0.00075347,-0.00075347,-0.00075347,-0.00075347,-0.00075346,-0.00075346,-0.00075346,-0.00075346,-0.00075346,-0.00075346,-0.00075346,-0.00075346,-0.00075346,-0.00075346,-0.00075346,-0.00075346,-0.00075346,-0.00075345,-0.00075345,-0.00075345,-0.00075345,-0.00075345,-0.00075345,-0.00075345,-0.00075345,-0.00075345,-0.00075345,-0.00075345,-0.00075345,-0.00075345,-0.00075344,-0.00075344,-0.00075344,-0.00075344,-0.00075344,-0.00075344,-0.00075344,-0.00075344,-0.00075344,-0.00075344,-0.00075344,-0.00075343,-0.00075343,-0.00075343,-0.00075343,-0.00075343,-0.00075343,-0.00075343,-0.00075343,-0.00075343,-0.00075343,-0.00075343,-0.00075343,-0.00075343,-0.00075343,-0.00075343,-0.00075343,-0.00075343,-0.00075343,-0.00075343,-0.00075343,-0.00075342,-0.00075342,-0.00075342,-0.00075342,-0.00075342,-0.00075342,-0.00075342,-0.00075342],