{"word":"soldier","years":[1800,1801,1802,1803,1804,1805,1806,1807,1808,1809,1810,1811,1812,1813,1814,1815,1816,1817,1818,1819,1820,1821,1822,1823,1824,1825,1826,1827,1828,1829,1830,1831,1832,1833,1834,1835,1836,1837,1838,1839,1840,1841,1842,1843,1844,1845,1846,1847,1848,1849,1850,1851,1852,1853,1854,1855,1856,1857,1858,1859,1860,1861,1862,1863,1864,1865,1866,1867,1868,1869,1870,1871,1872,1873,1874,1875,1876,1877,1878,1879,1880,1881,1882,1883,1884,1885,1886,1887,1888,1889,1890,1891,1892,1893,1894,1895,1896,1897,1898,1899,1900,1901,1902,1903,1904,1905,1906,1907,1908,1909,1910,1911,1912,1913,1914,1915,1916,1917,1918,1919,1920,1921,1922,1923,1924,1925,1926,1927,1928,1929,1930,1931,1932,1933,1934,1935,1936,1937,1938,1939,1940,1941,1942,1943,1944,1945,1946,1947,1948,1949,1950,1951,1952,1953,1954,1955,1956,1957,1958,1959,1960,1961,1962,1963,1964,1965,1966,1967,1968,1969,1970,1971,1972,1973,1974,1975,1976,1977,1978,1979,1980,1981,1982,1983,1984,1985,1986,1987,1988,1989,1990,1991,1992,1993,1994,1995,1996,1997,1998,1999,2000,2001,2002,2003,2004,2005,2006,2007,2008],"level":[-11.029212,-11.538996,-11.542322,-11.425712,-10.862699,-10.865234,-10.875738,-10.668655,-10.793223,-10.559921,-10.603618,-10.730411,-10.577124,-10.438889,-10.488678,-10.250728,-10.348013,-10.700354,-10.775213,-10.620598,-10.542612,-10.709804,-10.49984,-10.609612,-10.574678,-10.395437,-10.455428,-10.503184,-10.519634,-10.363344,-10.616644,-10.632542,-11.150706,-10.540859,-10.559951,-10.659599,-10.568438,-10.604121,-10.567939,-10.545656,-10.47843,-10.516842,-10.581843,-10.606769,-10.572123,-10.619972,-10.492904,-10.43857,-10.476455,-10.688505,-10.566499,-10.62359,-10.52064,-10.689627,-10.590448,-10.631207,-10.668531,-10.659014,-10.70403,-10.682293,-10.736902,-10.418667,-10.085668,-10.077402,-9.943932,-10.066204,-10.228575,-10.40783,-10.507377,-10.668188,-10.710154,-10.807116,-10.933018,-10.909201,-11.050243,-10.932459,-10.898477,-10.99142,-10.847498,-10.836808,-10.680897,-10.793411,-10.755913,-10.973545,-10.742703,-10.792322,-10.684258,-10.674788,-10.413122,-10.543196,-10.866944,-10.902397,-10.777867,-10.82112,-10.864555,-10.821453,-10.800803,-10.772777,-10.616274,-10.691994,-10.762104,-10.882078,-10.930217,-11.099803,-11.120046,-11.12993,-11.111035,-11.207729,-11.281809,-11.321979,-11.261868,-11.265792,-11.305823,-11.478639,-11.275151,-11.307788,-11.163695,-10.70349,-10.422721,-10.600508,-11.090305,-11.301861,-11.418987,-11.512565,-11.528413,-11.562842,-11.464858,-11.544423,-11.588638,-11.585513,-11.596082,-11.669045,-11.690838,-11.692898,-11.746102,-11.728559,-11.847911,-11.759788,-11.782235,-11.795873,-11.618604,-11.311191,-10.957007,-10.750074,-10.767685,-10.997633,-11.383629,-11.659344,-11.831292,-11.913345,-11.862891,-11.727315,-11.793721,-11.828392,-11.885063,-11.967857,-11.999689,-12.038719,-12.081997,-12.054679,-12.02753,-11.987077,-12.044587,-12.072422,-11.993359,-11.961276,-11.913895,-11.802492,-11.793746,-11.787178,-11.83011,-11.787205,-11.919534,-12.034831,-12.116755,-12.154223,-12.150027,-12.16218,-12.213133,-12.085724,-12.059556,-12.1066,-12.190153,-12.223015,-12.139801,-12.131532,-12.142255,-12.097399,-12.069178,-12.107767,-12.09589,-12.067081,-12.085966,-12.038165,-12.027816,-11.995393,-12.050196,-11.973242,-11.949506,-11.902874,-11.787446,-11.729631,-11.753969,-11.691606,-11.642014,-11.57488,-11.543522,-11.541873,-11.511271],"drift":[-0.00231756,-0.00231756,-0.00231756,-0.00231756,-0.00231756,-0.00231756,-0.00231756,-0.00231756,-0.00231756,-0.00231756,-0.00231756,-0.00231756,-0.00231756,-0.00231756,-0.00231757,-0.00231757,-0.00231757,-0.00231757,-0.00231757,-0.00231757,-0.00231757,-0.00231757,-0.00231757,-0.00231757,-0.00231757,-0.00231757,-0.00231757,-0.00231757,-0.00231757,-0.00231757,-0.00231757,-0.00231757,-0.00231757,-0.00231757,-0.00231757,-0.00231757,-0.00231758,-0.00231758,-0.00231758,-0.00231758,-0.00231758,-0.00231758,-0.00231758,-0.00231758,-0.00231758,-0.00231758,-0.00231758,-0.00231758,-0.00231758,-0.00231758,-0.00231758,-0.00231758,-0.00231758,-0.00231758,-0.00231758,-0.00231759,-0.00231759,-0.00231759,-0.00231759,-0.00231759,-0.00231759,-0.00231759,-0.00231759,-0.00231759,-0.00231759,-0.00231759,-0.00231759,-0.00231759,-0.00231759,-0.00231759,-0.0023176,-0.0023176,-0.0023176,-0.0023176,-0.0023176,-0.0023176,-0.0023176,-0.0023176,-0.0023176,-0.0023176,-0.0023176,-0.0023176,-0.0023176,-0.0023176,-0.0023176,-0.0023176,-0.0023176,-0.0023176,-0.0023176,-0.0023176,-0.0023176,-0.0023176,-0.0023176,-0.0023176,-0.0023176,-0.0023176,-0.0023176,-0.00231761,-0.00231761,-0.00231761,-0.00231761,-0.00231761,-0.00231761,-0.00231761,-0.00231761,-0.00231761,-0.00231761,-0.00231761,-0.00231761,-0.00231761,-0.00231761,-0.00231761,-0.00231761,-0.00231761,-0.00231761,-0.00231761,-0.00231761,-0.00231761,-0.00231761,-0.00231761,-0.00231761,-0.00231761,-0.00231761,-0.00231761,-0.00231761,-0.00231761,-0.00231761,-0.00231761,-0.00231761,-0.00231761,-0.00231761,-0.00231761,-0.00231761,-0.00231761,-0.00231761,-0.00231761,-0.00231761,-0.00231761,-0.00231761,-0.00231761,-0.0023176,-0.0023176,-0.00231761,-0.00231761,-0.00231761,-0.00231761,-0.00231761,-0.00231761,-0.00231761,-0.00231761,-0.00231761,-0.0023176,-0.0023176,-0.0023176,-0.0023176,-0.0023176,-0.0023176,-0.0023176,-0.0023176,-0.0023176,-0.0023176,-0.0023176,-0.0023176,-0.0023176,-0.0023176,-0.0023176,-0.0023176,-0.0023176,-0.0023176,-0.0023176,-0.0023176,-0.0023176,-0.00231759,-0.00231759,-0.00231759,-0.00231759,-0.00231759,-0.00231759,-0.00231759,-0.00231759,-0.00231759,-0.00231759,-0.00231759,-0.00231759,-0.00231759,-0.00231759,-0.00231759,-0.00231759,-0.00231758,-0.00231758,-0.00231758,-0.00231758,-0.00231758,-0.00231758,-0.00231758,-0.00231758,-0.00231758,-0.00231758,-0.00231758,-0.00231758,-0.00231758,-0.00231758,-0.00231758,-0.00231758,-0.00231758,-0.00231758,-0.00231758,-0.00231758,-0.00231758],"instab":[null,null,null,null,5.08763,4.614102,4.25156,3.978857,3.734906,3.547142,3.374823,3.223044,3.097326,2.985131,2.879822,2.791562,2.705146,2.624438,2.552299,2.489196,0.365304,0.335522,0.305696,0.297618,0.214847,0.221034,0.221366,0.212968,0.206628,0.202755,0.214774,0.21003,0.262317,0.32061,0.319463,0.312704,0.313859,0.295756,0.294447,0.291583,0.291199,0.28532,0.278751,0.276657,0.27692,0.272052,0.274175,0.274248,0.274014,0.276093,0.26906,0.269526,0.208245,0.12232,0.126531,0.122675,0.119876,0.11951,0.119615,0.119972,0.119891,0.146277,0.171419,0.171024,0.174207,0.176874,0.180987,0.187625,0.189043,0.182809,0.178903,0.179244,0.1778,0.171984,0.172771,0.177292,0.178014,0.179758,0.185297,0.185012,0.190028,0.173613,0.143105,0.154868,0.166945,0.165461,0.166138,0.159674,0.177358,0.17337,0.196543,0.1956,0.195584,0.195736,0.190904,0.188509,0.188177,0.185265,0.186564,0.187886,0.182417,0.182244,0.181333,0.174125,0.158594,0.158045,0.154626,0.155788,0.128976,0.127742,0.098366,0.098061,0.088289,0.100321,0.120913,0.11993,0.124139,0.177292,0.190995,0.193706,0.235427,0.239483,0.240727,0.237707,0.23772,0.237811,0.240242,0.239869,0.239474,0.239341,0.238407,0.238834,0.238833,0.233067,0.224241,0.224592,0.224047,0.183161,0.153386,0.152132,0.102345,0.119337,0.147391,0.152239,0.15193,0.163723,0.194671,0.207335,0.211844,0.212834,0.213332,0.21707,0.217669,0.217742,0.217613,0.218219,0.215552,0.213638,0.213816,0.214042,0.209345,0.192747,0.160952,0.142784,0.147012,0.142839,0.109431,0.091487,0.078791,0.074252,0.075233,0.064994,0.071208,0.076546,0.078241,0.076018,0.075913,0.075489,0.076486,0.084698,0.084924,0.084277,0.085806,0.085973,0.086543,0.086118,0.085205,0.07915,0.080009,0.080098,0.079684,0.078174,0.071476,0.066666,0.062604,0.062051,0.06523,0.068019,0.064587,0.055708,0.062228,0.061782,0.056938,0.054916,0.052294,0.053352,0.052079,0.052531,0.052484],