{"word":"submarine","years":[1800,1801,1802,1803,1804,1805,1806,1807,1808,1809,1810,1811,1812,1813,1814,1815,1816,1817,1818,1819,1820,1821,1822,1823,1824,1825,1826,1827,1828,1829,1830,1831,1832,1833,1834,1835,1836,1837,1838,1839,1840,1841,1842,1843,1844,1845,1846,1847,1848,1849,1850,1851,1852,1853,1854,1855,1856,1857,1858,1859,1860,1861,1862,1863,1864,1865,1866,1867,1868,1869,1870,1871,1872,1873,1874,1875,1876,1877,1878,1879,1880,1881,1882,1883,1884,1885,1886,1887,1888,1889,1890,1891,1892,1893,1894,1895,1896,1897,1898,1899,1900,1901,1902,1903,1904,1905,1906,1907,1908,1909,1910,1911,1912,1913,1914,1915,1916,1917,1918,1919,1920,1921,1922,1923,1924,1925,1926,1927,1928,1929,1930,1931,1932,1933,1934,1935,1936,1937,1938,1939,1940,1941,1942,1943,1944,1945,1946,1947,1948,1949,1950,1951,1952,1953,1954,1955,1956,1957,1958,1959,1960,1961,1962,1963,1964,1965,1966,1967,1968,1969,1970,1971,1972,1973,1974,1975,1976,1977,1978,1979,1980,1981,1982,1983,1984,1985,1986,1987,1988,1989,1990,1991,1992,1993,1994,1995,1996,1997,1998,1999,2000,2001,2002,2003,2004,2005,2006,2007,2008,2009,2010,2011,2012,2013,2014,2015,2016,2017,2018,2019],"level":[-15.912309,-16.13688,-15.999981,-15.960555,-15.929229,-15.596573,-15.452378,-15.341991,-15.237327,-14.993176,-14.792619,-14.902966,-14.8234,-14.622506,-14.618302,-14.530592,-14.542345,-14.555859,-14.778494,-14.994631,-15.319102,-15.228166,-15.15362,-15.154398,-15.007449,-15.06766,-15.048349,-14.953884,-14.986004,-15.000695,-14.891125,-14.735568,-14.62794,-14.612288,-14.550324,-14.532857,-14.473122,-14.391793,-14.491795,-14.510937,-14.564842,-14.556048,-14.464505,-14.476426,-14.425904,-14.414457,-14.369346,-14.349833,-14.317988,-14.274923,-14.189917,-14.058045,-13.964113,-13.878298,-13.81701,-13.724017,-13.646437,-13.474604,-13.452074,-13.538415,-13.586002,-13.523409,-13.480027,-13.446358,-13.4465,-13.473788,-13.454198,-13.430787,-13.376114,-13.222061,-13.206467,-13.209739,-13.200955,-13.250661,-13.319161,-13.359143,-13.42417,-13.477101,-13.542791,-13.547077,-13.532716,-13.493529,-13.440707,-13.368696,-13.32576,-13.301046,-13.292213,-13.287294,-13.287636,-13.324884,-13.333043,-13.332213,-13.322208,-13.295029,-13.3161,-13.310059,-13.257487,-13.179217,-13.052257,-12.999716,-12.95717,-12.909771,-12.881706,-12.887131,-12.873077,-12.879295,-12.889424,-12.902279,-12.869123,-12.8844,-12.855538,-12.822964,-12.760869,-12.620309,-12.345366,-11.999746,-11.755941,-11.612339,-11.636581,-11.789745,-11.948568,-12.087091,-12.239857,-12.379031,-12.446659,-12.491138,-12.506843,-12.510395,-12.464178,-12.494157,-12.544455,-12.59433,-12.666267,-12.718939,-12.719978,-12.74522,-12.743492,-12.681733,-12.607945,-12.459895,-12.320604,-12.175542,-12.033624,-12.005363,-12.049308,-12.119172,-12.167346,-12.3128,-12.408348,-12.431837,-12.452422,-12.44777,-12.445839,-12.422212,-12.390311,-12.367585,-12.337516,-12.274566,-12.203894,-12.170106,-12.17217,-12.196662,-12.217387,-12.205356,-12.196463,-12.187795,-12.189865,-12.201577,-12.17243,-12.15401,-12.189846,-12.22375,-12.23537,-12.260452,-12.297307,-12.334786,-12.355377,-12.382259,-12.386009,-12.38094,-12.389535,-12.407818,-12.421029,-12.430309,-12.427685,-12.456003,-12.484284,-12.497464,-12.515242,-12.540071,-12.558895,-12.589051,-12.626078,-12.676599,-12.703296,-12.725213,-12.746122,-12.778709,-12.814261,-12.828837,-12.815124,-12.811424,-12.804054,-12.803609,-12.790325,-12.785658,-12.787584,-12.781702,-12.754087,-12.728536,-12.740516,-12.736761,-12.752133,-12.71717,-12.670337,-12.638296,-12.660534,-12.694292,-12.711686,-12.713222],"drift":[0.0231724,0.02319828,0.02321228,0.02322459,0.02323605,0.02321519,0.02318169,0.02313908,0.02308795,0.02301373,0.02292096,0.02284211,0.02275734,0.02265396,0.0225525,0.02244424,0.02233955,0.0222386,0.02216324,0.02211277,0.02209851,0.02207706,0.02205013,0.02202558,0.02198798,0.02195897,0.02193023,0.02189392,0.02186325,0.0218364,0.02180038,0.02175039,0.02169143,0.0216331,0.02157055,0.02150844,0.02144233,0.02136996,0.02131028,0.02125482,0.02120721,0.0211609,0.02110724,0.02105702,0.02100373,0.02095144,0.02089662,0.02084195,0.02078613,0.02072798,0.02066311,0.02058663,0.02050249,0.02041152,0.02031628,0.02021345,0.02010463,0.01997995,0.01985501,0.01974116,0.01963435,0.01952305,0.01940925,0.01929397,0.01918072,0.01907232,0.01896387,0.01885495,0.01874229,0.01861549,0.01848901,0.01836481,0.0182416,0.0181255,0.01801844,0.01791744,0.01782511,0.01774017,0.01766395,0.01759001,0.01751642,0.01744056,0.01736101,0.01727574,0.0171878,0.01709907,0.0170112,0.0169246,0.0168398,0.01676065,0.0166841,0.01660921,0.01653501,0.0164597,0.01638831,0.016318,0.0162439,0.01616333,0.01607117,0.01597521,0.01587647,0.01577444,0.01567113,0.01557002,0.01546906,0.01537038,0.01527435,0.01518127,0.01508631,0.01499452,0.01490128,0.01480619,0.01470617,0.01459299,0.01445262,0.01427765,0.0140787,0.01386622,0.01365772,0.01346665,0.01329358,0.01313637,0.01299649,0.01287251,0.01275694,0.01264735,0.01254072,0.01243577,0.01232729,0.01222323,0.0121257,0.01203465,0.01195237,0.01187685,0.01180267,0.01173236,0.0116631,0.01158861,0.01150761,0.01141236,0.01130374,0.01118115,0.0110449,0.01090685,0.01077453,0.01065064,0.01053289,0.01043144,0.01034106,0.01025422,0.01017059,0.01008754,0.01000535,0.00992173,0.00983582,0.00974856,0.00965917,0.00956422,0.00946289,0.00935901,0.00925633,0.00915717,0.00906113,0.00896479,0.00886845,0.00877213,0.00867695,0.00858389,0.00848869,0.00839245,0.00830083,0.00821362,0.00812848,0.00804681,0.00796983,0.0078976,0.00782835,0.00776272,0.00769829,0.00763414,0.00757169,0.00751193,0.00745434,0.0073985,0.00734316,0.00729154,0.00724364,0.00719788,0.00715472,0.0071149,0.0070778,0.00704458,0.00701597,0.00699337,0.00697429,0.00695822,0.00694507,0.00693605,0.00693146,0.00692913,0.00692608,0.00692337,0.00692062,0.00691854,0.0069158,0.00691329,0.0069117,0.00691022,0.00690658,0.006901,0.00689738,0.00689409,0.00689313,0.00688924,0.00688117,0.00687047,0.00686282,0.00685941,0.00685853,0.00685853],"instab":[null,null,null,null,7.252275,6.750279,6.223954,5.794652,5.431448,5.15498,4.939935,4.710854,4.512569,4.361318,4.203175,4.068846,3.940945,3.831155,3.723451,3.62455,1.300598,1.2013,0.885826,0.881605,0.895934,0.791233,0.784914,0.797962,0.795715,0.78431,0.720506,0.69365,0.701563,0.664669,0.662128,0.656272,0.655724,0.669494,0.659636,0.656207,0.435141,0.438743,0.444582,0.432588,0.379335,0.365432,0.361338,0.339369,0.336298,0.317759,0.317615,0.311451,0.295757,0.295881,0.29268,0.292425,0.296041,0.310114,0.282418,0.301431,0.313322,0.303819,0.287866,0.277849,0.27663,0.283569,0.283435,0.284664,0.291144,0.328432,0.328255,0.32253,0.321528,0.320952,0.329573,0.32702,0.329354,0.271464,0.267631,0.257386,0.234925,0.231154,0.230229,0.235319,0.237836,0.232909,0.232953,0.232358,0.227888,0.152916,0.151676,0.151276,0.144074,0.153525,0.144327,0.146454,0.140031,0.138509,0.158072,0.157122,0.155267,0.156865,0.158226,0.155844,0.154569,0.154789,0.155457,0.163005,0.167746,0.167024,0.16557,0.165238,0.167433,0.165058,0.182191,0.292453,0.334684,0.363951,0.356943,0.378482,0.403174,0.414755,0.43092,0.452916,0.457573,0.46056,0.461046,0.460676,0.464064,0.46153,0.46297,0.463199,0.465928,0.47025,0.460934,0.38088,0.314677,0.234854,0.211882,0.238169,0.24359,0.256601,0.28969,0.264192,0.256569,0.258532,0.258272,0.282903,0.293906,0.29423,0.294125,0.293876,0.289097,0.280685,0.281086,0.27824,0.274141,0.27437,0.278173,0.270198,0.263604,0.254648,0.205817,0.194613,0.195017,0.18921,0.184305,0.149624,0.109079,0.114813,0.112291,0.119374,0.117537,0.118078,0.119123,0.123873,0.123727,0.124442,0.106111,0.097144,0.095798,0.095287,0.090424,0.089762,0.094283,0.093225,0.094117,0.089508,0.084954,0.064879,0.064492,0.058848,0.057905,0.065789,0.065189,0.061076,0.06175,0.057673,0.061568,0.058929,0.064385,0.065631,0.069089,0.069012,0.066221,0.068449,0.066048,0.065995,0.070837,0.084258,0.085006,0.08727,0.094814,0.087378,0.093872,0.107565,0.107593,0.110734,0.107054,0.103037],