{"word":"suffrage","years":[1800,1801,1802,1803,1804,1805,1806,1807,1808,1809,1810,1811,1812,1813,1814,1815,1816,1817,1818,1819,1820,1821,1822,1823,1824,1825,1826,1827,1828,1829,1830,1831,1832,1833,1834,1835,1836,1837,1838,1839,1840,1841,1842,1843,1844,1845,1846,1847,1848,1849,1850,1851,1852,1853,1854,1855,1856,1857,1858,1859,1860,1861,1862,1863,1864,1865,1866,1867,1868,1869,1870,1871,1872,1873,1874,1875,1876,1877,1878,1879,1880,1881,1882,1883,1884,1885,1886,1887,1888,1889,1890,1891,1892,1893,1894,1895,1896,1897,1898,1899,1900,1901,1902,1903,1904,1905,1906,1907,1908,1909,1910,1911,1912,1913,1914,1915,1916,1917,1918,1919,1920,1921,1922,1923,1924,1925,1926,1927,1928,1929,1930,1931,1932,1933,1934,1935,1936,1937,1938,1939,1940,1941,1942,1943,1944,1945,1946,1947,1948,1949,1950,1951,1952,1953,1954,1955,1956,1957,1958,1959,1960,1961,1962,1963,1964,1965,1966,1967,1968,1969,1970,1971,1972,1973,1974,1975,1976,1977,1978,1979,1980,1981,1982,1983,1984,1985,1986,1987,1988,1989,1990,1991,1992,1993,1994,1995,1996,1997,1998,1999,2000,2001,2002,2003,2004,2005,2006,2007,2008,2009,2010,2011,2012,2013,2014,2015,2016,2017,2018,2019],"level":[-13.57381,-13.501457,-13.257542,-13.311803,-12.919985,-12.689552,-12.707985,-12.505537,-12.167521,-12.447196,-12.757036,-12.630089,-12.63472,-12.666963,-12.640202,-12.566814,-12.532762,-12.463368,-12.412618,-12.4189,-12.301811,-12.267651,-12.484881,-12.681908,-12.712687,-12.536228,-12.595037,-12.772179,-12.753934,-12.675387,-12.466474,-12.566701,-12.676002,-12.63971,-12.501804,-12.56773,-12.510294,-12.534673,-12.445117,-12.466773,-12.385396,-12.338776,-12.282906,-12.409216,-12.304726,-12.214234,-12.328544,-12.401932,-12.269754,-12.256734,-12.321364,-12.439302,-12.298361,-12.333155,-12.404686,-12.441236,-12.350013,-12.358192,-12.323024,-12.413872,-12.410999,-12.552085,-12.566422,-12.444111,-12.053945,-11.656122,-11.126738,-11.038112,-10.951835,-11.191886,-11.541873,-11.828533,-12.037398,-12.212008,-12.123918,-12.058536,-12.136425,-12.086254,-12.018919,-12.047422,-12.065159,-12.156879,-12.297327,-12.40946,-12.373599,-12.406769,-12.355188,-12.346521,-12.327081,-12.295691,-12.332929,-12.337468,-12.316599,-12.225057,-12.194753,-12.299583,-12.370024,-12.418518,-12.427008,-12.480923,-12.443985,-12.536451,-12.586075,-12.632902,-12.653405,-12.618683,-12.626792,-12.667882,-12.612314,-12.494056,-12.355673,-12.253921,-12.119519,-11.987724,-11.765313,-11.90231,-12.010271,-12.038082,-12.036751,-12.210175,-12.397957,-12.621174,-12.689205,-12.806051,-12.872873,-12.969006,-13.004544,-13.039073,-13.032444,-13.081104,-13.170199,-13.229245,-13.235143,-13.235278,-13.248542,-13.257694,-13.263873,-13.255318,-13.288631,-13.341637,-13.321545,-13.322905,-13.266793,-13.275396,-13.295343,-13.410005,-13.430546,-13.38828,-13.379649,-13.405913,-13.441074,-13.480166,-13.488932,-13.511042,-13.531362,-13.532686,-13.535394,-13.556561,-13.570992,-13.507584,-13.387645,-13.352892,-13.242525,-13.237,-13.2083,-13.127595,-13.157457,-13.10713,-13.046484,-12.982804,-12.966102,-12.986503,-13.111644,-13.184889,-13.255313,-13.222363,-13.349372,-13.470211,-13.500305,-13.496101,-13.527699,-13.546933,-13.556759,-13.526534,-13.495615,-13.571248,-13.525532,-13.548489,-13.609454,-13.62449,-13.54003,-13.54632,-13.528879,-13.466383,-13.391553,-13.313691,-13.259606,-13.22648,-13.204012,-13.191944,-13.14682,-13.19749,-13.265474,-13.233311,-13.189737,-13.169291,-13.108002,-13.111441,-13.047062,-12.994634,-12.984923,-13.016273,-13.091463,-13.028063,-12.920588,-12.898896,-12.895438,-12.805063,-12.705515,-12.635767],"drift":[0.00428334,0.00428334,0.00428334,0.00428334,0.00428334,0.00428334,0.00428334,0.00428334,0.00428334,0.00428334,0.00428334,0.00428334,0.00428334,0.00428334,0.00428334,0.00428334,0.00428334,0.00428333,0.00428333,0.00428333,0.00428333,0.00428333,0.00428333,0.00428333,0.00428333,0.00428333,0.00428333,0.00428333,0.00428333,0.00428333,0.00428333,0.00428333,0.00428333,0.00428333,0.00428333,0.00428333,0.00428333,0.00428333,0.00428332,0.00428332,0.00428332,0.00428332,0.00428332,0.00428332,0.00428332,0.00428332,0.00428332,0.00428332,0.00428332,0.00428332,0.00428332,0.00428332,0.00428332,0.00428332,0.00428332,0.00428332,0.00428331,0.00428331,0.00428331,0.00428331,0.00428331,0.00428331,0.00428331,0.00428331,0.00428331,0.00428331,0.00428331,0.00428331,0.00428331,0.00428331,0.0042833,0.0042833,0.0042833,0.0042833,0.0042833,0.0042833,0.0042833,0.0042833,0.0042833,0.0042833,0.0042833,0.0042833,0.0042833,0.0042833,0.0042833,0.0042833,0.00428329,0.00428329,0.00428329,0.00428329,0.00428329,0.00428329,0.00428329,0.00428329,0.00428329,0.00428329,0.00428329,0.00428329,0.00428329,0.00428329,0.00428329,0.00428329,0.00428329,0.00428329,0.00428329,0.00428329,0.00428329,0.00428329,0.00428329,0.00428329,0.00428329,0.00428329,0.00428328,0.00428328,0.00428328,0.00428328,0.00428328,0.00428328,0.00428328,0.00428328,0.00428328,0.00428328,0.00428328,0.00428328,0.00428328,0.00428328,0.00428328,0.00428328,0.00428328,0.00428328,0.00428328,0.00428328,0.00428328,0.00428328,0.00428328,0.00428328,0.00428328,0.00428328,0.00428328,0.00428328,0.00428328,0.00428328,0.00428328,0.00428328,0.00428328,0.00428328,0.00428328,0.00428328,0.00428328,0.00428328,0.00428328,0.00428328,0.00428328,0.00428328,0.00428328,0.00428328,0.00428329,0.00428329,0.00428329,0.00428329,0.00428329,0.00428329,0.00428329,0.00428329,0.00428329,0.00428329,0.00428329,0.00428329,0.00428329,0.00428329,0.00428329,0.00428329,0.00428329,0.00428329,0.00428329,0.00428329,0.00428329,0.00428329,0.00428329,0.00428329,0.00428329,0.00428329,0.00428329,0.00428329,0.00428329,0.00428329,0.00428329,0.00428329,0.00428329,0.00428329,0.00428329,0.0042833,0.0042833,0.0042833,0.0042833,0.0042833,0.0042833,0.0042833,0.0042833,0.0042833,0.0042833,0.0042833,0.0042833,0.0042833,0.0042833,0.0042833,0.0042833,0.0042833,0.0042833,0.0042833,0.0042833,0.0042833,0.0042833,0.0042833,0.0042833,0.0042833,0.0042833,0.0042833,0.0042833,0.0042833],"instab":[null,null,null,null,6.226894,5.706507,5.235255,4.890379,4.6717,4.407486,4.181383,4.013233,3.853817,3.709435,3.58247,3.471283,3.3671,3.273792,3.188051,3.105061,0.664043,0.668608,0.63466,0.58777,0.541332,0.55095,0.533237,0.545575,0.454457,0.426987,0.360454,0.354579,0.363229,0.360578,0.381038,0.384465,0.388163,0.389282,0.395738,0.394045,0.391825,0.384138,0.377349,0.37045,0.36313,0.350039,0.35586,0.340737,0.350188,0.350155,0.306936,0.328437,0.332882,0.332141,0.315794,0.312914,0.316859,0.313561,0.310801,0.314623,0.315192,0.328066,0.320038,0.298892,0.335817,0.344079,0.471974,0.456984,0.463399,0.473741,0.508107,0.512722,0.514478,0.536219,0.536347,0.536914,0.538618,0.538426,0.538877,0.53463,0.533303,0.524383,0.526628,0.533734,0.511925,0.497158,0.347874,0.344646,0.310374,0.314194,0.279506,0.249195,0.233821,0.192159,0.195009,0.188888,0.178958,0.179911,0.170292,0.174492,0.184428,0.188165,0.179076,0.158773,0.154761,0.154547,0.150491,0.155176,0.155301,0.158315,0.172422,0.175179,0.182364,0.176399,0.255331,0.258484,0.266026,0.264599,0.268119,0.272392,0.277411,0.304911,0.304475,0.309101,0.308661,0.311061,0.310772,0.308933,0.310007,0.306072,0.297658,0.294804,0.286219,0.283929,0.179549,0.177841,0.17389,0.178959,0.163587,0.158748,0.157537,0.102464,0.117367,0.105955,0.109591,0.117613,0.118675,0.122624,0.121836,0.121832,0.115573,0.111851,0.112002,0.111735,0.111995,0.112157,0.112601,0.110671,0.112776,0.107465,0.13118,0.130341,0.144918,0.145013,0.143635,0.136472,0.139073,0.137807,0.138664,0.141636,0.140261,0.136321,0.156086,0.15989,0.171697,0.180017,0.189619,0.204967,0.204104,0.204259,0.19101,0.191068,0.173688,0.174714,0.181594,0.17695,0.181087,0.179804,0.179394,0.17357,0.186505,0.183308,0.174953,0.176256,0.171261,0.164201,0.158943,0.1393,0.136742,0.137004,0.140768,0.141578,0.153951,0.153854,0.149952,0.131587,0.132671,0.135836,0.129298,0.122266,0.112017,0.110696,0.137002,0.136378,0.147275,0.144418,0.146642,0.148659,0.153936,0.15746],