{"word":"tagetitoxin","years":[1800,1801,1802,1803,1804,1805,1806,1807,1808,1809,1810,1811,1812,1813,1814,1815,1816,1817,1818,1819,1820,1821,1822,1823,1824,1825,1826,1827,1828,1829,1830,1831,1832,1833,1834,1835,1836,1837,1838,1839,1840,1841,1842,1843,1844,1845,1846,1847,1848,1849,1850,1851,1852,1853,1854,1855,1856,1857,1858,1859,1860,1861,1862,1863,1864,1865,1866,1867,1868,1869,1870,1871,1872,1873,1874,1875,1876,1877,1878,1879,1880,1881,1882,1883,1884,1885,1886,1887,1888,1889,1890,1891,1892,1893,1894,1895,1896,1897,1898,1899,1900,1901,1902,1903,1904,1905,1906,1907,1908,1909,1910,1911,1912,1913,1914,1915,1916,1917,1918,1919,1920,1921,1922,1923,1924,1925,1926,1927,1928,1929,1930,1931,1932,1933,1934,1935,1936,1937,1938,1939,1940,1941,1942,1943,1944,1945,1946,1947,1948,1949,1950,1951,1952,1953,1954,1955,1956,1957,1958,1959,1960,1961,1962,1963,1964,1965,1966,1967,1968,1969,1970,1971,1972,1973,1974,1975,1976,1977,1978,1979,1980,1981,1982,1983,1984,1985,1986,1987,1988,1989,1990,1991,1992,1993,1994,1995,1996,1997,1998,1999,2000,2001,2002,2003,2004,2005,2006,2007,2008],"level":[6.029096,5.896327,5.763558,5.630789,5.49802,5.365251,5.232482,5.099713,4.966944,4.834175,4.701406,4.568638,4.435869,4.3031,4.170331,4.037562,3.904793,3.772024,3.639255,3.506486,3.373717,3.240948,3.108179,2.975411,2.842642,2.709873,2.577104,2.444335,2.311566,2.178797,2.046028,1.913259,1.78049,1.647721,1.514952,1.382184,1.249415,1.116646,0.983877,0.851108,0.718339,0.58557,0.452801,0.320032,0.187263,0.054494,-0.078275,-0.211043,-0.343812,-0.476581,-0.60935,-0.742119,-0.874888,-1.007657,-1.140426,-1.273195,-1.405964,-1.538733,-1.671501,-1.80427,-1.937039,-2.069808,-2.202577,-2.335346,-2.468115,-2.600884,-2.733653,-2.866422,-2.999191,-3.13196,-3.264728,-3.397497,-3.530266,-3.663035,-3.795804,-3.928573,-4.061342,-4.194111,-4.32688,-4.459649,-4.592418,-4.725187,-4.857955,-4.990724,-5.123493,-5.256262,-5.389031,-5.5218,-5.654569,-5.787338,-5.920107,-6.052876,-6.185645,-6.318414,-6.451182,-6.583951,-6.71672,-6.849489,-6.982258,-7.115027,-7.247796,-7.380565,-7.513334,-7.646103,-7.778872,-7.911641,-8.044409,-8.177178,-8.309947,-8.442716,-8.575485,-8.708254,-8.841023,-8.973792,-9.106561,-9.23933,-9.372099,-9.504868,-9.637636,-9.770405,-9.903174,-10.035943,-10.168712,-10.301481,-10.43425,-10.567019,-10.699788,-10.832557,-10.965326,-11.098095,-11.230863,-11.363632,-11.496401,-11.62917,-11.761939,-11.894708,-12.027477,-12.160246,-12.293015,-12.425784,-12.558553,-12.691322,-12.82409,-12.956859,-13.089628,-13.222397,-13.355166,-13.487935,-13.620704,-13.753473,-13.886242,-14.019011,-14.15178,-14.284549,-14.417317,-14.550086,-14.682855,-14.815624,-14.948393,-15.081162,-15.213931,-15.3467,-15.479469,-15.612238,-15.745007,-15.877776,-16.010544,-16.143313,-16.276082,-16.408851,-16.54162,-16.674389,-16.807158,-16.939927,-17.072696,-17.205465,-17.338234,-17.471002,-17.603771,-17.73654,-17.869309,-18.002078,-18.134847,-18.267614,-18.400388,-18.533161,-18.665934,-18.798703,-18.931466,-19.064239,-19.197011,-19.32978,-19.462547,-19.595328,-19.728099,-19.860868,-19.993635,-20.126405,-20.259174,-20.391944,-20.524709,-20.657471,-20.79023,-20.922991,-21.055758,-21.18853,-21.321303,-21.45407,-21.586838],"drift":[-0.13276892,-0.13276892,-0.13276892,-0.13276892,-0.13276892,-0.13276892,-0.13276892,-0.13276892,-0.13276892,-0.13276892,-0.13276892,-0.13276892,-0.13276892,-0.13276892,-0.13276892,-0.13276892,-0.13276892,-0.13276892,-0.13276892,-0.13276892,-0.13276892,-0.13276892,-0.13276892,-0.13276892,-0.13276892,-0.13276892,-0.13276892,-0.13276892,-0.13276892,-0.13276892,-0.13276892,-0.13276892,-0.13276892,-0.13276892,-0.13276892,-0.13276892,-0.13276892,-0.13276892,-0.13276892,-0.13276892,-0.13276892,-0.13276892,-0.13276892,-0.13276892,-0.13276892,-0.13276892,-0.13276892,-0.13276892,-0.13276892,-0.13276892,-0.13276892,-0.13276892,-0.13276892,-0.13276892,-0.13276892,-0.13276892,-0.13276892,-0.13276892,-0.13276892,-0.13276892,-0.13276892,-0.13276892,-0.13276892,-0.13276892,-0.13276892,-0.13276892,-0.13276892,-0.13276892,-0.13276892,-0.13276892,-0.13276892,-0.13276892,-0.13276892,-0.13276892,-0.13276892,-0.13276892,-0.13276892,-0.13276892,-0.13276892,-0.13276892,-0.13276892,-0.13276892,-0.13276892,-0.13276892,-0.13276892,-0.13276892,-0.13276892,-0.13276892,-0.13276892,-0.13276892,-0.13276892,-0.13276892,-0.13276892,-0.13276892,-0.13276892,-0.13276892,-0.13276892,-0.13276892,-0.13276892,-0.13276892,-0.13276892,-0.13276892,-0.13276892,-0.13276892,-0.13276892,-0.13276892,-0.13276892,-0.13276892,-0.13276892,-0.13276892,-0.13276892,-0.13276892,-0.13276892,-0.13276892,-0.13276892,-0.13276892,-0.13276892,-0.13276892,-0.13276892,-0.13276892,-0.13276892,-0.13276892,-0.13276892,-0.13276892,-0.13276892,-0.13276892,-0.13276892,-0.13276892,-0.13276892,-0.13276892,-0.13276892,-0.13276892,-0.13276892,-0.13276892,-0.13276892,-0.13276892,-0.13276892,-0.13276892,-0.13276892,-0.13276892,-0.13276892,-0.13276892,-0.13276892,-0.13276892,-0.13276892,-0.13276892,-0.13276892,-0.13276892,-0.13276892,-0.13276892,-0.13276892,-0.13276892,-0.13276892,-0.13276892,-0.13276892,-0.13276892,-0.13276892,-0.13276892,-0.13276892,-0.13276892,-0.13276892,-0.13276892,-0.13276892,-0.13276892,-0.13276892,-0.13276892,-0.13276892,-0.13276892,-0.13276892,-0.13276892,-0.13276892,-0.13276892,-0.13276892,-0.13276892,-0.13276892,-0.13276892,-0.13276892,-0.13276892,-0.13276892,-0.13276892,-0.13276892,-0.13276892,-0.13276892,-0.13276892,-0.13276891,-0.13276891,-0.13276891,-0.13276891,-0.13276891,-0.1327689,-0.1327689,-0.1327689,-0.1327689,-0.13276889,-0.13276888,-0.13276888,-0.13276887,-0.13276887,-0.13276886,-0.13276886,-0.13276885,-0.13276885,-0.13276885,-0.13276885,-0.13276885,-0.13276885,-0.13276885,-0.13276885,-0.13276885],"instab":[null,null,null,null,null,null,null,null,null,null,null,null,null,null,null,null,null,null,null,null,null,null,null,null,null,null,null,null,null,null,null,null,null,null,null,null,null,null,null,null,null,null,null,null,null,null,null,null,null,null,null,null,null,null,null,null,null,null,null,null,null,null,null,null,null,null,null,null,null,null,null,null,null,null,null,null,null,null,null,null,null,null,null,null,null,null,null,null,null,null,null,null,null,null,null,null,null,null,null,null,null,null,null,null,null,null,null,null,null,null,null,null,null,null,null,null,null,null,null,null,null,null,null,null,null,null,null,null,null,null,null,null,null,null,null,null,null,null,null,null,null,null,null,null,null,null,null,null,null,null,null,null,null,null,null,null,null,null,null,null,null,null,null,null,null,null,null,null,null,null,null,null,null,null,null,null,null,null,null,null,null,null,null,null,null,null,null,null,8.975176,8.975176,8.118355,7.522513,7.373169,6.903609,6.536649,6.232617,6.008903,5.767455,5.569668,5.368135,5.19252,5.038323,2.400664,2.395939,2.352805,2.286627,1.593593,1.591994,1.400377],