{"word":"takavi","years":[1800,1801,1802,1803,1804,1805,1806,1807,1808,1809,1810,1811,1812,1813,1814,1815,1816,1817,1818,1819,1820,1821,1822,1823,1824,1825,1826,1827,1828,1829,1830,1831,1832,1833,1834,1835,1836,1837,1838,1839,1840,1841,1842,1843,1844,1845,1846,1847,1848,1849,1850,1851,1852,1853,1854,1855,1856,1857,1858,1859,1860,1861,1862,1863,1864,1865,1866,1867,1868,1869,1870,1871,1872,1873,1874,1875,1876,1877,1878,1879,1880,1881,1882,1883,1884,1885,1886,1887,1888,1889,1890,1891,1892,1893,1894,1895,1896,1897,1898,1899,1900,1901,1902,1903,1904,1905,1906,1907,1908,1909,1910,1911,1912,1913,1914,1915,1916,1917,1918,1919,1920,1921,1922,1923,1924,1925,1926,1927,1928,1929,1930,1931,1932,1933,1934,1935,1936,1937,1938,1939,1940,1941,1942,1943,1944,1945,1946,1947,1948,1949,1950,1951,1952,1953,1954,1955,1956,1957,1958,1959,1960,1961,1962,1963,1964,1965,1966,1967,1968,1969,1970,1971,1972,1973,1974,1975,1976,1977,1978,1979,1980,1981,1982,1983,1984,1985,1986,1987,1988,1989,1990,1991,1992,1993,1994,1995,1996,1997,1998,1999,2000,2001,2002,2003,2004,2005,2006,2007,2008],"level":[-16.508483,-16.527957,-16.54743,-16.566904,-16.602257,-16.63761,-16.672963,-16.708316,-16.743669,-16.779022,-16.814375,-16.849728,-16.885082,-16.920435,-16.955788,-16.991141,-17.026494,-17.061847,-17.0972,-17.132553,-17.167906,-17.203259,-17.238612,-17.273965,-17.309319,-17.344672,-17.380025,-17.415378,-17.450731,-17.486084,-17.521437,-17.55679,-17.592143,-17.627496,-17.662849,-17.698202,-17.733555,-17.768909,-17.804262,-17.839615,-17.874968,-17.910321,-17.945674,-17.981027,-18.01638,-18.051733,-18.087086,-18.122439,-18.157792,-18.193145,-18.228498,-18.263852,-18.299205,-18.334558,-18.369911,-18.405264,-18.440617,-18.47597,-18.511323,-18.546676,-18.582029,-18.617382,-18.652735,-18.688088,-18.723441,-18.758794,-18.794148,-18.829501,-18.864854,-18.900207,-18.93556,-18.970913,-19.006266,-19.041619,-19.066843,-19.092068,-19.117292,-19.142517,-19.167741,-19.234036,-19.270951,-19.272077,-19.237177,-19.200266,-19.163354,-19.199204,-19.19211,-19.197962,-19.203813,-19.192974,-19.166829,-19.140684,-19.11454,-19.086678,-19.05684,-19.027002,-18.997165,-19.00072,-19.002085,-19.062765,-19.123445,-19.195114,-19.205603,-19.216092,-19.226581,-19.211052,-19.132837,-19.10118,-19.077289,-19.059875,-19.06604,-19.068237,-19.09581,-19.075748,-19.055686,-19.004626,-18.909302,-18.781793,-18.643694,-18.553708,-18.536921,-18.567103,-18.510599,-18.544098,-18.557633,-18.555114,-18.492083,-18.432079,-18.417705,-18.422004,-18.468164,-18.487503,-18.475685,-18.514913,-18.598353,-18.681793,-18.763126,-18.891494,-18.984781,-19.046086,-19.09871,-19.089705,-19.060146,-19.044274,-19.059064,-19.064796,-19.070528,-19.110321,-19.130737,-19.129578,-19.076201,-18.968139,-18.910065,-18.854424,-18.868651,-18.861018,-18.845746,-18.82497,-18.765784,-18.733317,-18.688723,-18.654279,-18.569062,-18.510784,-18.485377,-18.437267,-18.443293,-18.44745,-18.472937,-18.502738,-18.556713,-18.642884,-18.696089,-18.744565,-18.800228,-18.827104,-18.836595,-18.882566,-18.915967,-18.955451,-18.99489,-19.029878,-19.046075,-19.068078,-19.121238,-19.14462,-19.20003,-19.273084,-19.338869,-19.419496,-19.474277,-19.502215,-19.549983,-19.61416,-19.711188,-19.814616,-19.913402,-20.007015,-20.054347,-20.129758,-20.184978,-20.240956,-20.279758,-20.373166,-20.429953,-20.478806,-20.498176,-20.524665,-20.558858],"drift":[-0.019473,-0.019473,-0.019473,-0.019473,-0.019473,-0.019473,-0.019473,-0.019473,-0.01947299,-0.01947299,-0.01947299,-0.01947299,-0.01947299,-0.01947299,-0.01947299,-0.01947299,-0.01947299,-0.01947299,-0.01947299,-0.01947299,-0.01947299,-0.01947299,-0.01947299,-0.01947299,-0.01947299,-0.01947299,-0.01947299,-0.01947299,-0.01947299,-0.01947299,-0.01947299,-0.01947299,-0.01947299,-0.01947299,-0.01947299,-0.01947299,-0.01947298,-0.01947298,-0.01947298,-0.01947298,-0.01947298,-0.01947298,-0.01947298,-0.01947298,-0.01947298,-0.01947298,-0.01947298,-0.01947298,-0.01947298,-0.01947298,-0.01947298,-0.01947298,-0.01947297,-0.01947297,-0.01947297,-0.01947297,-0.01947297,-0.01947297,-0.01947297,-0.01947297,-0.01947297,-0.01947297,-0.01947296,-0.01947296,-0.01947296,-0.01947296,-0.01947296,-0.01947296,-0.01947296,-0.01947296,-0.01947295,-0.01947295,-0.01947295,-0.01947295,-0.01947295,-0.01947295,-0.01947295,-0.01947295,-0.01947295,-0.01947295,-0.01947294,-0.01947294,-0.01947294,-0.01947294,-0.01947294,-0.01947294,-0.01947294,-0.01947294,-0.01947294,-0.01947294,-0.01947294,-0.01947293,-0.01947293,-0.01947293,-0.01947293,-0.01947293,-0.01947293,-0.01947293,-0.01947293,-0.01947293,-0.01947293,-0.01947293,-0.01947293,-0.01947293,-0.01947293,-0.01947293,-0.01947293,-0.01947293,-0.01947292,-0.01947292,-0.01947292,-0.01947292,-0.01947292,-0.01947292,-0.01947292,-0.01947292,-0.01947292,-0.01947292,-0.01947292,-0.01947292,-0.01947292,-0.01947292,-0.01947292,-0.01947292,-0.01947292,-0.01947292,-0.01947292,-0.01947293,-0.01947293,-0.01947293,-0.01947293,-0.01947293,-0.01947293,-0.01947293,-0.01947293,-0.01947293,-0.01947293,-0.01947293,-0.01947293,-0.01947293,-0.01947293,-0.01947293,-0.01947293,-0.01947293,-0.01947293,-0.01947293,-0.01947293,-0.01947293,-0.01947293,-0.01947293,-0.01947293,-0.01947293,-0.01947293,-0.01947293,-0.01947293,-0.01947294,-0.01947294,-0.01947294,-0.01947294,-0.01947294,-0.01947294,-0.01947294,-0.01947294,-0.01947294,-0.01947294,-0.01947294,-0.01947295,-0.01947295,-0.01947295,-0.01947295,-0.01947295,-0.01947295,-0.01947295,-0.01947295,-0.01947295,-0.01947295,-0.01947296,-0.01947296,-0.01947296,-0.01947296,-0.01947296,-0.01947296,-0.01947296,-0.01947296,-0.01947296,-0.01947296,-0.01947296,-0.01947297,-0.01947297,-0.01947297,-0.01947297,-0.01947297,-0.01947297,-0.01947297,-0.01947297,-0.01947297,-0.01947297,-0.01947297,-0.01947297,-0.01947297,-0.01947297,-0.01947297,-0.01947297,-0.01947297,-0.01947297,-0.01947297,-0.01947297,-0.01947297,-0.01947297],"instab":[null,null,null,null,null,null,null,null,null,null,null,null,null,null,null,null,null,null,null,null,null,null,null,null,null,null,null,null,null,null,null,null,null,null,null,null,null,null,null,null,null,null,null,null,null,null,null,null,null,null,null,null,null,null,null,null,null,null,null,null,null,null,null,null,null,null,null,null,null,null,null,null,null,null,null,null,null,null,null,null,null,151.00553,137.786967,137.786967,127.42181,119.254444,112.413914,112.413914,106.655816,101.696728,101.696728,101.696728,97.357374,0.957988,0.957988,0.957988,0.970041,0.932322,0.95718,0.912434,0.853274,1.003421,1.047042,1.047042,0.877595,0.890658,1.007857,0.970092,0.965269,0.971064,0.936371,0.908257,0.9767,1.012358,0.988078,0.970187,0.919742,0.931302,0.985648,1.087887,1.1132,1.154774,1.2294,1.214175,1.211251,1.222945,1.175865,1.204705,1.20584,1.21133,1.236698,1.254509,1.234342,1.20668,1.22524,1.22383,1.220115,1.29478,1.274727,1.177741,1.195229,1.103929,0.94652,0.966539,0.964443,0.944397,0.957587,0.90237,0.893476,0.874354,0.876318,0.990204,0.940141,1.039566,1.014631,1.010087,0.995244,0.951938,0.943382,0.936243,0.851879,0.879878,0.904143,0.91629,0.919524,0.944654,0.935969,0.919505,0.90395,0.84591,0.797873,0.802179,0.812419,0.70627,0.729943,0.741127,0.758703,0.748327,0.721609,0.723272,0.719202,0.699348,0.653708,0.620113,0.647948,0.560743,0.563246,0.553704,0.554242,0.56789,0.56229,0.535952,0.540289,0.557308,0.529529,0.534084,0.496464,0.571672,0.589711,0.603444,0.603466,0.60494,0.671803,0.68222,0.667199,0.643716,0.643308,0.649466,0.645116],