{"word":"talukdars","years":[1800,1801,1802,1803,1804,1805,1806,1807,1808,1809,1810,1811,1812,1813,1814,1815,1816,1817,1818,1819,1820,1821,1822,1823,1824,1825,1826,1827,1828,1829,1830,1831,1832,1833,1834,1835,1836,1837,1838,1839,1840,1841,1842,1843,1844,1845,1846,1847,1848,1849,1850,1851,1852,1853,1854,1855,1856,1857,1858,1859,1860,1861,1862,1863,1864,1865,1866,1867,1868,1869,1870,1871,1872,1873,1874,1875,1876,1877,1878,1879,1880,1881,1882,1883,1884,1885,1886,1887,1888,1889,1890,1891,1892,1893,1894,1895,1896,1897,1898,1899,1900,1901,1902,1903,1904,1905,1906,1907,1908,1909,1910,1911,1912,1913,1914,1915,1916,1917,1918,1919,1920,1921,1922,1923,1924,1925,1926,1927,1928,1929,1930,1931,1932,1933,1934,1935,1936,1937,1938,1939,1940,1941,1942,1943,1944,1945,1946,1947,1948,1949,1950,1951,1952,1953,1954,1955,1956,1957,1958,1959,1960,1961,1962,1963,1964,1965,1966,1967,1968,1969,1970,1971,1972,1973,1974,1975,1976,1977,1978,1979,1980,1981,1982,1983,1984,1985,1986,1987,1988,1989,1990,1991,1992,1993,1994,1995,1996,1997,1998,1999,2000,2001,2002,2003,2004,2005,2006,2007,2008],"level":[-16.76534,-16.772284,-16.779228,-16.786171,-16.809334,-16.832496,-16.855658,-16.87882,-16.901982,-16.925144,-16.948306,-16.971469,-16.994631,-17.017793,-17.040955,-17.064117,-17.087279,-17.110442,-17.133604,-17.156766,-17.179928,-17.20309,-17.226252,-17.249414,-17.272577,-17.295739,-17.318901,-17.342063,-17.365225,-17.388387,-17.411549,-17.434712,-17.457874,-17.481036,-17.504198,-17.52736,-17.550522,-17.573684,-17.596847,-17.620009,-17.643171,-17.666333,-17.689495,-17.712657,-17.735819,-17.758982,-17.782144,-17.805306,-17.828468,-17.85163,-17.874792,-17.897954,-17.921116,-17.944278,-17.967441,-17.990603,-18.025988,-18.061373,-18.096758,-18.124729,-18.152701,-18.152923,-18.119669,-18.086415,-18.053161,-18.019907,-17.986653,-17.953399,-17.920145,-17.886891,-17.844479,-17.840019,-17.835559,-17.846713,-17.837843,-17.828973,-17.770953,-17.744593,-17.718233,-17.717191,-17.780525,-17.847759,-17.892581,-17.88373,-17.9057,-17.899178,-17.892757,-17.95299,-17.961783,-17.986543,-18.031641,-18.027632,-18.0142,-18.032838,-18.040386,-18.06473,-18.04764,-18.019177,-17.985682,-17.944615,-17.903549,-17.888491,-17.868061,-17.833224,-17.783983,-17.766901,-17.756621,-17.776526,-17.804445,-17.843358,-17.892148,-17.940428,-17.988333,-18.013361,-18.03732,-18.030988,-18.054288,-18.076933,-18.068139,-18.078966,-18.091949,-18.099682,-18.108434,-18.094493,-18.07826,-18.082607,-18.075041,-18.082201,-18.066212,-18.051851,-18.054216,-18.035631,-18.029715,-18.002739,-17.995371,-17.993768,-18.006701,-18.021352,-18.033427,-18.037831,-18.043734,-18.011447,-17.966172,-17.94778,-17.919602,-17.889746,-17.847756,-17.798096,-17.750798,-17.691351,-17.6308,-17.600626,-17.568456,-17.535949,-17.489448,-17.415614,-17.338931,-17.253672,-17.204858,-17.160869,-17.13162,-17.109309,-17.081725,-17.083031,-17.066929,-17.061422,-17.084978,-17.105568,-17.093885,-17.07741,-17.086831,-17.090979,-17.084252,-17.069671,-17.062168,-17.041123,-17.029598,-17.031266,-17.01544,-17.007526,-17.008678,-17.027992,-17.046946,-17.073046,-17.089545,-17.131453,-17.190409,-17.243841,-17.288838,-17.347647,-17.417737,-17.474024,-17.529177,-17.587048,-17.669254,-17.744906,-17.803379,-17.855517,-17.91214,-17.951914,-18.007939,-18.046453,-18.077624,-18.128101,-18.164949,-18.189236,-18.205749,-18.201381,-18.209565],"drift":[-0.00694345,-0.00694345,-0.00694345,-0.00694345,-0.00694345,-0.00694345,-0.00694345,-0.00694345,-0.00694345,-0.00694345,-0.00694345,-0.00694345,-0.00694345,-0.00694345,-0.00694345,-0.00694345,-0.00694345,-0.00694344,-0.00694344,-0.00694344,-0.00694344,-0.00694344,-0.00694344,-0.00694344,-0.00694344,-0.00694344,-0.00694344,-0.00694344,-0.00694344,-0.00694344,-0.00694344,-0.00694344,-0.00694344,-0.00694344,-0.00694344,-0.00694343,-0.00694343,-0.00694343,-0.00694343,-0.00694343,-0.00694343,-0.00694343,-0.00694343,-0.00694343,-0.00694342,-0.00694342,-0.00694342,-0.00694342,-0.00694342,-0.00694342,-0.00694341,-0.00694341,-0.00694341,-0.00694341,-0.00694341,-0.00694341,-0.00694341,-0.00694341,-0.00694341,-0.0069434,-0.0069434,-0.0069434,-0.0069434,-0.0069434,-0.0069434,-0.0069434,-0.0069434,-0.0069434,-0.00694339,-0.00694339,-0.00694339,-0.00694339,-0.00694339,-0.00694339,-0.00694339,-0.00694339,-0.00694339,-0.00694339,-0.00694339,-0.00694339,-0.00694339,-0.00694339,-0.00694338,-0.00694338,-0.00694338,-0.00694338,-0.00694338,-0.00694338,-0.00694338,-0.00694338,-0.00694338,-0.00694338,-0.00694338,-0.00694338,-0.00694337,-0.00694337,-0.00694337,-0.00694337,-0.00694337,-0.00694337,-0.00694337,-0.00694337,-0.00694337,-0.00694337,-0.00694337,-0.00694337,-0.00694337,-0.00694337,-0.00694337,-0.00694337,-0.00694337,-0.00694337,-0.00694336,-0.00694336,-0.00694336,-0.00694336,-0.00694336,-0.00694336,-0.00694336,-0.00694336,-0.00694336,-0.00694336,-0.00694336,-0.00694336,-0.00694336,-0.00694336,-0.00694336,-0.00694336,-0.00694335,-0.00694335,-0.00694335,-0.00694335,-0.00694335,-0.00694335,-0.00694335,-0.00694335,-0.00694335,-0.00694335,-0.00694335,-0.00694335,-0.00694335,-0.00694335,-0.00694335,-0.00694335,-0.00694335,-0.00694335,-0.00694335,-0.00694335,-0.00694335,-0.00694335,-0.00694335,-0.00694335,-0.00694335,-0.00694335,-0.00694335,-0.00694335,-0.00694335,-0.00694335,-0.00694335,-0.00694335,-0.00694335,-0.00694336,-0.00694336,-0.00694336,-0.00694336,-0.00694336,-0.00694336,-0.00694336,-0.00694336,-0.00694336,-0.00694337,-0.00694337,-0.00694337,-0.00694337,-0.00694337,-0.00694337,-0.00694337,-0.00694337,-0.00694338,-0.00694338,-0.00694338,-0.00694338,-0.00694338,-0.00694338,-0.00694338,-0.00694339,-0.00694339,-0.00694339,-0.00694339,-0.00694339,-0.00694339,-0.00694339,-0.00694339,-0.00694339,-0.00694339,-0.00694339,-0.00694339,-0.00694339,-0.00694339,-0.0069434,-0.0069434,-0.0069434,-0.0069434,-0.0069434,-0.0069434,-0.0069434,-0.0069434,-0.0069434,-0.0069434],"instab":[null,null,null,null,null,null,null,null,null,null,null,null,null,null,null,null,null,null,null,null,null,null,null,null,null,null,null,null,null,null,null,null,null,null,null,null,null,null,null,null,null,null,null,null,null,null,null,null,null,null,null,null,null,null,null,null,null,null,null,null,null,null,null,null,null,null,null,null,null,112.004941,101.995264,101.995264,94.3753,88.332568,88.332568,1.497535,1.586847,1.586847,1.597419,1.690348,1.599742,1.659446,1.84431,1.786212,1.776734,1.707708,1.777349,1.876315,1.819133,1.814657,1.815221,1.76234,1.78553,1.779357,1.736199,1.740381,1.671243,1.626933,1.587347,1.471144,1.527049,1.495504,1.377678,1.33398,1.364147,1.366715,1.229785,1.061455,1.054667,1.044994,0.874561,0.876752,0.879732,0.870379,0.918817,0.857157,0.854674,0.928653,0.949272,0.924057,0.865212,0.865114,0.889333,0.887186,0.821987,0.820094,0.770585,0.790595,0.789116,0.81822,0.832969,0.853134,0.825375,0.862398,0.801615,0.758118,0.756892,0.676406,0.655024,0.655026,0.749604,0.751439,0.791596,0.795013,0.762815,0.756777,0.739534,0.709805,0.710353,0.690826,0.754083,0.742996,0.710368,0.688554,0.715739,0.707253,0.707968,0.842999,0.836712,0.850096,0.729508,0.722235,0.71377,0.745948,0.745903,0.754724,0.768271,0.881739,0.881728,0.902219,0.853647,0.870467,0.878381,0.869885,0.855498,0.856909,0.860447,0.769862,0.766767,0.746994,0.75531,0.757036,0.694676,0.686722,0.705879,0.656246,0.670922,0.597558,0.597401,0.536755,0.587289,0.585566,0.585363,0.595067,0.614747,0.657029,0.644266,0.629877,0.647624,0.647215,0.634404,0.635538,0.661871,0.672087,0.608804,0.578186,0.587261,0.628811,0.615211],