{"word":"tawba","years":[1800,1801,1802,1803,1804,1805,1806,1807,1808,1809,1810,1811,1812,1813,1814,1815,1816,1817,1818,1819,1820,1821,1822,1823,1824,1825,1826,1827,1828,1829,1830,1831,1832,1833,1834,1835,1836,1837,1838,1839,1840,1841,1842,1843,1844,1845,1846,1847,1848,1849,1850,1851,1852,1853,1854,1855,1856,1857,1858,1859,1860,1861,1862,1863,1864,1865,1866,1867,1868,1869,1870,1871,1872,1873,1874,1875,1876,1877,1878,1879,1880,1881,1882,1883,1884,1885,1886,1887,1888,1889,1890,1891,1892,1893,1894,1895,1896,1897,1898,1899,1900,1901,1902,1903,1904,1905,1906,1907,1908,1909,1910,1911,1912,1913,1914,1915,1916,1917,1918,1919,1920,1921,1922,1923,1924,1925,1926,1927,1928,1929,1930,1931,1932,1933,1934,1935,1936,1937,1938,1939,1940,1941,1942,1943,1944,1945,1946,1947,1948,1949,1950,1951,1952,1953,1954,1955,1956,1957,1958,1959,1960,1961,1962,1963,1964,1965,1966,1967,1968,1969,1970,1971,1972,1973,1974,1975,1976,1977,1978,1979,1980,1981,1982,1983,1984,1985,1986,1987,1988,1989,1990,1991,1992,1993,1994,1995,1996,1997,1998,1999,2000,2001,2002,2003,2004,2005,2006,2007,2008],"level":[-17.841357,-17.871674,-17.901991,-17.932308,-17.962617,-17.992911,-18.023182,-18.053422,-18.083623,-18.113778,-18.143878,-18.173917,-18.203887,-18.233779,-18.263586,-18.2933,-18.322914,-18.35242,-18.381809,-18.411076,-18.44021,-18.469206,-18.498055,-18.526749,-18.555281,-18.583643,-18.611828,-18.639827,-18.667632,-18.695237,-18.722633,-18.749813,-18.776769,-18.803492,-18.829977,-18.856214,-18.882196,-18.907915,-18.933364,-18.958535,-18.983419,-19.008011,-19.0323,-19.056281,-19.079945,-19.103284,-19.126298,-19.148984,-19.171342,-19.193368,-19.215055,-19.236397,-19.257396,-19.278052,-19.298367,-19.318342,-19.337977,-19.357283,-19.37627,-19.394946,-19.413323,-19.431417,-19.449252,-19.466838,-19.484187,-19.50131,-19.51822,-19.534933,-19.551452,-19.567782,-19.583928,-19.599895,-19.615692,-19.631327,-19.646811,-19.662156,-19.677351,-19.692376,-19.70721,-19.721832,-19.736222,-19.750359,-19.764228,-19.777819,-19.791125,-19.804135,-19.816848,-19.829259,-19.841363,-19.853156,-19.864638,-19.87581,-19.886681,-19.897257,-19.907544,-19.91755,-19.927282,-19.936745,-19.945948,-19.954903,-19.963606,-19.97205,-19.980229,-19.988149,-19.995813,-20.003204,-20.010305,-20.017096,-20.023564,-20.029692,-20.035476,-20.040921,-20.046033,-20.050817,-20.055277,-20.059429,-20.063288,-20.066869,-20.070185,-20.073251,-20.07608,-20.078688,-20.081097,-20.083332,-20.085417,-20.087377,-20.089235,-20.091016,-20.092739,-20.094424,-20.096066,-20.097657,-20.099191,-20.100652,-20.102027,-20.1033,-20.104462,-20.105494,-20.106384,-20.10712,-20.107692,-20.108086,-20.108287,-20.108279,-20.108047,-20.107577,-20.106851,-20.105858,-20.104582,-20.103009,-20.101135,-20.098969,-20.096505,-20.09374,-20.090668,-20.087272,-20.083537,-20.079449,-20.074986,-20.070124,-20.064842,-20.059133,-20.052993,-20.046422,-20.039422,-20.03199,-20.024108,-20.015754,-20.006905,-19.99753,-19.987594,-19.977093,-19.966011,-19.954363,-19.942157,-19.929402,-19.916127,-19.902356,-19.888114,-19.873406,-19.858246,-19.842619,-19.8265,-19.809866,-19.792696,-19.77499,-19.756744,-19.737959,-19.718634,-19.698758,-19.678333,-19.657368,-19.635861,-19.613825,-19.591284,-19.568261,-19.544776,-19.520868,-19.496575,-19.471942,-19.447022,-19.421874,-19.396549,-19.371101,-19.345578,-19.320008,-19.294412,-19.268803,-19.24319],"drift":[-0.03031707,-0.03031707,-0.03031707,-0.03030934,-0.03029388,-0.0302707,-0.03023979,-0.03020115,-0.03015479,-0.0301007,-0.03003888,-0.02996933,-0.02989206,-0.02980706,-0.02971433,-0.02961388,-0.02950569,-0.02938978,-0.02926615,-0.02913478,-0.02899569,-0.02884887,-0.02869432,-0.02853205,-0.02836205,-0.02818432,-0.02799886,-0.02780568,-0.02760477,-0.02739613,-0.02717976,-0.02695567,-0.02672385,-0.0264843,-0.02623703,-0.02598203,-0.0257193,-0.02544884,-0.02517066,-0.02488475,-0.02459111,-0.02428974,-0.02398065,-0.02366383,-0.02333928,-0.02301346,-0.02268637,-0.02235802,-0.02202569,-0.02168715,-0.02134241,-0.02099878,-0.02065626,-0.02031485,-0.01997455,-0.01963537,-0.01930602,-0.01898651,-0.01867683,-0.01837699,-0.01809386,-0.01783456,-0.0175863,-0.01734908,-0.0171229,-0.01690997,-0.01671257,-0.01651934,-0.01633026,-0.01614535,-0.01596753,-0.01579679,-0.01563558,-0.01548388,-0.01534431,-0.01519502,-0.01502495,-0.01483409,-0.01462245,-0.01439003,-0.01413683,-0.01386877,-0.01359166,-0.01330548,-0.01301024,-0.01271296,-0.01241098,-0.01210431,-0.01179295,-0.01148125,-0.01117259,-0.01087075,-0.0105757,-0.01028745,-0.01000601,-0.00973137,-0.00946353,-0.00920249,-0.00895548,-0.00870264,-0.00844396,-0.00817945,-0.00791957,-0.0076643,-0.00739125,-0.0071004,-0.00679175,-0.0064676,-0.00612795,-0.00578406,-0.00544535,-0.0051118,-0.00478343,-0.00446023,-0.00415223,-0.00385941,-0.00358072,-0.00331616,-0.00306572,-0.00282941,-0.00260723,-0.00240917,-0.00223521,-0.00208536,-0.00195963,-0.00185801,-0.0017805,-0.00172307,-0.00168573,-0.0016417,-0.001591,-0.00153362,-0.00146153,-0.00137474,-0.00127324,-0.00116173,-0.00103168,-0.00089002,-0.00073674,-0.00057185,-0.00039399,-0.00020078,7.78e-06,0.00023169,0.00047095,0.00072556,0.00099317,0.00127581,0.00157298,0.00187401,0.00216648,0.00246356,0.00276524,0.00307152,0.00339605,0.00373487,0.004088,0.00446363,0.00486175,0.00528236,0.00570844,0.00613998,0.00657078,0.0070008,0.00743199,0.00788155,0.00835394,0.00884915,0.00937486,0.00993556,0.01050162,0.01108233,0.01164719,0.01220592,0.0127558,0.01327473,0.01377091,0.01424236,0.01470716,0.01516015,0.01562724,0.0161194,0.01663381,0.01716993,0.01770557,0.0182463,0.01878516,0.01932458,0.01987597,0.0204251,0.02096533,0.0215071,0.02203542,0.0225413,0.02302294,0.02348501,0.02390775,0.02429351,0.02463292,0.02491976,0.02514782,0.02532488,0.02544811,0.02552298,0.02557038,0.02559571,0.02560976,0.02561239,0.02561239],"instab":[null,null,null,null,null,null,null,null,null,null,null,null,null,null,null,null,null,null,null,null,null,null,null,null,null,null,null,null,null,null,null,null,null,null,null,null,null,null,null,null,null,null,null,null,null,null,null,null,null,null,null,null,null,null,null,130.265286,130.265286,130.265286,130.265286,118.918722,110.099367,102.93237,102.93237,102.93237,0.4887,0.457935,0.48487,0.499835,0.534192,0.507323,0.496256,0.471553,0.471553,0.449739,0.56091,0.533063,0.533063,0.533063,0.533063,0.546402,0.607157,0.580865,0.580865,0.580865,0.611759,0.611742,0.594152,0.594152,0.567301,0.568432,0.541427,0.570407,0.570407,0.604692,0.358038,0.24727,0.24727,0.228928,0.572938,0.572938,0.583759,0.605001,0.605001,0.736119,0.754494,0.814945,0.772759,0.772759,0.827413,0.851681,0.917241,0.917241,0.917241,0.866394,0.866394,0.81658,0.81658,0.866429,0.745467,0.745467,0.693955,0.722702,0.722702,0.347014,0.347014,0.347014,0.523316,0.523316,0.880409,0.894962,0.894962,0.800802,0.800802,0.777785,0.81198,0.811236,0.828675,0.828675,0.828675,0.773763,0.749267,0.749267,0.749267,0.749267,0.749267,0.721442,0.704182,0.668767,0.363216,0.383226,0.474547,0.475298,0.475298,0.52789,0.518734,0.526268,0.517996,0.517996,0.517996,0.611256,0.643051,0.612687,0.587857,0.569493,0.625966,0.62349,0.648948,0.653391,0.611953,0.79284,0.774389,0.879731,0.876129,0.84572,0.884734,0.883123,0.874619,0.908781,0.882404,0.923341,0.904782,0.903116,0.90446,0.961859,0.935379,0.937641,0.914314,0.925711,0.942495,0.84551,0.85043,0.767934,0.758216,0.758133,0.711069,0.735348,0.73971,0.68815,0.687057,0.571776,0.583261,0.583735,0.601751,0.607473,0.607928,0.611842,0.612434,0.603199,0.562672],