{"word":"taxfinanced","years":[1800,1801,1802,1803,1804,1805,1806,1807,1808,1809,1810,1811,1812,1813,1814,1815,1816,1817,1818,1819,1820,1821,1822,1823,1824,1825,1826,1827,1828,1829,1830,1831,1832,1833,1834,1835,1836,1837,1838,1839,1840,1841,1842,1843,1844,1845,1846,1847,1848,1849,1850,1851,1852,1853,1854,1855,1856,1857,1858,1859,1860,1861,1862,1863,1864,1865,1866,1867,1868,1869,1870,1871,1872,1873,1874,1875,1876,1877,1878,1879,1880,1881,1882,1883,1884,1885,1886,1887,1888,1889,1890,1891,1892,1893,1894,1895,1896,1897,1898,1899,1900,1901,1902,1903,1904,1905,1906,1907,1908,1909,1910,1911,1912,1913,1914,1915,1916,1917,1918,1919,1920,1921,1922,1923,1924,1925,1926,1927,1928,1929,1930,1931,1932,1933,1934,1935,1936,1937,1938,1939,1940,1941,1942,1943,1944,1945,1946,1947,1948,1949,1950,1951,1952,1953,1954,1955,1956,1957,1958,1959,1960,1961,1962,1963,1964,1965,1966,1967,1968,1969,1970,1971,1972,1973,1974,1975,1976,1977,1978,1979,1980,1981,1982,1983,1984,1985,1986,1987,1988,1989,1990,1991,1992,1993,1994,1995,1996,1997,1998,1999,2000,2001,2002,2003,2004,2005,2006,2007,2008],"level":[-19.173571,-19.179315,-19.185059,-19.190803,-19.196547,-19.202291,-19.208035,-19.213779,-19.219523,-19.225267,-19.231012,-19.236756,-19.2425,-19.248244,-19.253988,-19.259732,-19.265476,-19.27122,-19.276964,-19.282708,-19.288452,-19.294196,-19.29994,-19.305684,-19.311428,-19.317172,-19.322916,-19.32866,-19.334404,-19.340148,-19.345892,-19.351636,-19.35738,-19.363124,-19.368868,-19.374612,-19.380356,-19.3861,-19.393634,-19.401166,-19.408696,-19.416223,-19.423745,-19.431262,-19.438771,-19.446273,-19.453766,-19.461248,-19.46872,-19.476178,-19.483623,-19.491053,-19.498468,-19.505865,-19.513244,-19.520604,-19.527944,-19.535262,-19.542557,-19.549828,-19.557074,-19.564295,-19.571488,-19.578652,-19.585787,-19.592892,-19.599964,-19.607004,-19.61401,-19.62098,-19.627914,-19.634811,-19.641669,-19.648488,-19.655265,-19.662001,-19.668693,-19.675341,-19.681944,-19.6885,-19.695008,-19.701468,-19.707878,-19.714236,-19.720543,-19.726796,-19.732994,-19.739137,-19.745223,-19.751252,-19.757221,-19.76313,-19.768978,-19.774763,-19.780485,-19.786142,-19.791733,-19.797257,-19.802713,-19.8081,-19.813417,-19.818661,-19.823834,-19.828932,-19.833956,-19.838903,-19.843774,-19.848566,-19.853278,-19.85791,-19.862461,-19.866928,-19.871311,-19.875609,-19.879821,-19.883946,-19.887982,-19.891928,-19.895784,-19.899547,-19.903218,-19.906794,-19.910275,-19.913659,-19.916946,-19.920134,-19.923222,-19.926209,-19.929094,-19.931875,-19.934553,-19.937124,-19.939589,-19.941946,-19.944194,-19.946332,-19.948359,-19.950273,-19.952074,-19.95376,-19.954453,-19.954827,-19.955084,-19.955224,-19.965117,-19.974885,-19.981437,-19.981815,-19.982056,-19.982159,-19.985223,-19.988146,-19.987555,-19.986818,-19.985936,-19.998768,-20.011443,-20.023953,-20.036288,-20.048437,-20.04888,-20.062429,-20.078873,-20.080329,-20.072179,-20.054427,-20.019585,-19.992971,-19.972843,-19.960356,-19.947769,-19.924247,-19.906843,-19.886629,-19.863708,-19.83931,-19.823745,-19.808156,-19.792174,-19.771585,-19.752545,-19.73623,-19.723141,-19.714548,-19.710015,-19.713147,-19.708157,-19.695782,-19.680956,-19.667285,-19.649706,-19.628727,-19.597455,-19.569219,-19.54495,-19.524252,-19.511291,-19.496236,-19.485781,-19.480245,-19.479973,-19.478014,-19.475486,-19.470586,-19.466121,-19.460434,-19.457826,-19.454155,-19.447484],"drift":[-0.00574396,-0.00574396,-0.00574396,-0.00574396,-0.00574396,-0.00574396,-0.00574396,-0.00574396,-0.00574396,-0.00574396,-0.00574396,-0.00574396,-0.00574396,-0.00574395,-0.00574395,-0.00574395,-0.00574395,-0.00574395,-0.00574395,-0.00574395,-0.00574395,-0.00574395,-0.00574395,-0.00574395,-0.00574394,-0.00574394,-0.00574394,-0.00574394,-0.00574394,-0.00574394,-0.00574394,-0.00574394,-0.00574393,-0.00574393,-0.00574393,-0.00574393,-0.00574393,-0.00574393,-0.00574279,-0.00574051,-0.00573711,-0.00573256,-0.00572689,-0.00572007,-0.00571213,-0.00570304,-0.00569283,-0.00568147,-0.00566898,-0.00565536,-0.0056406,-0.00562471,-0.00560768,-0.00558951,-0.00557021,-0.00554978,-0.00552821,-0.0055055,-0.00548166,-0.00545669,-0.00543058,-0.00540333,-0.00537495,-0.00534543,-0.00531478,-0.00528299,-0.00525007,-0.00521602,-0.00518082,-0.0051445,-0.00510703,-0.00506844,-0.0050287,-0.00498783,-0.00494583,-0.00490269,-0.00485842,-0.00481301,-0.00476647,-0.00471879,-0.00466997,-0.00462002,-0.00456894,-0.00451672,-0.00446336,-0.00440887,-0.00435325,-0.00429649,-0.00423859,-0.00417956,-0.0041194,-0.0040581,-0.00399566,-0.00393209,-0.00386738,-0.00380154,-0.00373456,-0.00366645,-0.0035972,-0.00352682,-0.0034553,-0.00338265,-0.00330886,-0.00323394,-0.00315788,-0.00308068,-0.00300236,-0.00292289,-0.00284229,-0.00276056,-0.00267769,-0.00259368,-0.00250854,-0.00242227,-0.00233486,-0.00224631,-0.00215663,-0.00206582,-0.00197387,-0.00188078,-0.00178656,-0.0016912,-0.00159471,-0.00149708,-0.00139832,-0.00129842,-0.00119739,-0.00109522,-0.00099192,-0.00088748,-0.00078191,-0.0006752,-0.00056736,-0.00045838,-0.00034827,-0.00023702,-0.00012463,-1.111e-05,0.00010354,0.00021933,0.0003357,0.00045252,0.00056979,0.0006875,0.00081193,0.00094308,0.00107897,0.00121579,0.00135353,0.0014922,0.00163376,0.0017782,0.0019234,0.00206936,0.00221606,0.00237231,0.00253811,0.00271345,0.00289833,0.00309276,0.00328944,0.00349679,0.00371679,0.00394007,0.00416069,0.00437268,0.00456534,0.00474402,0.00491294,0.00507706,0.00523641,0.00538417,0.0055243,0.00565511,0.00577498,0.00588303,0.00598493,0.00608075,0.00617029,0.00625068,0.00632295,0.00638889,0.00645058,0.00651092,0.0065725,0.00664024,0.00670903,0.00677422,0.00683431,0.00689006,0.00693903,0.0069791,0.00700375,0.00701494,0.00701519,0.00700675,0.00699454,0.00697722,0.00695769,0.00693906,0.00692466,0.00691341,0.00690494,0.00689775,0.00689209,0.00688721,0.00688503,0.0068849,0.0068849],"instab":[null,null,null,null,null,null,null,null,null,null,null,null,null,null,null,null,null,null,null,null,null,null,null,null,null,null,null,null,null,null,null,null,null,null,null,null,null,null,null,null,null,null,null,null,null,null,null,null,null,null,null,null,null,null,null,null,null,null,null,null,null,null,null,null,null,null,null,null,null,null,null,null,null,null,null,null,null,null,null,null,null,null,null,null,null,null,null,null,null,null,null,null,null,null,null,null,null,null,null,null,null,null,null,null,null,null,null,null,null,null,null,null,null,null,null,null,null,null,null,null,null,null,null,null,null,null,null,null,null,null,null,null,null,null,null,null,null,null,null,null,null,null,null,null,null,null,23.366394,23.366394,23.366394,21.300505,21.300505,19.741291,19.741291,19.741291,18.40598,18.40598,18.40598,18.40598,18.40598,0.83852,0.946601,0.88567,0.979643,0.939429,0.899927,0.937209,1.038306,1.039628,1.033596,1.031161,1.012561,1.035023,0.997508,0.963702,0.907733,0.917049,0.890235,0.865403,0.844613,0.791129,0.752423,0.756671,0.660374,0.620837,0.590671,0.547103,0.542641,0.520222,0.487869,0.495101,0.453972,0.463278,0.474865,0.486604,0.493682,0.474575,0.478305,0.484551,0.480164,0.481722,0.487452,0.486657,0.486174,0.480794,0.461783,0.421207,0.391413,0.399249,0.398936],