{"word":"tbsp","years":[1800,1801,1802,1803,1804,1805,1806,1807,1808,1809,1810,1811,1812,1813,1814,1815,1816,1817,1818,1819,1820,1821,1822,1823,1824,1825,1826,1827,1828,1829,1830,1831,1832,1833,1834,1835,1836,1837,1838,1839,1840,1841,1842,1843,1844,1845,1846,1847,1848,1849,1850,1851,1852,1853,1854,1855,1856,1857,1858,1859,1860,1861,1862,1863,1864,1865,1866,1867,1868,1869,1870,1871,1872,1873,1874,1875,1876,1877,1878,1879,1880,1881,1882,1883,1884,1885,1886,1887,1888,1889,1890,1891,1892,1893,1894,1895,1896,1897,1898,1899,1900,1901,1902,1903,1904,1905,1906,1907,1908,1909,1910,1911,1912,1913,1914,1915,1916,1917,1918,1919,1920,1921,1922,1923,1924,1925,1926,1927,1928,1929,1930,1931,1932,1933,1934,1935,1936,1937,1938,1939,1940,1941,1942,1943,1944,1945,1946,1947,1948,1949,1950,1951,1952,1953,1954,1955,1956,1957,1958,1959,1960,1961,1962,1963,1964,1965,1966,1967,1968,1969,1970,1971,1972,1973,1974,1975,1976,1977,1978,1979,1980,1981,1982,1983,1984,1985,1986,1987,1988,1989,1990,1991,1992,1993,1994,1995,1996,1997,1998,1999,2000,2001,2002,2003,2004,2005,2006,2007,2008],"level":[-19.407182,-19.380719,-19.354257,-19.327794,-19.301332,-19.274869,-19.248407,-19.221944,-19.195482,-19.169019,-19.142557,-19.116094,-19.089632,-19.063169,-19.036707,-19.010244,-18.983782,-18.957319,-18.930857,-18.904394,-18.877932,-18.860551,-18.843171,-18.82579,-18.80841,-18.79103,-18.773649,-18.756269,-18.738888,-18.721508,-18.704127,-18.686747,-18.669367,-18.651986,-18.634606,-18.617225,-18.599845,-18.582464,-18.565084,-18.547704,-18.530323,-18.512943,-18.495562,-18.478182,-18.460801,-18.443421,-18.426041,-18.40866,-18.39128,-18.373899,-18.356519,-18.339138,-18.321758,-18.304377,-18.286997,-18.269617,-18.252236,-18.234856,-18.217475,-18.200095,-18.182714,-18.165334,-18.147954,-18.130573,-18.113193,-18.095812,-18.078432,-18.061051,-18.043671,-18.026291,-18.00891,-17.99153,-17.974149,-17.956769,-17.939388,-17.922008,-17.904627,-17.887247,-17.869867,-17.852486,-17.835106,-17.817725,-17.800345,-17.782964,-17.765584,-17.748204,-17.730823,-17.713443,-17.696062,-17.678682,-17.661301,-17.643921,-17.626541,-17.60916,-17.59178,-17.574399,-17.433422,-17.602012,-17.881877,-18.480011,-19.078145,-19.102503,-19.126862,-19.15122,-19.175578,-18.64506,-18.114541,-18.233119,-17.760026,-17.286933,-16.813839,-16.392086,-16.054139,-15.825773,-15.443629,-15.231384,-15.035924,-14.952956,-15.066596,-15.206994,-15.261145,-15.325818,-15.638673,-15.62932,-15.444639,-15.454455,-15.245588,-14.996634,-14.985963,-14.804709,-14.957518,-15.009498,-15.266579,-15.339486,-15.439459,-15.497153,-15.580377,-15.410645,-15.070353,-14.863216,-14.590271,-14.762693,-14.603826,-14.808834,-14.792513,-14.853109,-14.93399,-14.996649,-15.21657,-15.335523,-15.27888,-15.191398,-15.170955,-15.222252,-15.310069,-15.403464,-15.641975,-15.680572,-15.706697,-15.48675,-15.588394,-15.700918,-15.474351,-15.463354,-15.471444,-15.596318,-15.567141,-15.610193,-15.669268,-15.675271,-15.5261,-15.274969,-15.055932,-14.849113,-14.642741,-14.46085,-14.346944,-14.271112,-14.308735,-14.321772,-14.307815,-14.224601,-14.186602,-14.175657,-14.054442,-13.956535,-13.86791,-13.82752,-13.806455,-13.821466,-13.754552,-13.751737,-13.735163,-13.585934,-13.422497,-13.316954,-13.353591,-13.435891,-13.487315,-13.523315,-13.578775,-13.484977,-13.459895,-13.390545,-13.496505,-13.651095,-13.729233,-13.799036,-13.902451],"drift":[0.02646505,0.02646505,0.02646505,0.02646505,0.02646505,0.02646505,0.02646505,0.02646505,0.02646505,0.02646505,0.02646505,0.02646505,0.02646505,0.02646505,0.02646505,0.02646505,0.02646505,0.02646505,0.02646505,0.02646505,0.02646505,0.02646505,0.02646505,0.02646505,0.02646505,0.02646505,0.02646505,0.02646505,0.02646505,0.02646505,0.02646505,0.02646505,0.02646505,0.02646505,0.02646505,0.02646505,0.02646505,0.02646505,0.02646505,0.02646505,0.02646505,0.02646505,0.02646505,0.02646505,0.02646505,0.02646505,0.02646505,0.02646505,0.02646505,0.02646505,0.02646505,0.02646505,0.02646505,0.02646505,0.02646505,0.02646505,0.02646505,0.02646505,0.02646505,0.02646505,0.02646505,0.02646505,0.02646505,0.02646505,0.02646505,0.02646505,0.02646505,0.02646505,0.02646505,0.02646505,0.02646505,0.02646505,0.02646505,0.02646505,0.02646505,0.02646505,0.02646505,0.02646505,0.02646505,0.02646505,0.02646505,0.02646505,0.02646505,0.02646505,0.02646505,0.02646505,0.02646505,0.02646505,0.02646505,0.02646505,0.02646505,0.02646505,0.02646505,0.02646505,0.02646505,0.02646505,0.02646505,0.02646505,0.02646505,0.02646505,0.02646505,0.02646505,0.02646505,0.02646505,0.02646505,0.02646505,0.02646505,0.02646505,0.02646506,0.02646506,0.02646506,0.02646506,0.02646506,0.02646506,0.02646505,0.02646505,0.02646505,0.02646505,0.02646505,0.02646505,0.02646505,0.02646505,0.02646505,0.02646505,0.02646505,0.02646505,0.02646505,0.02646505,0.02646505,0.02646505,0.02646505,0.02646505,0.02646505,0.02646505,0.02646505,0.02646505,0.02646505,0.02646505,0.02646505,0.02646505,0.02646505,0.02646505,0.02646505,0.02646505,0.02646505,0.02646505,0.02646505,0.02646505,0.02646505,0.02646505,0.02646505,0.02646505,0.02646505,0.02646505,0.02646505,0.02646505,0.02646505,0.02646505,0.02646505,0.02646505,0.02646505,0.02646505,0.02646505,0.02646505,0.02646505,0.02646505,0.02646505,0.02646505,0.02646505,0.02646505,0.02646505,0.02646505,0.02646505,0.02646505,0.02646505,0.02646505,0.02646505,0.02646505,0.02646505,0.02646505,0.02646505,0.02646505,0.02646505,0.02646505,0.02646505,0.02646505,0.02646505,0.02646505,0.02646505,0.02646505,0.02646505,0.02646505,0.02646505,0.02646505,0.02646505,0.02646505,0.02646505,0.02646505,0.02646505,0.02646505,0.02646505,0.02646505,0.02646505,0.02646505,0.02646505,0.02646505,0.02646505,0.02646505,0.02646505],"instab":[null,null,null,null,null,null,null,null,null,null,null,null,null,null,null,null,null,null,null,null,null,null,null,null,null,null,null,null,null,null,null,null,null,null,null,null,null,null,null,null,null,null,null,null,null,null,null,null,null,null,null,null,null,null,null,null,null,null,null,null,null,null,null,null,null,null,null,null,null,null,null,null,null,null,null,null,null,null,null,null,null,null,null,null,null,null,null,null,null,null,null,null,null,null,null,null,null,null,null,null,32.269745,32.269745,32.269745,32.269745,29.542947,29.542947,27.115695,25.466932,25.466932,25.466932,23.920695,22.650822,21.571428,20.657963,19.825697,1.889196,1.870442,1.867157,1.874485,1.818327,1.469092,1.415695,1.466469,1.435251,1.354259,1.340021,1.030477,0.908644,0.904925,0.904161,0.822813,0.782668,0.805993,0.80739,0.76114,0.752775,0.755743,0.73371,0.783571,0.777415,0.874996,0.919752,0.887336,0.918493,0.898691,0.885176,0.886011,0.848404,0.860442,0.820224,0.810902,0.80973,0.775554,0.775207,0.772184,0.772851,0.785851,0.786084,0.756966,0.81985,0.700792,0.689035,0.666462,0.629725,0.631756,0.646618,0.650613,0.645719,0.627225,0.612881,0.613139,0.626375,0.636223,0.645228,0.653547,0.664159,0.610842,0.612189,0.58248,0.516501,0.515479,0.420703,0.363853,0.37575,0.376446,0.324537,0.325514,0.321528,0.304012,0.288745,0.287483,0.274662,0.28586,0.27817,0.277007,0.278671,0.275161,0.276716,0.277151,0.275013,0.303715,0.307628,0.308747,0.321054,0.32046,0.348648,0.346731,0.346251,0.368915],