{"word":"tdng","years":[1800,1801,1802,1803,1804,1805,1806,1807,1808,1809,1810,1811,1812,1813,1814,1815,1816,1817,1818,1819,1820,1821,1822,1823,1824,1825,1826,1827,1828,1829,1830,1831,1832,1833,1834,1835,1836,1837,1838,1839,1840,1841,1842,1843,1844,1845,1846,1847,1848,1849,1850,1851,1852,1853,1854,1855,1856,1857,1858,1859,1860,1861,1862,1863,1864,1865,1866,1867,1868,1869,1870,1871,1872,1873,1874,1875,1876,1877,1878,1879,1880,1881,1882,1883,1884,1885,1886,1887,1888,1889,1890,1891,1892,1893,1894,1895,1896,1897,1898,1899,1900,1901,1902,1903,1904,1905,1906,1907,1908,1909,1910,1911,1912,1913,1914,1915,1916,1917,1918,1919,1920,1921,1922,1923,1924,1925,1926,1927,1928,1929,1930,1931,1932,1933,1934,1935,1936,1937,1938,1939,1940,1941,1942,1943,1944,1945,1946,1947,1948,1949,1950,1951,1952,1953,1954,1955,1956,1957,1958,1959,1960,1961,1962,1963,1964,1965,1966,1967,1968,1969,1970,1971,1972,1973,1974,1975,1976,1977,1978,1979,1980,1981,1982,1983,1984,1985,1986,1987,1988,1989,1990,1991,1992,1993,1994,1995,1996,1997,1998,1999,2000,2001,2002,2003,2004,2005,2006,2007,2008],"level":[-18.061761,-18.084221,-18.106681,-18.12914,-18.1516,-18.17406,-18.19652,-18.218979,-18.241439,-18.263899,-18.286359,-18.308819,-18.331279,-18.353739,-18.3762,-18.39866,-18.42112,-18.443581,-18.466042,-18.488502,-18.510963,-18.533424,-18.555885,-18.578347,-18.600808,-18.62327,-18.645731,-18.668193,-18.690655,-18.713118,-18.73558,-18.758043,-18.780506,-18.802969,-18.825432,-18.847896,-18.870359,-18.892823,-18.915288,-18.937752,-18.960217,-18.982684,-19.005157,-19.027627,-19.050086,-19.072523,-19.094926,-19.117283,-19.139583,-19.161811,-19.18396,-19.20602,-19.227984,-19.249846,-19.271603,-19.293253,-19.314792,-19.336217,-19.357526,-19.378715,-19.399783,-19.420729,-19.441551,-19.462245,-19.482808,-19.503236,-19.523525,-19.543672,-19.563672,-19.583523,-19.603221,-19.622762,-19.642142,-19.661358,-19.680407,-19.699283,-19.717986,-19.736508,-19.754843,-19.772987,-19.790931,-19.808672,-19.826203,-19.843518,-19.860615,-19.877486,-19.894124,-19.910525,-19.926686,-19.942601,-19.958267,-19.973679,-19.988834,-20.003728,-20.018358,-20.032722,-20.046818,-20.060643,-20.074194,-20.08747,-20.100471,-20.113196,-20.125645,-20.137821,-20.149728,-20.161369,-20.17275,-20.183879,-20.194762,-20.205404,-20.215809,-20.225981,-20.235921,-20.245631,-20.255113,-20.264369,-20.273401,-20.282211,-20.290801,-20.299174,-20.307332,-20.315276,-20.323011,-20.330539,-20.337867,-20.345001,-20.351946,-20.35871,-20.365297,-20.371712,-20.377956,-20.384033,-20.389937,-20.395662,-20.401204,-20.406557,-20.411716,-20.416675,-20.421429,-20.425973,-20.4303,-20.434407,-20.438287,-20.441938,-20.445354,-20.448529,-20.451458,-20.454134,-20.456549,-20.458697,-20.460572,-20.462163,-20.463459,-20.464452,-20.465135,-20.4655,-20.465543,-20.465257,-20.464639,-20.463686,-20.462394,-20.46076,-20.458785,-20.456471,-20.453822,-20.450847,-20.447558,-20.443974,-20.44011,-20.435989,-20.431633,-20.427065,-20.422308,-20.417392,-20.412326,-20.40712,-20.401777,-20.396306,-20.390713,-20.385007,-20.379196,-20.373289,-20.367278,-20.361147,-20.354889,-20.348502,-20.341985,-20.335341,-20.328579,-20.321703,-20.314721,-20.307632,-20.300443,-20.293164,-20.285808,-20.278389,-20.270919,-20.26341,-20.255868,-20.248302,-20.240717,-20.233118,-20.225513,-20.217916,-20.210329,-20.202759,-20.195199,-20.187646,-20.180097],"drift":[-0.02245971,-0.02245971,-0.02245972,-0.02245973,-0.02245975,-0.02245978,-0.02245981,-0.02245985,-0.0224599,-0.02245995,-0.02246002,-0.02246008,-0.02246016,-0.02246024,-0.02246033,-0.02246042,-0.02246053,-0.02246064,-0.02246075,-0.02246087,-0.022461,-0.02246114,-0.02246128,-0.02246143,-0.02246159,-0.02246175,-0.02246193,-0.0224621,-0.02246229,-0.02246248,-0.02246268,-0.02246288,-0.02246309,-0.02246331,-0.02246354,-0.02246377,-0.02246401,-0.02246425,-0.0224645,-0.02246476,-0.02246755,-0.02247287,-0.02246968,-0.02245929,-0.02243706,-0.022403,-0.02235711,-0.02229904,-0.02222881,-0.02214851,-0.02206021,-0.02196389,-0.02186206,-0.02175728,-0.02164955,-0.02153888,-0.02142525,-0.02130868,-0.02118917,-0.02106846,-0.02094606,-0.02082194,-0.02069418,-0.02056278,-0.02042773,-0.02028903,-0.02014668,-0.02000069,-0.01985105,-0.01969777,-0.01954083,-0.01938026,-0.01921603,-0.01904816,-0.01887664,-0.01870242,-0.0185221,-0.01833569,-0.01814318,-0.01794458,-0.0177405,-0.01753093,-0.01731588,-0.01709689,-0.01687043,-0.01663816,-0.01640155,-0.0161606,-0.01591529,-0.01566565,-0.01541218,-0.0151549,-0.01489381,-0.01463024,-0.01436418,-0.01409564,-0.01382461,-0.0135511,-0.01327658,-0.01300103,-0.01272446,-0.01244945,-0.01217602,-0.01190649,-0.01164089,-0.01138177,-0.01112914,-0.010883,-0.01064148,-0.01040457,-0.01017228,-0.00994008,-0.00970996,-0.00948191,-0.00925594,-0.00903205,-0.00881024,-0.00859051,-0.00837285,-0.00815727,-0.00794452,-0.00773458,-0.00752847,-0.00732792,-0.00713357,-0.00694542,-0.00676347,-0.00658773,-0.00641468,-0.00624433,-0.00607667,-0.00590372,-0.00572548,-0.00554196,-0.00535314,-0.00515888,-0.00495917,-0.00475401,-0.00454341,-0.00432735,-0.00410643,-0.00388091,-0.00365079,-0.00341568,-0.00317558,-0.00292879,-0.00267532,-0.00241516,-0.00214831,-0.00187477,-0.00159078,-0.00129633,-0.00099308,-0.00068274,-0.00036532,-4.264e-05,0.00028579,0.0006177,0.00095303,0.00129178,0.00163395,0.00197596,0.00231376,0.00264837,0.00297502,0.00328894,0.00358476,0.00386341,0.00412156,0.00435542,0.004568,0.00475704,0.00491599,0.00506589,0.00520673,0.00534267,0.00547128,0.00559258,0.00570613,0.00581141,0.00590669,0.00601128,0.00613014,0.00625813,0.00638733,0.0065169,0.00664394,0.00676227,0.00687539,0.00698292,0.00708859,0.00718907,0.00727881,0.00735624,0.00741918,0.00746937,0.00750962,0.00754116,0.0075663,0.00758521,0.00759936,0.00760429,0.00759756,0.00758629,0.00757065,0.0075595,0.00755287,0.00754958,0.00754958],"instab":[null,null,null,null,null,null,null,null,null,null,null,null,null,null,null,null,null,null,null,null,null,null,null,null,null,null,null,null,null,null,null,null,null,null,null,null,null,null,null,null,null,null,null,null,null,null,152.930513,152.930513,139.711755,129.399539,129.399539,121.073717,114.166968,114.166968,114.166968,114.166968,114.166968,114.166968,108.310416,1.123524,1.123524,0.58601,0.546717,0.512638,0.512638,0.512638,0.545337,0.545337,0.521108,0.516985,0.516985,null,null,null,null,0.43546,0.43546,0.43546,null,null,null,null,null,0.535996,0.540155,0.515171,0.515171,0.515171,0.515171,0.477975,0.477975,0.477975,0.45243,0.45243,0.482371,0.394293,0.394293,0.365283,0.365283,0.393127,0.37178,0.37178,0.365078,0.122431,0.089677,0.082709,0.082709,0.363333,0.363333,0.397968,0.596474,0.568772,0.602476,0.602476,0.602476,0.602476,0.602476,0.647168,0.647168,0.591208,0.605647,0.557258,0.54572,0.506193,0.517301,0.517301,0.517301,0.557921,0.557921,0.557921,0.719701,0.72572,0.72572,0.72572,0.690802,0.690802,0.690802,0.690802,0.690802,0.717208,0.682861,0.728189,0.71373,0.772827,0.706487,0.706487,0.706487,0.722928,0.722928,0.676666,0.324408,0.374292,0.383734,0.383734,0.405806,0.384308,0.383777,0.366173,0.366173,0.384325,0.424737,0.434146,0.466151,0.479764,0.471878,0.469232,0.511095,0.492652,0.47651,0.528329,0.513056,0.535375,1.293915,1.293915,1.306416,1.312787,1.34775,1.34777,1.30531,1.269127,1.541477,1.522821,1.574575,1.628895,1.615561,1.610248,1.648173,1.647771,1.642142,1.636992,1.650564,1.656891,1.249613,1.216138,1.199991,1.207986,1.177888,1.183094,1.183056,1.182414,0.77421,0.741107,0.791736,0.692688,0.789932,0.775571,0.722079,0.708361,0.735267],