{"word":"teboroxime","years":[1800,1801,1802,1803,1804,1805,1806,1807,1808,1809,1810,1811,1812,1813,1814,1815,1816,1817,1818,1819,1820,1821,1822,1823,1824,1825,1826,1827,1828,1829,1830,1831,1832,1833,1834,1835,1836,1837,1838,1839,1840,1841,1842,1843,1844,1845,1846,1847,1848,1849,1850,1851,1852,1853,1854,1855,1856,1857,1858,1859,1860,1861,1862,1863,1864,1865,1866,1867,1868,1869,1870,1871,1872,1873,1874,1875,1876,1877,1878,1879,1880,1881,1882,1883,1884,1885,1886,1887,1888,1889,1890,1891,1892,1893,1894,1895,1896,1897,1898,1899,1900,1901,1902,1903,1904,1905,1906,1907,1908,1909,1910,1911,1912,1913,1914,1915,1916,1917,1918,1919,1920,1921,1922,1923,1924,1925,1926,1927,1928,1929,1930,1931,1932,1933,1934,1935,1936,1937,1938,1939,1940,1941,1942,1943,1944,1945,1946,1947,1948,1949,1950,1951,1952,1953,1954,1955,1956,1957,1958,1959,1960,1961,1962,1963,1964,1965,1966,1967,1968,1969,1970,1971,1972,1973,1974,1975,1976,1977,1978,1979,1980,1981,1982,1983,1984,1985,1986,1987,1988,1989,1990,1991,1992,1993,1994,1995,1996,1997,1998,1999,2000,2001,2002,2003,2004,2005,2006,2007,2008],"level":[-181.704298,-180.973542,-180.242767,-179.511952,-178.78108,-178.05013,-177.319083,-176.58792,-175.856621,-175.125168,-174.39354,-173.661718,-172.929684,-172.197417,-171.464899,-170.732109,-169.999029,-169.265639,-168.53192,-167.797852,-167.063417,-166.328594,-165.593365,-164.85771,-164.12161,-163.385045,-162.647996,-161.910443,-161.172368,-160.433751,-159.694573,-158.954813,-158.214454,-157.473475,-156.731857,-155.989581,-155.246627,-154.502977,-153.75861,-153.013507,-152.26765,-151.521018,-150.773592,-150.025354,-149.276283,-148.52636,-147.775566,-147.023881,-146.271287,-145.517764,-144.763292,-144.007852,-143.251424,-142.49399,-141.735531,-140.976025,-140.215455,-139.453801,-138.691044,-137.927164,-137.162141,-136.395958,-135.628593,-134.860028,-134.090244,-133.31922,-132.546939,-131.773379,-130.998523,-130.22235,-129.444842,-128.665979,-127.885741,-127.104109,-126.321065,-125.536588,-124.750659,-123.963258,-123.174368,-122.383967,-121.592037,-120.798558,-120.003512,-119.206878,-118.408637,-117.608771,-116.807259,-116.004082,-115.199221,-114.392656,-113.584369,-112.774339,-111.962548,-111.148976,-110.333604,-109.516412,-108.697382,-107.876492,-107.053726,-106.229062,-105.402481,-104.573965,-103.743494,-102.911048,-102.076609,-101.240156,-100.401671,-99.561134,-98.718525,-97.873826,-97.027017,-96.178079,-95.326992,-94.473737,-93.618294,-92.760645,-91.90077,-91.038649,-90.174263,-89.307593,-88.43862,-87.567324,-86.693685,-85.817685,-84.939304,-84.058522,-83.175321,-82.289681,-81.401582,-80.511006,-79.617932,-78.722342,-77.824216,-76.923535,-76.02028,-75.11443,-74.205968,-73.294872,-72.381125,-71.464707,-70.545597,-69.623778,-68.699229,-67.771932,-66.841866,-65.909013,-64.973353,-64.034867,-63.093536,-62.149339,-61.202258,-60.252274,-59.299367,-58.343517,-57.384706,-56.422913,-55.458121,-54.490308,-53.519457,-52.545547,-51.568559,-50.588474,-49.605272,-48.618935,-47.629442,-46.636775,-45.640913,-44.641839,-43.639531,-42.633972,-41.625141,-40.61302,-39.597588,-38.578827,-37.556717,-36.531239,-35.502374,-34.470101,-33.434403,-32.395258,-31.352649,-30.306556,-29.256958,-28.203838,-27.147176,-26.086951,-25.023146,-23.95574,-22.884714,-21.810049,-20.731725,-19.689295,-18.747186,-18.054144,-17.623809,-17.377194,-17.332984,-17.484042,-17.796366,-18.177845,-18.593425,-18.934974,-19.203097,-19.284146,-19.272248,-19.29003,-19.381433,-19.474185,-19.513224],"drift":[0.73075609,0.73077552,0.73081431,0.73087246,0.73094997,0.73104683,0.73116305,0.73129862,0.73145356,0.73162785,0.73182149,0.7320345,0.73226686,0.73251857,0.73278965,0.73308008,0.73338987,0.73371901,0.73406751,0.73443537,0.73482259,0.73522916,0.73565509,0.73610037,0.73656502,0.73704902,0.73755237,0.73807509,0.73861716,0.73917858,0.73975937,0.74035951,0.74097901,0.74161786,0.74227607,0.74295364,0.74365057,0.74436685,0.74510249,0.74585748,0.74663184,0.74742555,0.74823861,0.74907104,0.74992282,0.75079395,0.75168445,0.7525943,0.75352351,0.75447207,0.75543999,0.75642727,0.75743391,0.7584599,0.75950525,0.76056995,0.76165401,0.76275743,0.76388021,0.76502234,0.76618383,0.76736468,0.76856489,0.76978445,0.77102336,0.77228164,0.77355927,0.77485626,0.7761726,0.77750831,0.77886336,0.78023778,0.78163155,0.78304468,0.78447717,0.78592901,0.78740021,0.78889077,0.79040068,0.79192995,0.79347858,0.79504657,0.79663391,0.79824061,0.79986666,0.80151207,0.80317684,0.80486097,0.80656445,0.80828729,0.81002949,0.81179104,0.81357195,0.81537222,0.81719184,0.81903082,0.82088916,0.82276685,0.8246639,0.82658031,0.82851608,0.8304712,0.83244568,0.83443951,0.83645271,0.83848526,0.84053716,0.84260843,0.84469905,0.84680902,0.84893836,0.85108705,0.85325509,0.8554425,0.85764926,0.85987538,0.86212085,0.86438569,0.86666987,0.86897342,0.87129632,0.87363858,0.8760002,0.87838117,0.8807815,0.88320119,0.88564023,0.88809863,0.89057639,0.8930735,0.89558998,0.8981258,0.90068099,0.90325553,0.90584943,0.90846268,0.9110953,0.91374727,0.91641859,0.91910928,0.92181932,0.92454871,0.92729747,0.93006558,0.93285304,0.93565987,0.93848605,0.94133159,0.94419648,0.94708074,0.94998434,0.95290731,0.95584963,0.95881131,0.96179235,0.96479274,0.96781249,0.9708516,0.97391006,0.97698788,0.98008506,0.98320159,0.98633748,0.98949273,0.99266734,0.9958613,0.99907462,1.00230729,1.00555933,1.00883072,1.01212146,1.01543156,1.01876102,1.02210984,1.02547801,1.02886555,1.03227243,1.03569868,1.03914428,1.04260924,1.04609355,1.04959722,1.05312025,1.05666264,1.06022438,1.06380548,1.06740593,1.07102575,1.07466492,1.07832344,1.0424298,0.94210712,0.6930424,0.43033582,0.24661509,0.04420954,-0.15105777,-0.31232337,-0.38147822,-0.41557888,-0.34154896,-0.26812272,-0.08104931,0.0118967,-0.01778218,-0.09140284,-0.09275075,-0.0390399,-0.0390399],"instab":[null,null,null,null,null,null,null,null,null,null,null,null,null,null,null,null,null,null,null,null,null,null,null,null,null,null,null,null,null,null,null,null,null,null,null,null,null,null,null,null,null,null,null,null,null,null,null,null,null,null,null,null,null,null,null,null,null,null,null,null,null,null,null,null,null,null,null,null,null,null,null,null,null,null,null,null,null,null,null,null,null,null,null,null,null,null,null,null,null,null,null,null,null,null,null,null,null,null,null,null,null,null,null,null,null,null,null,null,null,null,null,null,null,null,null,null,null,null,null,null,null,null,null,null,null,null,null,null,null,null,null,null,null,null,null,null,null,null,null,null,null,null,null,null,null,null,null,null,null,null,null,null,null,null,null,null,null,null,null,null,null,null,null,null,null,null,null,null,null,null,null,null,null,null,null,null,null,null,null,null,null,null,null,null,null,null,null,null,null,null,null,null,null,10.249519,9.175959,8.471418,7.897093,7.431109,7.010137,6.704162,6.393166,6.214159,5.971551,5.822326,5.714346,5.579813,5.414107,5.261572,5.154989],