{"word":"technopole","years":[1800,1801,1802,1803,1804,1805,1806,1807,1808,1809,1810,1811,1812,1813,1814,1815,1816,1817,1818,1819,1820,1821,1822,1823,1824,1825,1826,1827,1828,1829,1830,1831,1832,1833,1834,1835,1836,1837,1838,1839,1840,1841,1842,1843,1844,1845,1846,1847,1848,1849,1850,1851,1852,1853,1854,1855,1856,1857,1858,1859,1860,1861,1862,1863,1864,1865,1866,1867,1868,1869,1870,1871,1872,1873,1874,1875,1876,1877,1878,1879,1880,1881,1882,1883,1884,1885,1886,1887,1888,1889,1890,1891,1892,1893,1894,1895,1896,1897,1898,1899,1900,1901,1902,1903,1904,1905,1906,1907,1908,1909,1910,1911,1912,1913,1914,1915,1916,1917,1918,1919,1920,1921,1922,1923,1924,1925,1926,1927,1928,1929,1930,1931,1932,1933,1934,1935,1936,1937,1938,1939,1940,1941,1942,1943,1944,1945,1946,1947,1948,1949,1950,1951,1952,1953,1954,1955,1956,1957,1958,1959,1960,1961,1962,1963,1964,1965,1966,1967,1968,1969,1970,1971,1972,1973,1974,1975,1976,1977,1978,1979,1980,1981,1982,1983,1984,1985,1986,1987,1988,1989,1990,1991,1992,1993,1994,1995,1996,1997,1998,1999,2000,2001,2002,2003,2004,2005,2006,2007,2008],"level":[-46.296317,-46.154472,-46.012627,-45.870782,-45.728936,-45.58709,-45.445244,-45.303397,-45.161549,-45.019701,-44.877852,-44.736002,-44.594151,-44.452299,-44.310446,-44.168591,-44.026735,-43.884878,-43.743019,-43.601159,-43.459297,-43.317433,-43.175567,-43.033699,-42.891829,-42.749957,-42.608082,-42.466206,-42.324326,-42.182445,-42.04056,-41.898673,-41.756784,-41.614891,-41.472995,-41.331097,-41.189195,-41.047289,-40.905381,-40.763469,-40.621554,-40.479635,-40.337712,-40.195785,-40.053855,-39.91192,-39.769982,-39.628039,-39.486092,-39.344141,-39.202186,-39.060225,-38.918261,-38.776291,-38.634317,-38.492338,-38.350354,-38.208365,-38.06637,-37.924371,-37.782366,-37.640356,-37.49834,-37.356319,-37.214292,-37.072259,-36.93022,-36.788175,-36.646125,-36.504068,-36.362005,-36.219935,-36.077859,-35.935777,-35.793688,-35.651593,-35.50949,-35.367381,-35.225265,-35.083142,-34.941011,-34.798874,-34.656729,-34.514577,-34.372417,-34.230249,-34.088074,-33.945892,-33.803701,-33.661502,-33.519296,-33.377081,-33.234858,-33.092627,-32.950387,-32.808139,-32.665882,-32.523617,-32.381342,-32.239059,-32.096767,-31.954467,-31.812156,-31.669837,-31.527508,-31.38517,-31.242823,-31.100466,-30.958099,-30.815723,-30.673336,-30.53094,-30.388534,-30.246117,-30.103691,-29.961254,-29.818807,-29.676349,-29.533881,-29.391402,-29.248912,-29.106412,-28.9639,-28.821378,-28.678844,-28.536299,-28.393743,-28.251176,-28.108597,-27.966006,-27.823404,-27.68079,-27.538165,-27.395527,-27.252878,-27.110216,-26.967542,-26.824856,-26.682157,-26.539446,-26.396723,-26.253987,-26.111238,-25.968476,-25.825701,-25.682914,-25.540113,-25.397299,-25.254472,-25.111631,-24.968777,-24.82591,-24.683028,-24.540134,-24.397225,-24.254302,-24.111366,-23.968415,-23.82545,-23.682471,-23.539477,-23.396469,-23.253447,-23.11041,-22.967358,-22.824291,-22.68121,-22.538113,-22.395002,-22.251875,-22.108733,-21.965575,-21.822403,-21.679214,-21.53601,-21.392791,-21.249555,-21.106304,-20.963036,-20.819753,-20.676453,-20.533138,-20.389805,-20.246457,-20.103092,-19.95971,-19.816309,-19.675572,-19.534099,-19.395258,-19.262532,-19.139006,-19.026303,-18.925894,-18.83733,-18.762236,-18.699829,-18.649861,-18.61191,-18.585217,-18.570338,-18.56685,-18.573441,-18.588961,-18.612208,-18.641698,-18.674676,-18.709574,-18.745555],"drift":[0.14184502,0.14184511,0.14184529,0.14184556,0.14184592,0.14184637,0.14184692,0.14184755,0.14184827,0.14184908,0.14184999,0.14185098,0.14185206,0.14185324,0.1418545,0.14185586,0.1418573,0.14185884,0.14186046,0.14186218,0.14186398,0.14186588,0.14186787,0.14186994,0.14187211,0.14187437,0.14187672,0.14187915,0.14188168,0.1418843,0.14188701,0.14188981,0.1418927,0.14189568,0.14189875,0.14190191,0.14190516,0.1419085,0.14191193,0.14191545,0.14191907,0.14192277,0.14192656,0.14193044,0.14193441,0.14193848,0.14194263,0.14194688,0.14195121,0.14195563,0.14196015,0.14196475,0.14196945,0.14197423,0.14197911,0.14198408,0.14198913,0.14199428,0.14199952,0.14200484,0.14201026,0.14201577,0.14202137,0.14202705,0.14203283,0.1420387,0.14204466,0.14205071,0.14205685,0.14206308,0.1420694,0.14207581,0.14208231,0.1420889,0.14209558,0.14210236,0.14210922,0.14211617,0.14212321,0.14213035,0.14213757,0.14214488,0.14215229,0.14215978,0.14216737,0.14217504,0.1421828,0.14219066,0.14219861,0.14220664,0.14221477,0.14222298,0.14223129,0.14223969,0.14224817,0.14225675,0.14226542,0.14227418,0.14228303,0.14229196,0.14230099,0.14231011,0.14231932,0.14232862,0.14233801,0.14234749,0.14235706,0.14236672,0.14237648,0.14238632,0.14239625,0.14240627,0.14241638,0.14242659,0.14243688,0.14244726,0.14245774,0.1424683,0.14247895,0.1424897,0.14250053,0.14251146,0.14252247,0.14253358,0.14254477,0.14255606,0.14256744,0.1425789,0.14259046,0.14260211,0.14261384,0.14262567,0.14263759,0.1426496,0.1426617,0.14267389,0.14268617,0.14269853,0.14271099,0.14272354,0.14273619,0.14274892,0.14276174,0.14277465,0.14278765,0.14280074,0.14281392,0.1428272,0.14284056,0.14285401,0.14286755,0.14288119,0.14289491,0.14290873,0.14292263,0.14293663,0.14295071,0.14296489,0.14297915,0.14299351,0.14300795,0.14302249,0.14303712,0.14305183,0.14306664,0.14308154,0.14309653,0.1431116,0.14312677,0.14314203,0.14315738,0.14317282,0.14318835,0.14320397,0.14321968,0.14323548,0.14325137,0.14326735,0.14328342,0.14329958,0.14331584,0.14333218,0.14334861,0.14336513,0.14338175,0.14339845,0.14073816,0.14147205,0.13884024,0.13272559,0.12352571,0.11270305,0.10040928,0.08856386,0.07509373,0.06240764,0.04996763,0.03795136,0.02669322,0.01487879,0.00348801,-0.00659055,-0.01551972,-0.0232471,-0.02948988,-0.03297715,-0.03489839,-0.03598105,-0.03598105],"instab":[null,null,null,null,null,null,null,null,null,null,null,null,null,null,null,null,null,null,null,null,null,null,null,null,null,null,null,null,null,null,null,null,null,null,null,null,null,null,null,null,null,null,null,null,null,null,null,null,null,null,null,null,null,null,null,null,null,null,null,null,null,null,null,null,null,null,null,null,null,null,null,null,null,null,null,null,null,null,null,null,null,null,null,null,null,null,null,null,null,null,null,null,null,null,null,null,null,null,null,null,null,null,null,null,null,null,null,null,null,null,null,null,null,null,null,null,null,null,null,null,null,null,null,null,null,null,null,null,null,null,null,null,null,null,null,null,null,null,null,null,null,null,null,null,null,null,null,null,null,null,null,null,null,null,null,null,null,null,null,null,null,null,null,null,null,null,null,null,null,null,null,null,null,null,null,null,null,null,null,null,null,null,null,null,null,null,null,null,null,10.125435,9.301976,8.585421,8.044923,7.53815,7.180419,6.826495,6.528367,6.267596,6.026934,5.828126,5.644741,5.471245,5.31424,5.171186,5.043457,2.006705,1.814481,0.727638,0.582315],