{"word":"technonationalism","years":[1800,1801,1802,1803,1804,1805,1806,1807,1808,1809,1810,1811,1812,1813,1814,1815,1816,1817,1818,1819,1820,1821,1822,1823,1824,1825,1826,1827,1828,1829,1830,1831,1832,1833,1834,1835,1836,1837,1838,1839,1840,1841,1842,1843,1844,1845,1846,1847,1848,1849,1850,1851,1852,1853,1854,1855,1856,1857,1858,1859,1860,1861,1862,1863,1864,1865,1866,1867,1868,1869,1870,1871,1872,1873,1874,1875,1876,1877,1878,1879,1880,1881,1882,1883,1884,1885,1886,1887,1888,1889,1890,1891,1892,1893,1894,1895,1896,1897,1898,1899,1900,1901,1902,1903,1904,1905,1906,1907,1908,1909,1910,1911,1912,1913,1914,1915,1916,1917,1918,1919,1920,1921,1922,1923,1924,1925,1926,1927,1928,1929,1930,1931,1932,1933,1934,1935,1936,1937,1938,1939,1940,1941,1942,1943,1944,1945,1946,1947,1948,1949,1950,1951,1952,1953,1954,1955,1956,1957,1958,1959,1960,1961,1962,1963,1964,1965,1966,1967,1968,1969,1970,1971,1972,1973,1974,1975,1976,1977,1978,1979,1980,1981,1982,1983,1984,1985,1986,1987,1988,1989,1990,1991,1992,1993,1994,1995,1996,1997,1998,1999,2000,2001,2002,2003,2004,2005,2006,2007,2008],"level":[-70.661021,-70.393047,-70.125073,-69.857098,-69.589122,-69.321145,-69.053166,-68.785186,-68.517203,-68.249218,-67.98123,-67.71324,-67.445245,-67.177248,-66.909246,-66.64124,-66.37323,-66.105214,-65.837194,-65.569168,-65.301136,-65.033099,-64.765055,-64.497004,-64.228946,-63.960881,-63.692809,-63.424728,-63.156639,-62.888542,-62.620436,-62.352321,-62.084197,-61.816063,-61.547919,-61.279764,-61.011599,-60.743423,-60.475236,-60.207038,-59.938827,-59.670604,-59.402369,-59.134122,-58.865861,-58.597587,-58.329299,-58.060997,-57.792681,-57.524351,-57.256005,-56.987645,-56.719269,-56.450877,-56.182469,-55.914045,-55.645604,-55.377147,-55.108672,-54.840179,-54.571668,-54.30314,-54.034592,-53.766026,-53.497441,-53.228837,-52.960213,-52.691568,-52.422904,-52.154219,-51.885513,-51.616786,-51.348037,-51.079266,-50.810474,-50.541658,-50.272821,-50.00396,-49.735075,-49.466168,-49.197236,-48.92828,-48.659299,-48.390294,-48.121263,-47.852207,-47.583125,-47.314017,-47.044883,-46.775722,-46.506534,-46.237319,-45.968076,-45.698806,-45.429507,-45.16018,-44.890823,-44.621438,-44.352024,-44.082579,-43.813105,-43.5436,-43.274065,-43.004499,-42.734902,-42.465273,-42.195612,-41.925919,-41.656194,-41.386436,-41.116645,-40.846821,-40.576963,-40.307071,-40.037145,-39.767184,-39.497189,-39.227158,-38.957092,-38.68699,-38.416852,-38.146677,-37.876466,-37.606218,-37.335933,-37.06561,-36.795249,-36.52485,-36.254413,-35.983937,-35.713421,-35.442867,-35.172272,-34.901638,-34.630963,-34.360248,-34.089491,-33.818694,-33.547855,-33.276974,-33.006051,-32.735086,-32.464078,-32.193027,-31.921932,-31.650794,-31.379612,-31.108386,-30.837115,-30.565799,-30.294438,-30.023032,-29.75158,-29.480082,-29.208537,-28.936946,-28.665308,-28.393622,-28.121889,-27.850108,-27.578279,-27.306402,-27.034475,-26.7625,-26.490475,-26.2184,-25.946276,-25.674101,-25.401875,-25.129599,-24.857271,-24.584892,-24.312461,-24.039978,-23.767442,-23.494854,-23.222213,-22.949518,-22.67677,-22.403968,-22.131111,-21.8582,-21.585234,-21.312148,-21.038874,-20.770089,-20.51047,-20.264691,-20.037426,-19.836208,-19.662608,-19.515169,-19.394093,-19.302674,-19.240135,-19.201461,-19.193687,-19.21231,-19.245452,-19.289244,-19.339395,-19.393839,-19.450711,-19.508399,-19.56777,-19.622198,-19.67414,-19.724422,-19.774088],"drift":[0.26797406,0.26797437,0.26797497,0.26797588,0.2679771,0.26797861,0.26798043,0.26798255,0.26798498,0.26798771,0.26799074,0.26799408,0.26799771,0.26800165,0.2680059,0.26801044,0.26801529,0.26802045,0.2680259,0.26803166,0.26803773,0.26804409,0.26805076,0.26805773,0.26806501,0.26807258,0.26808046,0.26808865,0.26809713,0.26810592,0.26811502,0.26812441,0.26813411,0.26814411,0.26815442,0.26816503,0.26817594,0.26818715,0.26819867,0.26821049,0.26822261,0.26823504,0.26824777,0.2682608,0.26827414,0.26828777,0.26830172,0.26831596,0.26833051,0.26834536,0.26836051,0.26837597,0.26839173,0.26840779,0.26842416,0.26844083,0.2684578,0.26847508,0.26849265,0.26851054,0.26852872,0.26854721,0.268566,0.26858509,0.26860449,0.26862419,0.26864419,0.2686645,0.26868511,0.26870602,0.26872723,0.26874875,0.26877057,0.2687927,0.26881512,0.26883785,0.26886089,0.26888422,0.26890786,0.26893181,0.26895605,0.2689806,0.26900545,0.26903061,0.26905606,0.26908182,0.26910789,0.26913426,0.26916093,0.2691879,0.26921517,0.26924275,0.26927064,0.26929882,0.26932731,0.2693561,0.2693852,0.26941459,0.26944429,0.2694743,0.2695046,0.26953521,0.26956613,0.26959734,0.26962886,0.26966068,0.26969281,0.26972524,0.26975797,0.269791,0.26982434,0.26985798,0.26989192,0.26992617,0.26996072,0.26999557,0.27003073,0.27006618,0.27010195,0.27013801,0.27017438,0.27021105,0.27024802,0.2702853,0.27032288,0.27036076,0.27039895,0.27043744,0.27047623,0.27051533,0.27055472,0.27059443,0.27063443,0.27067474,0.27071535,0.27075626,0.27079748,0.270839,0.27088082,0.27092295,0.27096538,0.27100811,0.27105114,0.27109448,0.27113812,0.27118207,0.27122631,0.27127086,0.27131572,0.27136087,0.27140633,0.27145209,0.27149816,0.27154453,0.2715912,0.27163817,0.27168545,0.27173303,0.27178092,0.2718291,0.27187759,0.27192639,0.27197548,0.27202488,0.27207458,0.27212459,0.2721749,0.27222551,0.27227642,0.27232764,0.27237916,0.27243098,0.27248311,0.27253554,0.27258827,0.27264131,0.27269465,0.27274829,0.27280224,0.27285648,0.27291103,0.27296589,0.27308619,0.27327194,0.26878228,0.2596172,0.24577671,0.22726082,0.2012173,0.17360067,0.14743894,0.12107408,0.09141932,0.06254218,0.03866966,0.00777683,-0.01861759,-0.03313993,-0.04378913,-0.05015024,-0.0544431,-0.05687099,-0.05768893,-0.05936718,-0.05442944,-0.05194293,-0.05028241,-0.04966621,-0.04966621],"instab":[null,null,null,null,null,null,null,null,null,null,null,null,null,null,null,null,null,null,null,null,null,null,null,null,null,null,null,null,null,null,null,null,null,null,null,null,null,null,null,null,null,null,null,null,null,null,null,null,null,null,null,null,null,null,null,null,null,null,null,null,null,null,null,null,null,null,null,null,null,null,null,null,null,null,null,null,null,null,null,null,null,null,null,null,null,null,null,null,null,null,null,null,null,null,null,null,null,null,null,null,null,null,null,null,null,null,null,null,null,null,null,null,null,null,null,null,null,null,null,null,null,null,null,null,null,null,null,null,null,null,null,null,null,null,null,null,null,null,null,null,null,null,null,null,null,null,null,null,null,null,null,null,null,null,null,null,null,null,null,null,null,null,null,null,null,null,null,null,null,null,null,null,null,null,null,null,null,null,null,null,null,null,null,null,null,null,null,null,null,10.109667,9.125492,8.383734,7.846734,7.390606,6.967931,6.707519,6.425794,6.152916,5.923153,5.713333,5.530047,1.066252,1.034811,1.070534,1.092019,1.070308,1.042865,0.976446,0.918715],