{"word":"technologized","years":[1800,1801,1802,1803,1804,1805,1806,1807,1808,1809,1810,1811,1812,1813,1814,1815,1816,1817,1818,1819,1820,1821,1822,1823,1824,1825,1826,1827,1828,1829,1830,1831,1832,1833,1834,1835,1836,1837,1838,1839,1840,1841,1842,1843,1844,1845,1846,1847,1848,1849,1850,1851,1852,1853,1854,1855,1856,1857,1858,1859,1860,1861,1862,1863,1864,1865,1866,1867,1868,1869,1870,1871,1872,1873,1874,1875,1876,1877,1878,1879,1880,1881,1882,1883,1884,1885,1886,1887,1888,1889,1890,1891,1892,1893,1894,1895,1896,1897,1898,1899,1900,1901,1902,1903,1904,1905,1906,1907,1908,1909,1910,1911,1912,1913,1914,1915,1916,1917,1918,1919,1920,1921,1922,1923,1924,1925,1926,1927,1928,1929,1930,1931,1932,1933,1934,1935,1936,1937,1938,1939,1940,1941,1942,1943,1944,1945,1946,1947,1948,1949,1950,1951,1952,1953,1954,1955,1956,1957,1958,1959,1960,1961,1962,1963,1964,1965,1966,1967,1968,1969,1970,1971,1972,1973,1974,1975,1976,1977,1978,1979,1980,1981,1982,1983,1984,1985,1986,1987,1988,1989,1990,1991,1992,1993,1994,1995,1996,1997,1998,1999,2000,2001,2002,2003,2004,2005,2006,2007,2008],"level":[-18.680195,-18.67825,-18.676306,-18.674361,-18.672417,-18.670472,-18.668527,-18.666583,-18.664638,-18.662694,-18.660749,-18.658805,-18.65686,-18.654916,-18.652971,-18.651027,-18.649082,-18.647138,-18.652706,-18.658274,-18.663839,-18.669402,-18.674959,-18.680512,-18.686057,-18.691595,-18.697124,-18.702643,-18.708152,-18.713648,-18.719131,-18.724599,-18.730053,-18.735489,-18.740908,-18.746309,-18.751689,-18.757049,-18.762387,-18.767701,-18.772992,-18.778257,-18.783496,-18.788707,-18.793889,-18.799042,-18.804164,-18.809254,-18.814312,-18.819335,-18.824323,-18.829274,-18.834188,-18.839064,-18.8439,-18.848695,-18.853449,-18.858159,-18.862826,-18.867448,-18.872023,-18.876551,-18.881031,-18.885461,-18.88984,-18.894168,-18.898443,-18.902664,-18.90683,-18.91094,-18.914993,-18.918987,-18.922922,-18.926797,-18.93061,-18.93436,-18.938047,-18.941668,-18.945224,-18.948712,-18.952132,-18.955483,-18.958764,-18.961973,-18.965109,-18.968172,-18.97116,-18.974072,-18.976907,-18.979664,-18.982341,-18.984939,-18.987455,-18.989888,-18.992238,-18.994503,-18.996683,-18.998775,-19.00078,-19.002695,-19.00452,-19.006254,-19.007895,-19.009443,-19.010896,-19.012254,-19.013515,-19.014678,-19.015742,-19.016705,-19.017568,-19.018328,-19.018985,-19.019537,-19.019984,-19.020324,-19.020556,-19.02068,-19.020693,-19.020595,-19.020385,-19.020062,-19.078409,-19.224694,-19.194226,-19.163615,-19.248426,-19.333084,-19.417574,-19.501883,-19.585997,-19.669903,-19.554176,-19.438243,-19.335678,-19.232935,-19.347225,-19.461332,-19.575239,-19.688927,-19.802378,-19.915574,-19.910548,-19.905247,-19.899671,-20.04941,-20.151986,-20.168579,-20.184852,-20.200798,-20.216414,-20.085487,-19.954241,-19.973908,-19.795988,-19.634557,-19.376034,-19.295411,-19.338065,-19.292204,-19.269435,-19.140708,-19.030584,-18.776472,-18.799688,-18.707193,-18.483657,-18.169815,-17.94058,-17.757486,-17.648126,-17.515672,-17.502484,-17.467188,-17.489814,-17.484433,-17.513426,-17.577814,-17.632929,-17.590958,-17.536119,-17.522983,-17.48482,-17.44688,-17.442707,-17.432077,-17.431753,-17.444738,-17.402185,-17.275512,-17.235463,-17.149145,-17.071206,-16.97023,-16.921977,-16.838118,-16.821521,-16.813136,-16.776127,-16.747712,-16.744936,-16.744478,-16.722992,-16.75854,-16.786534,-16.796342,-16.821184,-16.85938,-16.905144],"drift":[0.0019454,0.0019454,0.0019454,0.0019454,0.0019454,0.0019454,0.0019454,0.0019454,0.0019454,0.0019454,0.0019454,0.00194541,0.00194541,0.00194541,0.00194541,0.00194541,0.00194541,0.00194542,0.00194652,0.00194872,0.00195202,0.00195642,0.00196193,0.00196853,0.00197623,0.00198503,0.00199494,0.00200594,0.00201804,0.00203125,0.00204555,0.00206095,0.00207745,0.00209506,0.00211376,0.00213356,0.00215447,0.00217647,0.00219957,0.00222377,0.00224908,0.00227548,0.00230298,0.00233159,0.00236129,0.00239209,0.002424,0.002457,0.0024911,0.00252631,0.00256261,0.00260002,0.00263852,0.00267812,0.00271883,0.00276063,0.00280353,0.00284754,0.00289264,0.00293885,0.00298615,0.00303456,0.00308406,0.00313466,0.00318637,0.00323917,0.00329308,0.00334808,0.00340419,0.00346139,0.00351969,0.0035791,0.0036396,0.00370121,0.00376391,0.00382772,0.00389262,0.00395863,0.00402573,0.00409394,0.00416324,0.00423365,0.00430515,0.00437776,0.00445146,0.00452627,0.00460217,0.00467918,0.00475728,0.00483649,0.00491679,0.0049982,0.0050807,0.00516431,0.00524902,0.00533482,0.00542173,0.00550973,0.00559884,0.00568904,0.00578035,0.00587276,0.00596626,0.00606087,0.00615657,0.00625338,0.00635129,0.00645029,0.0065504,0.00665161,0.00675391,0.00685732,0.00696182,0.00706743,0.00717414,0.00728194,0.00739085,0.00750086,0.00761196,0.00772417,0.00783748,0.00795188,0.008076,0.00822271,0.00836616,0.00850636,0.00866022,0.00882774,0.00900892,0.00920376,0.00941227,0.00963443,0.00984107,0.01003217,0.01020972,0.01037373,0.01055599,0.0107565,0.01097526,0.01121227,0.01146754,0.01174105,0.01201554,0.01229102,0.01256748,0.0128677,0.01318482,0.0135063,0.01383214,0.01416234,0.0144969,0.01481442,0.01511489,0.01542045,0.01570222,0.01596266,0.01618758,0.01640308,0.01662722,0.01684708,0.01706608,0.01726872,0.01745778,0.01761218,0.01777257,0.01792202,0.01804136,0.0181174,0.01816254,0.01818353,0.01819117,0.01818208,0.01817373,0.01816286,0.01815797,0.01815495,0.01815884,0.0181748,0.0182015,0.01822472,0.01824257,0.01826118,0.01827687,0.01828968,0.01830456,0.01832056,0.01833919,0.01836242,0.0183821,0.01838592,0.01838658,0.01837729,0.01835928,0.01832918,0.0182947,0.01825061,0.01820677,0.01816437,0.01811921,0.01807254,0.01802811,0.01798626,0.01794389,0.01790935,0.01788153,0.01785777,0.01784025,0.01783094,0.01783094],"instab":[null,null,null,null,null,null,null,null,null,null,null,null,null,null,null,null,null,null,null,null,null,null,null,null,null,null,null,null,null,null,null,null,null,null,null,null,null,null,null,null,null,null,null,null,null,null,null,null,null,null,null,null,null,null,null,null,null,null,null,null,null,null,null,null,null,null,null,null,null,null,null,null,null,null,null,null,null,null,null,null,null,null,null,null,null,null,null,null,null,null,null,null,null,null,null,null,null,null,null,null,null,null,null,null,null,null,null,null,null,null,null,null,null,null,null,null,null,null,null,null,null,null,null,null,null,null,null,null,null,null,null,50.913747,50.913747,46.383944,46.383944,42.844592,42.844592,42.844592,42.844592,42.844592,42.844592,1.151593,1.255565,1.299589,1.20599,1.209212,1.119098,1.119098,1.119098,1.119098,1.046091,0.995952,1.038244,1.05586,1.014399,0.876971,0.968131,0.944106,0.913436,0.876299,0.848915,0.752141,0.73354,0.825405,0.833264,0.814278,0.788077,0.796626,0.781665,0.766723,0.735557,0.722482,0.697381,0.643724,0.654088,0.653339,0.60114,0.600518,0.608172,0.609505,0.59547,0.597932,0.58779,0.452957,0.427103,0.414755,0.416202,0.3568,0.327926,0.316822,0.317549,0.265492,0.264964,0.275241,0.270643,0.286583,0.286584,0.282154,0.241304,0.241281,0.237772,0.239012,0.242304,0.246239,0.251478,0.251778,0.252712,0.242871,0.255625],