{"word":"telephone","years":[1800,1801,1802,1803,1804,1805,1806,1807,1808,1809,1810,1811,1812,1813,1814,1815,1816,1817,1818,1819,1820,1821,1822,1823,1824,1825,1826,1827,1828,1829,1830,1831,1832,1833,1834,1835,1836,1837,1838,1839,1840,1841,1842,1843,1844,1845,1846,1847,1848,1849,1850,1851,1852,1853,1854,1855,1856,1857,1858,1859,1860,1861,1862,1863,1864,1865,1866,1867,1868,1869,1870,1871,1872,1873,1874,1875,1876,1877,1878,1879,1880,1881,1882,1883,1884,1885,1886,1887,1888,1889,1890,1891,1892,1893,1894,1895,1896,1897,1898,1899,1900,1901,1902,1903,1904,1905,1906,1907,1908,1909,1910,1911,1912,1913,1914,1915,1916,1917,1918,1919,1920,1921,1922,1923,1924,1925,1926,1927,1928,1929,1930,1931,1932,1933,1934,1935,1936,1937,1938,1939,1940,1941,1942,1943,1944,1945,1946,1947,1948,1949,1950,1951,1952,1953,1954,1955,1956,1957,1958,1959,1960,1961,1962,1963,1964,1965,1966,1967,1968,1969,1970,1971,1972,1973,1974,1975,1976,1977,1978,1979,1980,1981,1982,1983,1984,1985,1986,1987,1988,1989,1990,1991,1992,1993,1994,1995,1996,1997,1998,1999,2000,2001,2002,2003,2004,2005,2006,2007,2008,2009,2010,2011,2012,2013,2014,2015,2016,2017,2018,2019],"level":[-14.401141,-14.546118,-14.732143,-14.916052,-15.048574,-15.201155,-15.409454,-15.520207,-15.677383,-15.897596,-16.026663,-16.091973,-16.169246,-16.228305,-16.261774,-16.247961,-16.232047,-16.269203,-16.358337,-16.399527,-16.44531,-16.548332,-16.699307,-16.802636,-16.89907,-16.909258,-16.931564,-16.973203,-16.935571,-16.901773,-16.784598,-16.707107,-16.645451,-16.728864,-16.79181,-16.823636,-16.966917,-17.082065,-17.114387,-17.139379,-17.124953,-17.081337,-17.054823,-16.983556,-16.923758,-16.863847,-16.852343,-16.855467,-16.903513,-16.919832,-16.955924,-16.976429,-16.989938,-16.973894,-16.937936,-16.906241,-16.840435,-16.754794,-16.713017,-16.65544,-16.560972,-16.492336,-16.424612,-16.377034,-16.327527,-16.266227,-16.171019,-16.038912,-15.913698,-15.75655,-15.552202,-15.302279,-15.019579,-14.813226,-14.551939,-14.276411,-13.980078,-13.664187,-13.353039,-13.080644,-12.831538,-12.599954,-12.384011,-12.193011,-12.02506,-11.882057,-11.757777,-11.65203,-11.562461,-11.484871,-11.410212,-11.339436,-11.268169,-11.198845,-11.132113,-11.064598,-10.999924,-10.933756,-10.870596,-10.809642,-10.748895,-10.687052,-10.629307,-10.575175,-10.523198,-10.475413,-10.431259,-10.392933,-10.358625,-10.328207,-10.300055,-10.274192,-10.249257,-10.22734,-10.210782,-10.200377,-10.194656,-10.19072,-10.188756,-10.188987,-10.191359,-10.192527,-10.195629,-10.199765,-10.203486,-10.206741,-10.210194,-10.213136,-10.215536,-10.217062,-10.218904,-10.223983,-10.231288,-10.238051,-10.24527,-10.252579,-10.260212,-10.266237,-10.27023,-10.276041,-10.282809,-10.289452,-10.295071,-10.301073,-10.306467,-10.312265,-10.318763,-10.326616,-10.336787,-10.348749,-10.361973,-10.375178,-10.388262,-10.401242,-10.415072,-10.429919,-10.445052,-10.460084,-10.47634,-10.493346,-10.509917,-10.524472,-10.53728,-10.548722,-10.558163,-10.565736,-10.572769,-10.578588,-10.581523,-10.580227,-10.576263,-10.567872,-10.555773,-10.54101,-10.526097,-10.511458,-10.495208,-10.47832,-10.46246,-10.445588,-10.427034,-10.40687,-10.385617,-10.363956,-10.345919,-10.33033,-10.3171,-10.306213,-10.296825,-10.290276,-10.285383,-10.282152,-10.280513,-10.281172,-10.284784,-10.290822,-10.299733,-10.310364,-10.324745,-10.342495,-10.364254,-10.390156,-10.419637,-10.45054,-10.481849,-10.514413,-10.547921,-10.582251,-10.617767,-10.654107,-10.691138,-10.72914,-10.768609,-10.806257,-10.844349,-10.88146,-10.917788,-10.952988,-10.987881,-11.020461],"drift":[-0.11753232,-0.11725969,-0.11630396,-0.11467664,-0.11287207,-0.11067302,-0.10750418,-0.10430306,-0.10057672,-0.09566194,-0.09041531,-0.08541808,-0.08050175,-0.07579844,-0.07151562,-0.06808044,-0.06547964,-0.0631602,-0.06058274,-0.05819793,-0.05593645,-0.05320722,-0.04950679,-0.0452717,-0.04052837,-0.03608644,-0.0317814,-0.02737844,-0.02362128,-0.02043451,-0.01861473,-0.01774965,-0.01767336,-0.01694403,-0.01575773,-0.0144118,-0.01178571,-0.00813284,-0.00423968,-0.00014038,0.00381424,0.00737346,0.01074255,0.0135104,0.01581843,0.01768846,0.01961992,0.02177732,0.02462833,0.0278861,0.03177942,0.03619213,0.04109856,0.04625387,0.05151146,0.0569659,0.06233252,0.06746761,0.0728579,0.07839999,0.08378246,0.08931539,0.09506281,0.10128193,0.10801537,0.11521287,0.1226091,0.12991098,0.13725952,0.14441049,0.15096604,0.15653859,0.16085787,0.16472521,0.16763332,0.16946963,0.17004571,0.16917298,0.16688989,0.16355875,0.15937779,0.15447955,0.14897075,0.14304444,0.1368707,0.13063605,0.12446454,0.11847896,0.11278057,0.10743176,0.10240851,0.09769948,0.09325303,0.08904429,0.08505719,0.08124436,0.07759613,0.07406143,0.07063502,0.06730478,0.06403968,0.06079641,0.05758344,0.05440476,0.0512502,0.04813006,0.04504942,0.04203557,0.03909848,0.03624762,0.03347719,0.03078239,0.02814568,0.02557085,0.02308555,0.0207262,0.01851592,0.01645047,0.01452894,0.01275402,0.01112935,0.00962685,0.00825079,0.00699779,0.00585126,0.0047952,0.00382107,0.00291412,0.00205996,0.00124142,0.00045351,-0.00027944,-0.0009426,-0.00154793,-0.00209693,-0.00259416,-0.00304133,-0.00345886,-0.00387109,-0.00426405,-0.00463212,-0.00498023,-0.005322,-0.005657,-0.00599461,-0.00633418,-0.00667212,-0.00699834,-0.00729303,-0.00754135,-0.00773321,-0.00787072,-0.00795645,-0.00799227,-0.0079701,-0.00787962,-0.00771708,-0.00748188,-0.00715952,-0.00673934,-0.0062215,-0.00562088,-0.00494886,-0.00421234,-0.00342387,-0.00259419,-0.00172042,-0.00080593,0.00012971,0.00105376,0.0019489,0.00278005,0.00351863,0.00414551,0.00466542,0.00508625,0.00539619,0.00559197,0.00568576,0.00566842,0.00552308,0.0052323,0.00478236,0.00416477,0.00340936,0.00253297,0.00155032,0.00047492,-0.00068903,-0.00192488,-0.00322846,-0.0045962,-0.00602588,-0.00750887,-0.00903057,-0.010582,-0.01215003,-0.01373316,-0.01530984,-0.01686228,-0.01836608,-0.01979502,-0.02112774,-0.02236335,-0.0235101,-0.02456691,-0.02553491,-0.02641553,-0.02720575,-0.02790524,-0.02851407,-0.02902865,-0.02943952,-0.02976884,-0.0300155,-0.03019165,-0.03030686,-0.03037345,-0.03039515,-0.03039515],"instab":[null,null,null,null,6.359065,6.193447,5.774788,5.757066,5.585107,5.392306,5.11632,4.994606,4.802991,4.626052,4.458766,4.35541,4.350629,4.288202,4.187413,4.082079,2.725266,2.736292,2.754583,2.704494,2.781113,2.70729,2.435094,2.421877,2.346955,2.159208,2.218147,2.194673,2.611866,2.661102,2.703352,2.830185,2.814807,2.933972,2.894687,2.913375,2.846361,2.83961,2.788799,2.80494,2.67203,2.714177,2.703727,2.614318,2.657858,2.573151,2.505852,2.486996,1.962903,1.939703,1.910443,1.596138,1.523833,1.333355,1.336514,1.318324,1.353321,1.323755,1.290217,1.267448,1.270248,1.170539,1.179279,1.135565,1.069713,1.076338,1.062887,1.063296,1.503593,1.537766,1.539875,1.510446,1.507448,1.447043,1.542363,1.518982,1.498583,1.499351,1.496153,1.491233,1.474794,1.421377,1.380218,1.39516,1.392386,1.389912,1.404866,1.449695,1.062035,1.01416,1.040698,1.056271,1.072839,1.023231,0.794884,0.680124,0.605786,0.546216,0.442439,0.360509,0.276964,0.246576,0.233969,0.232212,0.237627,0.220294,0.208568,0.176168,0.162537,0.158191,0.137738,0.131906,0.103146,0.099745,0.094577,0.082126,0.071266,0.071224,0.071202,0.070728,0.069825,0.07066,0.066738,0.068291,0.070134,0.074861,0.093037,0.096961,0.097297,0.098534,0.098872,0.10203,0.097246,0.093727,0.102241,0.104654,0.090468,0.089029,0.088278,0.080181,0.075177,0.074028,0.071863,0.07213,0.068405,0.067479,0.065782,0.06585,0.060607,0.05965,0.05801,0.056788,0.048914,0.04029,0.038156,0.039182,0.043714,0.043089,0.043173,0.04314,0.042785,0.044929,0.04406,0.038999,0.038004,0.039998,0.039209,0.040763,0.048273,0.069682,0.08456,0.087303,0.091559,0.100805,0.101558,0.099381,0.0928,0.088462,0.086448,0.094098,0.092946,0.092942,0.091079,0.08521,0.073808,0.073886,0.069851,0.072296,0.075548,0.07463,0.0752,0.078478,0.084802,0.080339,0.082838,0.084794,0.087142,0.091037,0.101497,0.096466,0.092894,0.090178,0.087141,0.085602,0.079534,0.077972,0.07571,0.073483,0.075256,0.069381,0.06668,0.062411,0.061664,0.056339,0.052429,0.047134],