{"word":"teleconsultations","years":[1800,1801,1802,1803,1804,1805,1806,1807,1808,1809,1810,1811,1812,1813,1814,1815,1816,1817,1818,1819,1820,1821,1822,1823,1824,1825,1826,1827,1828,1829,1830,1831,1832,1833,1834,1835,1836,1837,1838,1839,1840,1841,1842,1843,1844,1845,1846,1847,1848,1849,1850,1851,1852,1853,1854,1855,1856,1857,1858,1859,1860,1861,1862,1863,1864,1865,1866,1867,1868,1869,1870,1871,1872,1873,1874,1875,1876,1877,1878,1879,1880,1881,1882,1883,1884,1885,1886,1887,1888,1889,1890,1891,1892,1893,1894,1895,1896,1897,1898,1899,1900,1901,1902,1903,1904,1905,1906,1907,1908,1909,1910,1911,1912,1913,1914,1915,1916,1917,1918,1919,1920,1921,1922,1923,1924,1925,1926,1927,1928,1929,1930,1931,1932,1933,1934,1935,1936,1937,1938,1939,1940,1941,1942,1943,1944,1945,1946,1947,1948,1949,1950,1951,1952,1953,1954,1955,1956,1957,1958,1959,1960,1961,1962,1963,1964,1965,1966,1967,1968,1969,1970,1971,1972,1973,1974,1975,1976,1977,1978,1979,1980,1981,1982,1983,1984,1985,1986,1987,1988,1989,1990,1991,1992,1993,1994,1995,1996,1997,1998,1999,2000,2001,2002,2003,2004,2005,2006,2007,2008],"level":[-74.003972,-73.709666,-73.415359,-73.121048,-72.826731,-72.532405,-72.23807,-71.943722,-71.649361,-71.354983,-71.060587,-70.766171,-70.471733,-70.177271,-69.882783,-69.588266,-69.29372,-68.999141,-68.704528,-68.409879,-68.115191,-67.820464,-67.525694,-67.23088,-66.936019,-66.641111,-66.346152,-66.051141,-65.756075,-65.460954,-65.165773,-64.870533,-64.57523,-64.279863,-63.98443,-63.688928,-63.393356,-63.097711,-62.801992,-62.506197,-62.210323,-61.914369,-61.618332,-61.322211,-61.026004,-60.729708,-60.433321,-60.136842,-59.840268,-59.543598,-59.24683,-58.949961,-58.652989,-58.355913,-58.05873,-57.761439,-57.464037,-57.166522,-56.868893,-56.571147,-56.273283,-55.975298,-55.67719,-55.378958,-55.080599,-54.782111,-54.483492,-54.184741,-53.885856,-53.586833,-53.287672,-52.98837,-52.688925,-52.389335,-52.089599,-51.789714,-51.489678,-51.189489,-50.889145,-50.588645,-50.287986,-49.987166,-49.686183,-49.385035,-49.08372,-48.782236,-48.480582,-48.178754,-47.876752,-47.574573,-47.272215,-46.969675,-46.666953,-46.364046,-46.060952,-45.757669,-45.454194,-45.150527,-44.846665,-44.542606,-44.238347,-43.933888,-43.629226,-43.324358,-43.019283,-42.714,-42.408505,-42.102797,-41.796874,-41.490733,-41.184374,-40.877793,-40.57099,-40.263961,-39.956704,-39.649219,-39.341502,-39.033553,-38.725367,-38.416945,-38.108283,-37.799381,-37.490234,-37.180843,-36.871204,-36.561316,-36.251177,-35.940784,-35.630136,-35.31923,-35.008065,-34.696639,-34.38495,-34.072995,-33.760772,-33.44828,-33.135517,-32.82248,-32.509168,-32.195578,-31.881709,-31.567559,-31.253124,-30.938405,-30.623398,-30.308101,-29.992513,-29.676631,-29.360454,-29.043979,-28.727204,-28.410128,-28.092749,-27.775063,-27.45707,-27.138768,-26.820154,-26.501226,-26.181982,-25.862421,-25.54254,-25.222338,-24.901811,-24.580959,-24.25978,-23.93827,-23.616429,-23.294254,-22.971743,-22.648895,-22.325706,-22.002176,-21.678302,-21.354082,-21.029517,-20.724693,-20.46935,-20.320473,-20.250189,-20.282903,-20.369704,-20.500147,-20.663787,-20.850181,-21.088564,-21.350484,-21.607485,-21.831115,-21.992919,-22.079204,-22.084439,-22.003093,-21.840104,-21.600408,-21.288943,-20.922794,-20.519046,-20.106308,-19.714366,-19.373477,-19.079111,-18.864304,-18.74064,-18.70959,-18.749826,-18.847287,-18.999658,-19.197321,-19.397189],"drift":[0.29430524,0.29430726,0.29431129,0.29431733,0.29432538,0.29433544,0.29434751,0.29436159,0.29437769,0.29439579,0.2944159,0.29443803,0.29446216,0.29448831,0.29451646,0.29454663,0.29457881,0.29461299,0.29464919,0.2946874,0.29472762,0.29476985,0.29481409,0.29486034,0.2949086,0.29495888,0.29501116,0.29506545,0.29512175,0.29518007,0.29524039,0.29530273,0.29536708,0.29543343,0.2955018,0.29557218,0.29564457,0.29571896,0.29579537,0.29587379,0.29595422,0.29603667,0.29612112,0.29620758,0.29629605,0.29638654,0.29647903,0.29657353,0.29667005,0.29676857,0.29686911,0.29697166,0.29707621,0.29718278,0.29729136,0.29740195,0.29751455,0.29762916,0.29774578,0.29786441,0.29798505,0.29810771,0.29823237,0.29835904,0.29848773,0.29861842,0.29875113,0.29888584,0.29902257,0.2991613,0.29930205,0.29944481,0.29958958,0.29973636,0.29988515,0.30003595,0.30018876,0.30034358,0.30050041,0.30065925,0.30082011,0.30098297,0.30114785,0.30131473,0.30148363,0.30165453,0.30182745,0.30200237,0.30217931,0.30235826,0.30253922,0.30272219,0.30290717,0.30309416,0.30328316,0.30347417,0.30366719,0.30386223,0.30405927,0.30425832,0.30445939,0.30466246,0.30486755,0.30507464,0.30528375,0.30549487,0.30570799,0.30592313,0.30614028,0.30635944,0.30658061,0.30680379,0.30702898,0.30725618,0.3074854,0.30771662,0.30794985,0.3081851,0.30842235,0.30866162,0.30890289,0.30914618,0.30939148,0.30963878,0.3098881,0.31013943,0.31039277,0.31064812,0.31090548,0.31116485,0.31142623,0.31168962,0.31195502,0.31222244,0.31249186,0.31276329,0.31303674,0.31331219,0.31358966,0.31386914,0.31415062,0.31443412,0.31471963,0.31500715,0.31529668,0.31558822,0.31588177,0.31617733,0.3164749,0.31677448,0.31707607,0.31737968,0.31768529,0.31799291,0.31830255,0.31861419,0.31892785,0.31924352,0.31956119,0.31988088,0.32020258,0.32052629,0.32085201,0.32117974,0.32150948,0.32184123,0.32217499,0.32251076,0.32284854,0.32318834,0.32353014,0.32387396,0.32421978,0.32456762,0.30482454,0.25534256,0.14887749,0.07028347,-0.0327139,-0.08680068,-0.13044289,-0.16364052,-0.18639358,-0.23838344,-0.26191944,-0.25700157,-0.22362984,-0.16180424,-0.08628477,-0.00523477,0.08134576,0.16298921,0.23969559,0.3114649,0.36614922,0.40374854,0.41273803,0.39194197,0.34088832,0.29436637,0.21480725,0.12366371,0.03104966,-0.04023609,-0.09746064,-0.1523711,-0.19766303,-0.19986771,-0.19986771],"instab":[null,null,null,null,null,null,null,null,null,null,null,null,null,null,null,null,null,null,null,null,null,null,null,null,null,null,null,null,null,null,null,null,null,null,null,null,null,null,null,null,null,null,null,null,null,null,null,null,null,null,null,null,null,null,null,null,null,null,null,null,null,null,null,null,null,null,null,null,null,null,null,null,null,null,null,null,null,null,null,null,null,null,null,null,null,null,null,null,null,null,null,null,null,null,null,null,null,null,null,null,null,null,null,null,null,null,null,null,null,null,null,null,null,null,null,null,null,null,null,null,null,null,null,null,null,null,null,null,null,null,null,null,null,null,null,null,null,null,null,null,null,null,null,null,null,null,null,null,null,null,null,null,null,null,null,null,null,null,null,null,null,null,null,null,null,null,null,null,null,null,null,null,null,null,null,null,null,9.799514,9.051765,8.281916,8.281916,8.281916,7.688676,7.34833,7.34833,7.34833,7.34833,6.934111,6.622003,6.622003,6.364667,6.364667,6.364667,1.54205,1.596544,1.627601,1.508058,1.282005,1.266615,1.129199,1.081615,1.03982,0.885726,0.875175,0.874858,0.845839,0.818038,0.796154,0.796595],