{"word":"telescope","years":[1800,1801,1802,1803,1804,1805,1806,1807,1808,1809,1810,1811,1812,1813,1814,1815,1816,1817,1818,1819,1820,1821,1822,1823,1824,1825,1826,1827,1828,1829,1830,1831,1832,1833,1834,1835,1836,1837,1838,1839,1840,1841,1842,1843,1844,1845,1846,1847,1848,1849,1850,1851,1852,1853,1854,1855,1856,1857,1858,1859,1860,1861,1862,1863,1864,1865,1866,1867,1868,1869,1870,1871,1872,1873,1874,1875,1876,1877,1878,1879,1880,1881,1882,1883,1884,1885,1886,1887,1888,1889,1890,1891,1892,1893,1894,1895,1896,1897,1898,1899,1900,1901,1902,1903,1904,1905,1906,1907,1908,1909,1910,1911,1912,1913,1914,1915,1916,1917,1918,1919,1920,1921,1922,1923,1924,1925,1926,1927,1928,1929,1930,1931,1932,1933,1934,1935,1936,1937,1938,1939,1940,1941,1942,1943,1944,1945,1946,1947,1948,1949,1950,1951,1952,1953,1954,1955,1956,1957,1958,1959,1960,1961,1962,1963,1964,1965,1966,1967,1968,1969,1970,1971,1972,1973,1974,1975,1976,1977,1978,1979,1980,1981,1982,1983,1984,1985,1986,1987,1988,1989,1990,1991,1992,1993,1994,1995,1996,1997,1998,1999,2000,2001,2002,2003,2004,2005,2006,2007,2008,2009,2010,2011,2012,2013,2014,2015,2016,2017,2018,2019],"level":[-13.731108,-13.684919,-13.566631,-13.435215,-13.291477,-13.13418,-12.870257,-12.738244,-12.693085,-12.510487,-12.404065,-12.505955,-12.538968,-12.499541,-12.630791,-12.691335,-12.641467,-12.57284,-12.541146,-12.56855,-12.581061,-12.55426,-12.632524,-12.714271,-12.683998,-12.689093,-12.700501,-12.821907,-12.884361,-12.873689,-12.813854,-12.746486,-12.662242,-12.630149,-12.617515,-12.604886,-12.617288,-12.613268,-12.575197,-12.515078,-12.492057,-12.441024,-12.40271,-12.336592,-12.257369,-12.179582,-12.145233,-12.089674,-12.037918,-12.058259,-11.993433,-11.961642,-11.986322,-11.974109,-11.929628,-11.906008,-11.933701,-11.978396,-12.096472,-12.160943,-12.256248,-12.327065,-12.384697,-12.396148,-12.481314,-12.52984,-12.571141,-12.534101,-12.489231,-12.395897,-12.348952,-12.293473,-12.281545,-12.240196,-12.220564,-12.244226,-12.25149,-12.253938,-12.259035,-12.257967,-12.265441,-12.270931,-12.259,-12.264566,-12.274607,-12.303104,-12.307077,-12.306069,-12.279453,-12.25769,-12.23169,-12.184795,-12.190365,-12.192551,-12.199962,-12.195763,-12.215009,-12.241562,-12.273077,-12.323967,-12.352892,-12.413618,-12.440714,-12.472586,-12.497347,-12.501797,-12.494527,-12.500566,-12.523654,-12.555096,-12.550325,-12.56692,-12.63302,-12.698115,-12.750232,-12.79844,-12.850496,-12.892583,-12.939397,-12.970508,-12.993804,-13.003327,-12.988088,-12.967928,-12.956696,-12.935082,-12.924274,-12.938611,-12.941747,-12.958179,-12.967847,-12.962739,-12.954475,-12.923349,-12.884057,-12.853539,-12.848445,-12.841664,-12.863338,-12.86981,-12.865463,-12.865423,-12.871118,-12.888327,-12.902018,-12.902575,-12.890855,-12.878565,-12.90301,-12.915538,-12.917245,-12.9197,-12.915607,-12.89824,-12.872227,-12.845741,-12.799837,-12.733705,-12.647732,-12.595254,-12.569716,-12.551102,-12.530746,-12.531808,-12.527991,-12.518069,-12.520764,-12.546592,-12.571555,-12.6034,-12.63216,-12.664985,-12.702147,-12.731507,-12.746424,-12.770418,-12.793826,-12.800099,-12.80845,-12.800935,-12.782874,-12.778668,-12.765026,-12.745308,-12.719454,-12.687651,-12.672068,-12.676512,-12.685753,-12.682266,-12.672305,-12.684349,-12.708159,-12.721281,-12.730854,-12.753813,-12.775235,-12.769497,-12.744494,-12.741495,-12.734995,-12.745092,-12.724507,-12.701214,-12.696919,-12.715631,-12.72617,-12.758103,-12.786301,-12.774329,-12.783058,-12.802341,-12.821715,-12.84544,-12.873714,-12.899347,-12.92031,-12.941207,-12.976212,-13.003401],"drift":[0.02158637,0.02157717,0.02153178,0.02144529,0.02131304,0.02112992,0.02085597,0.02054043,0.02021568,0.01983018,0.01941229,0.01903978,0.01868674,0.01832594,0.0180211,0.01774566,0.01745819,0.01715158,0.01683954,0.01654404,0.01625941,0.01597085,0.01571753,0.01550068,0.0152783,0.01506354,0.01485869,0.01470482,0.01457981,0.01445626,0.01431574,0.01415537,0.01396878,0.01377541,0.01358246,0.01338987,0.01320693,0.01302743,0.01283856,0.012632,0.01242155,0.01219666,0.011962,0.01170707,0.01142689,0.01112188,0.01080819,0.01047775,0.01013186,0.00979738,0.00944231,0.00907888,0.00872808,0.00837598,0.00801036,0.00763891,0.00728068,0.00694189,0.00664987,0.00638446,0.0061571,0.00595853,0.00578375,0.00561542,0.00548105,0.00536688,0.00527018,0.00516159,0.00503814,0.00488166,0.00470945,0.00451824,0.00432426,0.00411643,0.00390279,0.00369947,0.00350024,0.00330325,0.00310939,0.0029163,0.00272709,0.00254097,0.00235132,0.00216464,0.00198253,0.00181182,0.00164327,0.00147496,0.00129724,0.00111187,0.00091719,0.0007053,0.00049577,0.00028723,8.158e-05,-0.00012561,-0.00032565,-0.00051588,-0.00069451,-0.00085437,-0.00100372,-0.00113072,-0.00124802,-0.00135385,-0.00145093,-0.00154689,-0.00164615,-0.00174376,-0.00183339,-0.00191194,-0.00199299,-0.00206858,-0.00212021,-0.00214828,-0.00215766,-0.00214981,-0.00212329,-0.00208182,-0.00202361,-0.00195453,-0.00187745,-0.00179752,-0.00172396,-0.00165859,-0.00159804,-0.00154618,-0.00149893,-0.00144689,-0.00139421,-0.0013359,-0.00127448,-0.00121545,-0.00115996,-0.00111655,-0.00108826,-0.0010718,-0.00105764,-0.00104641,-0.00102746,-0.00100648,-0.0009875,-0.00096891,-0.00094855,-0.0009221,-0.00089088,-0.00085978,-0.00083339,-0.00081191,-0.00078159,-0.00074687,-0.00071179,-0.00067606,-0.00064212,-0.00061491,-0.00059767,-0.00059055,-0.00060083,-0.00063608,-0.00070373,-0.00079127,-0.00088867,-0.00099336,-0.00110604,-0.00121873,-0.00133331,-0.0014521,-0.00157043,-0.00167968,-0.00178022,-0.00186951,-0.00194874,-0.00201642,-0.00207095,-0.00211527,-0.0021548,-0.00218617,-0.00220959,-0.00223149,-0.00225111,-0.00227437,-0.00230525,-0.00233856,-0.00237785,-0.0024254,-0.00248354,-0.0025545,-0.00263225,-0.00270932,-0.00278395,-0.00286092,-0.00294269,-0.00302105,-0.00309164,-0.00315848,-0.00322291,-0.00327996,-0.00333023,-0.00338388,-0.00344816,-0.00351485,-0.00358528,-0.00365328,-0.00373035,-0.00381753,-0.00390774,-0.00399241,-0.00407464,-0.00414644,-0.00420924,-0.0042781,-0.00434529,-0.0044069,-0.0044629,-0.0045117,-0.00455161,-0.00458363,-0.00460953,-0.00462933,-0.00463776,-0.00463776],