{"word":"televisuality","years":[1800,1801,1802,1803,1804,1805,1806,1807,1808,1809,1810,1811,1812,1813,1814,1815,1816,1817,1818,1819,1820,1821,1822,1823,1824,1825,1826,1827,1828,1829,1830,1831,1832,1833,1834,1835,1836,1837,1838,1839,1840,1841,1842,1843,1844,1845,1846,1847,1848,1849,1850,1851,1852,1853,1854,1855,1856,1857,1858,1859,1860,1861,1862,1863,1864,1865,1866,1867,1868,1869,1870,1871,1872,1873,1874,1875,1876,1877,1878,1879,1880,1881,1882,1883,1884,1885,1886,1887,1888,1889,1890,1891,1892,1893,1894,1895,1896,1897,1898,1899,1900,1901,1902,1903,1904,1905,1906,1907,1908,1909,1910,1911,1912,1913,1914,1915,1916,1917,1918,1919,1920,1921,1922,1923,1924,1925,1926,1927,1928,1929,1930,1931,1932,1933,1934,1935,1936,1937,1938,1939,1940,1941,1942,1943,1944,1945,1946,1947,1948,1949,1950,1951,1952,1953,1954,1955,1956,1957,1958,1959,1960,1961,1962,1963,1964,1965,1966,1967,1968,1969,1970,1971,1972,1973,1974,1975,1976,1977,1978,1979,1980,1981,1982,1983,1984,1985,1986,1987,1988,1989,1990,1991,1992,1993,1994,1995,1996,1997,1998,1999,2000,2001,2002,2003,2004,2005,2006,2007,2008],"level":[-41.997302,-41.884816,-41.77233,-41.659845,-41.547359,-41.434874,-41.322388,-41.209903,-41.097417,-40.984931,-40.872446,-40.75996,-40.647475,-40.534989,-40.422503,-40.310018,-40.197532,-40.085047,-39.972561,-39.860075,-39.74759,-39.635104,-39.522619,-39.410133,-39.297648,-39.185162,-39.072676,-38.960191,-38.847705,-38.73522,-38.622734,-38.510248,-38.397763,-38.285277,-38.172792,-38.060306,-37.94782,-37.835335,-37.722849,-37.610364,-37.497878,-37.385392,-37.272907,-37.160421,-37.047936,-36.93545,-36.822965,-36.710479,-36.597993,-36.485508,-36.373022,-36.260537,-36.148051,-36.035565,-35.92308,-35.810594,-35.698109,-35.585623,-35.473137,-35.360652,-35.248166,-35.135681,-35.023195,-34.91071,-34.798224,-34.685738,-34.573253,-34.460767,-34.348282,-34.235796,-34.12331,-34.010825,-33.898339,-33.785854,-33.673368,-33.560882,-33.448397,-33.335911,-33.223426,-33.11094,-32.998455,-32.885969,-32.773483,-32.660998,-32.548512,-32.436027,-32.323541,-32.211055,-32.09857,-31.986084,-31.873599,-31.761113,-31.648627,-31.536142,-31.423656,-31.311171,-31.198685,-31.086199,-30.973714,-30.861228,-30.748743,-30.636257,-30.523772,-30.411286,-30.2988,-30.186315,-30.073829,-29.961344,-29.848858,-29.736372,-29.623887,-29.511401,-29.398916,-29.28643,-29.173944,-29.061459,-28.948973,-28.836488,-28.724002,-28.611517,-28.499031,-28.386545,-28.27406,-28.161574,-28.049089,-27.936603,-27.824117,-27.711632,-27.599146,-27.486661,-27.374175,-27.261689,-27.149204,-27.036718,-26.924233,-26.811747,-26.699261,-26.586776,-26.47429,-26.361805,-26.249319,-26.136834,-26.024348,-25.911862,-25.799377,-25.686891,-25.574406,-25.46192,-25.349434,-25.236949,-25.124463,-25.011978,-24.899492,-24.787006,-24.674521,-24.562035,-24.44955,-24.337064,-24.224579,-24.112093,-23.999607,-23.887122,-23.774636,-23.662151,-23.549665,-23.437179,-23.324694,-23.212208,-23.099723,-22.987237,-22.874751,-22.762266,-22.64978,-22.537295,-22.424809,-22.312324,-22.199838,-22.087352,-21.974867,-21.862381,-21.749896,-21.63741,-21.524924,-21.412439,-21.299953,-21.187471,-21.074985,-20.9625,-20.850014,-20.737528,-20.625043,-20.512557,-20.400072,-20.287586,-20.1751,-20.062615,-19.950129,-19.837644,-19.725158,-19.612673,-19.500187,-19.387701,-19.275216,-19.16273,-19.050245,-18.937759,-18.825273,-18.712788,-18.600302],"drift":[0.11248559,0.11248559,0.11248559,0.11248559,0.11248559,0.11248559,0.11248559,0.11248559,0.11248559,0.11248559,0.11248559,0.11248559,0.11248559,0.11248559,0.11248559,0.11248559,0.11248559,0.11248559,0.11248559,0.11248559,0.11248559,0.11248559,0.11248559,0.11248559,0.11248559,0.11248559,0.11248559,0.11248559,0.11248559,0.11248559,0.11248559,0.11248559,0.11248559,0.11248559,0.11248559,0.11248559,0.11248559,0.11248559,0.11248559,0.11248559,0.11248559,0.11248559,0.11248559,0.11248559,0.11248559,0.11248559,0.11248559,0.11248559,0.11248559,0.11248559,0.11248559,0.11248559,0.11248559,0.11248559,0.11248559,0.11248559,0.11248559,0.11248559,0.11248559,0.11248559,0.11248559,0.11248559,0.11248559,0.11248559,0.11248559,0.11248559,0.11248559,0.11248559,0.11248559,0.11248559,0.11248559,0.11248559,0.11248559,0.11248559,0.11248559,0.11248559,0.11248559,0.11248559,0.11248559,0.11248559,0.11248559,0.11248559,0.11248559,0.11248559,0.11248559,0.11248559,0.11248559,0.11248559,0.11248559,0.11248559,0.11248559,0.11248559,0.11248559,0.11248559,0.11248559,0.11248559,0.11248559,0.11248559,0.11248559,0.11248559,0.11248559,0.11248559,0.11248559,0.11248559,0.11248559,0.11248559,0.11248559,0.11248559,0.11248559,0.11248559,0.11248559,0.11248559,0.11248559,0.11248559,0.11248559,0.11248559,0.11248559,0.11248559,0.11248559,0.11248559,0.11248559,0.11248559,0.11248559,0.11248559,0.11248559,0.11248559,0.11248559,0.11248559,0.11248559,0.11248559,0.11248559,0.11248559,0.11248559,0.11248559,0.11248559,0.11248559,0.11248559,0.11248559,0.11248559,0.11248559,0.11248559,0.11248559,0.11248559,0.11248559,0.11248559,0.11248559,0.11248559,0.11248559,0.11248559,0.11248559,0.11248559,0.11248559,0.11248559,0.11248559,0.11248559,0.11248559,0.11248559,0.11248559,0.11248559,0.11248559,0.11248559,0.11248559,0.11248559,0.11248559,0.11248559,0.11248559,0.11248559,0.11248559,0.11248559,0.11248559,0.11248559,0.11248559,0.11248559,0.11248559,0.11248559,0.11248559,0.11248559,0.11248559,0.11248559,0.11248559,0.11248559,0.11248559,0.11248559,0.11248559,0.11248559,0.11248559,0.11248559,0.11248559,0.11248559,0.11248559,0.11248559,0.11248559,0.11248559,0.11248559,0.11248559,0.11248559,0.11248559,0.11248559,0.11248559,0.11248559,0.11248559,0.11248559,0.11248559,0.11248559,0.11248559,0.11248559,0.11248559,0.11248559,0.11248559],"instab":[null,null,null,null,null,null,null,null,null,null,null,null,null,null,null,null,null,null,null,null,null,null,null,null,null,null,null,null,null,null,null,null,null,null,null,null,null,null,null,null,null,null,null,null,null,null,null,null,null,null,null,null,null,null,null,null,null,null,null,null,null,null,null,null,null,null,null,null,null,null,null,null,null,null,null,null,null,null,null,null,null,null,null,null,null,null,null,null,null,null,null,null,null,null,null,null,null,null,null,null,null,null,null,null,null,null,null,null,null,null,null,null,null,null,null,null,null,null,null,null,null,null,null,null,null,null,null,null,null,null,null,null,null,null,null,null,null,null,null,null,null,null,null,null,null,null,null,null,null,null,null,null,null,null,null,null,null,null,null,null,null,null,null,null,null,null,null,null,null,null,null,null,null,null,null,null,null,null,null,null,null,null,null,null,null,null,null,null,null,null,9.335163,8.583055,7.932567,7.406107,7.01391,6.775983,6.439225,6.14121,5.906018,5.676986,5.482918,5.30312,5.146291,4.994141,1.349273,1.306272,1.2715,1.241699,1.22401],