{"word":"telnetd","years":[1800,1801,1802,1803,1804,1805,1806,1807,1808,1809,1810,1811,1812,1813,1814,1815,1816,1817,1818,1819,1820,1821,1822,1823,1824,1825,1826,1827,1828,1829,1830,1831,1832,1833,1834,1835,1836,1837,1838,1839,1840,1841,1842,1843,1844,1845,1846,1847,1848,1849,1850,1851,1852,1853,1854,1855,1856,1857,1858,1859,1860,1861,1862,1863,1864,1865,1866,1867,1868,1869,1870,1871,1872,1873,1874,1875,1876,1877,1878,1879,1880,1881,1882,1883,1884,1885,1886,1887,1888,1889,1890,1891,1892,1893,1894,1895,1896,1897,1898,1899,1900,1901,1902,1903,1904,1905,1906,1907,1908,1909,1910,1911,1912,1913,1914,1915,1916,1917,1918,1919,1920,1921,1922,1923,1924,1925,1926,1927,1928,1929,1930,1931,1932,1933,1934,1935,1936,1937,1938,1939,1940,1941,1942,1943,1944,1945,1946,1947,1948,1949,1950,1951,1952,1953,1954,1955,1956,1957,1958,1959,1960,1961,1962,1963,1964,1965,1966,1967,1968,1969,1970,1971,1972,1973,1974,1975,1976,1977,1978,1979,1980,1981,1982,1983,1984,1985,1986,1987,1988,1989,1990,1991,1992,1993,1994,1995,1996,1997,1998,1999,2000,2001,2002,2003,2004,2005,2006,2007,2008],"level":[-84.191818,-83.861405,-83.53099,-83.200572,-82.870151,-82.539724,-82.20929,-81.878849,-81.548398,-81.217936,-80.887462,-80.556975,-80.226473,-79.895955,-79.56542,-79.234866,-78.904292,-78.573697,-78.243079,-77.912437,-77.581769,-77.251075,-76.920352,-76.5896,-76.258818,-75.928003,-75.597155,-75.266272,-74.935353,-74.604397,-74.273401,-73.942366,-73.611289,-73.28017,-72.949006,-72.617797,-72.286541,-71.955237,-71.623884,-71.292479,-70.961023,-70.629513,-70.297948,-69.966327,-69.634649,-69.302912,-68.971114,-68.639255,-68.307334,-67.975348,-67.643296,-67.311178,-66.978991,-66.646736,-66.314409,-65.98201,-65.649537,-65.31699,-64.984366,-64.651665,-64.318885,-63.986025,-63.653083,-63.320058,-62.986949,-62.653755,-62.320473,-61.987103,-61.653644,-61.320094,-60.986452,-60.652716,-60.318885,-59.984958,-59.650933,-59.316809,-58.982585,-58.64826,-58.313831,-57.979298,-57.64466,-57.309915,-56.975061,-56.640098,-56.305024,-55.969837,-55.634537,-55.299122,-54.96359,-54.627941,-54.292173,-53.956285,-53.620275,-53.284141,-52.947884,-52.611501,-52.274991,-51.938352,-51.601584,-51.264685,-50.927654,-50.590489,-50.253188,-49.915752,-49.578178,-49.240464,-48.902611,-48.564615,-48.226477,-47.888194,-47.549765,-47.21119,-46.872466,-46.533592,-46.194567,-45.85539,-45.516059,-45.176573,-44.83693,-44.49713,-44.157171,-43.817051,-43.47677,-43.136325,-42.795716,-42.454941,-42.113999,-41.772889,-41.431609,-41.090157,-40.748534,-40.406736,-40.064763,-39.722614,-39.380287,-39.037781,-38.695095,-38.352226,-38.009175,-37.665938,-37.322517,-36.978908,-36.63511,-36.291123,-35.946944,-35.602573,-35.258008,-34.913248,-34.568291,-34.223137,-33.877783,-33.532229,-33.186473,-32.840513,-32.49435,-32.14798,-31.801403,-31.454617,-31.107622,-30.760415,-30.412996,-30.065363,-29.717515,-29.36945,-29.021167,-28.672665,-28.323942,-27.974997,-27.62583,-27.276437,-26.926819,-26.576973,-26.226899,-25.876595,-25.526059,-25.175291,-24.824289,-24.473052,-24.121578,-23.769866,-23.417914,-23.065722,-22.713289,-22.360611,-22.00769,-21.654522,-21.34388,-21.026087,-20.694235,-20.341419,-19.570192,-19.045329,-18.541403,-18.412643,-18.218665,-18.098348,-17.965146,-17.975407,-18.024814,-17.902107,-17.706452,-17.593663,-17.527093,-17.589426,-17.860814,-18.128268,-18.471714,-18.828044,-19.157759],"drift":[0.33042179,0.33042313,0.33042581,0.33042982,0.33043518,0.33044187,0.33044989,0.33045926,0.33046996,0.33048199,0.33049537,0.33051008,0.33052613,0.33054351,0.33056223,0.33058229,0.33060368,0.33062642,0.33065049,0.33067589,0.33070263,0.33073071,0.33076013,0.33079088,0.33082297,0.3308564,0.33089116,0.33092726,0.3309647,0.33100347,0.33104359,0.33108503,0.33112782,0.33117194,0.3312174,0.33126419,0.33131233,0.33136179,0.3314126,0.33146474,0.33151822,0.33157304,0.33162919,0.33168668,0.33174551,0.33180567,0.33186718,0.33193001,0.33199419,0.3320597,0.33212655,0.33219473,0.33226425,0.33233511,0.33240731,0.33248084,0.33255571,0.33263192,0.33270946,0.33278834,0.33286856,0.33295011,0.333033,0.33311723,0.33320279,0.33328969,0.33337793,0.33346751,0.33355842,0.33365067,0.33374425,0.33383918,0.33393543,0.33403303,0.33413196,0.33423223,0.33433384,0.33443678,0.33454106,0.33464668,0.33475364,0.33486193,0.33497155,0.33508252,0.33519482,0.33530846,0.33542343,0.33553975,0.33565739,0.33577638,0.3358967,0.33601836,0.33614136,0.33626569,0.33639136,0.33651837,0.33664671,0.33677639,0.33690741,0.33703977,0.33717346,0.33730849,0.33744485,0.33758255,0.33772159,0.33786197,0.33800368,0.33814673,0.33829111,0.33843684,0.3385839,0.33873229,0.33888203,0.3390331,0.33918551,0.33933925,0.33949433,0.33965075,0.3398085,0.3399676,0.34012802,0.34028979,0.34045289,0.34061733,0.34078311,0.34095022,0.34111867,0.34128846,0.34145958,0.34163204,0.34180584,0.34198097,0.34215744,0.34233525,0.34251439,0.34269487,0.34287669,0.34305985,0.34324434,0.34343017,0.34361733,0.34380584,0.34399568,0.34418685,0.34437937,0.34457322,0.3447684,0.34496493,0.34516279,0.34536198,0.34556252,0.34576439,0.3459676,0.34617214,0.34637802,0.34658524,0.3467938,0.34700369,0.34721492,0.34742749,0.34764139,0.34785663,0.34807321,0.34829112,0.34851037,0.34873096,0.34895288,0.34917614,0.34940074,0.34962667,0.34985395,0.35008255,0.3503125,0.35054378,0.3507764,0.35101036,0.35124565,0.35148228,0.35172024,0.35195955,0.35220019,0.35244216,0.35268548,0.35293013,0.35317612,0.35342344,0.36057637,0.37463488,0.39559899,0.4234687,0.39520701,0.34601768,0.2713406,0.2196772,0.17216199,0.13301496,0.09383776,0.07146298,0.0685978,0.05699883,0.02301958,-0.02544935,-0.08877102,-0.15635997,-0.2053824,-0.24438594,-0.2674003,-0.27606048,-0.27606048],"instab":[null,null,null,null,null,null,null,null,null,null,null,null,null,null,null,null,null,null,null,null,null,null,null,null,null,null,null,null,null,null,null,null,null,null,null,null,null,null,null,null,null,null,null,null,null,null,null,null,null,null,null,null,null,null,null,null,null,null,null,null,null,null,null,null,null,null,null,null,null,null,null,null,null,null,null,null,null,null,null,null,null,null,null,null,null,null,null,null,null,null,null,null,null,null,null,null,null,null,null,null,null,null,null,null,null,null,null,null,null,null,null,null,null,null,null,null,null,null,null,null,null,null,null,null,null,null,null,null,null,null,null,null,null,null,null,null,null,null,null,null,null,null,null,null,null,null,null,null,null,null,null,null,null,null,null,null,null,null,null,null,null,null,null,null,null,null,null,null,null,null,null,null,null,null,null,null,null,null,null,null,null,null,null,null,null,null,null,null,null,null,null,null,10.188956,9.146155,8.410689,7.818207,7.361293,6.958202,6.605785,6.319839,6.085577,5.863631,5.666963,5.487599,5.313602,1.01107,0.992139,0.971992,0.949258],