{"word":"tenoxicam","years":[1800,1801,1802,1803,1804,1805,1806,1807,1808,1809,1810,1811,1812,1813,1814,1815,1816,1817,1818,1819,1820,1821,1822,1823,1824,1825,1826,1827,1828,1829,1830,1831,1832,1833,1834,1835,1836,1837,1838,1839,1840,1841,1842,1843,1844,1845,1846,1847,1848,1849,1850,1851,1852,1853,1854,1855,1856,1857,1858,1859,1860,1861,1862,1863,1864,1865,1866,1867,1868,1869,1870,1871,1872,1873,1874,1875,1876,1877,1878,1879,1880,1881,1882,1883,1884,1885,1886,1887,1888,1889,1890,1891,1892,1893,1894,1895,1896,1897,1898,1899,1900,1901,1902,1903,1904,1905,1906,1907,1908,1909,1910,1911,1912,1913,1914,1915,1916,1917,1918,1919,1920,1921,1922,1923,1924,1925,1926,1927,1928,1929,1930,1931,1932,1933,1934,1935,1936,1937,1938,1939,1940,1941,1942,1943,1944,1945,1946,1947,1948,1949,1950,1951,1952,1953,1954,1955,1956,1957,1958,1959,1960,1961,1962,1963,1964,1965,1966,1967,1968,1969,1970,1971,1972,1973,1974,1975,1976,1977,1978,1979,1980,1981,1982,1983,1984,1985,1986,1987,1988,1989,1990,1991,1992,1993,1994,1995,1996,1997,1998,1999,2000,2001,2002,2003,2004,2005,2006,2007,2008],"level":[-56.051893,-55.86033,-55.668766,-55.477203,-55.285639,-55.094074,-54.90251,-54.710944,-54.519377,-54.32781,-54.136242,-53.944672,-53.753101,-53.561529,-53.369955,-53.17838,-52.986803,-52.795224,-52.603643,-52.41206,-52.220475,-52.028887,-51.837297,-51.645705,-51.454109,-51.262512,-51.070911,-50.879307,-50.6877,-50.49609,-50.304476,-50.112859,-49.921239,-49.729614,-49.537986,-49.346354,-49.154718,-48.963078,-48.771433,-48.579784,-48.388131,-48.196473,-48.00481,-47.813142,-47.62147,-47.429792,-47.238109,-47.046421,-46.854727,-46.663028,-46.471323,-46.279613,-46.087896,-45.896173,-45.704445,-45.51271,-45.320968,-45.129221,-44.937466,-44.745705,-44.553937,-44.362162,-44.17038,-43.978591,-43.786795,-43.594991,-43.40318,-43.211361,-43.019534,-42.8277,-42.635857,-42.444007,-42.252148,-42.060281,-41.868405,-41.676521,-41.484628,-41.292727,-41.100816,-40.908897,-40.716968,-40.52503,-40.333083,-40.141126,-39.94916,-39.757184,-39.565198,-39.373202,-39.181196,-38.98918,-38.797154,-38.605117,-38.41307,-38.221012,-38.028943,-37.836864,-37.644773,-37.452672,-37.260559,-37.068435,-36.876299,-36.684152,-36.491993,-36.299822,-36.10764,-35.915445,-35.723238,-35.531019,-35.338788,-35.146544,-34.954288,-34.762018,-34.569736,-34.377441,-34.185133,-33.992812,-33.800478,-33.60813,-33.415768,-33.223393,-33.031004,-32.838602,-32.646185,-32.453754,-32.261309,-32.06885,-31.876376,-31.683887,-31.491384,-31.298866,-31.106333,-30.913786,-30.721223,-30.528644,-30.336051,-30.143442,-29.950817,-29.758176,-29.56552,-29.372848,-29.180159,-28.987455,-28.794734,-28.601997,-28.409243,-28.216473,-28.023685,-27.830881,-27.63806,-27.445222,-27.252366,-27.059494,-26.866603,-26.673696,-26.48077,-26.287827,-26.094866,-25.901886,-25.708889,-25.515873,-25.322839,-25.129787,-24.936715,-24.743625,-24.550517,-24.357389,-24.164242,-23.971076,-23.777891,-23.584686,-23.391462,-23.198218,-23.004954,-22.81167,-22.618367,-22.425043,-22.231699,-22.038335,-21.84495,-21.651545,-21.458118,-21.264669,-21.072622,-20.883396,-20.698411,-20.519088,-20.346849,-20.179823,-20.022465,-19.874472,-19.731716,-19.591812,-19.456928,-19.329209,-19.212177,-19.1077,-19.017159,-18.943077,-18.885835,-18.845226,-18.822337,-18.817404,-18.826377,-18.846792,-18.876409,-18.915135,-18.96115,-19.012371,-19.066171],"drift":[0.19156323,0.19156334,0.19156357,0.19156392,0.19156438,0.19156496,0.19156566,0.19156647,0.19156739,0.19156843,0.19156959,0.19157086,0.19157225,0.19157375,0.19157537,0.19157711,0.19157896,0.19158092,0.19158301,0.1915852,0.19158752,0.19158994,0.19159249,0.19159515,0.19159792,0.19160081,0.19160382,0.19160694,0.19161018,0.19161354,0.191617,0.19162059,0.19162429,0.19162811,0.19163204,0.19163609,0.19164025,0.19164453,0.19164892,0.19165343,0.19165806,0.1916628,0.19166765,0.19167263,0.19167772,0.19168292,0.19168824,0.19169367,0.19169922,0.19170489,0.19171067,0.19171657,0.19172258,0.19172871,0.19173496,0.19174132,0.19174779,0.19175438,0.19176109,0.19176791,0.19177485,0.1917819,0.19178907,0.19179636,0.19180376,0.19181127,0.19181891,0.19182665,0.19183452,0.1918425,0.19185059,0.1918588,0.19186713,0.19187557,0.19188412,0.1918928,0.19190158,0.19191049,0.19191951,0.19192864,0.19193789,0.19194726,0.19195674,0.19196634,0.19197605,0.19198588,0.19199583,0.19200589,0.19201606,0.19202635,0.19203676,0.19204728,0.19205792,0.19206867,0.19207954,0.19209053,0.19210163,0.19211285,0.19212418,0.19213563,0.19214719,0.19215887,0.19217066,0.19218257,0.1921946,0.19220674,0.192219,0.19223137,0.19224386,0.19225646,0.19226918,0.19228202,0.19229497,0.19230803,0.19232122,0.19233451,0.19234793,0.19236146,0.1923751,0.19238886,0.19240274,0.19241673,0.19243083,0.19244506,0.1924594,0.19247385,0.19248842,0.1925031,0.19251791,0.19253282,0.19254785,0.192563,0.19257827,0.19259364,0.19260914,0.19262475,0.19264047,0.19265632,0.19267227,0.19268835,0.19270453,0.19272084,0.19273726,0.19275379,0.19277044,0.19278721,0.19280409,0.19282109,0.1928382,0.19285543,0.19287278,0.19289024,0.19290781,0.19292551,0.19294331,0.19296124,0.19297927,0.19299743,0.1930157,0.19303408,0.19305258,0.1930712,0.19308993,0.19310878,0.19312774,0.19314682,0.19316602,0.19318533,0.19320475,0.1932243,0.19324395,0.19326373,0.19328362,0.19330362,0.19332374,0.19334397,0.19336433,0.19338479,0.19340537,0.19342607,0.19344689,0.19204696,0.18922627,0.18498484,0.17932265,0.17223972,0.16702577,0.15735793,0.1479928,0.1427564,0.13990362,0.13488427,0.12771921,0.11703136,0.10447784,0.0905408,0.07408127,0.0572421,0.04060887,0.02288916,0.00493366,-0.00897289,-0.02041527,-0.02961713,-0.03872635,-0.04601482,-0.05122092,-0.05379967,-0.05379967],"instab":[null,null,null,null,null,null,null,null,null,null,null,null,null,null,null,null,null,null,null,null,null,null,null,null,null,null,null,null,null,null,null,null,null,null,null,null,null,null,null,null,null,null,null,null,null,null,null,null,null,null,null,null,null,null,null,null,null,null,null,null,null,null,null,null,null,null,null,null,null,null,null,null,null,null,null,null,null,null,null,null,null,null,null,null,null,null,null,null,null,null,null,null,null,null,null,null,null,null,null,null,null,null,null,null,null,null,null,null,null,null,null,null,null,null,null,null,null,null,null,null,null,null,null,null,null,null,null,null,null,null,null,null,null,null,null,null,null,null,null,null,null,null,null,null,null,null,null,null,null,null,null,null,null,null,null,null,null,null,null,null,null,null,null,null,null,null,null,null,null,null,null,null,null,null,null,null,null,null,null,null,null,null,null,null,null,null,null,null,10.28156,9.254011,8.473764,7.935727,7.470356,7.113694,6.783222,6.482701,6.242092,6.011012,5.796426,5.612458,1.352563,1.34091,1.306502,1.287906,1.25699,1.048518,0.84659,0.695674,0.682529],