{"word":"tensioner","years":[1800,1801,1802,1803,1804,1805,1806,1807,1808,1809,1810,1811,1812,1813,1814,1815,1816,1817,1818,1819,1820,1821,1822,1823,1824,1825,1826,1827,1828,1829,1830,1831,1832,1833,1834,1835,1836,1837,1838,1839,1840,1841,1842,1843,1844,1845,1846,1847,1848,1849,1850,1851,1852,1853,1854,1855,1856,1857,1858,1859,1860,1861,1862,1863,1864,1865,1866,1867,1868,1869,1870,1871,1872,1873,1874,1875,1876,1877,1878,1879,1880,1881,1882,1883,1884,1885,1886,1887,1888,1889,1890,1891,1892,1893,1894,1895,1896,1897,1898,1899,1900,1901,1902,1903,1904,1905,1906,1907,1908,1909,1910,1911,1912,1913,1914,1915,1916,1917,1918,1919,1920,1921,1922,1923,1924,1925,1926,1927,1928,1929,1930,1931,1932,1933,1934,1935,1936,1937,1938,1939,1940,1941,1942,1943,1944,1945,1946,1947,1948,1949,1950,1951,1952,1953,1954,1955,1956,1957,1958,1959,1960,1961,1962,1963,1964,1965,1966,1967,1968,1969,1970,1971,1972,1973,1974,1975,1976,1977,1978,1979,1980,1981,1982,1983,1984,1985,1986,1987,1988,1989,1990,1991,1992,1993,1994,1995,1996,1997,1998,1999,2000,2001,2002,2003,2004,2005,2006,2007,2008],"level":[-18.189983,-18.202521,-18.215059,-18.227597,-18.240136,-18.252674,-18.275701,-18.298724,-18.32174,-18.344743,-18.367731,-18.390699,-18.413644,-18.436561,-18.459447,-18.482297,-18.505108,-18.527875,-18.550596,-18.573265,-18.595879,-18.618434,-18.640926,-18.663352,-18.685706,-18.707986,-18.730187,-18.752305,-18.774337,-18.796279,-18.818126,-18.839874,-18.861521,-18.883061,-18.904491,-18.925806,-18.947004,-18.96808,-18.98903,-19.00985,-19.030537,-19.051085,-19.071492,-19.091754,-19.111866,-19.131824,-19.151625,-19.171265,-19.19074,-19.210045,-19.229178,-19.248133,-19.266907,-19.285497,-19.303898,-19.322105,-19.340116,-19.357927,-19.375533,-19.39293,-19.410115,-19.427084,-19.443832,-19.460356,-19.476652,-19.492715,-19.508543,-19.524131,-19.539475,-19.55457,-19.569415,-19.584003,-19.598332,-19.612397,-19.626194,-19.639721,-19.652971,-19.665943,-19.678631,-19.691032,-19.703142,-19.714957,-19.726472,-19.737685,-19.748591,-19.759186,-19.769467,-19.779429,-19.789068,-19.79838,-19.807363,-19.81601,-19.82432,-19.832287,-19.839908,-19.847179,-19.854095,-19.860654,-19.866851,-19.872682,-19.878143,-19.88323,-19.88794,-19.892268,-19.896211,-19.899764,-19.902923,-19.905685,-19.908046,-19.910002,-19.911549,-19.912682,-19.913399,-19.913694,-19.913565,-19.913007,-19.912016,-19.910588,-19.90872,-19.906407,-19.903646,-19.900432,-19.896762,-19.892632,-19.888037,-19.884559,-19.880609,-19.876182,-19.871272,-19.888874,-19.905976,-19.922565,-19.876247,-19.774377,-19.621624,-19.468436,-19.314864,-19.351605,-19.258014,-19.164093,-19.069869,-18.875584,-18.77786,-18.730011,-18.681418,-18.678837,-18.624773,-18.554683,-18.445204,-18.262692,-18.177861,-18.141501,-18.189605,-18.140638,-18.139701,-18.17109,-18.168184,-18.225898,-18.261819,-18.172873,-18.187461,-18.176507,-18.180299,-18.12741,-18.24212,-18.233411,-18.250842,-18.227614,-18.21628,-18.197246,-18.063455,-17.963593,-17.929667,-17.745132,-17.607075,-17.428854,-17.222117,-17.03545,-16.867273,-16.804336,-16.690404,-16.543958,-16.385519,-16.283597,-16.232704,-16.177187,-16.125311,-16.097039,-16.150478,-16.196263,-16.198557,-16.296875,-16.374841,-16.467648,-16.562187,-16.627157,-16.696633,-16.683669,-16.656328,-16.669104,-16.639503,-16.554283,-16.445531,-16.372128,-16.364732,-16.426718,-16.522744,-16.632107,-16.724421],"drift":[-0.01253718,-0.01253718,-0.01253718,-0.01253718,-0.01253718,-0.01253718,-0.01253324,-0.01252537,-0.01251357,-0.01249783,-0.01247816,-0.01245455,-0.01242701,-0.01239553,-0.01236012,-0.01232078,-0.0122775,-0.01223029,-0.01217915,-0.01212407,-0.01206505,-0.0120021,-0.01193522,-0.01186441,-0.01178966,-0.01171097,-0.01162835,-0.0115418,-0.01145131,-0.01135689,-0.01125853,-0.01115624,-0.01105002,-0.01093986,-0.01082577,-0.01070774,-0.01058578,-0.01045989,-0.01033006,-0.0101963,-0.0100586,-0.00991697,-0.0097714,-0.0096219,-0.00946847,-0.0093111,-0.0091498,-0.00898457,-0.0088154,-0.00864229,-0.00846525,-0.00828428,-0.00809937,-0.00791053,-0.00771776,-0.00752105,-0.0073204,-0.00711583,-0.00690731,-0.00669487,-0.00647849,-0.00625817,-0.00603393,-0.00580574,-0.00557363,-0.00533757,-0.00509759,-0.00485367,-0.00460582,-0.00435403,-0.00409831,-0.00383865,-0.00357506,-0.00330754,-0.00303608,-0.00276069,-0.00248136,-0.0021981,-0.00191091,-0.00161978,-0.00132471,-0.00102572,-0.00072278,-0.00041592,-0.00010512,0.00020962,0.00052828,0.00085089,0.00117742,0.00150789,0.0018423,0.00218064,0.00252291,0.00286912,0.00321926,0.00357333,0.00393134,0.00429329,0.00465917,0.00502898,0.00540272,0.0057804,0.00616202,0.00654757,0.00693705,0.00733047,0.00772782,0.0081291,0.00853432,0.00894348,0.00935656,0.00977359,0.01019454,0.01061943,0.01104826,0.01148102,0.01191771,0.01235834,0.0128029,0.01325139,0.01370382,0.01416018,0.01462048,0.01508471,0.01555288,0.01602557,0.0165028,0.01698455,0.01747083,0.01797026,0.01848285,0.01900859,0.01952409,0.02000871,0.02044354,0.02082859,0.02116385,0.02152083,0.02185078,0.02215371,0.0224296,0.02264104,0.02282433,0.02299823,0.02316253,0.02333454,0.02349504,0.02363806,0.02374888,0.02380017,0.02382856,0.02385226,0.02390294,0.02394422,0.02399413,0.02406481,0.02414342,0.02425274,0.02438462,0.02449229,0.02461462,0.02474207,0.02488022,0.02500786,0.02518791,0.02537414,0.02557642,0.02577958,0.02598815,0.02619934,0.02637017,0.02651345,0.02665394,0.02673522,0.02677475,0.02675749,0.02667272,0.02652796,0.02633006,0.02611844,0.02587389,0.02558412,0.02524452,0.02487617,0.02449806,0.02410831,0.02370815,0.02330628,0.02293319,0.02258588,0.02224789,0.02195512,0.02169983,0.02148748,0.02131864,0.02118216,0.02107969,0.02098026,0.02087844,0.02078924,0.02069674,0.02058004,0.02043028,0.02026065,0.02009584,0.01996181,0.01987129,0.01982923,0.01982923],"instab":[null,null,null,null,null,null,null,null,null,null,null,null,null,null,null,null,null,null,null,null,null,null,null,null,null,null,null,null,null,null,null,null,null,null,null,null,null,null,null,null,null,null,null,null,null,null,null,null,null,null,null,null,null,null,null,null,null,null,null,null,null,null,null,null,null,null,null,null,null,null,null,null,null,null,null,null,null,null,null,null,null,null,null,null,null,null,null,null,null,null,null,null,null,null,null,null,null,null,null,null,null,null,null,null,null,null,null,null,null,null,null,null,null,null,null,null,null,null,null,null,null,null,null,null,null,null,null,null,null,null,null,null,null,185.131501,185.131501,185.131501,168.771081,156.366142,156.366142,156.366142,146.289153,137.851409,130.758241,124.679278,1.136334,1.110938,1.066153,1.029845,1.039393,1.057832,1.027013,0.99993,1.062359,1.060469,1.027417,1.017144,0.823184,0.748125,0.8105,0.823428,0.824959,0.733435,0.729537,0.813178,0.892387,0.884857,0.892946,0.892401,0.889238,0.850288,0.853857,0.858899,0.870349,0.895677,0.893953,0.891264,0.905689,0.91288,0.901643,0.877477,0.871029,0.871665,0.870945,0.812516,0.69838,0.699519,0.67777,0.682353,0.697425,0.670529,0.669084,0.689399,0.602945,0.596526,0.632386,0.639924,0.673125,0.653002,0.564082,0.569766,0.576787,0.570108,0.542346,0.54935,0.56934,0.568176,0.564481,0.54206,0.607619],