{"word":"terabyte","years":[1800,1801,1802,1803,1804,1805,1806,1807,1808,1809,1810,1811,1812,1813,1814,1815,1816,1817,1818,1819,1820,1821,1822,1823,1824,1825,1826,1827,1828,1829,1830,1831,1832,1833,1834,1835,1836,1837,1838,1839,1840,1841,1842,1843,1844,1845,1846,1847,1848,1849,1850,1851,1852,1853,1854,1855,1856,1857,1858,1859,1860,1861,1862,1863,1864,1865,1866,1867,1868,1869,1870,1871,1872,1873,1874,1875,1876,1877,1878,1879,1880,1881,1882,1883,1884,1885,1886,1887,1888,1889,1890,1891,1892,1893,1894,1895,1896,1897,1898,1899,1900,1901,1902,1903,1904,1905,1906,1907,1908,1909,1910,1911,1912,1913,1914,1915,1916,1917,1918,1919,1920,1921,1922,1923,1924,1925,1926,1927,1928,1929,1930,1931,1932,1933,1934,1935,1936,1937,1938,1939,1940,1941,1942,1943,1944,1945,1946,1947,1948,1949,1950,1951,1952,1953,1954,1955,1956,1957,1958,1959,1960,1961,1962,1963,1964,1965,1966,1967,1968,1969,1970,1971,1972,1973,1974,1975,1976,1977,1978,1979,1980,1981,1982,1983,1984,1985,1986,1987,1988,1989,1990,1991,1992,1993,1994,1995,1996,1997,1998,1999,2000,2001,2002,2003,2004,2005,2006,2007,2008],"level":[-17.483697,-17.528551,-17.573404,-17.618258,-17.663112,-17.707966,-17.75282,-17.797673,-17.842527,-17.887381,-17.932234,-17.977088,-18.021942,-18.066795,-18.111648,-18.156502,-18.201355,-18.246208,-18.291061,-18.335914,-18.380767,-18.42562,-18.470473,-18.515326,-18.560178,-18.605031,-18.649883,-18.694735,-18.739587,-18.784439,-18.829291,-18.874143,-18.918994,-18.963846,-19.008697,-19.053548,-19.098399,-19.14325,-19.1881,-19.232951,-19.277801,-19.322651,-19.367501,-19.412351,-19.470989,-19.529613,-19.588208,-19.646761,-19.705257,-19.763682,-19.822022,-19.880262,-19.938389,-19.996389,-20.054247,-20.111949,-20.16948,-20.226828,-20.283977,-20.340914,-20.397623,-20.454093,-20.510307,-20.566251,-20.621913,-20.677277,-20.73233,-20.787056,-20.841443,-20.895476,-20.94914,-21.002422,-21.055307,-21.107782,-21.159832,-21.211443,-21.2626,-21.313291,-21.363499,-21.413212,-21.462416,-21.511095,-21.559236,-21.606825,-21.653848,-21.700289,-21.746137,-21.791375,-21.83599,-21.879968,-21.923294,-21.965956,-22.007937,-22.049224,-22.089804,-22.129661,-22.168782,-22.207153,-22.244759,-22.281586,-22.31762,-22.352848,-22.387254,-22.420824,-22.453545,-22.485402,-22.516382,-22.546469,-22.57565,-22.603911,-22.631238,-22.657615,-22.68303,-22.707468,-22.730915,-22.753357,-22.774779,-22.795167,-22.814508,-22.832787,-22.84999,-22.866103,-22.881111,-22.895001,-22.907758,-22.919368,-22.929818,-22.939092,-22.947177,-22.954058,-22.959722,-22.964154,-22.96734,-22.969266,-22.969918,-22.969281,-22.967342,-22.964087,-22.9595,-22.953568,-22.946277,-22.937613,-22.927561,-22.916108,-22.903239,-22.88894,-22.873197,-22.855995,-22.837322,-22.817161,-22.7955,-22.772324,-22.747619,-22.721371,-22.693565,-22.664188,-22.633225,-22.600663,-22.566486,-22.530682,-22.493235,-22.454131,-22.413357,-22.370898,-22.326741,-22.28087,-22.233272,-22.183932,-22.132838,-22.079973,-22.025325,-21.968878,-21.910619,-21.850535,-21.788609,-21.724829,-21.535427,-21.344269,-21.151468,-20.957136,-20.177356,-21.011542,-21.844077,-21.429607,-21.425702,-20.170686,-18.876842,-19.381984,-18.548187,-18.159358,-17.610493,-17.738981,-17.349097,-17.473566,-17.385513,-17.241943,-17.236079,-17.022623,-16.814232,-16.74136,-16.78228,-16.674328,-16.520547,-16.494448,-16.648896,-16.793108,-16.770978,-16.796223,-16.9689],"drift":[-0.04484933,-0.04484932,-0.04484931,-0.0448493,-0.04484928,-0.04484926,-0.04484923,-0.0448492,-0.04484916,-0.04484912,-0.04484907,-0.04484902,-0.04484897,-0.0448489,-0.04484884,-0.04484877,-0.0448487,-0.04484862,-0.04484853,-0.04484845,-0.04484835,-0.04484826,-0.04484815,-0.04484805,-0.04484794,-0.04484782,-0.0448477,-0.04484758,-0.04484745,-0.04484731,-0.04484717,-0.04484703,-0.04484688,-0.04484673,-0.04484657,-0.04484641,-0.04484624,-0.04484607,-0.04484589,-0.04484571,-0.04484553,-0.04484534,-0.04484514,-0.04484494,-0.04483059,-0.04480208,-0.04475941,-0.04470259,-0.04463161,-0.04454647,-0.04444718,-0.04433374,-0.04420613,-0.04406437,-0.04390846,-0.04373839,-0.04355416,-0.04335578,-0.04314324,-0.04291655,-0.0426757,-0.04242069,-0.04215153,-0.04186821,-0.04157074,-0.04125911,-0.04093332,-0.04059338,-0.04023928,-0.03987103,-0.03948862,-0.03909205,-0.03868133,-0.03825646,-0.03781742,-0.03736423,-0.03689689,-0.03641539,-0.03591973,-0.03540992,-0.03488595,-0.03434782,-0.03379554,-0.03322911,-0.03264851,-0.03205376,-0.03144486,-0.0308218,-0.03018458,-0.02953321,-0.02886768,-0.028188,-0.02749416,-0.02678616,-0.02606401,-0.0253277,-0.02457724,-0.02381262,-0.02303384,-0.02224091,-0.02143382,-0.02061258,-0.01977718,-0.01892763,-0.01806392,-0.01718605,-0.01629402,-0.01538785,-0.01446751,-0.01353302,-0.01258437,-0.01162157,-0.01064461,-0.0096535,-0.00864823,-0.0076288,-0.00659522,-0.00554748,-0.00448558,-0.00340953,-0.00231933,-0.00121496,-9.645e-05,0.00103623,0.00218306,0.00334404,0.00451919,0.00570848,0.00691194,0.00812955,0.00936131,0.01060723,0.01186731,0.01314154,0.01442993,0.01573248,0.01704918,0.01838004,0.01972505,0.02108422,0.02245754,0.02384503,0.02524666,0.02666246,0.0280924,0.02953651,0.03099477,0.03246719,0.03395376,0.03545449,0.03696937,0.03849841,0.04004161,0.04159896,0.04317047,0.04475613,0.04635595,0.04796993,0.04959806,0.05124035,0.05289679,0.05456739,0.05625215,0.05795106,0.05966412,0.06139135,0.06313273,0.06488826,0.06665795,0.0684418,0.0702398,0.07205196,0.07387828,0.07571875,0.07757338,0.07944216,0.08119809,0.08284117,0.0843714,0.08578878,0.08649393,0.08814396,0.09073887,0.09300153,0.09535564,0.0965196,0.09645477,0.09700734,0.09680376,0.09630048,0.09533274,0.0945947,0.09355361,0.09273627,0.09192374,0.0910582,0.0902801,0.08937559,0.08834893,0.08733816,0.08645901,0.08555781,0.08458659,0.08367539,0.08300858,0.08257496,0.08220338,0.08194207,0.08194207],"instab":[null,null,null,null,null,null,null,null,null,null,null,null,null,null,null,null,null,null,null,null,null,null,null,null,null,null,null,null,null,null,null,null,null,null,null,null,null,null,null,null,null,null,null,null,null,null,null,null,null,null,null,null,null,null,null,null,null,null,null,null,null,null,null,null,null,null,null,null,null,null,null,null,null,null,null,null,null,null,null,null,null,null,null,null,null,null,null,null,null,null,null,null,null,null,null,null,null,null,null,null,null,null,null,null,null,null,null,null,null,null,null,null,null,null,null,null,null,null,null,null,null,null,null,null,null,null,null,null,null,null,null,null,null,null,null,null,null,null,null,null,null,null,null,null,null,null,null,null,null,null,null,null,null,null,null,null,null,null,null,null,null,null,null,null,null,null,null,null,null,null,null,null,null,null,null,null,null,null,null,null,null,null,null,25.591483,23.370176,21.561851,20.116497,19.014862,18.020972,17.183536,16.448025,15.81831,15.242638,14.736886,14.273862,0.799806,0.779054,0.756165,0.735208,0.720712,0.702633,0.684262,0.508832,0.507337,0.514851,0.442101,0.317665,0.277365,0.213655],