{"word":"teraflop","years":[1800,1801,1802,1803,1804,1805,1806,1807,1808,1809,1810,1811,1812,1813,1814,1815,1816,1817,1818,1819,1820,1821,1822,1823,1824,1825,1826,1827,1828,1829,1830,1831,1832,1833,1834,1835,1836,1837,1838,1839,1840,1841,1842,1843,1844,1845,1846,1847,1848,1849,1850,1851,1852,1853,1854,1855,1856,1857,1858,1859,1860,1861,1862,1863,1864,1865,1866,1867,1868,1869,1870,1871,1872,1873,1874,1875,1876,1877,1878,1879,1880,1881,1882,1883,1884,1885,1886,1887,1888,1889,1890,1891,1892,1893,1894,1895,1896,1897,1898,1899,1900,1901,1902,1903,1904,1905,1906,1907,1908,1909,1910,1911,1912,1913,1914,1915,1916,1917,1918,1919,1920,1921,1922,1923,1924,1925,1926,1927,1928,1929,1930,1931,1932,1933,1934,1935,1936,1937,1938,1939,1940,1941,1942,1943,1944,1945,1946,1947,1948,1949,1950,1951,1952,1953,1954,1955,1956,1957,1958,1959,1960,1961,1962,1963,1964,1965,1966,1967,1968,1969,1970,1971,1972,1973,1974,1975,1976,1977,1978,1979,1980,1981,1982,1983,1984,1985,1986,1987,1988,1989,1990,1991,1992,1993,1994,1995,1996,1997,1998,1999,2000,2001,2002,2003,2004,2005,2006,2007,2008],"level":[-33.223972,-33.162907,-33.101841,-33.040774,-32.979704,-32.918632,-32.857556,-32.796476,-32.735391,-32.6743,-32.613203,-32.552098,-32.490986,-32.429865,-32.368735,-32.307595,-32.246444,-32.185282,-32.124108,-32.062921,-32.00172,-31.940505,-31.879275,-31.818029,-31.756767,-31.695487,-31.63419,-31.572874,-31.511539,-31.450184,-31.388809,-31.327411,-31.265992,-31.20455,-31.143084,-31.081594,-31.020079,-30.958538,-30.896971,-30.835377,-30.773755,-30.712104,-30.650424,-30.588714,-30.526974,-30.465202,-30.403397,-30.34156,-30.27969,-30.217785,-30.155845,-30.093869,-30.031857,-29.969808,-29.907721,-29.845596,-29.783431,-29.721226,-29.65898,-29.596694,-29.534364,-29.471993,-29.409577,-29.347117,-29.284613,-29.222062,-29.159465,-29.096821,-29.034129,-28.971389,-28.908599,-28.84576,-28.782869,-28.719928,-28.656934,-28.593887,-28.530787,-28.467632,-28.404423,-28.341157,-28.277836,-28.214457,-28.15102,-28.087525,-28.023971,-27.960356,-27.896681,-27.832945,-27.769146,-27.705284,-27.641359,-27.57737,-27.513316,-27.449196,-27.385009,-27.320756,-27.256434,-27.192044,-27.127585,-27.063056,-26.998456,-26.933785,-26.869041,-26.804225,-26.739335,-26.674371,-26.609332,-26.544218,-26.479026,-26.413758,-26.348412,-26.282987,-26.217484,-26.1519,-26.086235,-26.020489,-25.954661,-25.88875,-25.822756,-25.756677,-25.690513,-25.624264,-25.557928,-25.491505,-25.424994,-25.358395,-25.291706,-25.224928,-25.158059,-25.091098,-25.024045,-24.9569,-24.889661,-24.822327,-24.754899,-24.687375,-24.619754,-24.552037,-24.484222,-24.416308,-24.348294,-24.280181,-24.211967,-24.143652,-24.075235,-24.006715,-23.938091,-23.869363,-23.80053,-23.731591,-23.662546,-23.593394,-23.524134,-23.454766,-23.385288,-23.3157,-23.246002,-23.176192,-23.10627,-23.036235,-22.966087,-22.895825,-22.825447,-22.754954,-22.684344,-22.613618,-22.542773,-22.47181,-22.400728,-22.329526,-22.258203,-22.186758,-22.115192,-22.043503,-21.97169,-21.899753,-21.827691,-21.755503,-21.683189,-21.610748,-21.538179,-21.465481,-21.392654,-21.319698,-21.249687,-21.13018,-20.911809,-20.536958,-20.096783,-19.679412,-19.280682,-18.861807,-18.508679,-18.298748,-18.23791,-18.286696,-18.395857,-18.486732,-18.538718,-18.553015,-18.576603,-18.622764,-18.660261,-18.686915,-18.755042,-18.83397,-18.950558,-19.125047,-19.3121],"drift":[0.06106514,0.06106585,0.06106728,0.06106942,0.06107228,0.06107585,0.06108014,0.06108514,0.06109085,0.06109728,0.06110442,0.06111228,0.06112085,0.06113013,0.06114013,0.06115084,0.06116227,0.06117441,0.06118727,0.06120083,0.06121512,0.06123011,0.06124582,0.06126225,0.06127939,0.06129724,0.06131581,0.06133509,0.06135509,0.0613758,0.06139722,0.06141936,0.06144221,0.06146577,0.06149005,0.06151505,0.06154075,0.06156718,0.06159431,0.06162216,0.06165073,0.06168,0.06171,0.0617407,0.06177212,0.06180426,0.06183711,0.06187067,0.06190495,0.06193994,0.06197564,0.06201206,0.06204919,0.06208704,0.0621256,0.06216488,0.06220487,0.06224557,0.06228699,0.06232912,0.06237196,0.06241552,0.0624598,0.06250479,0.06255049,0.0625969,0.06264403,0.06269188,0.06274044,0.06278971,0.06283969,0.06289039,0.06294181,0.06299394,0.06304678,0.06310034,0.06315461,0.06320959,0.06326529,0.0633217,0.06337883,0.06343667,0.06349523,0.0635545,0.06361448,0.06367518,0.06373659,0.06379871,0.06386155,0.06392511,0.06398937,0.06405436,0.06412005,0.06418646,0.06425358,0.06432142,0.06438997,0.06445924,0.06452922,0.06459992,0.06467132,0.06474345,0.06481628,0.06488983,0.0649641,0.06503908,0.06511477,0.06519118,0.0652683,0.06534613,0.06542468,0.06550394,0.06558392,0.06566461,0.06574602,0.06582814,0.06591097,0.06599452,0.06607878,0.06616376,0.06624945,0.06633585,0.06642297,0.0665108,0.06659935,0.06668861,0.06677858,0.06686927,0.06696067,0.06705279,0.06714562,0.06723916,0.06733342,0.06742839,0.06752408,0.06762048,0.0677176,0.06781543,0.06791397,0.06801323,0.0681132,0.06821388,0.06831528,0.06841739,0.06852022,0.06862376,0.06872802,0.06883299,0.06893867,0.06904507,0.06915218,0.06926001,0.06936855,0.0694778,0.06958777,0.06969845,0.06980985,0.06992196,0.07003478,0.07014832,0.07026258,0.07037754,0.07049322,0.07060962,0.07072673,0.07084455,0.07096309,0.07108234,0.0712023,0.07132298,0.07144438,0.07156648,0.0716893,0.07181284,0.07193709,0.07206205,0.07218773,0.07231412,0.07244123,0.07256905,0.07269758,0.07282683,0.07295679,0.07308747,0.12258512,0.22144973,0.36968131,0.43500454,0.41741942,0.40061059,0.41396257,0.3485372,0.20947828,0.06317456,-0.04567075,-0.10454955,-0.0894843,-0.0521228,-0.01695348,-0.02437788,-0.04446934,-0.03743859,-0.02947004,-0.0666642,-0.08039566,-0.11765237,-0.17198559,-0.18616825,-0.18616825],"instab":[null,null,null,null,null,null,null,null,null,null,null,null,null,null,null,null,null,null,null,null,null,null,null,null,null,null,null,null,null,null,null,null,null,null,null,null,null,null,null,null,null,null,null,null,null,null,null,null,null,null,null,null,null,null,null,null,null,null,null,null,null,null,null,null,null,null,null,null,null,null,null,null,null,null,null,null,null,null,null,null,null,null,null,null,null,null,null,null,null,null,null,null,null,null,null,null,null,null,null,null,null,null,null,null,null,null,null,null,null,null,null,null,null,null,null,null,null,null,null,null,null,null,null,null,null,null,null,null,null,null,null,null,null,null,null,null,null,null,null,null,null,null,null,null,null,null,null,null,null,null,null,null,null,null,null,null,null,null,null,null,null,null,null,null,null,null,null,null,null,null,null,null,null,null,null,null,null,null,null,null,null,null,null,null,null,null,null,null,null,null,9.646162,8.810188,8.158627,7.602349,7.13518,6.748333,6.412627,6.134891,5.892843,5.689393,5.500182,5.320113,5.158058,0.702828,0.692154,0.672917,0.673569,0.66638,0.419218],