{"word":"terconazole","years":[1800,1801,1802,1803,1804,1805,1806,1807,1808,1809,1810,1811,1812,1813,1814,1815,1816,1817,1818,1819,1820,1821,1822,1823,1824,1825,1826,1827,1828,1829,1830,1831,1832,1833,1834,1835,1836,1837,1838,1839,1840,1841,1842,1843,1844,1845,1846,1847,1848,1849,1850,1851,1852,1853,1854,1855,1856,1857,1858,1859,1860,1861,1862,1863,1864,1865,1866,1867,1868,1869,1870,1871,1872,1873,1874,1875,1876,1877,1878,1879,1880,1881,1882,1883,1884,1885,1886,1887,1888,1889,1890,1891,1892,1893,1894,1895,1896,1897,1898,1899,1900,1901,1902,1903,1904,1905,1906,1907,1908,1909,1910,1911,1912,1913,1914,1915,1916,1917,1918,1919,1920,1921,1922,1923,1924,1925,1926,1927,1928,1929,1930,1931,1932,1933,1934,1935,1936,1937,1938,1939,1940,1941,1942,1943,1944,1945,1946,1947,1948,1949,1950,1951,1952,1953,1954,1955,1956,1957,1958,1959,1960,1961,1962,1963,1964,1965,1966,1967,1968,1969,1970,1971,1972,1973,1974,1975,1976,1977,1978,1979,1980,1981,1982,1983,1984,1985,1986,1987,1988,1989,1990,1991,1992,1993,1994,1995,1996,1997,1998,1999,2000,2001,2002,2003,2004,2005,2006,2007,2008],"level":[-76.119902,-75.821929,-75.523956,-75.225982,-74.928007,-74.630029,-74.332049,-74.034066,-73.73608,-73.43809,-73.140095,-72.842096,-72.544091,-72.24608,-71.948063,-71.650039,-71.352008,-71.053968,-70.755921,-70.457865,-70.159799,-69.861723,-69.563638,-69.265541,-68.967433,-68.669314,-68.371182,-68.073038,-67.77488,-67.476708,-67.178523,-66.880322,-66.582107,-66.283875,-65.985628,-65.687364,-65.389083,-65.090784,-64.792467,-64.494131,-64.195776,-63.897402,-63.599008,-63.300593,-63.002157,-62.703699,-62.405219,-62.106717,-61.808192,-61.509643,-61.211071,-60.912473,-60.613851,-60.315203,-60.01653,-59.71783,-59.419103,-59.120348,-58.821566,-58.522755,-58.223915,-57.925046,-57.626147,-57.327218,-57.028257,-56.729266,-56.430242,-56.131186,-55.832098,-55.532976,-55.23382,-54.93463,-54.635405,-54.336145,-54.03685,-53.737517,-53.438149,-53.138743,-52.839299,-52.539817,-52.240296,-51.940736,-51.641137,-51.341497,-51.041816,-50.742095,-50.442332,-50.142526,-49.842678,-49.542787,-49.242853,-48.942874,-48.642851,-48.342782,-48.042668,-47.742508,-47.442302,-47.142048,-46.841747,-46.541398,-46.241,-45.940554,-45.640058,-45.339512,-45.038915,-44.738268,-44.437569,-44.136818,-43.836015,-43.535159,-43.234249,-42.933286,-42.632268,-42.331195,-42.030067,-41.728883,-41.427643,-41.126346,-40.824992,-40.523579,-40.222109,-39.92058,-39.618991,-39.317343,-39.015634,-38.713865,-38.412034,-38.110142,-37.808188,-37.50617,-37.20409,-36.901946,-36.599738,-36.297465,-35.995127,-35.692723,-35.390253,-35.087717,-34.785113,-34.482442,-34.179703,-33.876895,-33.574018,-33.271071,-32.968055,-32.664968,-32.36181,-32.05858,-31.755278,-31.451904,-31.148457,-30.844936,-30.541342,-30.237673,-29.933928,-29.630109,-29.326214,-29.022242,-28.718193,-28.414067,-28.109863,-27.80558,-27.501219,-27.196778,-26.892258,-26.587657,-26.282975,-25.978212,-25.673368,-25.36844,-25.063431,-24.758337,-24.45316,-24.147899,-23.842553,-23.537122,-23.231605,-22.926002,-22.620312,-22.314535,-22.00867,-21.709963,-21.403386,-21.110867,-20.812919,-20.453524,-20.105214,-19.672377,-19.270311,-19.051584,-18.870928,-18.737538,-18.643823,-18.57552,-18.501298,-18.434092,-18.382596,-18.342468,-18.331365,-18.357234,-18.391922,-18.466253,-18.556977,-18.661233,-18.768901,-18.894989,-19.036211,-19.181462,-19.334127],"drift":[0.29797485,0.29797534,0.29797633,0.2979778,0.29797976,0.29798221,0.29798515,0.29798858,0.2979925,0.29799691,0.29800181,0.2980072,0.29801309,0.29801946,0.29802632,0.29803367,0.29804151,0.29804984,0.29805865,0.29806796,0.29807776,0.29808805,0.29809883,0.2981101,0.29812186,0.29813411,0.29814685,0.29816008,0.29817379,0.298188,0.2982027,0.29821789,0.29823357,0.29824973,0.29826639,0.29828354,0.29830118,0.2983193,0.29833792,0.29835703,0.29837663,0.29839671,0.29841729,0.29843835,0.29845991,0.29848196,0.29850449,0.29852752,0.29855104,0.29857504,0.29859954,0.29862452,0.29865,0.29867596,0.29870242,0.29872936,0.2987568,0.29878472,0.29881314,0.29884204,0.29887144,0.29890132,0.29893169,0.29896256,0.29899391,0.29902576,0.29905809,0.29909091,0.29912423,0.29915803,0.29919232,0.29922711,0.29926238,0.29929814,0.29933439,0.29937114,0.29940837,0.29944609,0.2994843,0.299523,0.2995622,0.29960188,0.29964205,0.29968271,0.29972386,0.2997655,0.29980763,0.29985026,0.29989337,0.29993697,0.29998106,0.30002564,0.30007071,0.30011627,0.30016232,0.30020886,0.30025589,0.30030341,0.30035142,0.30039992,0.30044891,0.30049839,0.30054835,0.30059881,0.30064976,0.3007012,0.30075313,0.30080555,0.30085846,0.30091185,0.30096574,0.30102012,0.30107499,0.30113035,0.30118619,0.30124253,0.30129936,0.30135667,0.30141448,0.30147278,0.30153157,0.30159084,0.30165061,0.30171087,0.30177161,0.30183285,0.30189457,0.30195679,0.3020195,0.30208269,0.30214638,0.30221055,0.30227522,0.30234037,0.30240602,0.30247215,0.30253878,0.30260589,0.3026735,0.30274159,0.30281017,0.30287925,0.30294881,0.30301887,0.30308941,0.30316044,0.30323197,0.30330398,0.30337648,0.30344948,0.30352296,0.30359693,0.3036714,0.30374635,0.30382179,0.30389772,0.30397415,0.30405106,0.30412846,0.30420635,0.30428473,0.3043636,0.30444297,0.30452282,0.30460316,0.30468399,0.30476531,0.30484712,0.30492942,0.30501221,0.30509549,0.30517926,0.30526352,0.30534827,0.30543351,0.30551924,0.30560546,0.30569217,0.30577937,0.30586706,0.30595524,0.30758208,0.30942228,0.31485052,0.32386681,0.32534122,0.32193991,0.29499749,0.24532671,0.20130235,0.16166085,0.12802075,0.10166303,0.08238682,0.06484398,0.04679971,0.02775845,0.00609131,-0.01663971,-0.03741146,-0.05876138,-0.07680624,-0.0918966,-0.10436322,-0.11612833,-0.12577919,-0.13215186,-0.13574386,-0.13574386],"instab":[null,null,null,null,null,null,null,null,null,null,null,null,null,null,null,null,null,null,null,null,null,null,null,null,null,null,null,null,null,null,null,null,null,null,null,null,null,null,null,null,null,null,null,null,null,null,null,null,null,null,null,null,null,null,null,null,null,null,null,null,null,null,null,null,null,null,null,null,null,null,null,null,null,null,null,null,null,null,null,null,null,null,null,null,null,null,null,null,null,null,null,null,null,null,null,null,null,null,null,null,null,null,null,null,null,null,null,null,null,null,null,null,null,null,null,null,null,null,null,null,null,null,null,null,null,null,null,null,null,null,null,null,null,null,null,null,null,null,null,null,null,null,null,null,null,null,null,null,null,null,null,null,null,null,null,null,null,null,null,null,null,null,null,null,null,null,null,null,null,null,null,null,null,null,null,null,null,null,null,null,null,null,null,null,null,9.940589,8.957829,8.432311,8.186104,7.662825,7.236037,6.873049,6.558255,6.279993,6.040493,5.830864,5.640365,5.473054,5.320321,5.172178,1.350632,1.35323,1.336505,1.303558,1.260961,1.197605,1.157712,1.073919,0.40372],