{"word":"teriparatide","years":[1800,1801,1802,1803,1804,1805,1806,1807,1808,1809,1810,1811,1812,1813,1814,1815,1816,1817,1818,1819,1820,1821,1822,1823,1824,1825,1826,1827,1828,1829,1830,1831,1832,1833,1834,1835,1836,1837,1838,1839,1840,1841,1842,1843,1844,1845,1846,1847,1848,1849,1850,1851,1852,1853,1854,1855,1856,1857,1858,1859,1860,1861,1862,1863,1864,1865,1866,1867,1868,1869,1870,1871,1872,1873,1874,1875,1876,1877,1878,1879,1880,1881,1882,1883,1884,1885,1886,1887,1888,1889,1890,1891,1892,1893,1894,1895,1896,1897,1898,1899,1900,1901,1902,1903,1904,1905,1906,1907,1908,1909,1910,1911,1912,1913,1914,1915,1916,1917,1918,1919,1920,1921,1922,1923,1924,1925,1926,1927,1928,1929,1930,1931,1932,1933,1934,1935,1936,1937,1938,1939,1940,1941,1942,1943,1944,1945,1946,1947,1948,1949,1950,1951,1952,1953,1954,1955,1956,1957,1958,1959,1960,1961,1962,1963,1964,1965,1966,1967,1968,1969,1970,1971,1972,1973,1974,1975,1976,1977,1978,1979,1980,1981,1982,1983,1984,1985,1986,1987,1988,1989,1990,1991,1992,1993,1994,1995,1996,1997,1998,1999,2000,2001,2002,2003,2004,2005,2006,2007,2008],"level":[-56.453318,-56.265206,-56.077094,-55.888982,-55.70087,-55.512757,-55.324645,-55.136533,-54.948421,-54.760309,-54.572197,-54.384085,-54.195973,-54.007861,-53.819748,-53.631636,-53.443524,-53.255412,-53.0673,-52.879188,-52.691076,-52.502964,-52.314852,-52.126739,-51.938627,-51.750515,-51.562403,-51.374291,-51.186179,-50.998067,-50.809955,-50.621843,-50.43373,-50.245618,-50.057506,-49.869394,-49.681282,-49.49317,-49.305058,-49.116946,-48.928833,-48.740721,-48.552609,-48.364497,-48.176385,-47.988273,-47.800161,-47.612049,-47.423937,-47.235824,-47.047712,-46.8596,-46.671488,-46.483376,-46.295264,-46.107152,-45.91904,-45.730927,-45.542815,-45.354703,-45.166591,-44.978479,-44.790367,-44.602255,-44.414143,-44.22603,-44.037918,-43.849806,-43.661694,-43.473582,-43.28547,-43.097358,-42.909246,-42.721133,-42.533021,-42.344909,-42.156797,-41.968685,-41.780573,-41.592461,-41.404349,-41.216236,-41.028124,-40.840012,-40.6519,-40.463788,-40.275676,-40.087564,-39.899451,-39.711339,-39.523227,-39.335115,-39.147003,-38.958891,-38.770779,-38.582667,-38.394554,-38.206442,-38.01833,-37.830218,-37.642106,-37.453994,-37.265882,-37.077769,-36.889657,-36.701545,-36.513433,-36.325321,-36.137209,-35.949096,-35.760984,-35.572872,-35.38476,-35.196648,-35.008536,-34.820424,-34.632311,-34.444199,-34.256087,-34.067975,-33.879863,-33.691751,-33.503638,-33.315526,-33.127414,-32.939302,-32.75119,-32.563078,-32.374965,-32.186853,-31.998741,-31.810629,-31.622517,-31.434405,-31.246292,-31.05818,-30.870068,-30.681956,-30.493844,-30.305732,-30.117619,-29.929507,-29.741395,-29.553283,-29.365171,-29.177059,-28.988946,-28.800834,-28.612722,-28.42461,-28.236498,-28.048385,-27.860273,-27.672161,-27.484049,-27.295937,-27.107825,-26.919712,-26.7316,-26.543488,-26.355376,-26.167264,-25.979151,-25.791039,-25.602927,-25.414815,-25.226703,-25.03859,-24.850478,-24.662366,-24.474254,-24.286142,-24.098029,-23.909917,-23.721805,-23.533693,-23.345581,-23.157468,-22.969356,-22.781244,-22.593132,-22.405019,-22.216907,-22.028795,-21.948516,-21.82851,-21.708505,-21.588499,-21.468493,-21.527731,-20.90032,-20.859476,-21.172888,-20.807466,-20.529487,-20.328172,-20.429315,-20.199795,-19.993252,-19.885811,-20.379374,-20.54814,-20.636327,-18.98288,-17.861334,-17.389026,-17.252533,-17.192506,-17.320067],"drift":[0.18814041,0.18814041,0.18814041,0.18814041,0.18814041,0.18814041,0.18814041,0.18814041,0.18814041,0.18814041,0.18814041,0.18814041,0.18814041,0.18814041,0.18814041,0.18814041,0.18814041,0.18814041,0.18814041,0.18814041,0.18814041,0.18814041,0.18814041,0.18814041,0.18814041,0.18814041,0.18814041,0.18814041,0.18814041,0.18814041,0.18814041,0.18814041,0.18814041,0.18814041,0.18814041,0.18814041,0.18814041,0.18814041,0.18814041,0.18814041,0.18814041,0.18814041,0.18814041,0.18814042,0.18814042,0.18814042,0.18814042,0.18814042,0.18814042,0.18814042,0.18814042,0.18814042,0.18814042,0.18814042,0.18814042,0.18814042,0.18814042,0.18814042,0.18814042,0.18814042,0.18814042,0.18814042,0.18814042,0.18814042,0.18814042,0.18814042,0.18814042,0.18814042,0.18814042,0.18814042,0.18814042,0.18814043,0.18814043,0.18814043,0.18814043,0.18814043,0.18814043,0.18814043,0.18814043,0.18814043,0.18814043,0.18814043,0.18814043,0.18814043,0.18814043,0.18814043,0.18814043,0.18814043,0.18814043,0.18814043,0.18814044,0.18814044,0.18814044,0.18814044,0.18814044,0.18814044,0.18814044,0.18814044,0.18814044,0.18814044,0.18814044,0.18814044,0.18814044,0.18814044,0.18814044,0.18814044,0.18814045,0.18814045,0.18814045,0.18814045,0.18814045,0.18814045,0.18814045,0.18814045,0.18814045,0.18814045,0.18814045,0.18814045,0.18814045,0.18814045,0.18814046,0.18814046,0.18814046,0.18814046,0.18814046,0.18814046,0.18814046,0.18814046,0.18814046,0.18814046,0.18814046,0.18814046,0.18814047,0.18814047,0.18814047,0.18814047,0.18814047,0.18814047,0.18814047,0.18814047,0.18814047,0.18814047,0.18814047,0.18814048,0.18814048,0.18814048,0.18814048,0.18814048,0.18814048,0.18814048,0.18814048,0.18814048,0.18814048,0.18814048,0.18814049,0.18814049,0.18814049,0.18814049,0.18814049,0.18814049,0.18814049,0.18814049,0.18814049,0.1881405,0.1881405,0.1881405,0.1881405,0.1881405,0.1881405,0.1881405,0.1881405,0.1881405,0.1881405,0.18814051,0.18814051,0.18814051,0.18814051,0.18814051,0.18814051,0.18814051,0.18814051,0.18814052,0.18814052,0.18814052,0.18814054,0.18814058,0.18814064,0.18814071,0.1881408,0.18814094,0.18814099,0.18814107,0.18814126,0.18814141,0.18814154,0.18814167,0.18814186,0.18814205,0.18814223,0.18814243,0.18814278,0.18814321,0.18814371,0.18814388,0.18814383,0.18814372,0.18814361,0.18814354,0.18814354],"instab":[null,null,null,null,null,null,null,null,null,null,null,null,null,null,null,null,null,null,null,null,null,null,null,null,null,null,null,null,null,null,null,null,null,null,null,null,null,null,null,null,null,null,null,null,null,null,null,null,null,null,null,null,null,null,null,null,null,null,null,null,null,null,null,null,null,null,null,null,null,null,null,null,null,null,null,null,null,null,null,null,null,null,null,null,null,null,null,null,null,null,null,null,null,null,null,null,null,null,null,null,null,null,null,null,null,null,null,null,null,null,null,null,null,null,null,null,null,null,null,null,null,null,null,null,null,null,null,null,null,null,null,null,null,null,null,null,null,null,null,null,null,null,null,null,null,null,null,null,null,null,null,null,null,null,null,null,null,null,null,null,null,null,null,null,null,null,null,null,null,null,null,null,null,null,null,null,null,null,null,null,null,null,null,null,null,null,null,null,null,null,10.03046,9.134237,8.369489,7.855958,7.415733,7.044194,6.694254,6.412074,6.163285,5.94877,5.732408,5.54274,5.368725,1.226353,1.334991,1.302448,1.267353,1.235086,1.242818],