{"word":"terminfo","years":[1800,1801,1802,1803,1804,1805,1806,1807,1808,1809,1810,1811,1812,1813,1814,1815,1816,1817,1818,1819,1820,1821,1822,1823,1824,1825,1826,1827,1828,1829,1830,1831,1832,1833,1834,1835,1836,1837,1838,1839,1840,1841,1842,1843,1844,1845,1846,1847,1848,1849,1850,1851,1852,1853,1854,1855,1856,1857,1858,1859,1860,1861,1862,1863,1864,1865,1866,1867,1868,1869,1870,1871,1872,1873,1874,1875,1876,1877,1878,1879,1880,1881,1882,1883,1884,1885,1886,1887,1888,1889,1890,1891,1892,1893,1894,1895,1896,1897,1898,1899,1900,1901,1902,1903,1904,1905,1906,1907,1908,1909,1910,1911,1912,1913,1914,1915,1916,1917,1918,1919,1920,1921,1922,1923,1924,1925,1926,1927,1928,1929,1930,1931,1932,1933,1934,1935,1936,1937,1938,1939,1940,1941,1942,1943,1944,1945,1946,1947,1948,1949,1950,1951,1952,1953,1954,1955,1956,1957,1958,1959,1960,1961,1962,1963,1964,1965,1966,1967,1968,1969,1970,1971,1972,1973,1974,1975,1976,1977,1978,1979,1980,1981,1982,1983,1984,1985,1986,1987,1988,1989,1990,1991,1992,1993,1994,1995,1996,1997,1998,1999,2000,2001,2002,2003,2004,2005,2006,2007,2008],"level":[-151.597882,-150.916344,-150.2348,-149.553245,-148.871674,-148.190081,-147.50846,-146.826807,-146.145115,-145.46338,-144.781595,-144.099756,-143.417857,-142.735892,-142.053856,-141.371743,-140.689549,-140.007267,-139.324892,-138.642418,-137.959841,-137.277155,-136.594353,-135.911432,-135.228385,-134.545206,-133.861891,-133.178434,-132.494829,-131.811072,-131.127155,-130.443075,-129.758826,-129.074401,-128.389796,-127.705006,-127.020024,-126.334845,-125.649464,-124.963875,-124.278073,-123.592053,-122.905809,-122.219335,-121.532626,-120.845676,-120.158481,-119.471034,-118.78333,-118.095364,-117.407131,-116.718624,-116.029838,-115.340768,-114.651408,-113.961754,-113.271798,-112.581537,-111.890964,-111.200075,-110.508862,-109.817322,-109.125449,-108.433237,-107.74068,-107.047774,-106.354512,-105.66089,-104.966901,-104.272541,-103.577804,-102.882684,-102.187177,-101.491276,-100.794976,-100.098271,-99.401157,-98.703627,-98.005676,-97.3073,-96.608491,-95.909246,-95.209557,-94.509421,-93.808831,-93.107782,-92.406268,-91.704284,-91.001825,-90.298885,-89.595459,-88.891541,-88.187125,-87.482207,-86.776781,-86.070841,-85.364381,-84.657397,-83.949883,-83.241834,-82.533243,-81.824106,-81.114417,-80.404171,-79.693361,-78.981984,-78.270032,-77.557501,-76.844386,-76.13068,-75.416379,-74.701476,-73.985967,-73.269846,-72.553107,-71.835746,-71.117756,-70.399132,-69.679868,-68.95996,-68.239401,-67.518187,-66.796312,-66.073769,-65.350555,-64.626663,-63.902088,-63.176824,-62.450866,-61.724209,-60.996846,-60.268774,-59.539985,-58.810475,-58.080239,-57.34927,-56.617563,-55.885113,-55.151914,-54.417962,-53.683249,-52.947772,-52.211524,-51.4745,-50.736695,-49.998102,-49.258718,-48.518535,-47.777549,-47.035754,-46.293145,-45.549717,-44.805463,-44.060378,-43.314458,-42.567696,-41.820086,-41.071625,-40.322305,-39.572122,-38.82107,-38.069144,-37.316338,-36.562646,-35.808064,-35.052585,-34.296205,-33.538918,-32.780718,-32.0216,-31.261559,-30.500588,-29.738683,-28.975838,-28.212048,-27.447307,-26.681609,-25.91495,-25.147324,-24.378724,-23.609147,-22.838586,-22.067035,-21.294491,-20.520946,-19.746395,-18.957157,-18.270642,-17.658556,-17.197341,-16.816307,-16.550689,-16.425388,-16.454987,-16.598423,-16.812451,-17.042786,-17.261263,-17.45264,-17.615622,-17.767662,-17.918337,-18.070902,-18.262681,-18.469015,-18.664677,-18.839917,-18.975378,-19.092172],"drift":[0.68153926,0.68154475,0.68155571,0.68157213,0.68159401,0.68162136,0.68165417,0.68169244,0.68173619,0.68178539,0.68184006,0.6819002,0.6819658,0.68203686,0.68211339,0.68219538,0.68228284,0.68237576,0.68247415,0.682578,0.68268732,0.6828021,0.68292235,0.68304806,0.68317923,0.68331587,0.68345798,0.68360554,0.68375858,0.68391708,0.68408104,0.68425046,0.68442536,0.68460571,0.68479153,0.68498282,0.68517957,0.68538178,0.68558946,0.68580261,0.68602121,0.68624529,0.68647483,0.68670983,0.68695029,0.68719623,0.68744762,0.68770448,0.68796681,0.6882346,0.68850785,0.68878657,0.68907075,0.6893604,0.68965551,0.68995609,0.69026213,0.69057364,0.69089061,0.69121305,0.69154095,0.69187431,0.69221314,0.69255744,0.69290719,0.69326242,0.69362311,0.69398926,0.69436088,0.69473796,0.6951205,0.69550851,0.69590199,0.69630093,0.69670533,0.6971152,0.69753054,0.69795134,0.6983776,0.69880933,0.69924652,0.69968918,0.7001373,0.70059088,0.70104993,0.70151445,0.70198443,0.70245987,0.70294078,0.70342716,0.70391899,0.7044163,0.70491906,0.7054273,0.70594099,0.70646015,0.70698478,0.70751487,0.70805042,0.70859144,0.70913793,0.70968988,0.71024729,0.71081017,0.71137851,0.71195232,0.71253159,0.71311633,0.71370653,0.71430219,0.71490332,0.71550992,0.71612198,0.7167395,0.71736249,0.71799094,0.71862486,0.71926424,0.71990909,0.7205594,0.72121518,0.72187642,0.72254312,0.72321529,0.72389293,0.72457602,0.72526459,0.72595862,0.72665811,0.72736307,0.72807349,0.72878937,0.72951073,0.73023754,0.73096982,0.73170757,0.73245078,0.73319945,0.73395359,0.73471319,0.73547826,0.73624879,0.73702479,0.73780625,0.73859318,0.73938557,0.74018343,0.74098675,0.74179553,0.74260978,0.74342949,0.74425467,0.74508531,0.74592142,0.74676299,0.74761003,0.74846253,0.7493205,0.75018393,0.75105282,0.75192718,0.75280701,0.7536923,0.75458305,0.75547927,0.75638095,0.7572881,0.75820071,0.75911879,0.76004233,0.76097134,0.76190581,0.76284574,0.76379114,0.76474201,0.76569833,0.76666013,0.76762739,0.76860011,0.7695783,0.77056195,0.77155106,0.77254564,0.77354569,0.7745512,0.77556217,0.68728397,0.60402023,0.4681216,0.37729722,0.26208438,0.12381127,-0.02418228,-0.13682942,-0.20636126,-0.22585857,-0.21614496,-0.19120992,-0.16518629,-0.15354464,-0.15172249,-0.15673524,-0.1889652,-0.20283303,-0.19385147,-0.17305659,-0.13801129,-0.11961324,-0.11961324],"instab":[null,null,null,null,null,null,null,null,null,null,null,null,null,null,null,null,null,null,null,null,null,null,null,null,null,null,null,null,null,null,null,null,null,null,null,null,null,null,null,null,null,null,null,null,null,null,null,null,null,null,null,null,null,null,null,null,null,null,null,null,null,null,null,null,null,null,null,null,null,null,null,null,null,null,null,null,null,null,null,null,null,null,null,null,null,null,null,null,null,null,null,null,null,null,null,null,null,null,null,null,null,null,null,null,null,null,null,null,null,null,null,null,null,null,null,null,null,null,null,null,null,null,null,null,null,null,null,null,null,null,null,null,null,null,null,null,null,null,null,null,null,null,null,null,null,null,null,null,null,null,null,null,null,null,null,null,null,null,null,null,null,null,null,null,null,null,null,null,null,null,null,null,null,null,null,null,null,null,null,null,null,null,null,null,null,null,null,null,null,9.77097,8.939493,8.293903,7.78342,7.311234,6.918907,6.577953,6.296429,6.056088,5.846792,5.670791,5.505282,5.344076,5.223976,5.084873,4.954209,1.7343,1.420645,0.92342,0.875048],