{"word":"termcap","years":[1800,1801,1802,1803,1804,1805,1806,1807,1808,1809,1810,1811,1812,1813,1814,1815,1816,1817,1818,1819,1820,1821,1822,1823,1824,1825,1826,1827,1828,1829,1830,1831,1832,1833,1834,1835,1836,1837,1838,1839,1840,1841,1842,1843,1844,1845,1846,1847,1848,1849,1850,1851,1852,1853,1854,1855,1856,1857,1858,1859,1860,1861,1862,1863,1864,1865,1866,1867,1868,1869,1870,1871,1872,1873,1874,1875,1876,1877,1878,1879,1880,1881,1882,1883,1884,1885,1886,1887,1888,1889,1890,1891,1892,1893,1894,1895,1896,1897,1898,1899,1900,1901,1902,1903,1904,1905,1906,1907,1908,1909,1910,1911,1912,1913,1914,1915,1916,1917,1918,1919,1920,1921,1922,1923,1924,1925,1926,1927,1928,1929,1930,1931,1932,1933,1934,1935,1936,1937,1938,1939,1940,1941,1942,1943,1944,1945,1946,1947,1948,1949,1950,1951,1952,1953,1954,1955,1956,1957,1958,1959,1960,1961,1962,1963,1964,1965,1966,1967,1968,1969,1970,1971,1972,1973,1974,1975,1976,1977,1978,1979,1980,1981,1982,1983,1984,1985,1986,1987,1988,1989,1990,1991,1992,1993,1994,1995,1996,1997,1998,1999,2000,2001,2002,2003,2004,2005,2006,2007,2008],"level":[-181.413899,-180.557317,-179.700731,-178.844134,-177.987522,-177.130891,-176.274235,-175.417549,-174.560829,-173.704069,-172.847264,-171.99041,-171.133502,-170.276534,-169.419502,-168.5624,-167.705225,-166.84797,-165.990631,-165.133203,-164.275681,-163.41806,-162.560336,-161.702502,-160.844555,-159.986489,-159.128299,-158.269981,-157.411529,-156.552938,-155.694205,-154.835322,-153.976287,-153.117093,-152.257736,-151.398211,-150.538512,-149.678636,-148.818577,-147.958329,-147.097889,-146.237251,-145.37641,-144.515361,-143.6541,-142.792621,-141.930919,-141.06899,-140.206829,-139.34443,-138.481789,-137.6189,-136.755759,-135.892361,-135.028701,-134.164774,-133.300575,-132.436098,-131.57134,-130.706295,-129.840958,-128.975325,-128.109389,-127.243147,-126.376594,-125.509724,-124.642532,-123.775014,-122.907165,-122.038979,-121.170452,-120.301579,-119.432354,-118.562774,-117.692832,-116.822525,-115.951846,-115.080792,-114.209357,-113.337536,-112.465324,-111.592717,-110.719709,-109.846295,-108.972471,-108.098232,-107.223572,-106.348487,-105.472971,-104.59702,-103.720629,-102.843793,-101.966507,-101.088766,-100.210565,-99.331899,-98.452763,-97.573152,-96.693062,-95.812487,-94.931422,-94.049863,-93.167804,-92.285241,-91.402168,-90.518581,-89.634475,-88.749844,-87.864684,-86.97899,-86.092757,-85.20598,-84.318654,-83.430774,-82.542335,-81.653332,-80.76376,-79.873615,-78.982891,-78.091584,-77.199688,-76.307198,-75.41411,-74.520419,-73.626119,-72.731206,-71.835675,-70.939521,-70.042738,-69.145323,-68.247269,-67.348573,-66.449229,-65.549231,-64.648576,-63.747259,-62.845273,-61.942615,-61.03928,-60.135262,-59.230556,-58.325158,-57.419063,-56.512265,-55.604761,-54.696544,-53.787609,-52.877953,-51.96757,-51.056455,-50.144603,-49.232009,-48.318668,-47.404575,-46.489726,-45.574115,-44.657738,-43.740589,-42.822663,-41.903956,-40.984463,-40.064178,-39.143097,-38.221215,-37.298527,-36.375028,-35.450712,-34.525576,-33.599614,-32.672821,-31.745192,-30.816722,-29.887406,-28.95724,-28.026218,-27.094336,-26.161588,-25.22797,-24.293476,-23.358102,-22.421843,-21.484694,-20.546649,-19.584089,-18.720779,-18.036542,-17.509678,-17.167175,-16.921236,-16.828999,-16.745863,-16.689513,-16.684179,-16.725932,-16.80696,-16.884898,-16.978309,-17.085179,-17.209637,-17.380332,-17.570105,-17.744615,-17.88893,-18.072447,-18.296138,-18.472319,-18.658961,-18.812395,-18.969978],"drift":[0.85658305,0.85658802,0.85659794,0.8566128,0.8566326,0.85665735,0.85668705,0.85672169,0.85676128,0.85680581,0.85685529,0.85690972,0.85696909,0.8570334,0.85710266,0.85717687,0.85725602,0.85734012,0.85742917,0.85752316,0.85762209,0.85772597,0.8578348,0.85794857,0.85806729,0.85819095,0.85831956,0.85845311,0.85859161,0.85873506,0.85888345,0.85903678,0.85919506,0.85935829,0.85952647,0.85969958,0.85987765,0.86006066,0.86024861,0.86044151,0.86063936,0.86084215,0.86104989,0.86126257,0.8614802,0.86170278,0.8619303,0.86216276,0.86240017,0.86264253,0.86288983,0.86314208,0.86339927,0.86366141,0.8639285,0.86420053,0.8644775,0.86475943,0.86504629,0.86533811,0.86563486,0.86593657,0.86624322,0.86655481,0.86687135,0.86719284,0.86751927,0.86785065,0.86818697,0.86852824,0.86887445,0.86922561,0.86958172,0.86994277,0.87030876,0.8706797,0.87105559,0.87143642,0.8718222,0.87221293,0.8726086,0.87300921,0.87341477,0.87382528,0.87424073,0.87466113,0.87508647,0.87551676,0.875952,0.87639218,0.8768373,0.87728737,0.87774239,0.87820235,0.87866726,0.87913711,0.87961191,0.88009166,0.88057635,0.88106598,0.88156056,0.88206009,0.88256456,0.88307398,0.88358834,0.88410765,0.88463191,0.88516111,0.88569525,0.88623435,0.88677838,0.88732737,0.88788129,0.88844017,0.88900399,0.88957275,0.89014646,0.89072512,0.89130872,0.89189727,0.89249076,0.8930892,0.89369258,0.89430091,0.89491419,0.89553241,0.89615558,0.89678369,0.89741674,0.89805475,0.8986977,0.89934559,0.89999843,0.90065622,0.90131895,0.90198662,0.90265925,0.90333681,0.90401933,0.90470679,0.90539919,0.90609654,0.90679884,0.90750608,0.90821826,0.9089354,0.90965747,0.9103845,0.91111647,0.91185338,0.91259524,0.91334205,0.9140938,0.9148505,0.91561214,0.91637873,0.91715026,0.91792674,0.91870816,0.91949454,0.92028585,0.92108211,0.92188332,0.92268947,0.92350057,0.92431662,0.9251376,0.92596354,0.92679442,0.92763025,0.92847102,0.92931674,0.9301674,0.93102301,0.93188356,0.93274906,0.93361951,0.9344949,0.93537523,0.93626052,0.93715074,0.93804592,0.93894604,0.84605405,0.68462209,0.52471851,0.35629496,0.24265328,0.11595881,0.08348979,0.05242462,0.00576739,-0.03916577,-0.07382604,-0.0798782,-0.09363874,-0.10830279,-0.12865882,-0.16569816,-0.18289099,-0.17274739,-0.15560187,-0.18328758,-0.21006444,-0.18271693,-0.18132995,-0.1588423,-0.15783653,-0.15783653],"instab":[null,null,null,null,null,null,null,null,null,null,null,null,null,null,null,null,null,null,null,null,null,null,null,null,null,null,null,null,null,null,null,null,null,null,null,null,null,null,null,null,null,null,null,null,null,null,null,null,null,null,null,null,null,null,null,null,null,null,null,null,null,null,null,null,null,null,null,null,null,null,null,null,null,null,null,null,null,null,null,null,null,null,null,null,null,null,null,null,null,null,null,null,null,null,null,null,null,null,null,null,null,null,null,null,null,null,null,null,null,null,null,null,null,null,null,null,null,null,null,null,null,null,null,null,null,null,null,null,null,null,null,null,null,null,null,null,null,null,null,null,null,null,null,null,null,null,null,null,null,null,null,null,null,null,null,null,null,null,null,null,null,null,null,null,null,null,null,null,null,null,null,null,null,null,null,null,null,null,null,null,null,null,null,null,null,null,9.591254,8.639533,8.070341,7.484765,7.067277,6.730504,6.426961,6.161904,5.913818,5.710683,5.522636,5.351479,5.204982,5.059042,4.922148,4.795725,0.951286,0.780359,0.800925,0.768139,0.770092,0.68098,0.663558],