{"word":"terrorism","years":[1800,1801,1802,1803,1804,1805,1806,1807,1808,1809,1810,1811,1812,1813,1814,1815,1816,1817,1818,1819,1820,1821,1822,1823,1824,1825,1826,1827,1828,1829,1830,1831,1832,1833,1834,1835,1836,1837,1838,1839,1840,1841,1842,1843,1844,1845,1846,1847,1848,1849,1850,1851,1852,1853,1854,1855,1856,1857,1858,1859,1860,1861,1862,1863,1864,1865,1866,1867,1868,1869,1870,1871,1872,1873,1874,1875,1876,1877,1878,1879,1880,1881,1882,1883,1884,1885,1886,1887,1888,1889,1890,1891,1892,1893,1894,1895,1896,1897,1898,1899,1900,1901,1902,1903,1904,1905,1906,1907,1908,1909,1910,1911,1912,1913,1914,1915,1916,1917,1918,1919,1920,1921,1922,1923,1924,1925,1926,1927,1928,1929,1930,1931,1932,1933,1934,1935,1936,1937,1938,1939,1940,1941,1942,1943,1944,1945,1946,1947,1948,1949,1950,1951,1952,1953,1954,1955,1956,1957,1958,1959,1960,1961,1962,1963,1964,1965,1966,1967,1968,1969,1970,1971,1972,1973,1974,1975,1976,1977,1978,1979,1980,1981,1982,1983,1984,1985,1986,1987,1988,1989,1990,1991,1992,1993,1994,1995,1996,1997,1998,1999,2000,2001,2002,2003,2004,2005,2006,2007,2008,2009,2010,2011,2012,2013,2014,2015,2016,2017,2018,2019],"level":[-17.357211,-17.464388,-17.71491,-17.735558,-17.515502,-17.461367,-17.782452,-17.849319,-18.03132,-17.985231,-18.065872,-17.898914,-17.945128,-17.973581,-17.932348,-17.974959,-17.748634,-17.725778,-17.98691,-18.265658,-18.306449,-18.398138,-18.453506,-18.600324,-18.831769,-18.823894,-18.570249,-18.259618,-17.919192,-17.664697,-17.462153,-17.270128,-16.978358,-16.951844,-17.012147,-17.12191,-17.178108,-17.244942,-17.195194,-17.215877,-17.205546,-17.229599,-17.263425,-17.317655,-17.329769,-17.276703,-17.113673,-16.852134,-16.690964,-16.626545,-16.64203,-16.576345,-16.536071,-16.591047,-16.634972,-16.562302,-16.479051,-16.410197,-16.254905,-16.135815,-15.968514,-15.719064,-15.57234,-15.495644,-15.468666,-15.515043,-15.540983,-15.561382,-15.537006,-15.485631,-15.438111,-15.398485,-15.397482,-15.449791,-15.402954,-15.317238,-15.317071,-15.366083,-15.496208,-15.537671,-15.579948,-15.628638,-15.641917,-15.712961,-15.768768,-15.803626,-15.838641,-15.898628,-15.943777,-16.003917,-16.061966,-16.120504,-16.142895,-16.146004,-16.107084,-16.071015,-16.019955,-16.124704,-16.177579,-16.181898,-16.136955,-16.130886,-16.114577,-16.111773,-16.110391,-16.103981,-16.122233,-16.122994,-16.175627,-16.214686,-16.207105,-16.160551,-16.14396,-16.09828,-16.000023,-15.879174,-15.731725,-15.528499,-15.342026,-15.219109,-15.195818,-15.231163,-15.28454,-15.341142,-15.394388,-15.461702,-15.517498,-15.534152,-15.518753,-15.465353,-15.365484,-15.25452,-15.171736,-15.07604,-14.979574,-14.905556,-14.835196,-14.803779,-14.771925,-14.760984,-14.771728,-14.804938,-14.809035,-14.794839,-14.778689,-14.725034,-14.631845,-14.61031,-14.699513,-14.764269,-14.80345,-14.830643,-14.853551,-14.854465,-14.840834,-14.833161,-14.826384,-14.810416,-14.815532,-14.813876,-14.775482,-14.707567,-14.629543,-14.542399,-14.434304,-14.327477,-14.230348,-14.137232,-14.051239,-13.970634,-13.878046,-13.7802,-13.659411,-13.556555,-13.438881,-13.340128,-13.220635,-13.102218,-12.971142,-12.860365,-12.841407,-12.792457,-12.758754,-12.715414,-12.627679,-12.54457,-12.470848,-12.464726,-12.478896,-12.515088,-12.556317,-12.584547,-12.60196,-12.583179,-12.539737,-12.480961,-12.42511,-12.397151,-12.33227,-12.225004,-12.062556,-11.831212,-11.621199,-11.491736,-11.40906,-11.366266,-11.352027,-11.362465,-11.393517,-11.432032,-11.484245,-11.5467,-11.621543,-11.65234,-11.660797,-11.654398,-11.658417,-11.656732,-11.638803,-11.627748],"drift":[0.02616192,0.02616192,0.02616192,0.02616192,0.02616192,0.02616192,0.02616192,0.02616192,0.02616192,0.02616192,0.02616192,0.02616192,0.02616192,0.02616192,0.02616192,0.02616192,0.02616192,0.02616192,0.02616192,0.02616192,0.02616192,0.02616192,0.02616192,0.02616192,0.02616192,0.02616192,0.02616192,0.02616192,0.02616192,0.02616192,0.02616192,0.02616192,0.02616192,0.02616192,0.02616192,0.02616192,0.02616192,0.02616192,0.02616192,0.02616192,0.02616192,0.02616192,0.02616192,0.02616192,0.02616192,0.02616192,0.02616193,0.02616193,0.02616193,0.02616193,0.02616193,0.02616193,0.02616193,0.02616193,0.02616193,0.02616193,0.02616193,0.02616193,0.02616193,0.02616193,0.02616193,0.02616193,0.02616193,0.02616193,0.02616193,0.02616193,0.02616193,0.02616193,0.02616193,0.02616193,0.02616193,0.02616193,0.02616193,0.02616193,0.02616193,0.02616193,0.02616193,0.02616193,0.02616193,0.02616193,0.02616193,0.02616193,0.02616193,0.02616193,0.02616193,0.02616193,0.02616193,0.02616193,0.02616193,0.02616193,0.02616193,0.02616193,0.02616193,0.02616193,0.02616193,0.02616193,0.02616193,0.02616193,0.02616193,0.02616193,0.02616193,0.02616193,0.02616193,0.02616193,0.02616193,0.02616193,0.02616193,0.02616193,0.02616193,0.02616193,0.02616193,0.02616193,0.02616193,0.02616193,0.02616193,0.02616193,0.02616193,0.02616193,0.02616193,0.02616193,0.02616193,0.02616193,0.02616193,0.02616193,0.02616193,0.02616193,0.02616193,0.02616193,0.02616193,0.02616193,0.02616193,0.02616193,0.02616194,0.02616194,0.02616194,0.02616194,0.02616194,0.02616194,0.02616194,0.02616194,0.02616194,0.02616194,0.02616194,0.02616194,0.02616194,0.02616194,0.02616194,0.02616194,0.02616194,0.02616194,0.02616194,0.02616194,0.02616194,0.02616194,0.02616194,0.02616194,0.02616194,0.02616194,0.02616194,0.02616194,0.02616194,0.02616194,0.02616194,0.02616194,0.02616194,0.02616194,0.02616194,0.02616194,0.02616194,0.02616194,0.02616194,0.02616194,0.02616194,0.02616194,0.02616194,0.02616194,0.02616194,0.02616194,0.02616194,0.02616194,0.02616194,0.02616194,0.02616194,0.02616194,0.02616194,0.02616194,0.02616194,0.02616194,0.02616194,0.02616194,0.02616194,0.02616194,0.02616194,0.02616194,0.02616194,0.02616194,0.02616194,0.02616194,0.02616194,0.02616194,0.02616194,0.02616194,0.02616194,0.02616194,0.02616194,0.02616194,0.02616194,0.02616194,0.02616194,0.02616194,0.02616194,0.02616194,0.02616194,0.02616194,0.02616194,0.02616194,0.02616194,0.02616194,0.02616194,0.02616194],"instab":[null,null,null,null,7.975035,7.515108,6.872498,6.445422,6.029143,5.769562,5.47349,5.324644,5.106317,4.909809,4.754411,4.596705,4.511916,4.418682,4.294305,4.195845,1.886166,1.889237,1.789062,1.786029,1.646575,1.51643,1.376,1.381624,1.371103,1.361518,1.315297,1.22873,1.333332,1.327758,1.322844,1.272951,1.199526,1.158604,1.148673,1.01405,1.013683,1.006941,1.005689,1.015859,0.894548,0.845995,0.844325,0.866583,0.818218,0.792624,0.800793,0.801133,0.599623,0.593095,0.625952,0.605744,0.607525,0.572769,0.576455,0.571216,0.57093,0.632136,0.646765,0.632791,0.615125,0.607614,0.612077,0.569273,0.536214,0.522584,0.498632,0.497845,0.483768,0.520709,0.475431,0.492467,0.491334,0.478556,0.530442,0.533978,0.536098,0.459891,0.424514,0.413976,0.399541,0.396101,0.396252,0.393202,0.392929,0.391239,0.388081,0.381634,0.369768,0.339502,0.344533,0.285176,0.387106,0.392127,0.351042,0.353138,0.370738,0.365211,0.359032,0.355681,0.351599,0.355191,0.355401,0.36052,0.363339,0.369878,0.370235,0.370054,0.368713,0.366019,0.366826,0.370051,0.274212,0.287279,0.330655,0.368192,0.369227,0.368614,0.375266,0.38238,0.38407,0.394603,0.40716,0.410589,0.408685,0.397107,0.3927,0.399484,0.39601,0.391162,0.395567,0.395712,0.399937,0.37993,0.33244,0.268003,0.256392,0.267234,0.26647,0.260379,0.264065,0.254846,0.267676,0.28468,0.305039,0.32061,0.328158,0.318963,0.324697,0.322551,0.310809,0.307028,0.291453,0.293423,0.289582,0.290381,0.289094,0.285691,0.287499,0.289043,0.294094,0.302356,0.269715,0.229199,0.211642,0.190079,0.181949,0.175328,0.175073,0.166502,0.177115,0.173664,0.169163,0.169435,0.16869,0.186559,0.196104,0.194216,0.202223,0.222947,0.22241,0.220861,0.233037,0.235555,0.239792,0.252273,0.272823,0.286125,0.29899,0.304845,0.297248,0.297334,0.295872,0.300261,0.2879,0.222175,0.21848,0.274329,0.35452,0.365768,0.370787,0.370513,0.356696,0.357215,0.360446,0.359264,0.354763,0.353598,0.371392,0.377627,0.381684,0.381727,0.380891,0.379637,0.377536,0.378742],