{"word":"territorialities","years":[1800,1801,1802,1803,1804,1805,1806,1807,1808,1809,1810,1811,1812,1813,1814,1815,1816,1817,1818,1819,1820,1821,1822,1823,1824,1825,1826,1827,1828,1829,1830,1831,1832,1833,1834,1835,1836,1837,1838,1839,1840,1841,1842,1843,1844,1845,1846,1847,1848,1849,1850,1851,1852,1853,1854,1855,1856,1857,1858,1859,1860,1861,1862,1863,1864,1865,1866,1867,1868,1869,1870,1871,1872,1873,1874,1875,1876,1877,1878,1879,1880,1881,1882,1883,1884,1885,1886,1887,1888,1889,1890,1891,1892,1893,1894,1895,1896,1897,1898,1899,1900,1901,1902,1903,1904,1905,1906,1907,1908,1909,1910,1911,1912,1913,1914,1915,1916,1917,1918,1919,1920,1921,1922,1923,1924,1925,1926,1927,1928,1929,1930,1931,1932,1933,1934,1935,1936,1937,1938,1939,1940,1941,1942,1943,1944,1945,1946,1947,1948,1949,1950,1951,1952,1953,1954,1955,1956,1957,1958,1959,1960,1961,1962,1963,1964,1965,1966,1967,1968,1969,1970,1971,1972,1973,1974,1975,1976,1977,1978,1979,1980,1981,1982,1983,1984,1985,1986,1987,1988,1989,1990,1991,1992,1993,1994,1995,1996,1997,1998,1999,2000,2001,2002,2003,2004,2005,2006,2007,2008],"level":[-18.459946,-18.468201,-18.476456,-18.484711,-18.492966,-18.50122,-18.509475,-18.51773,-18.525985,-18.53424,-18.542495,-18.550749,-18.559004,-18.567259,-18.575514,-18.583768,-18.592023,-18.600277,-18.608532,-18.616786,-18.625041,-18.633295,-18.641549,-18.649804,-18.658058,-18.666312,-18.674566,-18.68282,-18.691074,-18.699328,-18.707581,-18.715835,-18.724088,-18.732342,-18.740595,-18.748848,-18.757102,-18.765355,-18.773608,-18.78186,-18.790113,-18.798366,-18.806618,-18.814871,-18.823123,-18.831375,-18.839627,-18.847879,-18.856131,-18.864382,-18.872634,-18.880885,-18.889136,-18.897387,-18.905638,-18.913889,-18.92214,-18.93039,-18.93864,-18.94689,-18.95514,-18.96339,-18.97164,-18.979889,-18.988138,-18.996387,-19.004636,-19.012885,-19.021133,-19.029382,-19.03763,-19.045878,-19.054126,-19.062373,-19.07062,-19.078867,-19.087114,-19.095361,-19.103607,-19.111854,-19.1201,-19.128345,-19.136591,-19.144836,-19.153081,-19.161326,-19.169571,-19.177815,-19.186059,-19.194303,-19.202547,-19.21079,-19.219033,-19.227085,-19.235711,-19.24472,-19.254112,-19.263885,-19.274038,-19.284572,-19.295486,-19.306779,-19.318451,-19.3305,-19.342927,-19.35573,-19.36891,-19.382464,-19.396394,-19.410698,-19.425376,-19.440427,-19.45585,-19.471645,-19.487812,-19.504349,-19.521256,-19.538533,-19.556178,-19.574192,-19.592573,-19.611321,-19.630436,-19.649917,-19.669762,-19.689973,-19.710547,-19.731485,-19.752785,-19.774448,-19.796473,-19.818924,-19.841602,-19.864276,-19.887108,-19.910162,-19.933501,-19.957087,-19.981296,-20.006404,-20.032905,-20.060419,-20.08874,-20.117674,-20.147012,-20.176605,-20.206292,-20.235908,-20.26529,-20.294277,-20.322704,-20.350408,-20.377227,-20.402997,-20.427556,-20.45074,-20.472386,-20.492331,-20.510412,-20.526467,-20.540331,-20.551843,-20.560802,-20.567156,-20.570814,-20.571689,-20.569689,-20.564863,-20.556609,-20.544854,-20.529483,-20.510261,-20.486852,-20.459407,-20.428073,-20.392943,-20.354199,-20.311595,-20.265512,-20.214918,-20.159532,-20.099165,-20.033463,-19.962475,-19.887018,-19.80814,-19.725856,-19.640587,-19.553531,-19.464979,-19.375012,-19.283684,-19.191458,-19.098988,-19.006674,-18.914899,-18.82406,-18.734666,-18.647161,-18.561647,-18.478151,-18.396807,-18.317598,-18.240384,-18.164771,-18.090607,-18.017184,-17.943986,-17.870943],"drift":[-0.00825494,-0.00825493,-0.00825493,-0.00825492,-0.00825491,-0.00825489,-0.00825488,-0.00825486,-0.00825484,-0.00825481,-0.00825478,-0.00825475,-0.00825472,-0.00825468,-0.00825464,-0.0082546,-0.00825455,-0.0082545,-0.00825445,-0.0082544,-0.00825434,-0.00825428,-0.00825422,-0.00825416,-0.00825409,-0.00825402,-0.00825394,-0.00825387,-0.00825379,-0.00825371,-0.00825362,-0.00825353,-0.00825344,-0.00825335,-0.00825325,-0.00825316,-0.00825305,-0.00825295,-0.00825284,-0.00825273,-0.00825262,-0.0082525,-0.00825238,-0.00825226,-0.00825214,-0.00825201,-0.00825188,-0.00825175,-0.00825161,-0.00825147,-0.00825133,-0.00825119,-0.00825104,-0.00825089,-0.00825074,-0.00825058,-0.00825042,-0.00825026,-0.0082501,-0.00824993,-0.00824976,-0.00824959,-0.00824942,-0.00824924,-0.00824906,-0.00824887,-0.00824869,-0.0082485,-0.0082483,-0.00824811,-0.00824791,-0.00824771,-0.00824751,-0.0082473,-0.00824709,-0.00824688,-0.00824666,-0.00824645,-0.00824623,-0.008246,-0.00824578,-0.00824555,-0.00824532,-0.00824508,-0.00824484,-0.0082446,-0.00824436,-0.00824411,-0.00824387,-0.00824361,-0.00824336,-0.0082431,-0.00824284,-0.00862616,-0.0090089,-0.00939103,-0.00977256,-0.01015349,-0.01053381,-0.01091353,-0.01129265,-0.01167116,-0.01204906,-0.01242636,-0.01280306,-0.01317915,-0.01355464,-0.01392952,-0.0143038,-0.01467748,-0.01505055,-0.01542301,-0.01579487,-0.01616613,-0.01653678,-0.01690683,-0.01727628,-0.01764512,-0.01801335,-0.01838098,-0.01874801,-0.01911443,-0.01948025,-0.01984547,-0.02021007,-0.02057408,-0.02093748,-0.02130028,-0.02166247,-0.02202406,-0.02238504,-0.02261235,-0.02270598,-0.02286363,-0.02308529,-0.02337097,-0.02372068,-0.02434483,-0.02524342,-0.02641647,-0.02741795,-0.02822524,-0.02883833,-0.02925722,-0.02951306,-0.02960585,-0.02953558,-0.02930225,-0.02890588,-0.02834644,-0.02762395,-0.02673841,-0.02568981,-0.02447816,-0.02310346,-0.02156569,-0.01986488,-0.01800101,-0.01597408,-0.0137841,-0.01143107,-0.00891498,-0.00630948,-0.00361457,-0.00083024,0.00204349,0.00500664,0.00833529,0.01182919,0.01547312,0.01932448,0.02338329,0.02739043,0.03128599,0.03508486,0.03879146,0.04259484,0.04637981,0.0507657,0.05550038,0.0604672,0.06563743,0.07067551,0.07507982,0.07871972,0.08203933,0.08486208,0.0868602,0.08846181,0.0898811,0.09112525,0.09195998,0.09225527,0.09211509,0.09157197,0.09061599,0.08920851,0.08742457,0.0854775,0.08345704,0.08135749,0.07928469,0.07736539,0.07575431,0.07442855,0.07363931,0.07328947,0.07312444,0.07312444],"instab":[null,null,null,null,null,null,null,null,null,null,null,null,null,null,null,null,null,null,null,null,null,null,null,null,null,null,null,null,null,null,null,null,null,null,null,null,null,null,null,null,null,null,null,null,null,null,null,null,null,null,null,null,null,null,null,null,null,null,null,null,null,null,null,null,null,null,null,null,null,null,null,null,null,null,null,null,null,null,null,null,null,null,null,null,null,null,null,null,null,null,null,null,null,null,null,null,null,null,null,null,null,null,null,null,null,null,null,null,null,null,null,null,null,null,null,null,null,null,null,null,null,null,null,null,null,null,null,null,null,null,null,null,null,null,null,null,null,null,null,null,34.358572,34.358572,34.358572,31.335157,31.335157,31.335157,31.335157,31.335157,31.335157,31.335157,0.954348,0.954348,null,null,null,null,null,null,null,null,null,null,null,null,null,null,null,null,null,0.723813,0.723813,0.685145,0.634779,0.610805,0.583728,0.606135,0.578607,0.769221,0.786269,0.761895,0.7342,0.740754,0.763115,0.741798,0.839318,0.817415,0.800889,0.857269,0.87055,0.870594,0.861936,0.843116,0.846786,0.846624,0.846755,0.837829,0.834133,0.746018,0.710193,0.705757,0.704835,0.667899,0.59969,0.619384,0.500918,0.533435,0.580309,0.451735,0.431067],