{"word":"terror","years":[1800,1801,1802,1803,1804,1805,1806,1807,1808,1809,1810,1811,1812,1813,1814,1815,1816,1817,1818,1819,1820,1821,1822,1823,1824,1825,1826,1827,1828,1829,1830,1831,1832,1833,1834,1835,1836,1837,1838,1839,1840,1841,1842,1843,1844,1845,1846,1847,1848,1849,1850,1851,1852,1853,1854,1855,1856,1857,1858,1859,1860,1861,1862,1863,1864,1865,1866,1867,1868,1869,1870,1871,1872,1873,1874,1875,1876,1877,1878,1879,1880,1881,1882,1883,1884,1885,1886,1887,1888,1889,1890,1891,1892,1893,1894,1895,1896,1897,1898,1899,1900,1901,1902,1903,1904,1905,1906,1907,1908,1909,1910,1911,1912,1913,1914,1915,1916,1917,1918,1919,1920,1921,1922,1923,1924,1925,1926,1927,1928,1929,1930,1931,1932,1933,1934,1935,1936,1937,1938,1939,1940,1941,1942,1943,1944,1945,1946,1947,1948,1949,1950,1951,1952,1953,1954,1955,1956,1957,1958,1959,1960,1961,1962,1963,1964,1965,1966,1967,1968,1969,1970,1971,1972,1973,1974,1975,1976,1977,1978,1979,1980,1981,1982,1983,1984,1985,1986,1987,1988,1989,1990,1991,1992,1993,1994,1995,1996,1997,1998,1999,2000,2001,2002,2003,2004,2005,2006,2007,2008,2009,2010,2011,2012,2013,2014,2015,2016,2017,2018,2019],"level":[-10.420625,-10.481213,-10.561051,-10.612134,-10.61415,-10.66701,-10.721269,-10.818554,-10.852646,-10.848297,-10.849122,-10.803673,-10.807099,-10.843242,-10.842045,-10.825431,-10.819718,-10.863995,-10.873802,-10.893966,-10.887135,-10.879965,-10.823836,-10.852554,-10.864443,-10.860161,-10.82172,-10.724557,-10.750663,-10.775283,-10.805497,-10.866305,-11.006077,-10.881647,-10.892917,-10.868715,-10.850934,-10.846705,-10.810059,-10.788986,-10.763287,-10.754342,-10.738297,-10.74265,-10.73713,-10.747129,-10.778078,-10.797809,-10.818067,-10.851191,-10.854277,-10.868555,-10.904193,-10.934905,-10.936472,-10.92588,-10.942015,-10.985589,-11.043232,-11.056623,-11.102011,-11.131489,-11.177384,-11.199891,-11.232444,-11.26448,-11.298722,-11.314925,-11.339582,-11.313158,-11.335761,-11.359167,-11.40818,-11.430806,-11.479497,-11.480389,-11.510333,-11.521354,-11.545748,-11.54531,-11.532274,-11.572821,-11.618504,-11.656465,-11.713676,-11.745338,-11.787156,-11.820245,-11.845178,-11.865179,-11.88812,-11.922825,-11.913139,-11.918138,-11.945284,-11.983562,-12.026528,-12.036003,-12.002447,-11.936206,-11.98455,-12.081236,-12.159814,-12.238912,-12.283889,-12.344594,-12.381943,-12.409447,-12.445243,-12.441264,-12.461807,-12.519858,-12.579467,-12.628832,-12.655629,-12.677076,-12.689884,-12.666941,-12.639564,-12.621333,-12.639323,-12.650153,-12.632219,-12.590217,-12.577965,-12.567881,-12.556612,-12.555423,-12.570077,-12.589169,-12.601203,-12.606103,-12.608506,-12.594211,-12.568715,-12.560353,-12.570435,-12.568034,-12.574883,-12.598289,-12.609156,-12.619573,-12.607748,-12.593768,-12.592387,-12.600975,-12.592467,-12.606009,-12.644693,-12.672501,-12.661222,-12.653906,-12.64767,-12.660929,-12.658663,-12.657905,-12.6567,-12.672685,-12.681961,-12.669873,-12.64597,-12.609535,-12.575034,-12.54399,-12.509933,-12.438216,-12.398362,-12.362787,-12.327302,-12.325818,-12.341563,-12.400059,-12.466807,-12.523201,-12.568516,-12.629611,-12.664932,-12.676192,-12.682878,-12.670606,-12.662153,-12.62969,-12.617585,-12.60186,-12.581726,-12.562479,-12.552695,-12.54965,-12.548222,-12.549194,-12.544711,-12.528202,-12.530065,-12.524953,-12.506267,-12.490125,-12.467539,-12.440968,-12.399007,-12.328898,-12.236798,-12.119368,-11.982253,-11.875576,-11.783488,-11.718728,-11.676148,-11.658877,-11.635285,-11.585765,-11.574047,-11.568163,-11.608543,-11.589164,-11.51395,-11.4538,-11.439459,-11.426019,-11.402683,-11.401141],"drift":[-0.02051447,-0.02038892,-0.02007711,-0.01966817,-0.01931454,-0.0188558,-0.01828615,-0.017469,-0.01659977,-0.01579617,-0.01503947,-0.01447229,-0.01393971,-0.01333757,-0.01278096,-0.01231645,-0.01190842,-0.01139898,-0.01089454,-0.01036105,-0.00988142,-0.00945521,-0.00923448,-0.00895271,-0.00866173,-0.00841131,-0.00830768,-0.00853448,-0.00870623,-0.00882812,-0.00888301,-0.00877522,-0.00825703,-0.00815453,-0.00804228,-0.00803105,-0.00810068,-0.00820894,-0.00845774,-0.00879905,-0.00924844,-0.00975483,-0.01034205,-0.01094804,-0.01160561,-0.01226823,-0.01287231,-0.01345491,-0.01401619,-0.01451761,-0.01505485,-0.01559451,-0.01607139,-0.01650239,-0.01698019,-0.01754437,-0.01811297,-0.01860179,-0.0189683,-0.01935229,-0.0196547,-0.01992635,-0.02011663,-0.02029942,-0.02044382,-0.0205519,-0.0206171,-0.02069612,-0.02076273,-0.02097718,-0.02118654,-0.02138894,-0.0215048,-0.02161714,-0.02164466,-0.0217372,-0.02180403,-0.02190464,-0.02199745,-0.02216055,-0.02243392,-0.02265055,-0.02279501,-0.02289196,-0.02288139,-0.02284331,-0.02274578,-0.02261585,-0.02247866,-0.02234923,-0.02221794,-0.02204754,-0.02197655,-0.02195876,-0.02192471,-0.02183943,-0.02168795,-0.02157475,-0.02163426,-0.02196909,-0.02222128,-0.02224018,-0.02208257,-0.02174634,-0.02133733,-0.02080498,-0.02022079,-0.01961379,-0.0189561,-0.01837025,-0.0177776,-0.01705878,-0.01620664,-0.01525062,-0.01425843,-0.01324372,-0.01223037,-0.01132722,-0.01054533,-0.00985359,-0.00913636,-0.00841382,-0.00777383,-0.00728979,-0.00686697,-0.00649725,-0.0061832,-0.00589224,-0.00557384,-0.00521308,-0.00483095,-0.00444861,-0.00407267,-0.00375428,-0.00352753,-0.00333802,-0.0031274,-0.00293409,-0.00272851,-0.00245816,-0.00216146,-0.00183889,-0.00155913,-0.00132806,-0.00110547,-0.00085944,-0.00064276,-0.00038567,-8.59e-06,0.00045558,0.00088585,0.00129597,0.00169062,0.0021321,0.00257316,0.00301991,0.00347234,0.00398573,0.00454068,0.00507197,0.00554428,0.0059198,0.00620577,0.00641393,0.00653549,0.00645283,0.00626553,0.0059864,0.00561486,0.00525625,0.00496344,0.00486944,0.00499982,0.00532255,0.00580392,0.00649489,0.00731686,0.00819704,0.00912384,0.01004078,0.0109627,0.01181725,0.01267091,0.013515,0.01433835,0.01514632,0.01597109,0.01683635,0.01774989,0.01872209,0.0197389,0.02076582,0.02186365,0.02301395,0.02417781,0.02536685,0.0265646,0.02776234,0.02891559,0.02993978,0.03076922,0.03132717,0.03155368,0.03154483,0.0313463,0.03104308,0.03070372,0.03040644,0.03013052,0.02979384,0.0295138,0.02930778,0.0293201,0.02936356,0.02926338,0.02906643,0.02891561,0.02881328,0.02872811,0.02872811],