{"word":"testee","years":[1800,1801,1802,1803,1804,1805,1806,1807,1808,1809,1810,1811,1812,1813,1814,1815,1816,1817,1818,1819,1820,1821,1822,1823,1824,1825,1826,1827,1828,1829,1830,1831,1832,1833,1834,1835,1836,1837,1838,1839,1840,1841,1842,1843,1844,1845,1846,1847,1848,1849,1850,1851,1852,1853,1854,1855,1856,1857,1858,1859,1860,1861,1862,1863,1864,1865,1866,1867,1868,1869,1870,1871,1872,1873,1874,1875,1876,1877,1878,1879,1880,1881,1882,1883,1884,1885,1886,1887,1888,1889,1890,1891,1892,1893,1894,1895,1896,1897,1898,1899,1900,1901,1902,1903,1904,1905,1906,1907,1908,1909,1910,1911,1912,1913,1914,1915,1916,1917,1918,1919,1920,1921,1922,1923,1924,1925,1926,1927,1928,1929,1930,1931,1932,1933,1934,1935,1936,1937,1938,1939,1940,1941,1942,1943,1944,1945,1946,1947,1948,1949,1950,1951,1952,1953,1954,1955,1956,1957,1958,1959,1960,1961,1962,1963,1964,1965,1966,1967,1968,1969,1970,1971,1972,1973,1974,1975,1976,1977,1978,1979,1980,1981,1982,1983,1984,1985,1986,1987,1988,1989,1990,1991,1992,1993,1994,1995,1996,1997,1998,1999,2000,2001,2002,2003,2004,2005,2006,2007,2008],"level":[-17.977432,-18.008385,-18.039338,-18.07029,-18.101243,-18.132189,-18.163122,-18.194035,-18.224921,-18.255775,-18.286588,-18.317355,-18.348069,-18.378724,-18.409312,-18.439827,-18.470263,-18.500612,-18.530869,-18.561027,-18.591078,-18.621017,-18.650836,-18.68053,-18.710091,-18.739513,-18.768789,-18.797913,-18.826877,-18.855677,-18.884303,-18.912751,-18.941182,-18.969759,-18.998643,-19.02808,-19.058315,-19.089029,-19.119902,-19.150614,-19.180845,-19.210409,-19.239118,-19.266861,-19.293524,-19.318995,-19.343162,-19.365911,-19.38713,-19.406706,-19.424606,-19.440794,-19.455333,-19.468405,-19.480325,-19.491404,-19.501957,-19.512297,-19.522737,-19.53359,-19.54517,-19.557669,-19.571282,-19.586202,-19.602621,-19.62043,-19.639518,-19.659775,-19.68109,-19.703353,-19.726453,-19.750281,-19.774725,-19.799675,-19.82501,-19.850597,-19.876306,-19.902005,-19.927563,-19.952849,-19.977732,-20.002079,-20.025761,-20.048645,-20.0706,-20.091495,-20.111199,-20.12958,-20.146455,-20.161626,-20.174895,-20.186062,-20.19493,-20.201285,-20.204942,-20.205713,-20.203413,-20.1979,-20.189033,-20.176741,-20.160823,-20.14108,-20.117311,-20.089315,-20.056891,-20.01984,-19.97796,-19.931052,-19.878914,-19.82108,-19.757085,-19.686463,-19.608746,-19.523905,-19.431908,-19.333238,-19.228375,-19.117802,-19.001978,-18.881363,-18.756416,-18.627418,-18.495137,-18.360983,-18.22602,-18.091303,-17.958286,-17.829275,-17.705212,-17.586226,-17.472809,-17.364765,-17.261558,-17.16255,-17.067356,-16.976074,-16.888527,-16.804968,-16.725624,-16.650831,-16.580648,-16.514944,-16.453708,-16.396701,-16.343249,-16.29303,-16.24587,-16.20162,-16.160129,-16.121386,-16.085361,-16.052164,-16.021982,-15.995283,-15.972646,-15.954399,-15.94031,-15.930114,-15.923502,-15.920524,-15.920735,-15.923986,-15.930089,-15.938967,-15.950529,-15.964766,-15.981674,-16.001313,-16.023099,-16.046671,-16.071926,-16.098989,-16.127981,-16.158908,-16.191831,-16.226757,-16.263626,-16.302281,-16.342573,-16.384422,-16.427614,-16.471933,-16.517073,-16.562859,-16.609201,-16.656047,-16.703305,-16.750767,-16.798333,-16.845977,-16.893694,-16.94133,-16.988751,-17.035786,-17.082416,-17.128706,-17.174764,-17.220814,-17.266954,-17.313391,-17.360298,-17.407727,-17.455945,-17.504806,-17.554167,-17.603944,-17.654031,-17.704255,-17.754642],"drift":[-0.03095272,-0.03095272,-0.03095271,-0.0309527,-0.03094606,-0.0309328,-0.03091291,-0.0308864,-0.03085326,-0.03081349,-0.0307671,-0.03071409,-0.03065444,-0.03058817,-0.03051528,-0.03043576,-0.03034961,-0.03025684,-0.03015744,-0.03005142,-0.02993876,-0.02981949,-0.02969359,-0.02956106,-0.02942191,-0.02927613,-0.02912372,-0.02896469,-0.02879903,-0.02862675,-0.02844784,-0.02843109,-0.02857651,-0.0288841,-0.02943705,-0.03023537,-0.03071394,-0.03087275,-0.03071181,-0.03023111,-0.02956367,-0.02870949,-0.02774267,-0.02666323,-0.02547116,-0.02416647,-0.02274914,-0.02121918,-0.0195766,-0.0178995,-0.01618791,-0.01453901,-0.01307257,-0.01191943,-0.01107957,-0.01055301,-0.01033975,-0.01043978,-0.01085311,-0.01157973,-0.01249967,-0.01361293,-0.01491952,-0.01641943,-0.01780893,-0.01908803,-0.02025672,-0.021315,-0.02226288,-0.02310034,-0.02382741,-0.02444406,-0.02495031,-0.02533448,-0.02558737,-0.02570896,-0.02569926,-0.02555827,-0.02528598,-0.0248824,-0.02434753,-0.02368137,-0.02288392,-0.02195517,-0.02089513,-0.0197038,-0.01838117,-0.01687534,-0.01517109,-0.01326843,-0.01116735,-0.00886785,-0.00635543,-0.00365659,-0.00077135,0.00230032,0.00551321,0.00886732,0.01229204,0.01591728,0.01974304,0.02376932,0.02799613,0.03242345,0.0370513,0.04187967,0.04690857,0.05213798,0.05783347,0.06399503,0.07062266,0.07771636,0.08484108,0.09199684,0.09867073,0.10486275,0.11057292,0.11582373,0.12061519,0.12494731,0.12899808,0.132281,0.13415401,0.13496256,0.13471715,0.13301677,0.12901067,0.12406364,0.11898529,0.11341691,0.10804422,0.10320683,0.09900849,0.09519376,0.09128167,0.08754717,0.08355964,0.07934339,0.07479332,0.07018294,0.06570365,0.06123602,0.0570068,0.05345268,0.05021884,0.04716,0.04424979,0.04149092,0.03874366,0.03602416,0.03319751,0.03018158,0.02669888,0.02263756,0.01824648,0.01408952,0.01019555,0.00661233,0.00297793,-0.00021121,-0.00325069,-0.0061025,-0.00887825,-0.01156264,-0.01423613,-0.01690834,-0.01963906,-0.02178569,-0.02357207,-0.02525544,-0.02706249,-0.02899262,-0.03092625,-0.03292332,-0.03492657,-0.03686825,-0.03865522,-0.04029167,-0.0418497,-0.04319162,-0.0443194,-0.04513949,-0.0457864,-0.04634199,-0.04684564,-0.04725797,-0.04746234,-0.04756593,-0.04764378,-0.04771739,-0.04763534,-0.04742151,-0.04703496,-0.04663001,-0.04628969,-0.046058,-0.04604987,-0.04614011,-0.04643676,-0.0469076,-0.04742876,-0.04821834,-0.04886069,-0.04936159,-0.04977647,-0.05008739,-0.05022408,-0.05038699,-0.05038699],"instab":[null,null,null,null,null,null,null,null,null,null,null,null,null,null,null,null,null,null,null,null,null,null,null,null,null,null,null,null,null,null,null,null,null,null,null,null,null,null,null,null,null,64.800711,64.800711,64.800711,64.800711,64.800711,64.800711,64.800711,59.180718,59.180718,0.764365,0.699917,0.648956,0.696572,0.696572,0.263925,0.263925,0.263925,0.263925,0.364852,0.364852,0.366864,0.366864,0.439793,0.439793,0.439793,0.439793,0.439793,0.453204,0.453204,null,null,null,null,null,null,null,null,null,null,null,null,null,null,null,null,null,null,null,null,null,0.163751,0.063406,null,null,0.055821,0.055821,0.058718,0.20881,0.20881,0.20881,0.20881,0.20881,0.20881,0.20881,0.20881,0.215276,0.447356,0.447356,0.447356,0.447356,0.638703,0.708006,0.672318,0.672318,0.751122,0.831638,0.920181,null,1.05209,1.017463,0.988107,1.076545,1.012982,0.979836,1.029991,1.454018,1.50726,1.507471,1.47005,1.417577,1.38353,1.400206,1.463294,1.41684,1.426544,1.410009,1.376738,1.341668,1.313456,1.315482,1.303512,1.254084,1.286007,1.293401,1.26753,0.885376,0.737992,0.719045,0.608001,0.588743,0.592941,0.567453,0.538292,0.602883,0.552046,0.552049,0.592916,0.622198,0.644934,0.640029,0.634194,0.604169,0.556012,0.54738,0.547085,0.637163,0.653923,0.671318,0.676293,0.676843,0.672224,0.672457,0.651234,0.577451,0.580717,0.580686,0.540208,0.487208,0.446718,0.448643,0.448812,0.450138,0.447493,0.449047,0.453,0.320078,0.275733,0.22671,0.212917,0.213084,0.20363,0.213329,0.211266,0.208929,0.205366,0.232795,0.228104,0.226941,0.24351,0.258798,0.33614,0.330598,0.332233,0.332135,0.329833,0.341525,0.351376,0.364649],