{"word":"testlet","years":[1800,1801,1802,1803,1804,1805,1806,1807,1808,1809,1810,1811,1812,1813,1814,1815,1816,1817,1818,1819,1820,1821,1822,1823,1824,1825,1826,1827,1828,1829,1830,1831,1832,1833,1834,1835,1836,1837,1838,1839,1840,1841,1842,1843,1844,1845,1846,1847,1848,1849,1850,1851,1852,1853,1854,1855,1856,1857,1858,1859,1860,1861,1862,1863,1864,1865,1866,1867,1868,1869,1870,1871,1872,1873,1874,1875,1876,1877,1878,1879,1880,1881,1882,1883,1884,1885,1886,1887,1888,1889,1890,1891,1892,1893,1894,1895,1896,1897,1898,1899,1900,1901,1902,1903,1904,1905,1906,1907,1908,1909,1910,1911,1912,1913,1914,1915,1916,1917,1918,1919,1920,1921,1922,1923,1924,1925,1926,1927,1928,1929,1930,1931,1932,1933,1934,1935,1936,1937,1938,1939,1940,1941,1942,1943,1944,1945,1946,1947,1948,1949,1950,1951,1952,1953,1954,1955,1956,1957,1958,1959,1960,1961,1962,1963,1964,1965,1966,1967,1968,1969,1970,1971,1972,1973,1974,1975,1976,1977,1978,1979,1980,1981,1982,1983,1984,1985,1986,1987,1988,1989,1990,1991,1992,1993,1994,1995,1996,1997,1998,1999,2000,2001,2002,2003,2004,2005,2006,2007,2008],"level":[-56.553138,-56.363305,-56.173473,-55.98364,-55.793808,-55.603975,-55.414143,-55.224311,-55.034478,-54.844646,-54.654813,-54.464981,-54.275148,-54.085316,-53.895484,-53.705651,-53.515819,-53.325986,-53.136154,-52.946321,-52.756489,-52.566656,-52.376824,-52.186992,-51.997159,-51.807327,-51.617494,-51.427662,-51.237829,-51.047997,-50.858165,-50.668332,-50.4785,-50.288667,-50.098835,-49.909002,-49.71917,-49.529338,-49.339505,-49.149673,-48.95984,-48.770008,-48.580175,-48.390343,-48.200511,-48.010678,-47.820846,-47.631013,-47.441181,-47.251348,-47.061516,-46.871684,-46.681851,-46.492019,-46.302186,-46.112354,-45.922521,-45.732689,-45.542857,-45.353024,-45.163192,-44.973359,-44.783527,-44.593694,-44.403862,-44.21403,-44.024197,-43.834365,-43.644532,-43.4547,-43.264867,-43.075035,-42.885203,-42.69537,-42.505538,-42.315705,-42.125873,-41.93604,-41.746208,-41.556376,-41.366543,-41.176711,-40.986878,-40.797046,-40.607213,-40.417381,-40.227549,-40.037716,-39.847884,-39.658051,-39.468219,-39.278386,-39.088554,-38.898722,-38.708889,-38.519057,-38.329224,-38.139392,-37.949559,-37.759727,-37.569895,-37.380062,-37.19023,-37.000397,-36.810565,-36.620732,-36.4309,-36.241067,-36.051235,-35.861403,-35.67157,-35.481738,-35.291905,-35.102073,-34.91224,-34.722408,-34.532576,-34.342743,-34.152911,-33.963078,-33.773246,-33.583413,-33.393581,-33.203749,-33.013916,-32.824084,-32.634251,-32.444419,-32.254586,-32.064754,-31.874922,-31.685089,-31.495257,-31.305424,-31.115592,-30.925759,-30.735927,-30.546095,-30.356262,-30.16643,-29.976597,-29.786765,-29.596932,-29.4071,-29.217268,-29.027435,-28.837603,-28.64777,-28.457938,-28.268105,-28.078273,-27.888441,-27.698608,-27.508776,-27.318943,-27.129111,-26.939278,-26.749446,-26.559614,-26.369781,-26.179949,-25.990116,-25.800284,-25.610451,-25.420619,-25.230787,-25.040954,-24.851122,-24.661289,-24.471457,-24.281624,-24.091792,-23.90196,-23.712127,-23.522295,-23.332462,-23.14263,-22.952797,-22.762965,-22.573133,-22.3833,-22.193468,-22.003635,-21.813803,-21.62397,-21.434138,-21.244305,-21.054473,-20.864641,-20.674806,-20.484973,-20.295141,-20.105309,-19.915476,-19.725644,-19.535811,-19.345979,-19.156146,-18.966314,-18.776482,-18.586649,-18.396817,-18.206984,-18.017152,-17.827319,-17.637487,-17.447654,-17.257822,-17.06799],"drift":[0.18983243,0.18983243,0.18983243,0.18983243,0.18983243,0.18983243,0.18983243,0.18983243,0.18983243,0.18983243,0.18983243,0.18983243,0.18983243,0.18983243,0.18983243,0.18983243,0.18983243,0.18983243,0.18983243,0.18983243,0.18983243,0.18983243,0.18983243,0.18983243,0.18983243,0.18983243,0.18983243,0.18983243,0.18983243,0.18983243,0.18983243,0.18983243,0.18983243,0.18983243,0.18983243,0.18983243,0.18983243,0.18983243,0.18983243,0.18983243,0.18983243,0.18983243,0.18983243,0.18983243,0.18983243,0.18983243,0.18983243,0.18983243,0.18983243,0.18983243,0.18983243,0.18983243,0.18983243,0.18983243,0.18983243,0.18983243,0.18983243,0.18983243,0.18983243,0.18983243,0.18983243,0.18983243,0.18983243,0.18983243,0.18983243,0.18983243,0.18983243,0.18983243,0.18983243,0.18983243,0.18983243,0.18983243,0.18983243,0.18983243,0.18983243,0.18983243,0.18983243,0.18983243,0.18983243,0.18983243,0.18983243,0.18983243,0.18983243,0.18983243,0.18983243,0.18983243,0.18983243,0.18983243,0.18983243,0.18983243,0.18983243,0.18983243,0.18983243,0.18983243,0.18983243,0.18983243,0.18983243,0.18983243,0.18983243,0.18983243,0.18983243,0.18983243,0.18983243,0.18983243,0.18983243,0.18983243,0.18983243,0.18983243,0.18983243,0.18983243,0.18983243,0.18983243,0.18983243,0.18983243,0.18983243,0.18983243,0.18983243,0.18983243,0.18983243,0.18983243,0.18983243,0.18983243,0.18983243,0.18983243,0.18983243,0.18983243,0.18983243,0.18983243,0.18983243,0.18983243,0.18983243,0.18983243,0.18983243,0.18983243,0.18983243,0.18983243,0.18983243,0.18983243,0.18983243,0.18983243,0.18983243,0.18983243,0.18983243,0.18983243,0.18983243,0.18983243,0.18983243,0.18983243,0.18983243,0.18983243,0.18983243,0.18983243,0.18983243,0.18983243,0.18983243,0.18983243,0.18983243,0.18983243,0.18983243,0.18983243,0.18983243,0.18983243,0.18983243,0.18983243,0.18983243,0.18983243,0.18983243,0.18983243,0.18983243,0.18983243,0.18983243,0.18983243,0.18983243,0.18983243,0.18983243,0.18983243,0.18983243,0.18983243,0.18983243,0.18983243,0.18983243,0.18983243,0.18983243,0.18983243,0.18983243,0.18983243,0.18983243,0.18983243,0.18983243,0.18983244,0.18983244,0.18983244,0.18983244,0.18983244,0.18983244,0.18983244,0.18983244,0.18983244,0.18983244,0.18983244,0.18983244,0.18983244,0.18983244,0.18983244,0.18983244,0.18983244,0.18983244,0.18983244,0.18983244],"instab":[null,null,null,null,null,null,null,null,null,null,null,null,null,null,null,null,null,null,null,null,null,null,null,null,null,null,null,null,null,null,null,null,null,null,null,null,null,null,null,null,null,null,null,null,null,null,null,null,null,null,null,null,null,null,null,null,null,null,null,null,null,null,null,null,null,null,null,null,null,null,null,null,null,null,null,null,null,null,null,null,null,null,null,null,null,null,null,null,null,null,null,null,null,null,null,null,null,null,null,null,null,null,null,null,null,null,null,null,null,null,null,null,null,null,null,null,null,null,null,null,null,null,null,null,null,null,null,null,null,null,null,null,null,null,null,null,null,null,null,null,null,null,null,null,null,null,null,null,null,null,null,null,null,null,null,null,null,null,null,null,null,null,null,null,null,null,null,null,null,null,null,null,null,null,null,null,null,null,null,null,null,null,null,null,null,null,null,null,null,null,null,null,9.455743,8.970123,8.317079,7.726174,7.303446,6.905734,6.552263,6.259653,6.093082,5.854085,5.662741,5.4711,5.325001,5.173473,5.029584,4.898843,1.996638],