{"word":"tetradactylus","years":[1800,1801,1802,1803,1804,1805,1806,1807,1808,1809,1810,1811,1812,1813,1814,1815,1816,1817,1818,1819,1820,1821,1822,1823,1824,1825,1826,1827,1828,1829,1830,1831,1832,1833,1834,1835,1836,1837,1838,1839,1840,1841,1842,1843,1844,1845,1846,1847,1848,1849,1850,1851,1852,1853,1854,1855,1856,1857,1858,1859,1860,1861,1862,1863,1864,1865,1866,1867,1868,1869,1870,1871,1872,1873,1874,1875,1876,1877,1878,1879,1880,1881,1882,1883,1884,1885,1886,1887,1888,1889,1890,1891,1892,1893,1894,1895,1896,1897,1898,1899,1900,1901,1902,1903,1904,1905,1906,1907,1908,1909,1910,1911,1912,1913,1914,1915,1916,1917,1918,1919,1920,1921,1922,1923,1924,1925,1926,1927,1928,1929,1930,1931,1932,1933,1934,1935,1936,1937,1938,1939,1940,1941,1942,1943,1944,1945,1946,1947,1948,1949,1950,1951,1952,1953,1954,1955,1956,1957,1958,1959,1960,1961,1962,1963,1964,1965,1966,1967,1968,1969,1970,1971,1972,1973,1974,1975,1976,1977,1978,1979,1980,1981,1982,1983,1984,1985,1986,1987,1988,1989,1990,1991,1992,1993,1994,1995,1996,1997,1998,1999,2000,2001,2002,2003,2004,2005,2006,2007,2008],"level":[-18.019543,-18.0311,-18.042658,-18.059047,-18.075436,-18.091826,-18.108215,-18.124605,-18.140994,-18.157383,-18.173773,-18.190162,-18.206551,-18.222941,-18.23933,-18.255719,-18.272109,-18.288498,-18.304887,-18.321277,-18.337666,-18.354056,-18.370445,-18.386834,-18.403224,-18.419613,-18.440525,-18.461436,-18.478323,-18.49521,-18.512097,-18.529926,-18.551667,-18.573407,-18.595148,-18.621666,-18.651811,-18.681956,-18.707536,-18.733117,-18.758698,-18.782701,-18.808869,-18.843439,-18.87329,-18.903141,-18.934786,-18.961402,-18.983499,-19.005097,-19.026694,-19.048292,-19.069889,-19.0902,-19.104217,-19.111316,-19.118414,-19.125513,-19.127401,-19.131528,-19.130209,-19.123161,-19.112584,-19.102006,-19.097693,-19.09338,-19.091641,-19.105573,-19.119505,-19.128488,-19.13747,-19.146452,-19.150518,-19.154583,-19.160491,-19.1664,-19.172308,-19.171946,-19.171584,-19.171221,-19.175648,-19.181731,-19.2045,-19.219586,-19.234672,-19.24181,-19.254657,-19.267505,-19.280352,-19.28648,-19.295412,-19.302082,-19.31246,-19.315038,-19.317056,-19.319075,-19.312927,-19.308811,-19.318166,-19.318359,-19.318552,-19.318745,-19.320732,-19.321311,-19.325019,-19.321899,-19.308009,-19.301796,-19.288535,-19.285546,-19.286319,-19.276005,-19.265331,-19.252061,-19.240774,-19.230383,-19.237705,-19.252323,-19.260939,-19.269555,-19.27817,-19.293033,-19.301999,-19.303899,-19.29621,-19.290272,-19.281948,-19.288435,-19.299155,-19.319207,-19.338902,-19.357772,-19.376643,-19.391475,-19.414671,-19.43697,-19.454985,-19.471358,-19.478968,-19.486578,-19.494187,-19.501797,-19.506202,-19.510606,-19.516309,-19.522013,-19.527716,-19.529564,-19.531412,-19.53423,-19.543342,-19.551016,-19.560578,-19.568961,-19.592813,-19.615548,-19.632038,-19.648528,-19.658146,-19.663666,-19.669913,-19.676159,-19.682611,-19.695094,-19.697651,-19.693165,-19.677817,-19.663745,-19.633472,-19.604909,-19.589021,-19.576253,-19.57403,-19.575876,-19.582416,-19.596525,-19.618712,-19.641932,-19.663559,-19.68576,-19.706329,-19.728521,-19.750011,-19.780854,-19.814304,-19.85182,-19.882136,-19.906423,-19.925868,-19.942246,-19.963093,-19.993084,-20.030136,-20.071489,-20.127549,-20.171769,-20.201469,-20.222985,-20.23989,-20.255781,-20.274527,-20.297309,-20.319661,-20.343152,-20.369314,-20.391827,-20.399827,-20.410587,-20.423438],"drift":[-0.01155724,-0.01155724,-0.01155724,-0.01155724,-0.01155724,-0.01155724,-0.01155724,-0.01155724,-0.01155724,-0.01155724,-0.01155724,-0.01155724,-0.01155724,-0.01155724,-0.01155724,-0.01155724,-0.01155724,-0.01155724,-0.01155724,-0.01155724,-0.01155724,-0.01155724,-0.01155724,-0.01155724,-0.01155724,-0.01155724,-0.01155724,-0.01155724,-0.01155723,-0.01155723,-0.01155723,-0.01155723,-0.01155723,-0.01155723,-0.01155723,-0.01155723,-0.01155723,-0.01155723,-0.01155723,-0.01155723,-0.01155722,-0.01155722,-0.01155722,-0.01155722,-0.01155722,-0.01155722,-0.01155722,-0.01155721,-0.01155721,-0.01155721,-0.01155721,-0.01155721,-0.0115572,-0.0115572,-0.0115572,-0.0115572,-0.0115572,-0.01155719,-0.01155719,-0.01155719,-0.01155719,-0.01155719,-0.01155718,-0.01155718,-0.01155718,-0.01155718,-0.01155718,-0.01155718,-0.01155718,-0.01155717,-0.01155717,-0.01155717,-0.01155717,-0.01155717,-0.01155717,-0.01155717,-0.01155717,-0.01155716,-0.01155716,-0.01155716,-0.01155716,-0.01155716,-0.01155716,-0.01155716,-0.01155716,-0.01155716,-0.01155715,-0.01155715,-0.01155715,-0.01155715,-0.01155715,-0.01155715,-0.01155715,-0.01155715,-0.01155715,-0.01155715,-0.01155714,-0.01155714,-0.01155714,-0.01155714,-0.01155714,-0.01155714,-0.01155714,-0.01155714,-0.01155714,-0.01155714,-0.01155714,-0.01155714,-0.01155714,-0.01155714,-0.01155714,-0.01155714,-0.01155714,-0.01155714,-0.01155714,-0.01155714,-0.01155714,-0.01155714,-0.01155714,-0.01155714,-0.01155714,-0.01155714,-0.01155714,-0.01155714,-0.01155715,-0.01155715,-0.01155715,-0.01155715,-0.01155715,-0.01155715,-0.01155715,-0.01155715,-0.01155715,-0.01155715,-0.01155715,-0.01155715,-0.01155715,-0.01155716,-0.01155716,-0.01155716,-0.01155716,-0.01155716,-0.01155716,-0.01155716,-0.01155716,-0.01155716,-0.01155716,-0.01155716,-0.01155716,-0.01155716,-0.01155717,-0.01155717,-0.01155717,-0.01155717,-0.01155717,-0.01155717,-0.01155717,-0.01155717,-0.01155717,-0.01155717,-0.01155717,-0.01155717,-0.01155718,-0.01155718,-0.01155718,-0.01155718,-0.01155718,-0.01155718,-0.01155718,-0.01155718,-0.01155719,-0.01155719,-0.01155719,-0.01155719,-0.01155719,-0.0115572,-0.0115572,-0.0115572,-0.0115572,-0.0115572,-0.01155721,-0.01155721,-0.01155721,-0.01155721,-0.01155721,-0.01155721,-0.01155721,-0.01155722,-0.01155722,-0.01155722,-0.01155722,-0.01155722,-0.01155722,-0.01155722,-0.01155722,-0.01155722,-0.01155722,-0.01155722,-0.01155722,-0.01155722,-0.01155722,-0.01155722,-0.01155722,-0.01155722,-0.01155722,-0.01155722,-0.01155722,-0.01155722,-0.01155722],"instab":[null,null,null,null,null,null,null,null,null,null,null,null,null,null,null,null,null,null,null,null,null,null,null,null,null,null,null,null,null,null,null,null,null,null,71.642153,65.38771,65.38771,60.596684,60.596684,60.596684,56.692106,53.434187,50.656958,48.326425,48.326425,0.641272,0.644138,0.590699,0.566292,0.566292,0.586615,0.587596,0.561502,0.553222,0.530667,0.540502,0.540502,0.503899,0.561103,0.539564,0.537564,0.534406,0.457014,0.601689,0.601689,0.647986,0.862142,0.863146,0.893367,0.893367,0.893367,0.874963,0.910836,0.873026,0.867843,0.867843,0.868006,0.896294,0.932533,0.930739,0.903198,1.03026,1.122503,1.145525,1.171898,1.171704,1.029335,1.029335,1.051965,1.00404,0.962467,0.955043,0.964125,0.95644,0.95644,0.949274,0.946364,1.020867,1.037475,1.047233,1.081702,0.901679,0.851582,0.832345,0.811852,0.833611,0.873308,0.859369,0.915653,0.919654,0.974281,0.966873,0.93681,0.94273,0.916414,1.024982,1.032396,0.989203,0.967851,0.967851,0.945925,0.979661,1.011517,1.046769,1.030813,0.987209,1.045921,1.025933,0.996065,0.998075,0.940944,0.969815,0.993259,1.004031,1.013588,0.870179,0.846438,0.871017,0.871017,0.871017,0.87441,0.857119,0.859756,0.810547,0.834625,0.867697,0.646058,0.64297,0.528801,0.618513,0.617845,0.601444,0.581501,0.751566,0.753156,0.774993,0.804325,0.778658,0.759069,0.730595,0.730595,0.724104,0.723963,0.796378,0.79051,0.806455,0.816881,0.873897,0.89351,1.002743,1.018499,1.082662,1.090006,1.006026,1.024036,1.007374,0.980536,0.953924,0.942177,0.951915,0.927155,0.932211,0.939738,0.879736,0.848264,0.857529,0.901767,0.824955,0.833725,0.720455,0.734179,0.666323,0.65485,0.708073,0.820388,0.915536,0.942625,0.947265,0.946557,0.954346,0.962884,0.962883,0.923355,0.926088,0.922998,0.968683,0.968566,0.968078,0.965983],