{"word":"textcolor","years":[1800,1801,1802,1803,1804,1805,1806,1807,1808,1809,1810,1811,1812,1813,1814,1815,1816,1817,1818,1819,1820,1821,1822,1823,1824,1825,1826,1827,1828,1829,1830,1831,1832,1833,1834,1835,1836,1837,1838,1839,1840,1841,1842,1843,1844,1845,1846,1847,1848,1849,1850,1851,1852,1853,1854,1855,1856,1857,1858,1859,1860,1861,1862,1863,1864,1865,1866,1867,1868,1869,1870,1871,1872,1873,1874,1875,1876,1877,1878,1879,1880,1881,1882,1883,1884,1885,1886,1887,1888,1889,1890,1891,1892,1893,1894,1895,1896,1897,1898,1899,1900,1901,1902,1903,1904,1905,1906,1907,1908,1909,1910,1911,1912,1913,1914,1915,1916,1917,1918,1919,1920,1921,1922,1923,1924,1925,1926,1927,1928,1929,1930,1931,1932,1933,1934,1935,1936,1937,1938,1939,1940,1941,1942,1943,1944,1945,1946,1947,1948,1949,1950,1951,1952,1953,1954,1955,1956,1957,1958,1959,1960,1961,1962,1963,1964,1965,1966,1967,1968,1969,1970,1971,1972,1973,1974,1975,1976,1977,1978,1979,1980,1981,1982,1983,1984,1985,1986,1987,1988,1989,1990,1991,1992,1993,1994,1995,1996,1997,1998,1999,2000,2001,2002,2003,2004,2005,2006,2007,2008],"level":[-15.935579,-15.95812,-15.980661,-16.003202,-16.025743,-16.048283,-16.070824,-16.093365,-16.115906,-16.138447,-16.160987,-16.183528,-16.206069,-16.22861,-16.251151,-16.273692,-16.296232,-16.318773,-16.341314,-16.363855,-16.386396,-16.408937,-16.431477,-16.454018,-16.476559,-16.4991,-16.521641,-16.544181,-16.566722,-16.589263,-16.611804,-16.634345,-16.656886,-16.679426,-16.701967,-16.724508,-16.747049,-16.76959,-16.79213,-16.814671,-16.837212,-16.859753,-16.882294,-16.904835,-16.927375,-16.949916,-16.972457,-16.994998,-17.017539,-17.04008,-17.06262,-17.085161,-17.107702,-17.130243,-17.152784,-17.175324,-17.197865,-17.220406,-17.242947,-17.265488,-17.288029,-17.310569,-17.33311,-17.355651,-17.378192,-17.400733,-17.423273,-17.445814,-17.468355,-17.490896,-17.513437,-17.535977,-17.558518,-17.581059,-17.6036,-17.626141,-17.648682,-17.671222,-17.693763,-17.716304,-17.738845,-17.761386,-17.783926,-17.806467,-17.829008,-17.851549,-17.87409,-17.896631,-17.919171,-17.941712,-17.964253,-17.986794,-18.009335,-18.031875,-18.054416,-18.076957,-18.099498,-18.122039,-18.144579,-18.16712,-18.189661,-18.212202,-18.234743,-18.257283,-18.279824,-18.302365,-18.324906,-18.347447,-18.369987,-18.392528,-18.415069,-18.43761,-18.460151,-18.482691,-18.505232,-18.527773,-18.550314,-18.572855,-18.595395,-18.617936,-18.640477,-18.663018,-18.685559,-18.708099,-18.73064,-18.753181,-18.775722,-18.798263,-18.820803,-18.843344,-18.865885,-18.888426,-18.910967,-18.933507,-18.956048,-18.978589,-19.00113,-19.023671,-19.046211,-19.068752,-19.091293,-19.113834,-19.136375,-19.158915,-19.181456,-19.203997,-19.226538,-19.249079,-19.271619,-19.29416,-19.316701,-19.339242,-19.361782,-19.384323,-19.406864,-19.429405,-19.451946,-19.474486,-19.497027,-19.519568,-19.542109,-19.564649,-19.58719,-19.609731,-19.632272,-19.654813,-19.677353,-19.699894,-19.722435,-19.744976,-19.767516,-19.790057,-19.812598,-19.835139,-19.85768,-19.88022,-19.902761,-19.925302,-19.947843,-19.970383,-19.992924,-20.015465,-20.038006,-20.060546,-20.083087,-20.105628,-20.128169,-20.54721,-19.05689,-18.192376,-18.18762,-18.54106,-18.475711,-18.533994,-18.639285,-19.076701,-19.208455,-19.633894,-19.73459,-19.51575,-19.370391,-19.258878,-19.276136,-19.073185,-19.858621,-20.942595,-20.863066,-20.706003,-20.622215],"drift":[-0.02253145,-0.02253145,-0.02253145,-0.02253145,-0.02253145,-0.02253145,-0.02253145,-0.02253145,-0.02253145,-0.02253145,-0.02253145,-0.02253145,-0.02253145,-0.02253145,-0.02253145,-0.02253145,-0.02253145,-0.02253145,-0.02253145,-0.02253145,-0.02253145,-0.02253145,-0.02253145,-0.02253145,-0.02253145,-0.02253145,-0.02253145,-0.02253145,-0.02253145,-0.02253145,-0.02253145,-0.02253145,-0.02253145,-0.02253145,-0.02253145,-0.02253145,-0.02253145,-0.02253145,-0.02253145,-0.02253145,-0.02253145,-0.02253145,-0.02253145,-0.02253145,-0.02253145,-0.02253145,-0.02253145,-0.02253145,-0.02253145,-0.02253145,-0.02253145,-0.02253145,-0.02253145,-0.02253145,-0.02253145,-0.02253145,-0.02253145,-0.02253145,-0.02253145,-0.02253145,-0.02253145,-0.02253145,-0.02253145,-0.02253145,-0.02253145,-0.02253145,-0.02253145,-0.02253145,-0.02253144,-0.02253144,-0.02253144,-0.02253144,-0.02253144,-0.02253144,-0.02253144,-0.02253144,-0.02253144,-0.02253144,-0.02253144,-0.02253144,-0.02253144,-0.02253144,-0.02253144,-0.02253144,-0.02253144,-0.02253144,-0.02253144,-0.02253144,-0.02253144,-0.02253144,-0.02253144,-0.02253144,-0.02253144,-0.02253144,-0.02253144,-0.02253144,-0.02253144,-0.02253144,-0.02253144,-0.02253144,-0.02253144,-0.02253144,-0.02253144,-0.02253143,-0.02253143,-0.02253143,-0.02253143,-0.02253143,-0.02253143,-0.02253143,-0.02253143,-0.02253143,-0.02253143,-0.02253143,-0.02253143,-0.02253143,-0.02253143,-0.02253143,-0.02253143,-0.02253143,-0.02253143,-0.02253143,-0.02253143,-0.02253143,-0.02253143,-0.02253143,-0.02253143,-0.02253143,-0.02253142,-0.02253142,-0.02253142,-0.02253142,-0.02253142,-0.02253142,-0.02253142,-0.02253142,-0.02253142,-0.02253142,-0.02253142,-0.02253142,-0.02253142,-0.02253142,-0.02253142,-0.02253142,-0.02253142,-0.02253142,-0.02253142,-0.02253142,-0.02253142,-0.02253141,-0.02253141,-0.02253141,-0.02253141,-0.02253141,-0.02253141,-0.02253141,-0.02253141,-0.02253141,-0.02253141,-0.02253141,-0.02253141,-0.02253141,-0.02253141,-0.02253141,-0.02253141,-0.02253141,-0.02253141,-0.02253141,-0.0225314,-0.0225314,-0.0225314,-0.0225314,-0.0225314,-0.0225314,-0.0225314,-0.0225314,-0.0225314,-0.0225314,-0.0225314,-0.0225314,-0.0225314,-0.0225314,-0.0225314,-0.0225314,-0.0225314,-0.02253139,-0.02253139,-0.02253124,-0.02253165,-0.02253237,-0.0225331,-0.02253372,-0.02253436,-0.022535,-0.0225356,-0.02253605,-0.02253647,-0.02253673,-0.02253697,-0.0225373,-0.02253769,-0.02253812,-0.02253856,-0.02253908,-0.02253933,-0.02253919,-0.02253908,-0.02253904,-0.02253904],"instab":[null,null,null,null,null,null,null,null,null,null,null,null,null,null,null,null,null,null,null,null,null,null,null,null,null,null,null,null,null,null,null,null,null,null,null,null,null,null,null,null,null,null,null,null,null,null,null,null,null,null,null,null,null,null,null,null,null,null,null,null,null,null,null,null,null,null,null,null,null,null,null,null,null,null,null,null,null,null,null,null,null,null,null,null,null,null,null,null,null,null,null,null,null,null,null,null,null,null,null,null,null,null,null,null,null,null,null,null,null,null,null,null,null,null,null,null,null,null,null,null,null,null,null,null,null,null,null,null,null,null,null,null,null,null,null,null,null,null,null,null,null,null,null,null,null,null,null,null,null,null,null,null,null,null,null,null,null,null,null,null,null,null,null,null,null,null,null,null,null,null,null,null,null,null,null,null,null,null,null,null,null,null,null,null,null,null,null,null,null,null,9.733468,8.721807,8.024393,7.465979,7.018402,6.6228,6.309166,6.019993,5.7758,5.577454,5.394039,5.227766,5.068385,4.948016,4.808638,4.692523,1.717555,1.660125,0.949486],