{"word":"textfield","years":[1800,1801,1802,1803,1804,1805,1806,1807,1808,1809,1810,1811,1812,1813,1814,1815,1816,1817,1818,1819,1820,1821,1822,1823,1824,1825,1826,1827,1828,1829,1830,1831,1832,1833,1834,1835,1836,1837,1838,1839,1840,1841,1842,1843,1844,1845,1846,1847,1848,1849,1850,1851,1852,1853,1854,1855,1856,1857,1858,1859,1860,1861,1862,1863,1864,1865,1866,1867,1868,1869,1870,1871,1872,1873,1874,1875,1876,1877,1878,1879,1880,1881,1882,1883,1884,1885,1886,1887,1888,1889,1890,1891,1892,1893,1894,1895,1896,1897,1898,1899,1900,1901,1902,1903,1904,1905,1906,1907,1908,1909,1910,1911,1912,1913,1914,1915,1916,1917,1918,1919,1920,1921,1922,1923,1924,1925,1926,1927,1928,1929,1930,1931,1932,1933,1934,1935,1936,1937,1938,1939,1940,1941,1942,1943,1944,1945,1946,1947,1948,1949,1950,1951,1952,1953,1954,1955,1956,1957,1958,1959,1960,1961,1962,1963,1964,1965,1966,1967,1968,1969,1970,1971,1972,1973,1974,1975,1976,1977,1978,1979,1980,1981,1982,1983,1984,1985,1986,1987,1988,1989,1990,1991,1992,1993,1994,1995,1996,1997,1998,1999,2000,2001,2002,2003,2004,2005,2006,2007,2008],"level":[-53.662454,-53.487357,-53.31226,-53.137163,-52.962064,-52.786964,-52.611862,-52.436758,-52.261651,-52.086542,-51.911429,-51.736313,-51.561193,-51.386069,-51.21094,-51.035806,-50.860666,-50.685521,-50.51037,-50.335213,-50.160048,-49.984877,-49.809698,-49.634511,-49.459316,-49.284113,-49.1089,-48.933679,-48.758447,-48.583206,-48.407954,-48.232692,-48.057418,-47.882134,-47.706837,-47.531528,-47.356207,-47.180873,-47.005526,-46.830165,-46.65479,-46.479402,-46.303998,-46.128579,-45.953146,-45.777696,-45.60223,-45.426748,-45.25125,-45.075734,-44.9002,-44.724649,-44.54908,-44.373492,-44.197885,-44.022259,-43.846614,-43.670948,-43.495262,-43.319555,-43.143828,-42.968079,-42.792308,-42.616515,-42.4407,-42.264862,-42.089,-41.913115,-41.737207,-41.561274,-41.385316,-41.209334,-41.033326,-40.857292,-40.681233,-40.505147,-40.329034,-40.152894,-39.976727,-39.800532,-39.624309,-39.448057,-39.271776,-39.095466,-38.919127,-38.742758,-38.566358,-38.389928,-38.213466,-38.036973,-37.860449,-37.683892,-37.507303,-37.330682,-37.154027,-36.977338,-36.800616,-36.623859,-36.447068,-36.270242,-36.093381,-35.916484,-35.73955,-35.562581,-35.385575,-35.208532,-35.031451,-34.854333,-34.677176,-34.499981,-34.322747,-34.145474,-33.968161,-33.790808,-33.613415,-33.435982,-33.258507,-33.080991,-32.903434,-32.725834,-32.548192,-32.370507,-32.192779,-32.015007,-31.837192,-31.659332,-31.481428,-31.303479,-31.125484,-30.947444,-30.769358,-30.591226,-30.413047,-30.234821,-30.056547,-29.878226,-29.699856,-29.521438,-29.342972,-29.164456,-28.98589,-28.807275,-28.628609,-28.449892,-28.271125,-28.092306,-27.913436,-27.734514,-27.555539,-27.376511,-27.197431,-27.018296,-26.839108,-26.659866,-26.480569,-26.301218,-26.121811,-25.942348,-25.76283,-25.583255,-25.403623,-25.223935,-25.044189,-24.864385,-24.684523,-24.504603,-24.324624,-24.144585,-23.964488,-23.78433,-23.604112,-23.423833,-23.243494,-23.063093,-22.88263,-22.702106,-22.521519,-22.340869,-22.160156,-21.97938,-21.79854,-21.617635,-21.436667,-21.255633,-21.074534,-20.893369,-20.712139,-20.530842,-20.349479,-20.168048,-19.913053,-19.766878,-19.529962,-19.395734,-19.363051,-19.153584,-18.898072,-18.562115,-18.320918,-18.212751,-18.059138,-17.887017,-17.802251,-17.875915,-17.982101,-18.121065,-18.24461,-18.325265,-18.400388],"drift":[0.17510214,0.1751025,0.17510321,0.17510428,0.17510571,0.17510749,0.17510963,0.17511213,0.17511498,0.17511819,0.17512176,0.17512568,0.17512996,0.1751346,0.17513959,0.17514494,0.17515064,0.17515671,0.17516312,0.1751699,0.17517703,0.17518452,0.17519236,0.17520056,0.17520912,0.17521804,0.17522731,0.17523693,0.17524692,0.17525726,0.17526795,0.17527901,0.17529041,0.17530218,0.1753143,0.17532678,0.17533962,0.17535281,0.17536636,0.17538026,0.17539452,0.17540914,0.17542412,0.17543945,0.17545514,0.17547118,0.17548758,0.17550434,0.17552145,0.17553892,0.17555675,0.17557493,0.17559347,0.17561237,0.17563162,0.17565123,0.17567119,0.17569152,0.17571219,0.17573323,0.17575462,0.17577637,0.17579847,0.17582094,0.17584375,0.17586693,0.17589046,0.17591435,0.17593859,0.17596319,0.17598815,0.17601346,0.17603913,0.17606516,0.17609154,0.17611828,0.17614537,0.17617283,0.17620064,0.1762288,0.17625732,0.1762862,0.17631544,0.17634503,0.17637497,0.17640528,0.17643594,0.17646696,0.17649833,0.17653006,0.17656215,0.17659459,0.17662739,0.17666055,0.17669406,0.17672793,0.17676216,0.17679674,0.17683168,0.17686697,0.17690263,0.17693864,0.176975,0.17701172,0.1770488,0.17708623,0.17712403,0.17716217,0.17720068,0.17723954,0.17727875,0.17731833,0.17735826,0.17739855,0.17743919,0.17748019,0.17752154,0.17756326,0.17760533,0.17764775,0.17769053,0.17773367,0.17777717,0.17782102,0.17786523,0.17790979,0.17795471,0.17799999,0.17804563,0.17809162,0.17813796,0.17818467,0.17823173,0.17827915,0.17832692,0.17837505,0.17842353,0.17847238,0.17852158,0.17857113,0.17862105,0.17867131,0.17872194,0.17877292,0.17882426,0.17887595,0.17892801,0.17898041,0.17903318,0.1790863,0.17913978,0.17919361,0.1792478,0.17930235,0.17935725,0.17941251,0.17946813,0.1795241,0.17958043,0.17963712,0.17969416,0.17975156,0.17980931,0.17986743,0.1799259,0.17998472,0.1800439,0.18010344,0.18016333,0.18022359,0.18028419,0.18034516,0.18040648,0.18046816,0.18053019,0.18059258,0.18065533,0.18071843,0.18078189,0.18084571,0.18090988,0.18097441,0.18103929,0.18110454,0.18117013,0.18123609,0.1813024,0.18136907,0.18143609,0.18150348,0.1768814,0.17421873,0.16755535,0.16301859,0.16679848,0.16785568,0.16331959,0.14776752,0.12625379,0.10589419,0.08248967,0.05336576,0.02223823,-0.00276979,-0.02117886,-0.03207213,-0.0371285,-0.0394075,-0.0394075],"instab":[null,null,null,null,null,null,null,null,null,null,null,null,null,null,null,null,null,null,null,null,null,null,null,null,null,null,null,null,null,null,null,null,null,null,null,null,null,null,null,null,null,null,null,null,null,null,null,null,null,null,null,null,null,null,null,null,null,null,null,null,null,null,null,null,null,null,null,null,null,null,null,null,null,null,null,null,null,null,null,null,null,null,null,null,null,null,null,null,null,null,null,null,null,null,null,null,null,null,null,null,null,null,null,null,null,null,null,null,null,null,null,null,null,null,null,null,null,null,null,null,null,null,null,null,null,null,null,null,null,null,null,null,null,null,null,null,null,null,null,null,null,null,null,null,null,null,null,null,null,null,null,null,null,null,null,null,null,null,null,null,null,null,null,null,null,null,null,null,null,null,null,null,null,null,null,null,null,null,null,null,null,null,null,null,null,null,null,null,null,null,null,null,null,9.825051,8.788412,8.179331,7.663155,7.394366,7.10289,6.741607,6.441575,6.217465,6.027266,5.808962,5.613619,5.435366,5.273099,5.129473,4.994957],