{"word":"thalamicus","years":[1800,1801,1802,1803,1804,1805,1806,1807,1808,1809,1810,1811,1812,1813,1814,1815,1816,1817,1818,1819,1820,1821,1822,1823,1824,1825,1826,1827,1828,1829,1830,1831,1832,1833,1834,1835,1836,1837,1838,1839,1840,1841,1842,1843,1844,1845,1846,1847,1848,1849,1850,1851,1852,1853,1854,1855,1856,1857,1858,1859,1860,1861,1862,1863,1864,1865,1866,1867,1868,1869,1870,1871,1872,1873,1874,1875,1876,1877,1878,1879,1880,1881,1882,1883,1884,1885,1886,1887,1888,1889,1890,1891,1892,1893,1894,1895,1896,1897,1898,1899,1900,1901,1902,1903,1904,1905,1906,1907,1908,1909,1910,1911,1912,1913,1914,1915,1916,1917,1918,1919,1920,1921,1922,1923,1924,1925,1926,1927,1928,1929,1930,1931,1932,1933,1934,1935,1936,1937,1938,1939,1940,1941,1942,1943,1944,1945,1946,1947,1948,1949,1950,1951,1952,1953,1954,1955,1956,1957,1958,1959,1960,1961,1962,1963,1964,1965,1966,1967,1968,1969,1970,1971,1972,1973,1974,1975,1976,1977,1978,1979,1980,1981,1982,1983,1984,1985,1986,1987,1988,1989,1990,1991,1992,1993,1994,1995,1996,1997,1998,1999,2000,2001,2002,2003,2004,2005,2006,2007,2008],"level":[-17.858153,-17.86218,-17.866208,-17.870235,-17.874263,-17.878291,-17.882318,-17.886346,-17.890373,-17.894401,-17.898428,-17.902456,-17.906483,-17.910511,-17.914538,-17.918566,-17.922593,-17.926621,-17.930648,-17.934833,-17.939017,-17.943199,-17.947376,-17.951549,-17.955715,-17.959874,-17.964025,-17.968165,-17.972295,-17.976411,-17.980515,-17.984603,-17.988675,-17.99273,-17.996766,-18.000783,-18.004778,-18.008751,-18.012701,-18.016625,-18.020524,-18.024396,-18.028239,-18.032052,-18.035834,-18.039584,-18.0433,-18.046982,-18.050628,-18.054237,-18.057807,-18.061338,-18.064828,-18.068275,-18.071679,-18.075039,-18.078353,-18.08162,-18.084838,-18.088007,-18.091125,-18.094191,-18.097203,-18.100162,-18.103064,-18.105909,-18.108697,-18.111424,-18.114091,-18.116696,-18.119238,-18.121716,-18.124127,-18.126472,-18.128749,-18.130956,-18.133093,-18.135158,-18.13715,-18.139067,-18.140909,-18.142674,-18.144361,-18.145968,-18.147496,-18.148941,-18.150303,-18.151581,-18.152774,-18.15388,-18.154898,-18.155826,-18.156665,-18.157411,-18.158065,-18.158624,-18.159088,-18.159456,-18.159725,-18.159896,-18.161239,-18.162471,-18.168633,-18.16941,-18.162105,-18.154667,-18.14068,-18.134773,-18.12893,-18.127343,-18.117783,-18.106224,-18.094932,-18.091868,-18.086131,-18.080015,-18.07585,-18.073368,-18.068318,-18.071895,-18.072536,-18.074936,-18.079036,-18.086897,-18.096378,-18.111161,-18.118854,-18.125409,-18.135392,-18.145954,-18.157915,-18.170688,-18.184466,-18.196365,-18.206346,-18.213331,-18.222407,-18.24432,-18.259218,-18.276936,-18.296496,-18.315748,-18.332866,-18.34541,-18.361266,-18.377624,-18.391129,-18.404306,-18.417407,-18.435904,-18.449994,-18.462294,-18.475992,-18.491504,-18.50884,-18.527964,-18.550607,-18.566457,-18.582443,-18.595954,-18.611826,-18.638913,-18.66457,-18.689006,-18.713632,-18.739803,-18.774307,-18.812059,-18.860113,-18.912063,-18.966438,-19.022318,-19.083399,-19.144644,-19.210086,-19.272434,-19.340127,-19.406575,-19.480712,-19.557151,-19.640007,-19.721922,-19.804135,-19.887216,-19.969047,-20.047523,-20.122714,-20.194626,-20.265913,-20.339817,-20.416682,-20.493374,-20.571708,-20.648581,-20.724239,-20.801633,-20.878913,-20.953569,-21.02808,-21.102194,-21.176392,-21.247982,-21.317135,-21.382635,-21.442748,-21.503932,-21.5637,-21.623807,-21.688861],"drift":[-0.00402748,-0.00402748,-0.00402748,-0.00402748,-0.00402748,-0.00402747,-0.00402747,-0.00402746,-0.00402746,-0.00402745,-0.00402745,-0.00402744,-0.00402743,-0.00402742,-0.00402741,-0.0040274,-0.00402739,-0.00402738,-0.00402737,-0.00402612,-0.00402363,-0.0040199,-0.00401493,-0.00400873,-0.00400128,-0.0039926,-0.00398268,-0.00397152,-0.00395912,-0.00394548,-0.0039306,-0.00391448,-0.00389713,-0.00387853,-0.0038587,-0.00383763,-0.00381532,-0.00379177,-0.00376698,-0.00374096,-0.00371369,-0.00368519,-0.00365544,-0.00362446,-0.00359224,-0.00355878,-0.00352408,-0.00348815,-0.00345097,-0.00341256,-0.0033729,-0.00333201,-0.00328988,-0.00324651,-0.0032019,-0.00315605,-0.00310897,-0.00306064,-0.00301108,-0.00296027,-0.00290823,-0.00285495,-0.00280043,-0.00274468,-0.00268768,-0.00262944,-0.00256997,-0.00250926,-0.0024473,-0.00238411,-0.00231968,-0.00225401,-0.00218711,-0.00211896,-0.00204958,-0.00197895,-0.00190709,-0.00183399,-0.00175965,-0.00168407,-0.00160725,-0.0015292,-0.0014499,-0.00136937,-0.0012876,-0.00120458,-0.00112033,-0.00103484,-0.00094812,-0.00086015,-0.00077094,-0.0006805,-0.00058882,-0.00049589,-0.00040173,-0.00030633,-0.0002097,-0.00011182,-1.27e-05,8.765e-05,0.00019925,0.00032208,0.00049583,0.00067958,0.00081129,0.00089098,0.0008678,0.00080506,0.00070275,0.0005935,0.00041384,0.00014665,-0.00020807,-0.00058849,-0.00101859,-0.00150471,-0.00203536,-0.00260148,-0.0032277,-0.00385116,-0.00449984,-0.00516502,-0.00583855,-0.00649621,-0.00713042,-0.00770453,-0.00827874,-0.00886648,-0.00944545,-0.01001566,-0.01057059,-0.01110821,-0.01162488,-0.01213939,-0.01267085,-0.01324697,-0.01385583,-0.01440143,-0.01494312,-0.01546303,-0.01595075,-0.01641256,-0.01686882,-0.01735905,-0.01786109,-0.01837492,-0.018927,-0.01952424,-0.02017192,-0.02083275,-0.02154653,-0.02233294,-0.02318715,-0.02410164,-0.02506926,-0.02608357,-0.0271249,-0.02825478,-0.029481,-0.03083264,-0.03230177,-0.03381185,-0.03538598,-0.0370461,-0.03880376,-0.04066062,-0.04256584,-0.04450886,-0.04642403,-0.04829581,-0.05011984,-0.05189865,-0.05360534,-0.05525203,-0.05681871,-0.05834196,-0.05979177,-0.0611893,-0.06248516,-0.06367144,-0.06470705,-0.06560752,-0.0663776,-0.06701649,-0.06753903,-0.0679757,-0.0683557,-0.06870777,-0.06903958,-0.0693332,-0.06956766,-0.06974617,-0.06985724,-0.06991321,-0.06992407,-0.06987626,-0.06977031,-0.069626,-0.06944332,-0.06922396,-0.06896553,-0.0686865,-0.0684038,-0.06814392,-0.06794709,-0.06780338,-0.06772277,-0.06770198,-0.06770198],"instab":[null,null,null,null,null,null,null,null,null,null,null,null,null,null,null,null,null,null,null,null,null,null,null,null,null,null,null,null,null,null,null,null,null,null,null,null,null,null,null,null,null,null,null,null,null,null,null,null,null,null,null,null,null,null,null,null,null,null,null,null,null,null,null,null,null,null,null,null,null,null,null,null,null,null,null,null,null,null,null,null,null,null,null,null,null,null,null,null,null,null,null,null,null,null,null,null,null,null,null,null,null,null,null,null,null,36.543771,33.028888,33.028888,30.463262,28.62536,26.979731,26.979731,25.500514,24.339914,23.301952,22.371239,21.547385,20.834425,20.139489,1.905167,1.84574,1.825468,1.708824,1.565472,1.529552,1.657787,1.481033,1.448075,1.445573,1.309934,1.309156,1.273876,1.110857,1.111678,1.1382,1.134922,1.431647,1.55761,1.432772,1.40779,1.408627,1.421363,1.439663,1.464814,1.468284,1.350708,1.346377,1.324408,1.351983,1.39096,1.393736,1.401318,1.398149,1.392586,1.373736,1.379686,1.159828,1.004685,0.9998,1.016623,1.285934,1.285465,1.243723,1.224996,1.192646,1.257974,1.256917,1.34856,1.311533,1.253867,1.255999,1.256634,1.291104,1.289708,1.380322,1.376554,1.300114,1.33298,1.318437,1.322834,1.158757,1.158893,1.155111,1.18628,1.243591,1.157293,1.16843,0.964997,0.987897,1.022333,1.022171,1.008385,1.000681,0.987142,0.938593,0.90341,0.884138,0.789257,0.793217,0.730977,0.700812,0.694153,0.699121,0.702307,0.697942,0.642329,0.61328,0.772321,0.795179],