{"word":"theory","years":[1800,1801,1802,1803,1804,1805,1806,1807,1808,1809,1810,1811,1812,1813,1814,1815,1816,1817,1818,1819,1820,1821,1822,1823,1824,1825,1826,1827,1828,1829,1830,1831,1832,1833,1834,1835,1836,1837,1838,1839,1840,1841,1842,1843,1844,1845,1846,1847,1848,1849,1850,1851,1852,1853,1854,1855,1856,1857,1858,1859,1860,1861,1862,1863,1864,1865,1866,1867,1868,1869,1870,1871,1872,1873,1874,1875,1876,1877,1878,1879,1880,1881,1882,1883,1884,1885,1886,1887,1888,1889,1890,1891,1892,1893,1894,1895,1896,1897,1898,1899,1900,1901,1902,1903,1904,1905,1906,1907,1908,1909,1910,1911,1912,1913,1914,1915,1916,1917,1918,1919,1920,1921,1922,1923,1924,1925,1926,1927,1928,1929,1930,1931,1932,1933,1934,1935,1936,1937,1938,1939,1940,1941,1942,1943,1944,1945,1946,1947,1948,1949,1950,1951,1952,1953,1954,1955,1956,1957,1958,1959,1960,1961,1962,1963,1964,1965,1966,1967,1968,1969,1970,1971,1972,1973,1974,1975,1976,1977,1978,1979,1980,1981,1982,1983,1984,1985,1986,1987,1988,1989,1990,1991,1992,1993,1994,1995,1996,1997,1998,1999,2000,2001,2002,2003,2004,2005,2006,2007,2008],"level":[-10.885353,-10.851686,-10.813398,-10.736028,-10.744865,-10.756799,-10.760434,-10.775976,-10.772682,-10.755178,-10.734172,-10.754028,-10.729335,-10.692744,-10.703929,-10.707114,-10.712035,-10.671265,-10.657505,-10.686024,-10.701983,-10.698195,-10.72268,-10.759187,-10.734879,-10.700919,-10.685217,-10.69425,-10.678367,-10.63859,-10.600231,-10.558749,-10.490176,-10.509899,-10.538955,-10.560689,-10.575873,-10.571534,-10.548093,-10.528814,-10.51474,-10.493031,-10.472523,-10.458839,-10.436196,-10.405112,-10.394947,-10.384756,-10.369115,-10.37516,-10.385764,-10.399641,-10.40374,-10.401904,-10.395507,-10.382971,-10.361745,-10.345743,-10.333415,-10.33203,-10.31701,-10.313074,-10.315551,-10.304893,-10.288357,-10.273963,-10.250515,-10.223368,-10.202588,-10.184916,-10.172006,-10.158874,-10.140788,-10.116877,-10.098332,-10.085724,-10.075929,-10.068523,-10.065126,-10.069322,-10.067538,-10.067951,-10.060148,-10.046963,-10.039166,-10.036058,-10.028244,-10.026569,-10.016446,-10.012081,-10.002418,-10.005764,-10.013189,-10.015707,-10.02135,-10.039403,-10.057166,-10.072107,-10.083793,-10.099931,-10.105351,-10.109379,-10.105923,-10.103128,-10.09736,-10.092903,-10.09034,-10.083086,-10.074993,-10.065437,-10.047311,-10.047521,-10.06646,-10.078558,-10.087917,-10.097034,-10.105191,-10.111798,-10.113813,-10.108455,-10.090456,-10.066425,-10.040436,-10.021986,-10.000186,-9.984007,-9.967418,-9.962977,-9.956719,-9.953152,-9.960953,-9.961796,-9.956214,-9.953399,-9.947092,-9.948781,-9.957068,-9.967928,-9.976842,-9.98862,-10.000012,-10.018655,-10.0342,-10.04488,-10.046196,-10.036593,-10.010138,-9.973952,-9.938817,-9.901561,-9.861972,-9.830996,-9.805212,-9.77995,-9.750465,-9.721932,-9.687118,-9.645853,-9.597498,-9.549767,-9.506065,-9.459741,-9.414387,-9.375804,-9.332663,-9.304763,-9.291552,-9.288069,-9.288898,-9.299931,-9.311443,-9.327985,-9.342365,-9.354671,-9.366124,-9.376215,-9.385341,-9.395783,-9.400855,-9.403359,-9.398707,-9.39311,-9.396234,-9.402197,-9.402403,-9.39993,-9.394119,-9.397756,-9.402701,-9.409833,-9.414059,-9.420483,-9.42587,-9.433035,-9.437324,-9.444078,-9.451394,-9.456227,-9.45861,-9.460084,-9.459661,-9.45659,-9.448623,-9.436665,-9.420361,-9.399425,-9.380791,-9.37206,-9.363293],"drift":[0.00731766,0.00731766,0.00731766,0.00731765,0.00731765,0.00731765,0.00731765,0.00731765,0.00731765,0.00731765,0.00731765,0.00731765,0.00731765,0.00731765,0.00731765,0.00731765,0.00731765,0.00731765,0.00731765,0.00731765,0.00731765,0.00731765,0.00731765,0.00731765,0.00731765,0.00731765,0.00731765,0.00731765,0.00731765,0.00731765,0.00731765,0.00731764,0.00731764,0.00731764,0.00731764,0.00731764,0.00731764,0.00731764,0.00731764,0.00731764,0.00731764,0.00731764,0.00731764,0.00731764,0.00731764,0.00731764,0.00731763,0.00731763,0.00731763,0.00731763,0.00731763,0.00731763,0.00731763,0.00731763,0.00731763,0.00731763,0.00731763,0.00731763,0.00731762,0.00731762,0.00731762,0.00731762,0.00731762,0.00731762,0.00731762,0.00731762,0.00731762,0.00731762,0.00731762,0.00731761,0.00731761,0.00731761,0.00731761,0.00731761,0.00731761,0.0073176,0.0073176,0.0073176,0.0073176,0.0073176,0.0073176,0.00731759,0.00731759,0.00731759,0.00731759,0.00731759,0.00731759,0.00731759,0.00731758,0.00731758,0.00731758,0.00731758,0.00731758,0.00731758,0.00731758,0.00731757,0.00731757,0.00731757,0.00731757,0.00731757,0.00731757,0.00731757,0.00731757,0.00731757,0.00731757,0.00731757,0.00731757,0.00731757,0.00731757,0.00731757,0.00731757,0.00731757,0.00731757,0.00731757,0.00731757,0.00731757,0.00731757,0.00731757,0.00731757,0.00731757,0.00731757,0.00731757,0.00731757,0.00731757,0.00731757,0.00731757,0.00731757,0.00731757,0.00731757,0.00731758,0.00731758,0.00731758,0.00731758,0.00731758,0.00731758,0.00731758,0.00731758,0.00731758,0.00731758,0.00731758,0.00731758,0.00731758,0.00731758,0.00731758,0.00731759,0.00731759,0.00731759,0.00731759,0.00731759,0.00731759,0.00731759,0.00731759,0.00731759,0.00731759,0.00731759,0.00731759,0.00731759,0.00731759,0.00731759,0.00731759,0.00731759,0.00731759,0.00731758,0.00731758,0.00731758,0.00731758,0.00731757,0.00731757,0.00731757,0.00731757,0.00731756,0.00731756,0.00731756,0.00731756,0.00731756,0.00731756,0.00731755,0.00731755,0.00731755,0.00731755,0.00731755,0.00731755,0.00731755,0.00731755,0.00731755,0.00731754,0.00731754,0.00731754,0.00731754,0.00731754,0.00731754,0.00731754,0.00731754,0.00731754,0.00731754,0.00731754,0.00731754,0.00731754,0.00731754,0.00731754,0.00731754,0.00731754,0.00731754,0.00731754,0.00731754,0.00731754,0.00731754,0.00731754,0.00731754],"instab":[null,null,null,null,4.990312,4.520482,4.180601,3.897873,3.672427,3.487559,3.339507,3.189009,3.065483,2.967422,2.864947,2.774089,2.687571,2.618466,2.554246,2.487625,0.3602,0.359869,0.35232,0.297451,0.277587,0.272895,0.277969,0.272409,0.271553,0.273701,0.264408,0.245535,0.305071,0.291266,0.29209,0.293875,0.285317,0.278636,0.270336,0.266595,0.261791,0.258897,0.259616,0.224025,0.224135,0.223665,0.219819,0.213089,0.212269,0.211649,0.211883,0.214127,0.112454,0.112552,0.106306,0.101933,0.09219,0.086281,0.086499,0.089768,0.091709,0.091266,0.093935,0.093669,0.094123,0.080034,0.080389,0.084032,0.075686,0.077157,0.076655,0.069495,0.066632,0.067141,0.066571,0.064837,0.063567,0.063196,0.061274,0.058095,0.055318,0.059433,0.052214,0.051877,0.051593,0.052185,0.052413,0.052172,0.051387,0.051038,0.054981,0.054809,0.058239,0.054852,0.053073,0.055252,0.058244,0.059907,0.058496,0.063221,0.06316,0.06309,0.063325,0.060456,0.059498,0.060083,0.057786,0.057285,0.054911,0.054878,0.064797,0.071568,0.074033,0.074765,0.073025,0.0722,0.070636,0.069701,0.070381,0.066322,0.066457,0.066889,0.073519,0.073729,0.077036,0.077437,0.08149,0.081601,0.081685,0.082104,0.076461,0.072978,0.068068,0.066345,0.066641,0.065426,0.06438,0.064132,0.061846,0.059883,0.059928,0.063842,0.061841,0.065788,0.063308,0.064118,0.05498,0.063523,0.067467,0.068883,0.079254,0.083111,0.084488,0.084432,0.085464,0.085567,0.085723,0.084682,0.088295,0.091004,0.091649,0.087943,0.084202,0.07328,0.068888,0.055102,0.050461,0.05443,0.055977,0.06603,0.068564,0.078196,0.085597,0.090437,0.094597,0.097841,0.099856,0.104042,0.102857,0.100211,0.098205,0.094517,0.086304,0.08595,0.067018,0.050164,0.047783,0.046375,0.042717,0.042831,0.043042,0.041413,0.04015,0.039876,0.039323,0.03877,0.039161,0.036906,0.036451,0.034678,0.034537,0.028382,0.028143,0.02652,0.027412,0.034233,0.041158,0.041695,0.042569],