{"word":"thermocyclers","years":[1800,1801,1802,1803,1804,1805,1806,1807,1808,1809,1810,1811,1812,1813,1814,1815,1816,1817,1818,1819,1820,1821,1822,1823,1824,1825,1826,1827,1828,1829,1830,1831,1832,1833,1834,1835,1836,1837,1838,1839,1840,1841,1842,1843,1844,1845,1846,1847,1848,1849,1850,1851,1852,1853,1854,1855,1856,1857,1858,1859,1860,1861,1862,1863,1864,1865,1866,1867,1868,1869,1870,1871,1872,1873,1874,1875,1876,1877,1878,1879,1880,1881,1882,1883,1884,1885,1886,1887,1888,1889,1890,1891,1892,1893,1894,1895,1896,1897,1898,1899,1900,1901,1902,1903,1904,1905,1906,1907,1908,1909,1910,1911,1912,1913,1914,1915,1916,1917,1918,1919,1920,1921,1922,1923,1924,1925,1926,1927,1928,1929,1930,1931,1932,1933,1934,1935,1936,1937,1938,1939,1940,1941,1942,1943,1944,1945,1946,1947,1948,1949,1950,1951,1952,1953,1954,1955,1956,1957,1958,1959,1960,1961,1962,1963,1964,1965,1966,1967,1968,1969,1970,1971,1972,1973,1974,1975,1976,1977,1978,1979,1980,1981,1982,1983,1984,1985,1986,1987,1988,1989,1990,1991,1992,1993,1994,1995,1996,1997,1998,1999,2000,2001,2002,2003,2004,2005,2006,2007,2008],"level":[-42.221212,-42.110874,-42.000537,-41.890199,-41.779862,-41.669524,-41.559187,-41.448849,-41.338512,-41.228175,-41.117837,-41.0075,-40.897162,-40.786825,-40.676487,-40.56615,-40.455812,-40.345475,-40.235137,-40.1248,-40.014462,-39.904125,-39.793787,-39.68345,-39.573112,-39.462775,-39.352438,-39.2421,-39.131763,-39.021425,-38.911088,-38.80075,-38.690413,-38.580075,-38.469738,-38.3594,-38.249063,-38.138725,-38.028388,-37.91805,-37.807713,-37.697375,-37.587038,-37.476701,-37.366363,-37.256026,-37.145688,-37.035351,-36.925013,-36.814676,-36.704338,-36.594001,-36.483663,-36.373326,-36.262988,-36.152651,-36.042313,-35.931976,-35.821638,-35.711301,-35.600964,-35.490626,-35.380289,-35.269951,-35.159614,-35.049276,-34.938939,-34.828601,-34.718264,-34.607926,-34.497589,-34.387251,-34.276914,-34.166576,-34.056239,-33.945901,-33.835564,-33.725226,-33.614889,-33.504552,-33.394214,-33.283877,-33.173539,-33.063202,-32.952864,-32.842527,-32.732189,-32.621852,-32.511514,-32.401177,-32.290839,-32.180502,-32.070164,-31.959827,-31.849489,-31.739152,-31.628815,-31.518477,-31.40814,-31.297802,-31.187465,-31.077127,-30.96679,-30.856452,-30.746115,-30.635777,-30.52544,-30.415102,-30.304765,-30.194427,-30.08409,-29.973752,-29.863415,-29.753078,-29.64274,-29.532403,-29.422065,-29.311728,-29.20139,-29.091053,-28.980715,-28.870378,-28.76004,-28.649703,-28.539365,-28.429028,-28.31869,-28.208353,-28.098015,-27.987678,-27.87734,-27.767003,-27.656666,-27.546328,-27.435991,-27.325653,-27.215316,-27.104978,-26.994641,-26.884303,-26.773966,-26.663628,-26.553291,-26.442953,-26.332616,-26.222278,-26.111941,-26.001603,-25.891266,-25.780929,-25.670591,-25.560254,-25.449916,-25.339579,-25.229241,-25.118904,-25.008566,-24.898229,-24.787891,-24.677554,-24.567216,-24.456879,-24.346541,-24.236204,-24.125866,-24.015529,-23.905192,-23.794854,-23.684517,-23.574179,-23.463842,-23.353504,-23.243167,-23.132829,-23.022492,-22.912154,-22.801817,-22.691479,-22.581142,-22.470804,-22.360467,-22.250129,-22.139792,-22.029455,-21.919117,-21.80878,-21.698442,-21.588105,-21.646585,-21.705064,-21.763544,-21.737875,-20.308647,-19.086461,-19.42173,-19.597978,-19.577568,-19.100521,-18.206798,-18.93959,-19.140174,-18.73963,-19.328614,-18.841449,-18.771919,-18.696317,-18.392379,-18.859468,-19.267958],"drift":[0.11035218,0.11035218,0.11035218,0.11035218,0.11035218,0.11035218,0.11035218,0.11035218,0.11035218,0.11035218,0.11035218,0.11035218,0.11035218,0.11035218,0.11035218,0.11035218,0.11035218,0.11035218,0.11035218,0.11035218,0.11035218,0.11035218,0.11035218,0.11035218,0.11035218,0.11035218,0.11035218,0.11035218,0.11035218,0.11035218,0.11035218,0.11035218,0.11035218,0.11035218,0.11035218,0.11035218,0.11035218,0.11035218,0.11035218,0.11035218,0.11035218,0.11035218,0.11035218,0.11035218,0.11035218,0.11035218,0.11035218,0.11035218,0.11035218,0.11035218,0.11035218,0.11035218,0.11035218,0.11035218,0.11035218,0.11035218,0.11035218,0.11035218,0.11035218,0.11035218,0.11035218,0.11035218,0.11035218,0.11035218,0.11035218,0.11035218,0.11035218,0.11035218,0.11035218,0.11035218,0.11035218,0.11035218,0.11035218,0.11035218,0.11035218,0.11035218,0.11035218,0.11035218,0.11035218,0.11035218,0.11035218,0.11035218,0.11035218,0.11035218,0.11035218,0.11035218,0.11035218,0.11035218,0.11035218,0.11035218,0.11035218,0.11035218,0.11035218,0.11035218,0.11035218,0.11035218,0.11035218,0.11035218,0.11035218,0.11035218,0.11035218,0.11035218,0.11035218,0.11035218,0.11035218,0.11035218,0.11035218,0.11035218,0.11035218,0.11035218,0.11035218,0.11035218,0.11035218,0.11035218,0.11035218,0.11035218,0.11035218,0.11035218,0.11035218,0.11035218,0.11035218,0.11035218,0.11035218,0.11035218,0.11035218,0.11035218,0.11035218,0.11035218,0.11035218,0.11035218,0.11035218,0.11035218,0.11035218,0.11035218,0.11035218,0.11035218,0.11035218,0.11035218,0.11035218,0.11035218,0.11035218,0.11035218,0.11035218,0.11035218,0.11035218,0.11035218,0.11035218,0.11035218,0.11035218,0.11035218,0.11035218,0.11035218,0.11035218,0.11035218,0.11035218,0.11035218,0.11035218,0.11035218,0.11035218,0.11035218,0.11035218,0.11035218,0.11035218,0.11035218,0.11035218,0.11035218,0.11035218,0.11035218,0.11035218,0.11035218,0.11035218,0.11035218,0.11035218,0.11035218,0.11035218,0.11035218,0.11035218,0.11035218,0.11035218,0.11035218,0.11035218,0.11035218,0.11035218,0.11035218,0.11035218,0.11035218,0.11035218,0.11035218,0.11035218,0.11035218,0.11035218,0.11035218,0.11035218,0.11035218,0.11035218,0.11035218,0.11035218,0.11035218,0.11035218,0.11035218,0.11035218,0.11035218,0.11035218,0.11035218,0.11035218,0.11035218,0.11035218,0.11035218,0.11035218],"instab":[null,null,null,null,null,null,null,null,null,null,null,null,null,null,null,null,null,null,null,null,null,null,null,null,null,null,null,null,null,null,null,null,null,null,null,null,null,null,null,null,null,null,null,null,null,null,null,null,null,null,null,null,null,null,null,null,null,null,null,null,null,null,null,null,null,null,null,null,null,null,null,null,null,null,null,null,null,null,null,null,null,null,null,null,null,null,null,null,null,null,null,null,null,null,null,null,null,null,null,null,null,null,null,null,null,null,null,null,null,null,null,null,null,null,null,null,null,null,null,null,null,null,null,null,null,null,null,null,null,null,null,null,null,null,null,null,null,null,null,null,null,null,null,null,null,null,null,null,null,null,null,null,null,null,null,null,null,null,null,null,null,null,null,null,null,null,null,null,null,null,null,null,null,null,null,null,null,null,null,null,null,null,null,null,null,null,null,null,null,null,null,null,null,9.971678,9.004234,8.28707,7.729271,7.290041,6.93318,6.58307,6.290517,6.0471,5.813808,5.623154,5.442333,5.278084,5.131113,0.638884,0.632687],