{"word":"theriol","years":[1800,1801,1802,1803,1804,1805,1806,1807,1808,1809,1810,1811,1812,1813,1814,1815,1816,1817,1818,1819,1820,1821,1822,1823,1824,1825,1826,1827,1828,1829,1830,1831,1832,1833,1834,1835,1836,1837,1838,1839,1840,1841,1842,1843,1844,1845,1846,1847,1848,1849,1850,1851,1852,1853,1854,1855,1856,1857,1858,1859,1860,1861,1862,1863,1864,1865,1866,1867,1868,1869,1870,1871,1872,1873,1874,1875,1876,1877,1878,1879,1880,1881,1882,1883,1884,1885,1886,1887,1888,1889,1890,1891,1892,1893,1894,1895,1896,1897,1898,1899,1900,1901,1902,1903,1904,1905,1906,1907,1908,1909,1910,1911,1912,1913,1914,1915,1916,1917,1918,1919,1920,1921,1922,1923,1924,1925,1926,1927,1928,1929,1930,1931,1932,1933,1934,1935,1936,1937,1938,1939,1940,1941,1942,1943,1944,1945,1946,1947,1948,1949,1950,1951,1952,1953,1954,1955,1956,1957,1958,1959,1960,1961,1962,1963,1964,1965,1966,1967,1968,1969,1970,1971,1972,1973,1974,1975,1976,1977,1978,1979,1980,1981,1982,1983,1984,1985,1986,1987,1988,1989,1990,1991,1992,1993,1994,1995,1996,1997,1998,1999,2000,2001,2002,2003,2004,2005,2006,2007,2008],"level":[-19.176539,-19.180192,-19.183845,-19.187498,-19.191151,-19.194804,-19.198457,-19.20211,-19.205763,-19.209416,-19.213068,-19.216721,-19.220374,-19.224027,-19.22768,-19.231333,-19.234986,-19.238639,-19.242292,-19.245945,-19.249597,-19.25325,-19.256903,-19.260556,-19.264209,-19.267861,-19.271514,-19.275167,-19.27882,-19.282472,-19.286125,-19.289778,-19.29343,-19.297083,-19.300736,-19.304388,-19.308041,-19.311693,-19.315346,-19.318998,-19.310567,-19.302137,-19.293713,-19.285297,-19.27689,-19.268496,-19.260117,-19.251756,-19.243415,-19.235097,-19.226804,-19.218538,-19.210303,-19.202101,-19.193934,-19.185805,-19.177717,-19.169671,-19.161671,-19.153718,-19.145817,-19.137968,-19.130175,-19.122439,-19.114765,-19.107153,-19.099608,-19.09213,-19.084723,-19.077389,-19.070131,-19.062952,-19.055853,-19.048837,-19.041907,-19.035066,-19.028316,-19.021659,-19.015098,-19.008635,-19.002273,-18.996015,-18.989863,-18.98382,-18.977888,-18.972069,-18.966367,-18.960783,-18.95532,-18.949981,-18.944769,-18.939685,-18.934732,-18.929914,-18.925232,-18.920688,-18.916286,-18.912028,-18.907917,-18.903954,-18.900143,-18.896486,-18.892986,-18.889644,-18.886464,-18.883449,-18.8806,-18.87792,-18.875412,-18.873079,-18.870922,-18.868944,-18.867148,-18.865537,-18.864112,-18.862877,-18.861834,-18.860985,-18.860334,-18.859881,-18.859631,-18.859585,-18.859747,-18.860118,-18.860701,-18.861499,-18.862514,-18.863749,-18.865206,-18.866888,-18.868797,-18.870935,-18.873307,-18.875913,-18.878756,-18.88184,-18.885166,-18.888736,-18.892555,-18.896623,-18.900944,-18.90552,-18.910354,-18.915447,-18.920804,-18.926425,-18.932314,-18.938474,-18.944906,-18.951614,-18.958599,-18.965865,-18.973413,-18.981247,-18.989369,-18.997781,-19.006486,-19.115268,-19.224327,-19.202687,-19.181314,-19.160219,-19.139409,-19.118895,-18.996807,-18.778681,-18.468983,-18.353599,-18.185889,-18.191321,-18.036422,-18.044799,-18.139721,-18.215017,-18.48368,-18.703079,-18.889905,-19.034018,-19.179124,-19.29589,-19.20354,-19.113619,-19.096414,-19.091079,-18.983917,-18.914924,-19.022378,-19.10345,-19.213505,-19.322044,-19.344139,-19.545932,-19.894025,-20.15518,-20.191073,-20.46105,-20.614898,-20.872601,-21.095134,-21.35734,-21.541695,-21.726088,-21.804701,-21.883311,-21.961911,-22.040493,-22.020988,-21.983017,-22.020242],"drift":[-0.00365002,-0.00365002,-0.00365002,-0.00365002,-0.00365002,-0.00365002,-0.00365001,-0.00365001,-0.00365,-0.00365,-0.00364999,-0.00364998,-0.00364998,-0.00364997,-0.00364996,-0.00364995,-0.00364994,-0.00364993,-0.00364992,-0.00364991,-0.0036499,-0.00364988,-0.00364987,-0.00364986,-0.00364984,-0.00364983,-0.00364981,-0.00364979,-0.00364978,-0.00364976,-0.00364974,-0.00364972,-0.0036497,-0.00364968,-0.00364966,-0.00364964,-0.00364962,-0.00364959,-0.00364957,-0.00364955,-0.00365205,-0.00365708,-0.00366463,-0.00367471,-0.00368731,-0.00370244,-0.0037201,-0.00374028,-0.00376299,-0.00378822,-0.00381598,-0.00384627,-0.00387908,-0.00391442,-0.00395228,-0.00399267,-0.00403558,-0.00408102,-0.00412898,-0.00417948,-0.00423249,-0.00428803,-0.0043461,-0.0044067,-0.00446982,-0.00453546,-0.00460363,-0.00467433,-0.00474755,-0.0048233,-0.00490158,-0.00498238,-0.0050657,-0.00515155,-0.00523993,-0.00533083,-0.00542426,-0.00552022,-0.0056187,-0.0057197,-0.00582324,-0.00592929,-0.00603788,-0.00614899,-0.00626262,-0.00637878,-0.00649747,-0.00661868,-0.00674242,-0.00686868,-0.00699747,-0.00712878,-0.00726262,-0.00739899,-0.00753788,-0.0076793,-0.00782325,-0.00796971,-0.00811871,-0.00827023,-0.00842428,-0.00858085,-0.00873995,-0.00890157,-0.00906572,-0.0092324,-0.0094016,-0.00957333,-0.00974758,-0.00992436,-0.01010366,-0.01028549,-0.01046985,-0.01065673,-0.01084614,-0.01103807,-0.01123253,-0.01142951,-0.01162902,-0.01183106,-0.01203562,-0.01224271,-0.01245232,-0.01266446,-0.01287912,-0.01309631,-0.01331603,-0.01353827,-0.01376304,-0.01399033,-0.01422015,-0.0144525,-0.01468737,-0.01492476,-0.01516469,-0.01540713,-0.01565211,-0.01589961,-0.01614963,-0.01640218,-0.01665726,-0.01691486,-0.01717499,-0.01743765,-0.01770282,-0.01797053,-0.01824076,-0.01851352,-0.0187888,-0.01906661,-0.01934694,-0.0196298,-0.01991519,-0.0202031,-0.02049354,-0.0207865,-0.02108199,-0.02135914,-0.02161796,-0.02188582,-0.02216273,-0.02244868,-0.02274368,-0.02304771,-0.02338209,-0.02376696,-0.02422155,-0.02470532,-0.02522932,-0.02575746,-0.02632336,-0.02689302,-0.02744846,-0.02799389,-0.02848901,-0.02894422,-0.02936641,-0.02976462,-0.03013872,-0.0304947,-0.03087637,-0.03128329,-0.03170035,-0.03212515,-0.03257907,-0.03305423,-0.03351383,-0.03396349,-0.03439724,-0.03481549,-0.0352364,-0.03562249,-0.03594326,-0.03621694,-0.03649068,-0.03671562,-0.03691607,-0.03707035,-0.03718587,-0.03725434,-0.03729206,-0.03729902,-0.03729735,-0.03728704,-0.03726809,-0.03724051,-0.03722479,-0.03722479,-0.03722479],"instab":[null,null,null,null,null,null,null,null,null,null,null,null,null,null,null,null,null,null,null,null,null,null,null,null,null,null,null,null,null,null,null,null,null,null,null,null,null,null,null,null,null,null,null,null,null,null,null,null,null,null,null,null,null,null,null,null,null,null,null,null,null,null,null,null,null,null,null,null,null,null,null,null,null,null,null,null,null,null,null,null,null,null,null,null,null,null,null,null,null,null,null,null,null,null,null,null,null,null,null,null,null,null,null,null,null,null,null,null,null,null,null,null,null,null,null,null,null,null,null,null,null,null,null,null,null,null,null,null,null,null,null,null,null,null,null,null,null,null,null,null,null,null,null,null,null,null,null,null,null,null,null,null,null,null,null,null,null,null,null,null,null,null,null,null,null,27.050363,24.420126,22.612471,21.050969,19.937437,18.853151,17.962562,17.22473,16.523191,15.969143,15.457273,1.636853,1.588096,1.466682,1.549587,1.506832,1.485009,1.445789,1.453958,1.462834,1.522582,1.35286,1.352825,1.239824,1.218722,1.178463,1.175536,1.251992,1.333826,1.433883,1.476579,1.475028,1.489943,1.484749,1.431498,1.463215,1.465231,1.500571,1.540901,1.559931,1.425856,1.440713,1.496919,1.549026],