{"word":"thirteenfold","years":[1800,1801,1802,1803,1804,1805,1806,1807,1808,1809,1810,1811,1812,1813,1814,1815,1816,1817,1818,1819,1820,1821,1822,1823,1824,1825,1826,1827,1828,1829,1830,1831,1832,1833,1834,1835,1836,1837,1838,1839,1840,1841,1842,1843,1844,1845,1846,1847,1848,1849,1850,1851,1852,1853,1854,1855,1856,1857,1858,1859,1860,1861,1862,1863,1864,1865,1866,1867,1868,1869,1870,1871,1872,1873,1874,1875,1876,1877,1878,1879,1880,1881,1882,1883,1884,1885,1886,1887,1888,1889,1890,1891,1892,1893,1894,1895,1896,1897,1898,1899,1900,1901,1902,1903,1904,1905,1906,1907,1908,1909,1910,1911,1912,1913,1914,1915,1916,1917,1918,1919,1920,1921,1922,1923,1924,1925,1926,1927,1928,1929,1930,1931,1932,1933,1934,1935,1936,1937,1938,1939,1940,1941,1942,1943,1944,1945,1946,1947,1948,1949,1950,1951,1952,1953,1954,1955,1956,1957,1958,1959,1960,1961,1962,1963,1964,1965,1966,1967,1968,1969,1970,1971,1972,1973,1974,1975,1976,1977,1978,1979,1980,1981,1982,1983,1984,1985,1986,1987,1988,1989,1990,1991,1992,1993,1994,1995,1996,1997,1998,1999,2000,2001,2002,2003,2004,2005,2006,2007,2008],"level":[-18.396967,-18.402149,-18.407332,-18.412515,-18.417698,-18.441047,-18.464397,-18.487747,-18.511096,-18.534446,-18.557796,-18.581145,-18.604495,-18.627844,-18.651194,-18.674544,-18.697893,-18.721243,-18.744593,-18.767942,-18.791292,-18.814642,-18.837991,-18.861341,-18.884691,-18.90804,-18.93139,-18.95474,-18.978089,-19.001439,-19.024788,-19.048138,-19.071488,-19.094837,-19.118187,-19.141537,-19.164886,-19.188236,-19.211586,-19.234935,-19.258285,-19.281634,-19.304984,-19.328334,-19.351683,-19.375033,-19.398383,-19.421732,-19.445082,-19.468431,-19.491781,-19.515131,-19.526265,-19.523359,-19.520453,-19.4896,-19.458746,-19.427893,-19.375243,-19.322593,-19.295587,-19.268582,-19.241576,-19.21457,-19.187564,-19.160559,-19.136282,-19.129889,-19.123497,-19.117104,-19.110712,-19.104319,-19.129055,-19.153791,-19.178527,-19.203262,-19.227998,-19.292944,-19.357891,-19.422837,-19.456209,-19.448117,-19.454389,-19.472193,-19.438161,-19.404129,-19.392827,-19.381525,-19.370222,-19.35892,-19.347618,-19.336315,-19.304376,-19.29603,-19.287683,-19.279336,-19.27099,-19.331275,-19.391559,-19.451844,-19.496853,-19.541861,-19.591653,-19.648245,-19.700929,-19.763087,-19.802121,-19.857816,-19.859645,-19.864189,-19.821605,-19.759644,-19.674345,-19.62976,-19.605701,-19.515045,-19.414521,-19.29941,-19.191856,-19.15353,-19.115204,-19.072545,-19.020361,-18.994561,-19.031351,-19.051077,-19.052349,-19.022091,-18.965509,-18.878993,-18.816885,-18.737775,-18.709851,-18.735072,-18.802212,-18.869353,-18.92791,-18.988972,-18.946952,-18.913727,-18.913596,-18.895371,-18.892655,-18.947984,-18.953524,-18.9552,-18.956876,-18.9712,-18.98127,-19.039882,-19.036422,-18.987367,-18.992773,-18.933739,-18.89811,-18.875383,-18.860516,-18.831644,-18.822982,-18.792191,-18.775233,-18.799751,-18.815836,-18.813851,-18.825659,-18.843841,-18.835249,-18.800484,-18.78325,-18.770436,-18.792137,-18.807127,-18.798885,-18.780278,-18.754619,-18.734575,-18.719926,-18.682825,-18.65566,-18.65532,-18.699428,-18.719822,-18.71764,-18.718267,-18.734217,-18.746066,-18.770203,-18.762751,-18.839695,-18.905521,-18.945677,-18.95768,-18.97164,-18.985159,-19.012678,-19.041824,-19.080808,-19.131104,-19.17397,-19.234337,-19.291906,-19.354538,-19.409018,-19.432851,-19.452434,-19.449579,-19.452863,-19.4631,-19.474909],"drift":[-0.00518247,-0.00518247,-0.00518247,-0.00518247,-0.00518247,-0.00518247,-0.00518247,-0.00518247,-0.00518247,-0.00518247,-0.00518247,-0.00518247,-0.00518247,-0.00518247,-0.00518247,-0.00518247,-0.00518247,-0.00518247,-0.00518247,-0.00518247,-0.00518246,-0.00518246,-0.00518246,-0.00518246,-0.00518246,-0.00518246,-0.00518246,-0.00518246,-0.00518246,-0.00518246,-0.00518246,-0.00518246,-0.00518246,-0.00518246,-0.00518246,-0.00518246,-0.00518246,-0.00518245,-0.00518245,-0.00518245,-0.00518245,-0.00518245,-0.00518245,-0.00518245,-0.00518245,-0.00518245,-0.00518244,-0.00518244,-0.00518244,-0.00518244,-0.00518244,-0.00518244,-0.00518244,-0.00518243,-0.00518243,-0.00518243,-0.00518243,-0.00518243,-0.00518243,-0.00518243,-0.00518243,-0.00518243,-0.00518243,-0.00518242,-0.00518242,-0.00518242,-0.00518242,-0.00518242,-0.00518242,-0.00518242,-0.00518242,-0.00518242,-0.00518242,-0.00518242,-0.00518242,-0.00518242,-0.00518242,-0.00518242,-0.00518241,-0.00518241,-0.00518241,-0.00518241,-0.00518241,-0.00518241,-0.00518241,-0.00518241,-0.00518241,-0.00518241,-0.00518241,-0.0051824,-0.0051824,-0.0051824,-0.0051824,-0.0051824,-0.0051824,-0.0051824,-0.0051824,-0.0051824,-0.0051824,-0.0051824,-0.0051824,-0.0051824,-0.00518239,-0.00518239,-0.00518239,-0.00518239,-0.00518239,-0.00518239,-0.00518239,-0.00518239,-0.00518238,-0.00518238,-0.00518238,-0.00518238,-0.00518238,-0.00518238,-0.00518238,-0.00518238,-0.00518238,-0.00518238,-0.00518238,-0.00518238,-0.00518238,-0.00518238,-0.00518238,-0.00518238,-0.00518238,-0.00518238,-0.00518238,-0.00518238,-0.00518238,-0.00518238,-0.00518238,-0.00518238,-0.00518238,-0.00518238,-0.00518238,-0.00518238,-0.00518238,-0.00518238,-0.00518238,-0.00518238,-0.00518238,-0.00518238,-0.00518238,-0.00518238,-0.00518238,-0.00518238,-0.00518238,-0.00518238,-0.00518239,-0.00518239,-0.00518239,-0.00518239,-0.00518239,-0.00518239,-0.00518239,-0.00518239,-0.00518239,-0.00518239,-0.00518239,-0.00518239,-0.00518239,-0.00518239,-0.00518239,-0.00518239,-0.00518239,-0.00518239,-0.0051824,-0.0051824,-0.0051824,-0.0051824,-0.0051824,-0.0051824,-0.0051824,-0.0051824,-0.0051824,-0.0051824,-0.0051824,-0.00518241,-0.00518241,-0.00518241,-0.00518241,-0.00518241,-0.00518241,-0.00518241,-0.00518241,-0.00518241,-0.00518241,-0.00518241,-0.00518242,-0.00518242,-0.00518242,-0.00518242,-0.00518242,-0.00518242,-0.00518242,-0.00518242,-0.00518242,-0.00518242,-0.00518242,-0.00518242,-0.00518242,-0.00518242,-0.00518242,-0.00518242,-0.00518242,-0.00518242,-0.00518242],"instab":[null,null,null,null,null,null,null,null,null,null,null,null,null,null,null,null,null,null,null,null,null,null,null,null,null,null,null,null,null,null,null,null,null,null,null,null,null,null,null,null,null,null,null,null,null,null,null,null,null,null,null,null,null,null,null,null,null,null,null,88.936055,88.936055,88.936055,88.936055,88.936055,88.936055,81.159935,75.123887,75.123887,75.123887,75.123887,75.123887,0.40785,0.397457,0.397457,0.282945,0.282945,0.263282,0.210119,0.210119,0.71628,0.761948,0.702951,0.651645,0.683205,0.683205,0.686291,0.700505,0.700505,0.700505,0.700505,0.700505,0.640481,0.656222,0.656222,0.656222,0.656222,0.765384,0.765384,0.765384,0.71417,0.684103,0.693254,0.69784,0.628484,0.591805,0.599483,0.567036,0.616221,0.590126,0.587603,0.565087,0.565614,0.612948,0.613855,0.625196,0.61328,0.529546,0.546966,0.650188,0.645782,0.628371,0.62546,0.637957,0.665798,0.677533,0.664909,0.680778,0.629776,0.634957,0.615024,0.613456,0.641525,0.633926,0.63299,0.586223,0.62049,0.635114,0.798546,0.721028,0.712954,0.717866,0.719828,0.730918,0.733601,0.726985,0.742222,0.731984,0.729562,0.739505,0.783765,0.79988,0.793418,0.787497,0.793316,0.778676,0.775381,0.774154,0.649303,0.650852,0.638256,0.652262,0.652966,0.625171,0.58129,0.580602,0.577302,0.581603,0.588386,0.568433,0.508074,0.482889,0.441779,0.375021,0.352405,0.346604,0.345237,0.349948,0.343438,0.352561,0.372381,0.367902,0.377346,0.368566,0.368767,0.370426,0.352214,0.369272,0.457982,0.476098,0.485083,0.50087,0.493006,0.492601,0.494022,0.491939,0.490014,0.48672,0.485102,0.467661,0.437075,0.42513,0.423578,0.441899,0.433816,0.43751,0.437179,0.429788,0.272659,0.262617],