{"word":"tholins","years":[1800,1801,1802,1803,1804,1805,1806,1807,1808,1809,1810,1811,1812,1813,1814,1815,1816,1817,1818,1819,1820,1821,1822,1823,1824,1825,1826,1827,1828,1829,1830,1831,1832,1833,1834,1835,1836,1837,1838,1839,1840,1841,1842,1843,1844,1845,1846,1847,1848,1849,1850,1851,1852,1853,1854,1855,1856,1857,1858,1859,1860,1861,1862,1863,1864,1865,1866,1867,1868,1869,1870,1871,1872,1873,1874,1875,1876,1877,1878,1879,1880,1881,1882,1883,1884,1885,1886,1887,1888,1889,1890,1891,1892,1893,1894,1895,1896,1897,1898,1899,1900,1901,1902,1903,1904,1905,1906,1907,1908,1909,1910,1911,1912,1913,1914,1915,1916,1917,1918,1919,1920,1921,1922,1923,1924,1925,1926,1927,1928,1929,1930,1931,1932,1933,1934,1935,1936,1937,1938,1939,1940,1941,1942,1943,1944,1945,1946,1947,1948,1949,1950,1951,1952,1953,1954,1955,1956,1957,1958,1959,1960,1961,1962,1963,1964,1965,1966,1967,1968,1969,1970,1971,1972,1973,1974,1975,1976,1977,1978,1979,1980,1981,1982,1983,1984,1985,1986,1987,1988,1989,1990,1991,1992,1993,1994,1995,1996,1997,1998,1999,2000,2001,2002,2003,2004,2005,2006,2007,2008],"level":[-37.566041,-37.47489,-37.383739,-37.292588,-37.201436,-37.110285,-37.019134,-36.927983,-36.836831,-36.74568,-36.654529,-36.563378,-36.472227,-36.381075,-36.289924,-36.198773,-36.107621,-36.01647,-35.925319,-35.834167,-35.743016,-35.651865,-35.560713,-35.469562,-35.37841,-35.287259,-35.196107,-35.104956,-35.013804,-34.922653,-34.831501,-34.74035,-34.649198,-34.558046,-34.466894,-34.375743,-34.284591,-34.193439,-34.102287,-34.011135,-33.919983,-33.828831,-33.737679,-33.646527,-33.555375,-33.464223,-33.373071,-33.281919,-33.190766,-33.099614,-33.008462,-32.917309,-32.826157,-32.735004,-32.643852,-32.552699,-32.461547,-32.370394,-32.279241,-32.188088,-32.096935,-32.005782,-31.914629,-31.823476,-31.732323,-31.64117,-31.550017,-31.458864,-31.36771,-31.276557,-31.185403,-31.09425,-31.003096,-30.911942,-30.820789,-30.729635,-30.638481,-30.547327,-30.456173,-30.365019,-30.273865,-30.18271,-30.091556,-30.000401,-29.909247,-29.818092,-29.726938,-29.635783,-29.544628,-29.453473,-29.362318,-29.271163,-29.180008,-29.088853,-28.997697,-28.906542,-28.815386,-28.724231,-28.633075,-28.541919,-28.450763,-28.359607,-28.268451,-28.177295,-28.086139,-27.994982,-27.903826,-27.812669,-27.721512,-27.630356,-27.539199,-27.448042,-27.356884,-27.265727,-27.17457,-27.083412,-26.992255,-26.901097,-26.809939,-26.718782,-26.627624,-26.536465,-26.445307,-26.354149,-26.26299,-26.171832,-26.080673,-25.989514,-25.898355,-25.807196,-25.716037,-25.624878,-25.533718,-25.442559,-25.351399,-25.260239,-25.169079,-25.077919,-24.986759,-24.895599,-24.804438,-24.713278,-24.622117,-24.530956,-24.439795,-24.348634,-24.257472,-24.166311,-24.075149,-23.983988,-23.892826,-23.801664,-23.710502,-23.619339,-23.528177,-23.437014,-23.345852,-23.254689,-23.163526,-23.072363,-22.981199,-22.890036,-22.798872,-22.707708,-22.616544,-22.52538,-22.434216,-22.343052,-22.251887,-22.160722,-22.069557,-21.978392,-21.887227,-21.796062,-21.704896,-21.613731,-21.522565,-21.431399,-21.340232,-21.249066,-21.186494,-21.123914,-21.061314,-20.998685,-20.954529,-21.084092,-21.113949,-21.158341,-21.156694,-21.049849,-21.005375,-20.942475,-20.830374,-20.610928,-20.324933,-20.224902,-20.028014,-19.836768,-19.556926,-19.361233,-19.293426,-19.284867,-19.224768,-19.124634,-18.964718,-18.870786,-18.807405,-18.693067,-18.555746],"drift":[0.09115399,0.09115399,0.09115399,0.09115399,0.091154,0.091154,0.09115401,0.09115402,0.09115402,0.09115403,0.09115404,0.09115405,0.09115406,0.09115408,0.09115409,0.0911541,0.09115412,0.09115414,0.09115415,0.09115417,0.09115419,0.09115421,0.09115423,0.09115425,0.09115428,0.0911543,0.09115432,0.09115435,0.09115438,0.0911544,0.09115443,0.09115446,0.09115449,0.09115452,0.09115456,0.09115459,0.09115462,0.09115466,0.0911547,0.09115473,0.09115477,0.09115481,0.09115485,0.09115489,0.09115493,0.09115498,0.09115502,0.09115507,0.09115511,0.09115516,0.09115521,0.09115525,0.0911553,0.09115536,0.09115541,0.09115546,0.09115551,0.09115557,0.09115562,0.09115568,0.09115574,0.09115579,0.09115585,0.09115591,0.09115597,0.09115604,0.0911561,0.09115616,0.09115623,0.09115629,0.09115636,0.09115643,0.0911565,0.09115657,0.09115664,0.09115671,0.09115678,0.09115686,0.09115693,0.09115701,0.09115708,0.09115716,0.09115724,0.09115732,0.0911574,0.09115748,0.09115756,0.09115764,0.09115773,0.09115781,0.0911579,0.09115798,0.09115807,0.09115816,0.09115825,0.09115834,0.09115843,0.09115853,0.09115862,0.09115871,0.09115881,0.09115891,0.091159,0.0911591,0.0911592,0.0911593,0.0911594,0.0911595,0.09115961,0.09115971,0.09115982,0.09115992,0.09116003,0.09116014,0.09116025,0.09116036,0.09116047,0.09116058,0.09116069,0.0911608,0.09116092,0.09116103,0.09116115,0.09116127,0.09116139,0.09116151,0.09116163,0.09116175,0.09116187,0.09116199,0.09116212,0.09116224,0.09116237,0.0911625,0.09116262,0.09116275,0.09116288,0.09116301,0.09116314,0.09116328,0.09116341,0.09116355,0.09116368,0.09116382,0.09116395,0.09116409,0.09116423,0.09116437,0.09116451,0.09116466,0.0911648,0.09116494,0.09116509,0.09116523,0.09116538,0.09116553,0.09116568,0.09116583,0.09116598,0.09116613,0.09116628,0.09116644,0.09116659,0.09116675,0.0911669,0.09116706,0.09116722,0.09116738,0.09116754,0.0911677,0.09116786,0.09116803,0.09116819,0.09116836,0.09116852,0.09116869,0.09116886,0.09116903,0.0911692,0.09116937,0.09117929,0.09119895,0.09122836,0.09126752,0.09132274,0.09145323,0.09162507,0.09184326,0.0920922,0.0923361,0.09259632,0.09286666,0.09313044,0.09335118,0.09350626,0.09365911,0.09377679,0.09386124,0.09388231,0.09386869,0.09386394,0.09388827,0.09392411,0.09395784,0.09396909,0.09398035,0.09400204,0.0940168,0.0940168],"instab":[null,null,null,null,null,null,null,null,null,null,null,null,null,null,null,null,null,null,null,null,null,null,null,null,null,null,null,null,null,null,null,null,null,null,null,null,null,null,null,null,null,null,null,null,null,null,null,null,null,null,null,null,null,null,null,null,null,null,null,null,null,null,null,null,null,null,null,null,null,null,null,null,null,null,null,null,null,null,null,null,null,null,null,null,null,null,null,null,null,null,null,null,null,null,null,null,null,null,null,null,null,null,null,null,null,null,null,null,null,null,null,null,null,null,null,null,null,null,null,null,null,null,null,null,null,null,null,null,null,null,null,null,null,null,null,null,null,null,null,null,null,null,null,null,null,null,null,null,null,null,null,null,null,null,null,null,null,null,null,null,null,null,null,null,null,null,null,null,null,null,null,null,null,null,null,null,null,null,null,null,null,null,null,null,null,null,9.449041,8.581988,7.907805,7.499732,7.077743,6.711472,6.387665,6.129096,6.014181,5.781603,5.596771,5.412326,5.286293,1.254765,1.217574,1.213794,1.193835,1.201004,1.175964,1.010129,1.026423,1.009814,0.977738],