{"word":"thousandyear","years":[1800,1801,1802,1803,1804,1805,1806,1807,1808,1809,1810,1811,1812,1813,1814,1815,1816,1817,1818,1819,1820,1821,1822,1823,1824,1825,1826,1827,1828,1829,1830,1831,1832,1833,1834,1835,1836,1837,1838,1839,1840,1841,1842,1843,1844,1845,1846,1847,1848,1849,1850,1851,1852,1853,1854,1855,1856,1857,1858,1859,1860,1861,1862,1863,1864,1865,1866,1867,1868,1869,1870,1871,1872,1873,1874,1875,1876,1877,1878,1879,1880,1881,1882,1883,1884,1885,1886,1887,1888,1889,1890,1891,1892,1893,1894,1895,1896,1897,1898,1899,1900,1901,1902,1903,1904,1905,1906,1907,1908,1909,1910,1911,1912,1913,1914,1915,1916,1917,1918,1919,1920,1921,1922,1923,1924,1925,1926,1927,1928,1929,1930,1931,1932,1933,1934,1935,1936,1937,1938,1939,1940,1941,1942,1943,1944,1945,1946,1947,1948,1949,1950,1951,1952,1953,1954,1955,1956,1957,1958,1959,1960,1961,1962,1963,1964,1965,1966,1967,1968,1969,1970,1971,1972,1973,1974,1975,1976,1977,1978,1979,1980,1981,1982,1983,1984,1985,1986,1987,1988,1989,1990,1991,1992,1993,1994,1995,1996,1997,1998,1999,2000,2001,2002,2003,2004,2005,2006,2007,2008],"level":[-18.119148,-18.127485,-18.14076,-18.154034,-18.167304,-18.180569,-18.193827,-18.207076,-18.220314,-18.23354,-18.246752,-18.259948,-18.273127,-18.286285,-18.299423,-18.312538,-18.325628,-18.338691,-18.351726,-18.364731,-18.377704,-18.390643,-18.403548,-18.416415,-18.429243,-18.44203,-18.454775,-18.467476,-18.480131,-18.492738,-18.505295,-18.517801,-18.530255,-18.542653,-18.554995,-18.567278,-18.579501,-18.591662,-18.60376,-18.615792,-18.627757,-18.639653,-18.651479,-18.663231,-18.67491,-18.686512,-18.698037,-18.709482,-18.720845,-18.732126,-18.743322,-18.75443,-18.765451,-18.776381,-18.78722,-18.797964,-18.808613,-18.819165,-18.829618,-18.83997,-18.850219,-18.860364,-18.870403,-18.880334,-18.923326,-18.966194,-19.008925,-19.097567,-19.186028,-19.211856,-19.237465,-19.262848,-19.287996,-19.318689,-19.354977,-19.390943,-19.429488,-19.467745,-19.453106,-19.438171,-19.498735,-19.49109,-19.483137,-19.498545,-19.513643,-19.528425,-19.468002,-19.40728,-19.346279,-19.285021,-19.323363,-19.372321,-19.428631,-19.447841,-19.504098,-19.606091,-19.707728,-19.731202,-19.741639,-19.671526,-19.560399,-19.542635,-19.503405,-19.465399,-19.427073,-19.416166,-19.323394,-19.24656,-19.192419,-19.193669,-19.162274,-19.131491,-19.098035,-19.068025,-18.984032,-18.882325,-18.778378,-18.723736,-18.743931,-18.814051,-18.881401,-18.93028,-18.921802,-18.897528,-18.818542,-18.77239,-18.684452,-18.570564,-18.432054,-18.344638,-18.225352,-18.167602,-18.132698,-18.129824,-18.032598,-18.015011,-17.976294,-17.929786,-17.873423,-17.867779,-17.881205,-17.890432,-17.886774,-17.881027,-17.884516,-17.901091,-17.859481,-17.830737,-17.846721,-17.901085,-17.941524,-17.962508,-17.979515,-17.960083,-17.946587,-17.901979,-17.872719,-17.861131,-17.850762,-17.838972,-17.843813,-17.853712,-17.869338,-17.865626,-17.868693,-17.877672,-17.870459,-17.849571,-17.808403,-17.792288,-17.784844,-17.793602,-17.803217,-17.811505,-17.845132,-17.854421,-17.867259,-17.854751,-17.841509,-17.832141,-17.828337,-17.820398,-17.837741,-17.827334,-17.812028,-17.807047,-17.790276,-17.782556,-17.776027,-17.770037,-17.763087,-17.739433,-17.722702,-17.679075,-17.651717,-17.637473,-17.632882,-17.623479,-17.622795,-17.614336,-17.622402,-17.631391,-17.635407,-17.643229,-17.638012,-17.633494,-17.648036,-17.666771,-17.681358],"drift":[-0.00833596,-0.00833596,-0.00833419,-0.00833065,-0.00832535,-0.00831827,-0.00830943,-0.00829882,-0.00828644,-0.00827229,-0.00825637,-0.00823868,-0.00821923,-0.008198,-0.00817501,-0.00815025,-0.00812372,-0.00809542,-0.00806535,-0.00803352,-0.00799991,-0.00796454,-0.0079274,-0.00788849,-0.00784781,-0.00780536,-0.00776115,-0.00771516,-0.00766741,-0.00761789,-0.0075666,-0.00751354,-0.00745871,-0.00740211,-0.00734375,-0.00728361,-0.00722171,-0.00715804,-0.0070926,-0.00702539,-0.00695641,-0.00688567,-0.00681315,-0.00673887,-0.00666282,-0.006585,-0.00650541,-0.00642405,-0.00634092,-0.00625603,-0.00616936,-0.00608093,-0.00599073,-0.00589876,-0.00580502,-0.00570952,-0.00561224,-0.0055132,-0.00541239,-0.0053098,-0.00520545,-0.00509933,-0.00499145,-0.00488179,-0.00475848,-0.00462153,-0.00447094,-0.00429021,-0.00407934,-0.00386069,-0.00363424,-0.00340001,-0.003158,-0.00290612,-0.00264229,-0.00236653,-0.00207781,-0.00177615,-0.00148035,-0.00119044,-0.00087927,-0.00057115,-0.00026608,4.441e-05,0.00036032,0.00068166,0.0009816,0.00126015,0.00151731,0.00175308,0.00200321,0.00227159,0.00256094,0.00285808,0.00317639,0.00353236,0.00392599,0.00432942,0.00473815,0.00512346,0.00547082,0.00581378,0.00614477,0.00646436,0.00677253,0.00707923,0.00735524,0.00760638,0.00784085,0.00807858,0.00830797,0.0085293,0.00874171,0.0089465,0.00912442,0.0092692,0.00938007,0.00947473,0.00958002,0.00971385,0.00987527,0.01005773,0.01024075,0.01041875,0.0105722,0.01071291,0.01082596,0.01090212,0.01093258,0.01093566,0.01089994,0.01084745,0.01078635,0.01072808,0.01063883,0.0105471,0.01044529,0.01033056,0.01019934,0.01006976,0.00994859,0.00983429,0.0097222,0.00961153,0.00950556,0.00940892,0.00930075,0.00918562,0.0090795,0.0089961,0.0089304,0.00887541,0.00882969,0.00878017,0.00872896,0.00866491,0.00859348,0.00852098,0.00844782,0.00837346,0.00830383,0.00824072,0.00818616,0.0081332,0.00808425,0.0080414,0.00799886,0.0079517,0.00789264,0.00783065,0.00776879,0.00771285,0.00766311,0.00761908,0.00758982,0.00756661,0.0075507,0.00753302,0.00751329,0.0074929,0.00747383,0.00745459,0.00744423,0.00743281,0.00741858,0.00740521,0.00738849,0.00737165,0.00735512,0.00733907,0.00732316,0.00730141,0.00727628,0.00723813,0.00719278,0.0071449,0.00709794,0.00705016,0.00700465,0.00695862,0.00691797,0.00688302,0.00685197,0.00682617,0.00680095,0.00677655,0.00675978,0.00675214,0.00675214],"instab":[null,null,null,null,null,null,null,null,null,null,null,null,null,null,null,null,null,null,null,null,null,null,null,null,null,null,null,null,null,null,null,null,null,null,null,null,null,null,null,null,null,null,null,null,null,null,null,null,null,null,null,null,null,null,null,null,null,null,null,null,null,null,null,null,null,null,null,null,null,null,null,null,null,250.627669,228.774561,211.791838,211.791838,198.129904,198.129904,186.753839,177.19292,177.19292,168.930883,0.543316,0.543316,0.535012,0.560153,0.560153,0.495743,0.686357,0.651974,0.623035,0.641008,0.646731,0.648491,0.679424,0.725078,0.708704,0.701906,0.650822,0.722309,0.694516,0.690815,0.690815,0.675707,0.675099,0.663258,0.650565,0.646072,0.556961,0.556849,0.555652,0.538593,0.545779,0.544763,0.533575,0.479122,0.494869,0.447386,0.461651,0.417306,0.457414,0.460552,0.46219,0.466451,0.441932,0.43139,0.421249,0.439963,0.432349,0.468121,0.470183,0.471992,0.512339,0.544882,0.549176,0.529513,0.503614,0.512631,0.504504,0.493427,0.464051,0.462957,0.44684,0.438226,0.464309,0.464509,0.469054,0.433989,0.446733,0.413077,0.407576,0.409288,0.362898,0.28725,0.293227,0.298015,0.297891,0.263154,0.263844,0.262904,0.260191,0.265151,0.264971,0.264412,0.232904,0.227229,0.198819,0.20847,0.198491,0.186949,0.184566,0.160156,0.162586,0.17313,0.162976,0.165285,0.165305,0.166464,0.162708,0.162655,0.172314,0.177579,0.176951,0.179975,0.176188,0.176876,0.174633,0.156512,0.154198,0.151985,0.155798,0.159815,0.168835,0.15576,0.157268,0.142205,0.142834,0.144812,0.147384,0.147454,0.141911,0.11961,0.126078,0.123495,0.124834,0.123401,0.127061,0.139523],