{"word":"tigerlike","years":[1800,1801,1802,1803,1804,1805,1806,1807,1808,1809,1810,1811,1812,1813,1814,1815,1816,1817,1818,1819,1820,1821,1822,1823,1824,1825,1826,1827,1828,1829,1830,1831,1832,1833,1834,1835,1836,1837,1838,1839,1840,1841,1842,1843,1844,1845,1846,1847,1848,1849,1850,1851,1852,1853,1854,1855,1856,1857,1858,1859,1860,1861,1862,1863,1864,1865,1866,1867,1868,1869,1870,1871,1872,1873,1874,1875,1876,1877,1878,1879,1880,1881,1882,1883,1884,1885,1886,1887,1888,1889,1890,1891,1892,1893,1894,1895,1896,1897,1898,1899,1900,1901,1902,1903,1904,1905,1906,1907,1908,1909,1910,1911,1912,1913,1914,1915,1916,1917,1918,1919,1920,1921,1922,1923,1924,1925,1926,1927,1928,1929,1930,1931,1932,1933,1934,1935,1936,1937,1938,1939,1940,1941,1942,1943,1944,1945,1946,1947,1948,1949,1950,1951,1952,1953,1954,1955,1956,1957,1958,1959,1960,1961,1962,1963,1964,1965,1966,1967,1968,1969,1970,1971,1972,1973,1974,1975,1976,1977,1978,1979,1980,1981,1982,1983,1984,1985,1986,1987,1988,1989,1990,1991,1992,1993,1994,1995,1996,1997,1998,1999,2000,2001,2002,2003,2004,2005,2006,2007,2008],"level":[-18.597474,-18.600378,-18.603281,-18.606185,-18.609088,-18.611992,-18.614896,-18.617799,-18.620703,-18.623606,-18.62651,-18.629413,-18.632317,-18.63522,-18.638124,-18.641027,-18.643931,-18.646835,-18.649738,-18.652642,-18.655545,-18.658449,-18.661353,-18.664256,-18.66716,-18.670064,-18.672967,-18.675871,-18.678774,-18.681678,-18.684581,-18.687485,-18.690388,-18.693292,-18.696195,-18.699099,-18.702002,-18.704906,-18.707809,-18.710713,-18.713616,-18.71652,-18.719424,-18.722327,-18.725231,-18.728134,-18.731038,-18.733941,-18.736844,-18.739748,-18.742651,-18.745555,-18.748458,-18.751362,-18.754265,-18.757169,-18.760072,-18.762976,-18.765879,-18.768783,-18.771686,-18.77459,-18.777493,-18.780396,-18.7833,-18.786203,-18.789107,-18.79201,-18.794914,-18.797817,-18.800721,-18.803624,-18.806527,-18.809431,-18.812334,-18.815238,-18.818141,-18.821045,-18.823948,-18.826851,-18.829755,-18.832658,-18.835562,-18.838465,-18.841369,-18.844272,-18.847175,-18.850079,-18.852982,-18.855886,-18.858789,-18.861693,-18.864596,-18.8675,-18.870403,-18.873307,-18.87621,-18.879114,-18.882017,-18.88492,-18.887824,-18.890727,-18.893631,-18.896534,-18.899438,-18.902341,-18.905245,-18.908148,-18.911052,-18.913955,-18.916859,-18.919762,-18.922666,-18.925569,-18.928473,-18.931376,-18.93428,-18.937183,-18.940087,-18.94299,-18.945894,-18.948798,-18.951701,-18.954605,-18.957508,-18.960412,-18.963315,-18.966219,-18.969122,-18.972026,-18.974929,-18.977833,-18.980737,-18.98364,-18.986544,-18.989447,-18.992351,-18.995254,-18.998158,-19.001062,-19.003965,-19.006869,-19.009772,-19.012676,-19.015579,-19.018483,-19.021387,-19.02429,-19.027194,-19.030098,-19.033001,-19.035905,-19.038808,-19.041712,-19.044616,-19.047519,-19.050423,-19.053327,-19.05623,-19.059134,-19.062038,-19.064941,-19.067845,-19.070749,-19.073652,-19.076556,-19.07946,-19.082363,-19.085267,-19.088171,-19.091074,-19.093978,-19.096882,-19.099785,-19.102689,-19.105593,-19.108497,-19.1114,-19.114304,-19.117208,-19.120111,-19.123015,-19.125919,-19.128822,-19.131726,-19.13463,-19.137533,-19.140437,-19.143341,-19.146244,-19.149148,-19.152052,-19.154955,-19.157859,-19.160763,-19.163667,-19.16657,-19.169474,-19.172378,-19.175281,-19.178185,-19.181089,-19.183992,-19.186896,-19.1898,-19.192703,-19.195607,-19.198511,-19.201414],"drift":[-0.00290355,-0.00290355,-0.00290355,-0.00290355,-0.00290355,-0.00290355,-0.00290355,-0.00290355,-0.00290355,-0.00290355,-0.00290355,-0.00290355,-0.00290355,-0.00290355,-0.00290355,-0.00290356,-0.00290356,-0.00290356,-0.00290356,-0.00290356,-0.00290356,-0.00290355,-0.00290355,-0.00290355,-0.00290355,-0.00290355,-0.00290354,-0.00290354,-0.00290354,-0.00290354,-0.00290354,-0.00290353,-0.00290353,-0.00290353,-0.00290353,-0.00290352,-0.00290352,-0.00290352,-0.00290352,-0.00290351,-0.00290351,-0.00290351,-0.00290351,-0.0029035,-0.0029035,-0.0029035,-0.00290349,-0.00290349,-0.00290349,-0.00290348,-0.00290348,-0.00290348,-0.00290347,-0.00290347,-0.00290347,-0.00290346,-0.00290346,-0.00290346,-0.00290346,-0.00290345,-0.00290345,-0.00290345,-0.00290345,-0.00290344,-0.00290344,-0.00290344,-0.00290344,-0.00290344,-0.00290344,-0.00290343,-0.00290343,-0.00290343,-0.00290343,-0.00290343,-0.00290343,-0.00290343,-0.00290343,-0.00290343,-0.00290343,-0.00290343,-0.00290344,-0.00290344,-0.00290344,-0.00290344,-0.00290344,-0.00290344,-0.00290344,-0.00290345,-0.00290345,-0.00290345,-0.00290345,-0.00290346,-0.00290346,-0.00290346,-0.00290346,-0.00290347,-0.00290347,-0.00290347,-0.00290347,-0.00290348,-0.00290348,-0.00290348,-0.00290349,-0.00290349,-0.00290349,-0.00290349,-0.0029035,-0.0029035,-0.0029035,-0.0029035,-0.00290351,-0.00290351,-0.00290351,-0.00290351,-0.00290351,-0.00290352,-0.00290352,-0.00290352,-0.00290352,-0.00290353,-0.00290353,-0.00290353,-0.00290353,-0.00290354,-0.00290354,-0.00290354,-0.00290354,-0.00290355,-0.00290355,-0.00290355,-0.00290356,-0.00290356,-0.00290356,-0.00290356,-0.00290357,-0.00290357,-0.00290357,-0.00290358,-0.00290358,-0.00290358,-0.00290359,-0.00290359,-0.0029036,-0.0029036,-0.0029036,-0.00290361,-0.00290361,-0.00290362,-0.00290362,-0.00290362,-0.00290363,-0.00290363,-0.00290364,-0.00290364,-0.00290364,-0.00290365,-0.00290365,-0.00290365,-0.00290366,-0.00290366,-0.00290366,-0.00290367,-0.00290367,-0.00290367,-0.00290368,-0.00290368,-0.00290368,-0.00290368,-0.00290368,-0.00290369,-0.00290369,-0.00290369,-0.00290369,-0.00290369,-0.00290369,-0.00290369,-0.00290369,-0.00290369,-0.00290369,-0.00290369,-0.00290369,-0.00290369,-0.00290369,-0.00290369,-0.00290369,-0.00290368,-0.00290368,-0.00290368,-0.00290368,-0.00290368,-0.00290368,-0.00290368,-0.00290368,-0.00290368,-0.00290368,-0.00290368,-0.00290368,-0.00290368,-0.00290368,-0.00290368,-0.00290368,-0.00290367,-0.00290367,-0.00290367,-0.00290367,-0.00290367,-0.00290367,-0.00290367,-0.00290367],"instab":[null,null,null,null,null,null,null,null,null,null,null,null,null,null,null,null,null,null,null,null,null,null,null,null,null,null,null,null,null,null,null,null,null,85.664245,85.664245,78.166898,72.432464,72.432464,67.760263,67.760263,63.862903,63.862903,63.862903,0.514502,0.536696,0.524988,0.614881,0.641028,0.644356,0.664943,0.652504,0.62552,0.606699,0.611252,0.589441,0.58413,0.562412,0.549683,0.567229,0.567229,0.537824,0.52154,0.517039,0.481925,0.489818,0.515106,0.470257,0.436259,0.426349,0.418973,0.407187,0.411451,0.419743,0.421351,0.441985,0.421387,0.433069,0.445764,0.512686,0.531219,0.537314,0.533426,0.626447,0.612402,0.612402,0.590541,0.59554,0.594275,0.596966,0.602498,0.607702,0.605017,0.67978,0.692551,0.688889,0.695111,0.755161,0.747404,0.733569,0.703256,0.733113,0.753843,0.72723,0.730654,0.739048,0.761909,0.762779,0.762045,0.790949,0.803392,0.81582,0.815606,0.728069,0.726311,0.712178,0.784429,0.764875,0.750057,0.73556,0.751013,0.70748,0.666627,0.666147,0.688171,0.669751,0.723359,0.716871,0.723724,0.699388,0.693556,0.669138,0.692211,0.701402,0.687105,0.687227,0.614729,0.612226,0.606063,0.61385,0.682047,0.711676,0.785274,0.769233,0.768969,0.820162,0.757935,0.777647,0.76949,0.761311,0.752579,0.742305,0.733631,0.725217,0.722852,0.734249,0.72072,0.701189,0.707316,0.70578,0.586814,0.572301,0.485506,0.479556,0.463433,0.391399,0.384615,0.347114,0.343091,0.351127,0.342691,0.368507,0.357297,0.352955,0.343093,0.318563,0.311611,0.340552,0.332921,0.325181,0.415302,0.416188,0.415877,0.415073,0.413208,0.386745,0.402932,0.406239,0.399496,0.402107,0.401029,0.397589,0.383356,0.368709,0.379308,0.361259,0.365026,0.355101,0.370325,0.37516,0.287687,0.289945,0.290215,0.295888,0.27909,0.259747,0.170079,0.126147,0.114826,0.118027],