{"word":"tincidunt","years":[1800,1801,1802,1803,1804,1805,1806,1807,1808,1809,1810,1811,1812,1813,1814,1815,1816,1817,1818,1819,1820,1821,1822,1823,1824,1825,1826,1827,1828,1829,1830,1831,1832,1833,1834,1835,1836,1837,1838,1839,1840,1841,1842,1843,1844,1845,1846,1847,1848,1849,1850,1851,1852,1853,1854,1855,1856,1857,1858,1859,1860,1861,1862,1863,1864,1865,1866,1867,1868,1869,1870,1871,1872,1873,1874,1875,1876,1877,1878,1879,1880,1881,1882,1883,1884,1885,1886,1887,1888,1889,1890,1891,1892,1893,1894,1895,1896,1897,1898,1899,1900,1901,1902,1903,1904,1905,1906,1907,1908,1909,1910,1911,1912,1913,1914,1915,1916,1917,1918,1919,1920,1921,1922,1923,1924,1925,1926,1927,1928,1929,1930,1931,1932,1933,1934,1935,1936,1937,1938,1939,1940,1941,1942,1943,1944,1945,1946,1947,1948,1949,1950,1951,1952,1953,1954,1955,1956,1957,1958,1959,1960,1961,1962,1963,1964,1965,1966,1967,1968,1969,1970,1971,1972,1973,1974,1975,1976,1977,1978,1979,1980,1981,1982,1983,1984,1985,1986,1987,1988,1989,1990,1991,1992,1993,1994,1995,1996,1997,1998,1999,2000,2001,2002,2003,2004,2005,2006,2007,2008],"level":[-45.286032,-45.149233,-45.012435,-44.875637,-44.738838,-44.602039,-44.465239,-44.328439,-44.191638,-44.054837,-43.918034,-43.781231,-43.644427,-43.507621,-43.370815,-43.234007,-43.097198,-42.960387,-42.823575,-42.686761,-42.549945,-42.413127,-42.276308,-42.139486,-42.002663,-41.865837,-41.729008,-41.592178,-41.455345,-41.318509,-41.181671,-41.04483,-40.907986,-40.771139,-40.634289,-40.497436,-40.360579,-40.22372,-40.086857,-39.94999,-39.81312,-39.676246,-39.539369,-39.402487,-39.265602,-39.128712,-38.991818,-38.854921,-38.718018,-38.581112,-38.4442,-38.307285,-38.170364,-38.033439,-37.896509,-37.759573,-37.622633,-37.485688,-37.348737,-37.211781,-37.07482,-36.937853,-36.80088,-36.663902,-36.526917,-36.389927,-36.252931,-36.115929,-35.978921,-35.841906,-35.704885,-35.567858,-35.430824,-35.293783,-35.156736,-35.019682,-34.882621,-34.745553,-34.608477,-34.471395,-34.334305,-34.197208,-34.060104,-33.922992,-33.785872,-33.648744,-33.511609,-33.374466,-33.237315,-33.100155,-32.962988,-32.825812,-32.688627,-32.551435,-32.414233,-32.277023,-32.139804,-32.002577,-31.86534,-31.728095,-31.59084,-31.453576,-31.316302,-31.17902,-31.041727,-30.904426,-30.767114,-30.629793,-30.492462,-30.355121,-30.21777,-30.080408,-29.943037,-29.805655,-29.668263,-29.53086,-29.393446,-29.256022,-29.118587,-28.981142,-28.843685,-28.706217,-28.568738,-28.431248,-28.293746,-28.156233,-28.018709,-27.881172,-27.743624,-27.606065,-27.468493,-27.33091,-27.193314,-27.055706,-26.918086,-26.780454,-26.642809,-26.505151,-26.367481,-26.229798,-26.092103,-25.954394,-25.816673,-25.678938,-25.54119,-25.403429,-25.265654,-25.127866,-24.990065,-24.85225,-24.714421,-24.576578,-24.438721,-24.300851,-24.162966,-24.025067,-23.887154,-23.749226,-23.611284,-23.473327,-23.335355,-23.197369,-23.059368,-22.921352,-22.783321,-22.645275,-22.507214,-22.369137,-22.231045,-22.092938,-21.954814,-21.816676,-21.678521,-21.540351,-21.402164,-21.263962,-21.125743,-20.987508,-20.849257,-20.71099,-20.572706,-20.434405,-20.296087,-20.157753,-19.960802,-19.764284,-19.568654,-19.374362,-19.181861,-18.897166,-17.814277,-17.328735,-17.143391,-17.07915,-17.559576,-18.179135,-17.669519,-18.028084,-18.312747,-18.152037,-17.975971,-17.646592,-17.863863,-17.717693,-17.638111,-17.997995,-18.320884,-18.309719,-18.323622],"drift":[0.13681016,0.13681026,0.13681044,0.13681072,0.13681109,0.13681155,0.1368121,0.13681275,0.13681349,0.13681432,0.13681524,0.13681625,0.13681736,0.13681856,0.13681985,0.13682123,0.13682271,0.13682428,0.13682594,0.13682769,0.13682954,0.13683147,0.1368335,0.13683562,0.13683784,0.13684014,0.13684254,0.13684503,0.13684762,0.13685029,0.13685306,0.13685592,0.13685887,0.13686191,0.13686505,0.13686828,0.1368716,0.13687501,0.13687852,0.13688211,0.1368858,0.13688958,0.13689346,0.13689742,0.13690148,0.13690563,0.13690988,0.13691421,0.13691864,0.13692316,0.13692777,0.13693247,0.13693727,0.13694216,0.13694714,0.13695221,0.13695738,0.13696264,0.13696798,0.13697343,0.13697896,0.13698459,0.13699031,0.13699612,0.13700202,0.13700801,0.1370141,0.13702028,0.13702655,0.13703292,0.13703937,0.13704592,0.13705256,0.1370593,0.13706612,0.13707304,0.13708005,0.13708715,0.13709435,0.13710163,0.13710901,0.13711648,0.13712405,0.1371317,0.13713945,0.13714729,0.13715522,0.13716324,0.13717136,0.13717957,0.13718787,0.13719626,0.13720475,0.13721333,0.137222,0.13723076,0.13723961,0.13724856,0.1372576,0.13726673,0.13727595,0.13728527,0.13729468,0.13730418,0.13731377,0.13732345,0.13733323,0.1373431,0.13735306,0.13736311,0.13737326,0.1373835,0.13739383,0.13740425,0.13741476,0.13742537,0.13743607,0.13744686,0.13745774,0.13746872,0.13747979,0.13749095,0.1375022,0.13751354,0.13752498,0.13753651,0.13754813,0.13755985,0.13757165,0.13758355,0.13759554,0.13760762,0.1376198,0.13763206,0.13764442,0.13765687,0.13766942,0.13768205,0.13769478,0.1377076,0.13772051,0.13773352,0.13774662,0.13775981,0.13777309,0.13778646,0.13779993,0.13781348,0.13782713,0.13784088,0.13785471,0.13786864,0.13788266,0.13789677,0.13791097,0.13792527,0.13793966,0.13795414,0.13796871,0.13798338,0.13799813,0.13801298,0.13802792,0.13804296,0.13805808,0.1380733,0.13808861,0.13810402,0.13811951,0.1381351,0.13815078,0.13816655,0.13818241,0.13819837,0.13821442,0.13823056,0.13824679,0.13826312,0.13827953,0.13829604,0.13831264,0.13832934,0.13834612,0.138363,0.13792805,0.13704127,0.13570266,0.13391223,0.13166996,0.1282476,0.11746322,0.1038403,0.08958883,0.07553284,0.0657643,0.06128084,0.05333991,0.04857551,0.04638097,0.04330476,0.03920472,0.0328669,0.0284581,0.02314153,0.01738971,0.01454734,0.01430723,0.01409134,0.01409134],"instab":[null,null,null,null,null,null,null,null,null,null,null,null,null,null,null,null,null,null,null,null,null,null,null,null,null,null,null,null,null,null,null,null,null,null,null,null,null,null,null,null,null,null,null,null,null,null,null,null,null,null,null,null,null,null,null,null,null,null,null,null,null,null,null,null,null,null,null,null,null,null,null,null,null,null,null,null,null,null,null,null,null,null,null,null,null,null,null,null,null,null,null,null,null,null,null,null,null,null,null,null,null,null,null,null,null,null,null,null,null,null,null,null,null,null,null,null,null,null,null,null,null,null,null,null,null,null,null,null,null,null,null,null,null,null,null,null,null,null,null,null,null,null,null,null,null,null,null,null,null,null,null,null,null,null,null,null,null,null,null,null,null,null,null,null,null,null,null,null,null,null,null,null,null,null,null,null,null,null,null,null,null,null,null,null,null,null,null,null,null,null,null,9.418698,8.523842,7.849798,7.284254,6.81569,6.508155,6.183473,5.902893,5.674859,5.469928,5.299002,5.122045,0.924965,0.897581,0.884137,0.872562,0.849518,0.763285],