{"word":"tiponi","years":[1800,1801,1802,1803,1804,1805,1806,1807,1808,1809,1810,1811,1812,1813,1814,1815,1816,1817,1818,1819,1820,1821,1822,1823,1824,1825,1826,1827,1828,1829,1830,1831,1832,1833,1834,1835,1836,1837,1838,1839,1840,1841,1842,1843,1844,1845,1846,1847,1848,1849,1850,1851,1852,1853,1854,1855,1856,1857,1858,1859,1860,1861,1862,1863,1864,1865,1866,1867,1868,1869,1870,1871,1872,1873,1874,1875,1876,1877,1878,1879,1880,1881,1882,1883,1884,1885,1886,1887,1888,1889,1890,1891,1892,1893,1894,1895,1896,1897,1898,1899,1900,1901,1902,1903,1904,1905,1906,1907,1908,1909,1910,1911,1912,1913,1914,1915,1916,1917,1918,1919,1920,1921,1922,1923,1924,1925,1926,1927,1928,1929,1930,1931,1932,1933,1934,1935,1936,1937,1938,1939,1940,1941,1942,1943,1944,1945,1946,1947,1948,1949,1950,1951,1952,1953,1954,1955,1956,1957,1958,1959,1960,1961,1962,1963,1964,1965,1966,1967,1968,1969,1970,1971,1972,1973,1974,1975,1976,1977,1978,1979,1980,1981,1982,1983,1984,1985,1986,1987,1988,1989,1990,1991,1992,1993,1994,1995,1996,1997,1998,1999,2000,2001,2002,2003,2004,2005,2006,2007,2008],"level":[-17.606392,-17.620428,-17.634464,-17.6485,-17.662536,-17.676572,-17.690608,-17.704644,-17.71868,-17.732716,-17.746752,-17.753561,-17.760372,-17.767182,-17.773993,-17.780804,-17.787616,-17.794429,-17.801242,-17.808057,-17.814873,-17.821691,-17.828509,-17.83533,-17.842152,-17.848976,-17.855802,-17.862631,-17.869461,-17.876294,-17.88313,-17.889968,-17.89681,-17.903654,-17.910501,-17.917351,-17.924205,-17.931063,-17.937924,-17.944788,-17.951657,-17.95853,-17.965407,-17.972288,-17.979174,-17.986064,-17.992959,-17.999859,-18.006764,-18.013674,-18.02059,-18.02751,-18.034437,-18.041369,-18.048306,-18.05525,-18.0622,-18.069156,-18.076118,-18.083087,-18.090063,-18.097045,-18.104034,-18.11103,-18.118033,-18.125044,-18.132062,-18.139088,-18.146121,-18.153162,-18.160211,-18.167268,-18.174334,-18.181408,-18.18849,-18.195581,-18.202681,-18.20979,-18.216907,-18.224034,-18.231171,-18.238316,-18.245472,-18.252637,-18.259812,-18.266997,-18.274192,-18.281397,-18.288613,-18.295839,-18.303076,-18.310324,-18.303415,-18.296518,-18.299994,-18.316781,-18.335009,-18.353249,-18.386066,-18.415699,-18.422918,-18.450797,-18.467858,-18.490682,-18.545835,-18.599231,-18.65079,-18.702358,-18.753933,-18.805516,-18.860914,-18.897619,-18.916049,-18.951552,-18.980977,-18.998645,-19.025739,-19.054492,-19.083249,-19.098487,-19.113729,-19.118124,-19.107698,-19.105554,-19.089042,-19.072535,-19.056035,-19.025585,-18.99314,-18.960703,-18.941106,-18.920144,-18.908024,-18.907031,-18.897424,-18.887827,-18.878244,-18.876252,-18.856744,-18.837249,-18.839463,-18.841332,-18.8321,-18.822884,-18.810709,-18.825647,-18.8406,-18.85557,-18.870556,-18.885559,-18.901738,-18.920131,-18.947905,-18.989911,-19.039584,-19.092818,-19.146067,-19.196112,-19.244243,-19.292386,-19.330951,-19.350006,-19.354201,-19.358408,-19.381039,-19.408404,-19.435781,-19.462229,-19.48543,-19.526496,-19.575872,-19.611424,-19.643028,-19.684965,-19.726911,-19.766167,-19.807093,-19.841053,-19.886763,-19.931853,-19.97523,-20.007737,-20.026109,-20.044244,-20.072923,-20.095073,-20.113896,-20.141566,-20.169239,-20.210161,-20.235407,-20.244424,-20.262249,-20.287174,-20.312101,-20.336483,-20.373883,-20.400517,-20.420292,-20.447852,-20.470764,-20.488074,-20.511894,-20.528027,-20.557916,-20.591471,-20.60501,-20.630973,-20.654773],"drift":[-0.0140357,-0.0140357,-0.0140357,-0.0140357,-0.0140357,-0.0140357,-0.0140357,-0.0140357,-0.0140357,-0.0140357,-0.0140357,-0.01403583,-0.0140361,-0.01403651,-0.01403705,-0.01403772,-0.01403853,-0.01403948,-0.01404056,-0.01404178,-0.01404313,-0.01404461,-0.01404624,-0.01404799,-0.01404988,-0.01405191,-0.01405407,-0.01405637,-0.0140588,-0.01406137,-0.01406407,-0.01406691,-0.01406988,-0.01407299,-0.01407623,-0.01407961,-0.01408313,-0.01408677,-0.01409056,-0.01409448,-0.01409853,-0.01410272,-0.01410704,-0.0141115,-0.0141161,-0.01412083,-0.01412569,-0.01413069,-0.01413583,-0.0141411,-0.0141465,-0.01415204,-0.01415772,-0.01416353,-0.01416947,-0.01417555,-0.01418177,-0.01418812,-0.01419461,-0.01420123,-0.01420798,-0.01421488,-0.0142219,-0.01422906,-0.01423636,-0.01424379,-0.01425136,-0.01425906,-0.0142669,-0.01427487,-0.01428298,-0.01429122,-0.0142996,-0.01430811,-0.01431676,-0.01432555,-0.01433447,-0.01434352,-0.01435271,-0.01436203,-0.01437149,-0.01438109,-0.01439081,-0.01440068,-0.01441068,-0.01442081,-0.01443108,-0.01444149,-0.01445203,-0.0144627,-0.01447351,-0.01448446,-0.0144958,-0.01450755,-0.0145195,-0.01453141,-0.01454325,-0.01455502,-0.01456645,-0.0145776,-0.01458889,-0.01459992,-0.01461091,-0.01462175,-0.01463183,-0.01464119,-0.01464985,-0.01465782,-0.01466511,-0.0146717,-0.01467753,-0.01468295,-0.0146883,-0.01469326,-0.01469794,-0.01470257,-0.01470697,-0.0147111,-0.01471498,-0.01471884,-0.01472269,-0.01472674,-0.01473125,-0.01473608,-0.0147415,-0.0147475,-0.01475408,-0.01476151,-0.01476983,-0.01477902,-0.01478886,-0.01479937,-0.01481038,-0.01482168,-0.01483345,-0.01484567,-0.01485834,-0.01487133,-0.01488497,-0.01489925,-0.01491376,-0.01492852,-0.01494373,-0.01495939,-0.01497556,-0.01499173,-0.0150079,-0.01502408,-0.01504025,-0.01505642,-0.01507257,-0.01508866,-0.01510452,-0.01511987,-0.01513457,-0.01514856,-0.01516184,-0.01517447,-0.01518648,-0.01519787,-0.01520883,-0.01521971,-0.0152308,-0.0152421,-0.01525326,-0.01526419,-0.0152749,-0.01528539,-0.01529574,-0.01530561,-0.01531484,-0.01532369,-0.01533224,-0.01534029,-0.01534784,-0.01535494,-0.01536157,-0.01536785,-0.01537356,-0.01537872,-0.01538335,-0.01538766,-0.01539192,-0.01539612,-0.01540008,-0.01540391,-0.01540767,-0.01541121,-0.01541452,-0.01541735,-0.01541999,-0.01542276,-0.01542548,-0.01542803,-0.01543039,-0.01543259,-0.01543438,-0.01543596,-0.01543745,-0.01543872,-0.01543986,-0.01544095,-0.01544189,-0.01544282,-0.01544347,-0.01544379,-0.01544414,-0.0154443,-0.0154443],"instab":[null,null,null,null,null,null,null,null,null,null,null,null,null,null,null,null,null,null,null,null,null,null,null,null,null,null,null,null,null,null,null,null,null,null,null,null,null,null,null,null,null,null,null,null,null,null,null,null,null,null,null,null,null,null,null,null,null,null,null,null,null,null,null,null,null,null,null,null,null,null,null,null,null,null,null,null,null,null,null,null,null,null,null,null,null,null,null,null,null,null,null,null,null,null,null,null,null,65.042376,59.549769,55.354634,51.694388,48.816599,46.305249,44.079254,42.239187,40.610125,40.610125,40.610125,40.610125,39.146593,37.875645,1.730236,1.719822,1.608465,1.568216,1.596759,1.547676,1.55733,1.577192,1.522102,1.400335,1.396323,1.439587,1.132596,1.174627,1.222169,1.175353,1.169193,1.169193,1.334385,1.221465,1.169148,1.153057,1.143031,1.127046,1.149626,1.182859,1.211046,1.184129,1.305433,1.254612,1.228329,1.257113,1.18853,1.317847,1.317847,1.306156,1.362755,1.362755,1.318822,1.324239,1.303864,1.287817,1.243956,1.206904,1.206904,1.249345,1.173653,1.173653,1.082396,1.250242,1.287998,1.287998,1.404,1.123389,1.123389,1.079578,1.042713,1.101762,1.110338,1.182678,1.159942,1.139778,1.169347,1.170477,1.132202,1.134036,1.170987,1.134374,1.096792,1.015875,1.017794,0.987892,0.90154,0.900161,0.875095,0.910035,0.933868,0.890967,0.944518,0.933888,0.976715,0.97094,0.97094,0.967184,1.020226,1.035138,1.008016,1.03307,1.033845,0.999967,0.956398,0.972073,0.997312,0.984524,1.09373,1.118369,1.087802,1.059046],