{"word":"tirilazad","years":[1800,1801,1802,1803,1804,1805,1806,1807,1808,1809,1810,1811,1812,1813,1814,1815,1816,1817,1818,1819,1820,1821,1822,1823,1824,1825,1826,1827,1828,1829,1830,1831,1832,1833,1834,1835,1836,1837,1838,1839,1840,1841,1842,1843,1844,1845,1846,1847,1848,1849,1850,1851,1852,1853,1854,1855,1856,1857,1858,1859,1860,1861,1862,1863,1864,1865,1866,1867,1868,1869,1870,1871,1872,1873,1874,1875,1876,1877,1878,1879,1880,1881,1882,1883,1884,1885,1886,1887,1888,1889,1890,1891,1892,1893,1894,1895,1896,1897,1898,1899,1900,1901,1902,1903,1904,1905,1906,1907,1908,1909,1910,1911,1912,1913,1914,1915,1916,1917,1918,1919,1920,1921,1922,1923,1924,1925,1926,1927,1928,1929,1930,1931,1932,1933,1934,1935,1936,1937,1938,1939,1940,1941,1942,1943,1944,1945,1946,1947,1948,1949,1950,1951,1952,1953,1954,1955,1956,1957,1958,1959,1960,1961,1962,1963,1964,1965,1966,1967,1968,1969,1970,1971,1972,1973,1974,1975,1976,1977,1978,1979,1980,1981,1982,1983,1984,1985,1986,1987,1988,1989,1990,1991,1992,1993,1994,1995,1996,1997,1998,1999,2000,2001,2002,2003,2004,2005,2006,2007,2008],"level":[-189.206684,-188.374718,-187.542743,-186.71075,-185.87873,-185.046676,-184.214577,-183.382426,-182.550213,-181.717931,-180.885569,-180.053119,-179.220572,-178.387921,-177.555155,-176.722266,-175.889245,-175.056084,-174.222774,-173.389306,-172.555671,-171.72186,-170.887865,-170.053676,-169.219286,-168.384685,-167.549865,-166.714816,-165.87953,-165.043998,-164.208212,-163.372163,-162.535841,-161.699238,-160.862346,-160.025155,-159.187657,-158.349842,-157.511703,-156.673231,-155.834416,-154.995249,-154.155723,-153.315828,-152.475556,-151.634897,-150.793843,-149.952386,-149.110515,-148.268224,-147.425502,-146.582341,-145.738733,-144.894668,-144.050138,-143.205133,-142.359646,-141.513668,-140.667188,-139.8202,-138.972694,-138.124661,-137.276092,-136.426979,-135.577314,-134.727086,-133.876288,-133.02491,-132.172944,-131.320381,-130.467212,-129.613429,-128.759023,-127.903984,-127.048305,-126.191976,-125.334989,-124.477334,-123.619004,-122.759988,-121.90028,-121.039869,-120.178747,-119.316905,-118.454334,-117.591026,-116.726972,-115.862163,-114.99659,-114.130244,-113.263117,-112.395201,-111.526485,-110.656962,-109.786622,-108.915457,-108.043458,-107.170617,-106.296924,-105.42237,-104.546948,-103.670647,-102.79346,-101.915378,-101.036391,-100.156492,-99.27567,-98.393918,-97.511227,-96.627588,-95.742992,-94.85743,-93.970894,-93.083374,-92.194863,-91.305351,-90.414829,-89.523289,-88.630722,-87.737119,-86.842472,-85.946771,-85.050008,-84.152174,-83.25326,-82.353257,-81.452157,-80.549952,-79.646631,-78.742186,-77.83661,-76.929892,-76.022024,-75.112997,-74.202803,-73.291432,-72.378876,-71.465127,-70.550174,-69.634011,-68.716627,-67.798014,-66.878163,-65.957066,-65.034714,-64.111097,-63.186208,-62.260036,-61.332575,-60.403814,-59.473745,-58.54236,-57.609649,-56.675603,-55.740215,-54.803474,-53.865373,-52.925903,-51.985054,-51.042818,-50.099187,-49.154151,-48.207701,-47.25983,-46.310528,-45.359786,-44.407595,-43.453947,-42.498834,-41.542245,-40.584173,-39.624609,-38.663543,-37.700968,-36.736874,-35.771253,-34.804095,-33.835392,-32.865136,-31.893317,-30.919926,-29.944956,-28.968396,-27.990239,-27.010476,-26.029097,-25.046094,-24.061459,-23.075182,-22.087254,-21.097667,-20.138983,-19.266904,-18.585673,-18.100672,-17.712412,-17.438346,-17.330587,-17.413472,-17.594283,-17.749769,-17.826483,-17.926527,-17.975102,-17.97583,-17.989507,-18.133609,-18.310708,-18.454778],"drift":[0.83196658,0.8319754,0.83199299,0.83201936,0.83205452,0.83209845,0.83215115,0.83221264,0.8322829,0.83236195,0.83244977,0.83254637,0.83265174,0.8327659,0.83288883,0.83302054,0.83316103,0.8333103,0.83346835,0.83363517,0.83381077,0.83399516,0.83418831,0.83439025,0.83460097,0.83482046,0.83504873,0.83528578,0.83553161,0.83578622,0.8360496,0.83632177,0.83660271,0.83689243,0.83719092,0.8374982,0.83781425,0.83813909,0.8384727,0.83881508,0.83916625,0.8395262,0.83989492,0.84027242,0.8406587,0.84105376,0.84145759,0.84187021,0.8422916,0.84272177,0.84316072,0.84360845,0.84406495,0.84453024,0.8450043,0.84548714,0.84597876,0.84647915,0.84698833,0.84750628,0.84803301,0.84856852,0.84911281,0.84966587,0.85022772,0.85079834,0.85137774,0.85196592,0.85256287,0.85316861,0.85378312,0.85440641,0.85503848,0.85567933,0.85632895,0.85698736,0.85765454,0.8583305,0.85901524,0.85970876,0.86041105,0.86112213,0.86184198,0.86257061,0.86330801,0.8640542,0.86480916,0.86557291,0.86634543,0.86712673,0.8679168,0.86871566,0.86952329,0.8703397,0.87116489,0.87199886,0.87284161,0.87369313,0.87455344,0.87542252,0.87630038,0.87718701,0.87808243,0.87898662,0.87989959,0.88082134,0.88175187,0.88269118,0.88363926,0.88459613,0.88556177,0.88653619,0.88751938,0.88851136,0.88951211,0.89052165,0.89153996,0.89256705,0.89360291,0.89464756,0.89570098,0.89676318,0.89783416,0.89891392,0.90000246,0.90109977,0.90220586,0.90332073,0.90444438,0.90557681,0.90671801,0.907868,0.90902676,0.9101943,0.91137062,0.91255571,0.91374959,0.91495224,0.91616367,0.91738388,0.91861287,0.91985063,0.92109718,0.9223525,0.9236166,0.92488948,0.92617113,0.92746157,0.92876078,0.93006877,0.93138554,0.93271109,0.93404542,0.93538852,0.9367404,0.93810106,0.9394705,0.94084872,0.94223571,0.94363149,0.94503604,0.94644937,0.94787147,0.94930236,0.95074202,0.95219047,0.95364769,0.95511369,0.95658846,0.95807202,0.95956435,0.96106546,0.96257535,0.96409402,0.96562147,0.96715769,0.96870269,0.97025648,0.97181903,0.97339037,0.97497049,0.97655938,0.97815705,0.9797635,0.98137873,0.98300274,0.98463552,0.98627709,0.98792743,0.98958655,0.95868397,0.87207901,0.68123061,0.48500059,0.38826091,0.27406561,0.10775936,-0.08288559,-0.18081061,-0.15548633,-0.07671389,-0.10004359,-0.04857525,-0.00072786,-0.01367717,-0.14410246,-0.17709839,-0.14407,-0.14407],"instab":[null,null,null,null,null,null,null,null,null,null,null,null,null,null,null,null,null,null,null,null,null,null,null,null,null,null,null,null,null,null,null,null,null,null,null,null,null,null,null,null,null,null,null,null,null,null,null,null,null,null,null,null,null,null,null,null,null,null,null,null,null,null,null,null,null,null,null,null,null,null,null,null,null,null,null,null,null,null,null,null,null,null,null,null,null,null,null,null,null,null,null,null,null,null,null,null,null,null,null,null,null,null,null,null,null,null,null,null,null,null,null,null,null,null,null,null,null,null,null,null,null,null,null,null,null,null,null,null,null,null,null,null,null,null,null,null,null,null,null,null,null,null,null,null,null,null,null,null,null,null,null,null,null,null,null,null,null,null,null,null,null,null,null,null,null,null,null,null,null,null,null,null,null,null,null,null,null,null,null,null,null,null,null,null,null,null,null,null,null,null,null,null,null,10.068901,9.081216,8.387495,7.845357,7.398328,6.997065,6.651873,6.359549,6.156665,5.924874,5.727077,5.551272,5.412025,5.252016,5.10654,4.983815],