{"word":"titlebar","years":[1800,1801,1802,1803,1804,1805,1806,1807,1808,1809,1810,1811,1812,1813,1814,1815,1816,1817,1818,1819,1820,1821,1822,1823,1824,1825,1826,1827,1828,1829,1830,1831,1832,1833,1834,1835,1836,1837,1838,1839,1840,1841,1842,1843,1844,1845,1846,1847,1848,1849,1850,1851,1852,1853,1854,1855,1856,1857,1858,1859,1860,1861,1862,1863,1864,1865,1866,1867,1868,1869,1870,1871,1872,1873,1874,1875,1876,1877,1878,1879,1880,1881,1882,1883,1884,1885,1886,1887,1888,1889,1890,1891,1892,1893,1894,1895,1896,1897,1898,1899,1900,1901,1902,1903,1904,1905,1906,1907,1908,1909,1910,1911,1912,1913,1914,1915,1916,1917,1918,1919,1920,1921,1922,1923,1924,1925,1926,1927,1928,1929,1930,1931,1932,1933,1934,1935,1936,1937,1938,1939,1940,1941,1942,1943,1944,1945,1946,1947,1948,1949,1950,1951,1952,1953,1954,1955,1956,1957,1958,1959,1960,1961,1962,1963,1964,1965,1966,1967,1968,1969,1970,1971,1972,1973,1974,1975,1976,1977,1978,1979,1980,1981,1982,1983,1984,1985,1986,1987,1988,1989,1990,1991,1992,1993,1994,1995,1996,1997,1998,1999,2000,2001,2002,2003,2004,2005,2006,2007,2008],"level":[-90.076188,-89.717433,-89.358676,-88.999918,-88.641155,-88.282388,-87.923615,-87.564835,-87.206046,-86.847248,-86.48844,-86.129619,-85.770785,-85.411937,-85.053074,-84.694194,-84.335296,-83.97638,-83.617443,-83.258484,-82.899504,-82.540499,-82.181469,-81.822414,-81.463331,-81.104219,-80.745078,-80.385906,-80.026702,-79.667465,-79.308193,-78.948886,-78.589542,-78.230159,-77.870738,-77.511276,-77.151773,-76.792227,-76.432637,-76.073002,-75.713321,-75.353592,-74.993815,-74.633987,-74.274109,-73.914178,-73.554194,-73.194156,-72.834061,-72.47391,-72.1137,-71.753431,-71.393102,-71.032711,-70.672257,-70.311738,-69.951155,-69.590505,-69.229787,-68.869001,-68.508144,-68.147216,-67.786216,-67.425142,-67.063994,-66.702769,-66.341468,-65.980088,-65.618628,-65.257088,-64.895465,-64.53376,-64.17197,-63.810095,-63.448134,-63.086084,-62.723945,-62.361717,-61.999396,-61.636984,-61.274477,-60.911875,-60.549178,-60.186383,-59.823489,-59.460496,-59.097401,-58.734205,-58.370906,-58.007502,-57.643992,-57.280375,-56.916651,-56.552817,-56.188873,-55.824817,-55.460649,-55.096366,-54.731968,-54.367455,-54.002823,-53.638073,-53.273203,-52.908212,-52.543098,-52.177861,-51.8125,-51.447012,-51.081398,-50.715655,-50.349784,-49.983781,-49.617647,-49.251379,-48.884978,-48.518441,-48.151768,-47.784957,-47.418007,-47.050917,-46.683686,-46.316313,-45.948795,-45.581133,-45.213325,-44.84537,-44.477266,-44.109013,-43.740609,-43.372053,-43.003344,-42.634481,-42.265462,-41.896287,-41.526953,-41.157461,-40.787808,-40.417994,-40.048017,-39.677876,-39.307571,-38.937099,-38.566459,-38.195652,-37.824674,-37.453526,-37.082205,-36.710711,-36.339043,-35.967199,-35.595178,-35.222979,-34.850601,-34.478042,-34.105302,-33.732379,-33.359272,-32.985979,-32.612501,-32.238834,-31.86498,-31.490935,-31.116699,-30.74227,-30.367649,-29.992832,-29.61782,-29.242611,-28.867203,-28.491596,-28.115788,-27.739779,-27.363566,-26.98715,-26.610528,-26.233699,-25.856663,-25.479418,-25.101963,-24.724296,-24.346417,-23.968324,-23.590017,-23.211493,-22.832752,-22.453793,-22.074614,-21.853712,-21.630215,-18.226873,-17.512196,-18.398553,-18.29085,-16.822266,-16.921407,-18.104854,-18.252182,-18.412883,-17.808511,-17.629669,-17.942644,-18.2965,-17.228351,-17.188289,-17.384417,-17.67686,-18.603688,-18.59233,-18.595992],"drift":[0.35883452,0.35883571,0.35883809,0.35884165,0.35884641,0.35885235,0.35885947,0.35886779,0.35887729,0.35888798,0.35889985,0.35891291,0.35892716,0.3589426,0.35895922,0.35897703,0.35899603,0.35901621,0.35903758,0.35906014,0.35908389,0.35910882,0.35913494,0.35916225,0.35919074,0.35922042,0.35925129,0.35928334,0.35931658,0.35935101,0.35938663,0.35942343,0.35946142,0.35950059,0.35954096,0.35958251,0.35962525,0.35966917,0.35971428,0.35976058,0.35980807,0.35985674,0.3599066,0.35995765,0.36000988,0.3600633,0.36011791,0.3601737,0.36023068,0.36028885,0.36034821,0.36040875,0.36047048,0.3605334,0.3605975,0.36066279,0.36072927,0.36079694,0.36086579,0.36093583,0.36100706,0.36107947,0.36115307,0.36122786,0.36130383,0.36138099,0.36145934,0.36153887,0.3616196,0.36170151,0.3617846,0.36186889,0.36195436,0.36204101,0.36212886,0.36221789,0.36230811,0.36239951,0.36249211,0.36258589,0.36268085,0.36277701,0.36287435,0.36297287,0.36307259,0.36317349,0.36327558,0.36337886,0.36348332,0.36358897,0.36369581,0.36380383,0.36391304,0.36402344,0.36413502,0.36424779,0.36436175,0.3644769,0.36459323,0.36471075,0.36482946,0.36494935,0.36507044,0.3651927,0.36531616,0.3654408,0.36556663,0.36569365,0.36582185,0.36595124,0.36608182,0.36621358,0.36634653,0.36648067,0.366616,0.36675251,0.36689021,0.36702909,0.36716917,0.36731043,0.36745288,0.36759651,0.36774133,0.36788734,0.36803454,0.36818292,0.36833249,0.36848325,0.36863519,0.36878832,0.36894264,0.36909814,0.36925483,0.36941271,0.36957178,0.36973203,0.36989347,0.3700561,0.37021991,0.37038491,0.3705511,0.37071848,0.37088704,0.37105679,0.37122772,0.37139985,0.37157316,0.37174766,0.37192334,0.37210021,0.37227827,0.37245751,0.37263795,0.37281957,0.37300237,0.37318637,0.37337155,0.37355791,0.37374547,0.37393421,0.37412414,0.37431525,0.37450756,0.37470105,0.37489572,0.37509159,0.37528864,0.37548687,0.3756863,0.37588691,0.37608871,0.37629169,0.37649587,0.37670123,0.37690777,0.37711551,0.37732443,0.37753454,0.37774583,0.37795831,0.37817198,0.37838684,0.37860288,0.37882011,0.37903853,0.37925813,0.37947892,0.3820741,0.38704367,0.34684984,0.30114849,0.2732278,0.24778553,0.20406409,0.16488258,0.14588978,0.13128736,0.12105693,0.10358976,0.08499582,0.07236075,0.06610747,0.0448505,0.02366523,0.00577096,-0.00765812,-0.00732436,-0.00727033,-0.00727033],"instab":[null,null,null,null,null,null,null,null,null,null,null,null,null,null,null,null,null,null,null,null,null,null,null,null,null,null,null,null,null,null,null,null,null,null,null,null,null,null,null,null,null,null,null,null,null,null,null,null,null,null,null,null,null,null,null,null,null,null,null,null,null,null,null,null,null,null,null,null,null,null,null,null,null,null,null,null,null,null,null,null,null,null,null,null,null,null,null,null,null,null,null,null,null,null,null,null,null,null,null,null,null,null,null,null,null,null,null,null,null,null,null,null,null,null,null,null,null,null,null,null,null,null,null,null,null,null,null,null,null,null,null,null,null,null,null,null,null,null,null,null,null,null,null,null,null,null,null,null,null,null,null,null,null,null,null,null,null,null,null,null,null,null,null,null,null,null,null,null,null,null,null,null,null,null,null,null,null,null,null,null,null,null,null,null,null,null,null,null,null,null,null,10.194206,9.233508,8.59482,7.991648,7.481239,7.083923,6.745428,6.474298,6.220672,5.986102,5.776659,5.618722,5.449474,5.292159,5.147282,1.127319,1.098488,1.080165],