{"word":"tlahtoani","years":[1800,1801,1802,1803,1804,1805,1806,1807,1808,1809,1810,1811,1812,1813,1814,1815,1816,1817,1818,1819,1820,1821,1822,1823,1824,1825,1826,1827,1828,1829,1830,1831,1832,1833,1834,1835,1836,1837,1838,1839,1840,1841,1842,1843,1844,1845,1846,1847,1848,1849,1850,1851,1852,1853,1854,1855,1856,1857,1858,1859,1860,1861,1862,1863,1864,1865,1866,1867,1868,1869,1870,1871,1872,1873,1874,1875,1876,1877,1878,1879,1880,1881,1882,1883,1884,1885,1886,1887,1888,1889,1890,1891,1892,1893,1894,1895,1896,1897,1898,1899,1900,1901,1902,1903,1904,1905,1906,1907,1908,1909,1910,1911,1912,1913,1914,1915,1916,1917,1918,1919,1920,1921,1922,1923,1924,1925,1926,1927,1928,1929,1930,1931,1932,1933,1934,1935,1936,1937,1938,1939,1940,1941,1942,1943,1944,1945,1946,1947,1948,1949,1950,1951,1952,1953,1954,1955,1956,1957,1958,1959,1960,1961,1962,1963,1964,1965,1966,1967,1968,1969,1970,1971,1972,1973,1974,1975,1976,1977,1978,1979,1980,1981,1982,1983,1984,1985,1986,1987,1988,1989,1990,1991,1992,1993,1994,1995,1996,1997,1998,1999,2000,2001,2002,2003,2004,2005,2006,2007,2008],"level":[-36.45337,-36.365131,-36.276892,-36.188653,-36.100413,-36.012173,-35.923932,-35.835691,-35.747449,-35.659206,-35.570963,-35.482718,-35.394472,-35.306225,-35.217976,-35.129726,-35.041475,-34.953221,-34.864966,-34.77671,-34.688451,-34.60019,-34.511927,-34.423661,-34.335394,-34.247123,-34.15885,-34.070575,-33.982296,-33.894015,-33.805731,-33.717443,-33.629153,-33.540858,-33.452561,-33.36426,-33.275955,-33.187647,-33.099335,-33.011018,-32.922698,-32.834374,-32.746045,-32.657712,-32.569374,-32.481032,-32.392685,-32.304334,-32.215977,-32.127616,-32.039249,-31.950877,-31.8625,-31.774118,-31.68573,-31.597336,-31.508937,-31.420531,-31.33212,-31.243703,-31.155279,-31.06685,-30.978414,-30.889971,-30.801523,-30.713067,-30.624604,-30.536135,-30.447659,-30.359176,-30.270685,-30.182187,-30.093682,-30.005169,-29.916649,-29.828121,-29.739585,-29.651041,-29.56249,-29.47393,-29.385362,-29.296785,-29.2082,-29.119607,-29.031005,-28.942394,-28.853774,-28.765146,-28.676508,-28.587861,-28.499205,-28.41054,-28.321865,-28.23318,-28.144486,-28.055782,-27.967068,-27.878344,-27.78961,-27.700866,-27.612112,-27.523347,-27.434571,-27.345785,-27.256988,-27.168181,-27.079362,-26.990533,-26.901692,-26.81284,-26.723977,-26.635102,-26.546216,-26.457318,-26.368408,-26.279486,-26.190553,-26.101607,-26.012649,-25.923679,-25.834696,-25.745701,-25.656694,-25.567673,-25.47864,-25.389594,-25.300535,-25.211463,-25.122378,-25.033279,-24.944167,-24.855041,-24.765902,-24.676748,-24.587581,-24.498401,-24.409206,-24.319996,-24.230773,-24.141535,-24.052283,-23.963016,-23.873735,-23.784439,-23.695127,-23.605801,-23.51646,-23.427103,-23.337732,-23.248345,-23.158942,-23.069523,-22.980089,-22.89064,-22.801174,-22.711692,-22.622194,-22.53268,-22.443149,-22.353602,-22.264039,-22.174458,-22.084861,-21.995247,-21.905617,-21.815969,-21.726304,-21.636621,-21.546921,-21.457204,-21.367469,-21.277717,-21.187946,-21.098158,-21.008352,-20.918527,-20.828685,-20.738824,-20.648944,-20.559046,-20.46913,-20.379702,-20.291269,-20.20434,-20.121349,-20.046799,-19.984889,-19.936931,-19.900686,-19.87356,-19.85504,-19.847406,-19.851772,-19.870376,-19.904226,-19.952499,-20.014018,-20.08606,-20.165732,-20.252446,-20.345942,-20.448806,-20.562476,-20.686647,-20.82006,-20.961705,-21.110862,-21.263735,-21.418241],"drift":[0.08823905,0.08823915,0.08823936,0.08823967,0.08824009,0.08824061,0.08824124,0.08824196,0.0882428,0.08824373,0.08824478,0.08824592,0.08824717,0.08824853,0.08824998,0.08825155,0.08825321,0.08825498,0.08825686,0.08825884,0.08826092,0.08826311,0.0882654,0.08826779,0.08827029,0.08827289,0.0882756,0.08827841,0.08828133,0.08828435,0.08828747,0.0882907,0.08829403,0.08829747,0.08830101,0.08830466,0.0883084,0.08831226,0.08831621,0.08832028,0.08832444,0.08832871,0.08833308,0.08833756,0.08834214,0.08834683,0.08835162,0.08835651,0.08836151,0.08836661,0.08837182,0.08837713,0.08838255,0.08838807,0.08839369,0.08839942,0.08840525,0.08841118,0.08841722,0.08842337,0.08842961,0.08843597,0.08844242,0.08844898,0.08845565,0.08846241,0.08846929,0.08847626,0.08848335,0.08849053,0.08849782,0.08850521,0.08851271,0.08852031,0.08852802,0.08853583,0.08854374,0.08855176,0.08855988,0.08856811,0.08857644,0.08858487,0.08859341,0.08860205,0.0886108,0.08861965,0.08862861,0.08863767,0.08864683,0.0886561,0.08866547,0.08867494,0.08868452,0.08869421,0.088704,0.08871389,0.08872388,0.08873399,0.08874419,0.0887545,0.08876491,0.08877543,0.08878605,0.08879677,0.0888076,0.08881854,0.08882958,0.08884072,0.08885196,0.08886331,0.08887477,0.08888633,0.08889799,0.08890975,0.08892163,0.0889336,0.08894568,0.08895786,0.08897015,0.08898254,0.08899504,0.08900764,0.08902034,0.08903315,0.08904606,0.08905908,0.0890722,0.08908542,0.08909875,0.08911218,0.08912572,0.08913936,0.0891531,0.08916695,0.08918091,0.08919496,0.08920912,0.08922339,0.08923776,0.08925223,0.08926681,0.08928149,0.08929628,0.08931117,0.08932617,0.08934126,0.08935647,0.08937177,0.08938718,0.0894027,0.08941832,0.08943404,0.08944987,0.0894658,0.08948184,0.08949798,0.08951422,0.08953057,0.08954702,0.08956358,0.08958024,0.089597,0.08961387,0.08963084,0.08964792,0.0896651,0.08968239,0.08969978,0.08971727,0.08973487,0.08975257,0.08977038,0.08978829,0.0898063,0.08982442,0.08984264,0.08986097,0.0898794,0.08989793,0.08991657,0.08942802,0.08843227,0.08692934,0.08299091,0.07454923,0.0619102,0.04795807,0.03624515,0.02712591,0.0185203,0.00763381,-0.00436615,-0.01860402,-0.03384977,-0.04827353,-0.06151837,-0.07204186,-0.07967241,-0.08671416,-0.09349573,-0.10286462,-0.11366979,-0.12417047,-0.1334128,-0.14164536,-0.14915686,-0.15287269,-0.15450624,-0.15450624],"instab":[null,null,null,null,null,null,null,null,null,null,null,null,null,null,null,null,null,null,null,null,null,null,null,null,null,null,null,null,null,null,null,null,null,null,null,null,null,null,null,null,null,null,null,null,null,null,null,null,null,null,null,null,null,null,null,null,null,null,null,null,null,null,null,null,null,null,null,null,null,null,null,null,null,null,null,null,null,null,null,null,null,null,null,null,null,null,null,null,null,null,null,null,null,null,null,null,null,null,null,null,null,null,null,null,null,null,null,null,null,null,null,null,null,null,null,null,null,null,null,null,null,null,null,null,null,null,null,null,null,null,null,null,null,null,null,null,null,null,null,null,null,null,null,null,null,null,null,null,null,null,null,null,null,null,null,null,null,null,null,null,null,null,null,null,null,null,null,null,null,null,null,null,null,null,null,null,null,null,null,null,null,null,null,null,null,10.099113,9.259748,8.453052,7.84394,7.341129,7.021597,6.667963,6.423379,6.205554,5.96866,5.77341,5.578441,5.415478,5.257014,2.025879,2.007286,1.992969,1.995316,1.997762,1.902006,1.804125,1.774883,1.739919,1.598568],