{"word":"tobacco","years":[1800,1801,1802,1803,1804,1805,1806,1807,1808,1809,1810,1811,1812,1813,1814,1815,1816,1817,1818,1819,1820,1821,1822,1823,1824,1825,1826,1827,1828,1829,1830,1831,1832,1833,1834,1835,1836,1837,1838,1839,1840,1841,1842,1843,1844,1845,1846,1847,1848,1849,1850,1851,1852,1853,1854,1855,1856,1857,1858,1859,1860,1861,1862,1863,1864,1865,1866,1867,1868,1869,1870,1871,1872,1873,1874,1875,1876,1877,1878,1879,1880,1881,1882,1883,1884,1885,1886,1887,1888,1889,1890,1891,1892,1893,1894,1895,1896,1897,1898,1899,1900,1901,1902,1903,1904,1905,1906,1907,1908,1909,1910,1911,1912,1913,1914,1915,1916,1917,1918,1919,1920,1921,1922,1923,1924,1925,1926,1927,1928,1929,1930,1931,1932,1933,1934,1935,1936,1937,1938,1939,1940,1941,1942,1943,1944,1945,1946,1947,1948,1949,1950,1951,1952,1953,1954,1955,1956,1957,1958,1959,1960,1961,1962,1963,1964,1965,1966,1967,1968,1969,1970,1971,1972,1973,1974,1975,1976,1977,1978,1979,1980,1981,1982,1983,1984,1985,1986,1987,1988,1989,1990,1991,1992,1993,1994,1995,1996,1997,1998,1999,2000,2001,2002,2003,2004,2005,2006,2007,2008,2009,2010,2011,2012,2013,2014,2015,2016,2017,2018,2019],"level":[-10.46517,-10.589629,-10.677982,-10.688743,-10.766399,-10.837453,-10.867962,-10.934643,-10.881262,-10.833779,-10.843625,-10.829588,-10.937878,-11.04783,-11.04664,-11.025614,-10.9504,-10.85593,-10.734903,-10.544506,-10.619118,-10.600072,-10.624949,-10.666499,-10.875275,-11.010883,-11.087157,-11.112706,-11.112587,-11.087252,-11.101436,-11.143774,-11.141603,-11.104699,-11.097364,-11.122696,-11.089253,-11.026824,-10.995635,-10.946179,-10.8374,-10.80555,-10.781791,-10.762082,-10.778272,-10.825423,-10.855609,-10.872682,-10.898649,-10.92364,-10.953676,-10.924847,-10.902727,-10.880277,-10.886622,-10.860696,-10.866372,-10.852214,-10.813571,-10.800529,-10.780968,-10.76393,-10.704534,-10.685306,-10.685686,-10.685667,-10.693644,-10.696177,-10.654541,-10.678805,-10.7096,-10.719047,-10.686886,-10.693944,-10.707044,-10.697757,-10.723869,-10.734882,-10.686645,-10.655967,-10.636313,-10.609174,-10.5203,-10.511818,-10.600617,-10.668501,-10.732835,-10.771513,-10.773579,-10.806203,-10.851033,-10.870272,-10.887179,-10.886345,-10.867314,-10.849057,-10.846857,-10.817401,-10.781468,-10.78407,-10.793158,-10.815216,-10.830631,-10.860289,-10.860049,-10.842293,-10.82268,-10.80317,-10.798308,-10.81361,-10.871533,-10.890015,-10.92076,-10.952973,-10.966324,-10.973247,-10.982975,-10.971734,-10.948696,-10.902716,-10.868719,-10.823879,-10.754384,-10.66786,-10.598331,-10.57678,-10.547855,-10.512884,-10.485672,-10.455872,-10.455569,-10.472454,-10.460321,-10.440158,-10.415238,-10.422361,-10.459637,-10.460668,-10.455358,-10.47864,-10.524116,-10.572066,-10.643002,-10.721107,-10.787114,-10.829934,-10.862302,-10.874459,-10.878199,-10.876423,-10.900791,-10.911806,-10.924156,-10.92659,-10.924918,-10.924044,-10.927994,-10.933003,-10.975255,-10.999443,-11.015221,-11.018455,-11.054394,-11.052196,-11.023237,-10.9929,-11.027904,-11.041459,-11.063779,-11.086082,-11.127078,-11.141156,-11.15409,-11.1975,-11.239776,-11.265518,-11.257025,-11.270546,-11.269249,-11.27625,-11.29679,-11.301309,-11.319007,-11.369806,-11.391845,-11.377501,-11.351398,-11.32784,-11.325825,-11.312611,-11.28911,-11.286748,-11.288509,-11.258102,-11.218387,-11.1818,-11.14975,-11.104234,-11.061122,-11.093772,-11.136489,-11.186475,-11.225968,-11.234867,-11.23765,-11.267275,-11.292924,-11.297832,-11.289788,-11.303151,-11.339688,-11.351364,-11.359328,-11.384592,-11.402966,-11.417696,-11.427079,-11.451674,-11.450682,-11.460078],"drift":[-0.00454298,-0.00454298,-0.00454298,-0.00454298,-0.00454298,-0.00454298,-0.00454297,-0.00454297,-0.00454297,-0.00454297,-0.00454297,-0.00454297,-0.00454297,-0.00454296,-0.00454296,-0.00454296,-0.00454296,-0.00454296,-0.00454296,-0.00454296,-0.00454296,-0.00454296,-0.00454296,-0.00454296,-0.00454296,-0.00454295,-0.00454295,-0.00454295,-0.00454295,-0.00454295,-0.00454295,-0.00454294,-0.00454294,-0.00454294,-0.00454294,-0.00454294,-0.00454293,-0.00454293,-0.00454293,-0.00454293,-0.00454293,-0.00454293,-0.00454293,-0.00454293,-0.00454293,-0.00454293,-0.00454293,-0.00454293,-0.00454293,-0.00454292,-0.00454292,-0.00454292,-0.00454292,-0.00454292,-0.00454292,-0.00454292,-0.00454292,-0.00454292,-0.00454292,-0.00454292,-0.00454292,-0.00454292,-0.00454292,-0.00454292,-0.00454292,-0.00454292,-0.00454292,-0.00454292,-0.00454292,-0.00454292,-0.00454292,-0.00454292,-0.00454292,-0.00454292,-0.00454292,-0.00454292,-0.00454292,-0.00454292,-0.00454292,-0.00454292,-0.00454293,-0.00454293,-0.00454293,-0.00454293,-0.00454293,-0.00454293,-0.00454293,-0.00454293,-0.00454293,-0.00454293,-0.00454293,-0.00454293,-0.00454293,-0.00454293,-0.00454293,-0.00454293,-0.00454293,-0.00454293,-0.00454293,-0.00454293,-0.00454293,-0.00454293,-0.00454293,-0.00454293,-0.00454293,-0.00454294,-0.00454294,-0.00454294,-0.00454294,-0.00454294,-0.00454294,-0.00454294,-0.00454294,-0.00454294,-0.00454294,-0.00454294,-0.00454294,-0.00454294,-0.00454294,-0.00454294,-0.00454294,-0.00454294,-0.00454294,-0.00454294,-0.00454294,-0.00454295,-0.00454295,-0.00454295,-0.00454295,-0.00454295,-0.00454296,-0.00454296,-0.00454296,-0.00454296,-0.00454296,-0.00454297,-0.00454297,-0.00454297,-0.00454297,-0.00454298,-0.00454298,-0.00454298,-0.00454298,-0.00454298,-0.00454298,-0.00454298,-0.00454299,-0.00454299,-0.00454299,-0.00454299,-0.00454299,-0.00454299,-0.00454299,-0.00454299,-0.00454299,-0.00454299,-0.00454299,-0.004543,-0.004543,-0.004543,-0.004543,-0.004543,-0.004543,-0.004543,-0.004543,-0.004543,-0.004543,-0.004543,-0.004543,-0.004543,-0.004543,-0.004543,-0.004543,-0.004543,-0.004543,-0.004543,-0.004543,-0.004543,-0.004543,-0.004543,-0.004543,-0.004543,-0.004543,-0.004543,-0.004543,-0.004543,-0.004543,-0.004543,-0.004543,-0.004543,-0.004543,-0.004543,-0.004543,-0.004543,-0.004543,-0.004543,-0.00454301,-0.00454301,-0.00454301,-0.00454301,-0.00454301,-0.00454301,-0.00454301,-0.00454301,-0.00454301,-0.00454301,-0.00454301,-0.00454301,-0.00454301,-0.00454301,-0.00454301,-0.00454301,-0.00454301,-0.00454301,-0.00454301,-0.00454301,-0.00454302,-0.00454302,-0.00454302,-0.00454302],