{"word":"toileted","years":[1800,1801,1802,1803,1804,1805,1806,1807,1808,1809,1810,1811,1812,1813,1814,1815,1816,1817,1818,1819,1820,1821,1822,1823,1824,1825,1826,1827,1828,1829,1830,1831,1832,1833,1834,1835,1836,1837,1838,1839,1840,1841,1842,1843,1844,1845,1846,1847,1848,1849,1850,1851,1852,1853,1854,1855,1856,1857,1858,1859,1860,1861,1862,1863,1864,1865,1866,1867,1868,1869,1870,1871,1872,1873,1874,1875,1876,1877,1878,1879,1880,1881,1882,1883,1884,1885,1886,1887,1888,1889,1890,1891,1892,1893,1894,1895,1896,1897,1898,1899,1900,1901,1902,1903,1904,1905,1906,1907,1908,1909,1910,1911,1912,1913,1914,1915,1916,1917,1918,1919,1920,1921,1922,1923,1924,1925,1926,1927,1928,1929,1930,1931,1932,1933,1934,1935,1936,1937,1938,1939,1940,1941,1942,1943,1944,1945,1946,1947,1948,1949,1950,1951,1952,1953,1954,1955,1956,1957,1958,1959,1960,1961,1962,1963,1964,1965,1966,1967,1968,1969,1970,1971,1972,1973,1974,1975,1976,1977,1978,1979,1980,1981,1982,1983,1984,1985,1986,1987,1988,1989,1990,1991,1992,1993,1994,1995,1996,1997,1998,1999,2000,2001,2002,2003,2004,2005,2006,2007,2008],"level":[-17.92518,-17.961259,-17.999151,-18.037027,-18.07487,-18.112666,-18.150397,-18.188047,-18.2256,-18.263041,-18.300353,-18.33752,-18.374526,-18.411354,-18.44799,-18.484415,-18.520616,-18.556574,-18.592275,-18.627701,-18.662838,-18.697669,-18.732177,-18.766347,-18.800163,-18.833608,-18.866666,-18.899321,-18.931558,-18.963359,-18.99471,-19.025593,-19.055993,-19.085893,-19.115278,-19.14413,-19.172436,-19.200177,-19.227338,-19.253903,-19.279003,-19.302636,-19.325335,-19.347414,-19.368572,-19.389117,-19.409052,-19.428383,-19.447112,-19.465246,-19.482788,-19.499743,-19.515189,-19.530064,-19.544383,-19.556313,-19.567728,-19.577141,-19.58926,-19.600949,-19.611349,-19.621357,-19.630994,-19.640283,-19.649247,-19.658087,-19.666644,-19.674705,-19.682526,-19.690131,-19.697543,-19.704783,-19.711718,-19.718529,-19.724952,-19.731303,-19.737607,-19.743002,-19.750007,-19.757048,-19.763504,-19.770043,-19.781326,-19.792702,-19.804158,-19.817833,-19.829916,-19.846365,-19.86159,-19.876718,-19.893297,-19.90967,-19.925775,-19.942415,-19.959704,-19.976514,-19.992764,-20.006619,-20.018166,-20.028961,-20.039017,-20.049512,-20.059055,-20.065141,-20.067924,-20.066909,-20.064871,-20.061816,-20.06009,-20.054495,-20.047885,-20.040271,-20.031662,-20.022071,-20.011085,-19.999141,-19.986253,-19.974096,-19.962583,-19.950675,-19.93548,-19.915991,-19.895162,-19.873436,-19.850849,-19.827434,-19.802821,-19.777453,-19.753071,-19.724442,-19.698599,-19.672143,-19.641277,-19.60988,-19.582651,-19.553668,-19.522385,-19.490109,-19.455036,-19.416962,-19.373457,-19.327126,-19.279895,-19.231889,-19.2005,-19.165408,-19.128308,-19.100969,-19.075826,-19.046184,-19.026958,-19.004144,-18.990193,-18.970926,-18.952082,-18.93587,-18.924217,-18.91082,-18.8975,-18.885631,-18.875235,-18.865635,-18.856886,-18.84725,-18.832222,-18.817222,-18.804407,-18.794192,-18.779438,-18.759146,-18.741485,-18.725937,-18.714679,-18.705643,-18.699373,-18.700505,-18.704282,-18.707782,-18.713998,-18.719333,-18.725514,-18.73139,-18.737078,-18.7425,-18.74666,-18.74943,-18.751762,-18.754933,-18.759574,-18.763343,-18.76821,-18.772674,-18.77957,-18.78528,-18.792319,-18.799599,-18.804384,-18.809927,-18.81521,-18.821509,-18.828669,-18.835466,-18.841101,-18.84573,-18.850308,-18.854704,-18.858011,-18.860032,-18.863638],"drift":[-0.03607919,-0.03607919,-0.03606308,-0.03603085,-0.03598252,-0.03591806,-0.0358375,-0.03574083,-0.03562804,-0.03549914,-0.03535413,-0.03519301,-0.03501577,-0.03482242,-0.03461296,-0.03438738,-0.0341457,-0.0338879,-0.03361399,-0.03332397,-0.03301783,-0.03269559,-0.03235723,-0.03200276,-0.03163217,-0.03124547,-0.03084267,-0.03042374,-0.02998871,-0.02953756,-0.0290703,-0.02858694,-0.02808745,-0.02757186,-0.02704015,-0.02649233,-0.0259284,-0.02534835,-0.0247522,-0.02413993,-0.02351912,-0.0228973,-0.02227725,-0.02165896,-0.02104512,-0.02043572,-0.01983078,-0.01923028,-0.01863423,-0.01804263,-0.01745548,-0.01687277,-0.01630275,-0.01574542,-0.01520077,-0.01468519,-0.01419868,-0.0137547,-0.01332526,-0.01291036,-0.01251777,-0.0121475,-0.01179954,-0.01147389,-0.01117055,-0.01088793,-0.01062602,-0.01038691,-0.01017061,-0.00997711,-0.00980641,-0.00965852,-0.00953484,-0.00943537,-0.00936267,-0.00931675,-0.0092976,-0.00931313,-0.00934918,-0.00940574,-0.00948853,-0.00959753,-0.00969155,-0.0097706,-0.00983467,-0.00986461,-0.00987482,-0.00982661,-0.00973042,-0.00958625,-0.00937992,-0.00911143,-0.0087808,-0.0083803,-0.00790061,-0.00734175,-0.0067037,-0.00600209,-0.0052512,-0.00445103,-0.00360105,-0.00268979,-0.00171761,-0.00070661,0.00032285,0.00134615,0.00236331,0.00337432,0.00439998,0.00541501,0.00641943,0.00741322,0.00839639,0.00936894,0.01032711,0.01127091,0.01220034,0.01313016,0.01407436,0.0150378,0.01599985,0.01693089,0.01782727,0.01868901,0.0195161,0.02030854,0.02106272,0.02177863,0.0224714,0.02310944,0.02372319,0.02431265,0.02484386,0.02531683,0.02577279,0.02620022,0.02658248,0.02691413,0.02717326,0.0273355,0.02735403,0.02720389,0.02687573,0.02635977,0.02579911,0.02515585,0.02440643,0.02363095,0.02284202,0.02199266,0.02116788,0.02032848,0.01954576,0.01876552,0.01798457,0.01721939,0.01650368,0.01581558,0.01514967,0.01451291,0.01391274,0.01335091,0.01282998,0.01233744,0.01182099,0.01127628,0.0107179,0.01016398,0.00956927,0.00887925,0.00811117,0.00727699,0.00640743,0.00551451,0.00461487,0.00376631,0.0029848,0.00226093,0.0016124,0.00102563,0.0005029,3.688e-05,-0.00037827,-0.00074858,-0.00108857,-0.00141362,-0.0017305,-0.00203459,-0.0023155,-0.00258349,-0.00283118,-0.00306437,-0.0032635,-0.00344088,-0.00358629,-0.00369886,-0.00380178,-0.00388922,-0.00396427,-0.00401857,-0.00404496,-0.00404688,-0.00403468,-0.00401721,-0.00399475,-0.00396872,-0.00394858,-0.00394556,-0.00394556],"instab":[null,null,null,null,null,null,null,null,null,null,null,null,null,null,null,null,null,null,null,null,null,null,null,null,null,null,null,null,null,null,null,null,null,null,null,null,null,null,null,null,null,null,null,null,null,null,null,null,null,null,null,148.444333,148.444333,148.444333,135.520435,135.520435,125.465443,117.311425,117.311425,0.368932,0.388618,0.42269,0.42269,0.467667,0.418949,0.418949,0.384431,0.384431,0.384431,0.384431,0.384431,0.382206,0.382206,0.356576,0.365218,0.365218,0.375234,0.187158,0.187158,0.197722,0.197722,0.366599,0.366599,0.366599,0.366537,0.453263,0.492777,0.533166,0.533166,0.506565,0.506565,0.533826,0.514524,0.519285,0.519285,0.519285,0.578351,0.582377,0.582377,0.582692,0.5591,0.436075,0.441543,0.433504,0.416804,0.421604,0.306192,0.412989,0.403958,0.409943,0.409943,0.409943,0.428023,0.450995,0.450995,0.450995,0.499585,0.509372,0.489926,0.505529,0.524334,0.528774,0.518089,0.516293,0.50365,0.47714,0.47714,0.478267,0.481521,0.538753,0.538753,0.56638,0.56638,0.66515,0.645808,0.631762,0.614055,0.613417,0.619968,0.646055,0.626074,0.6295,0.609905,1.137821,1.139966,1.151617,1.204931,1.200824,1.241436,1.30055,1.310273,1.329234,1.369188,1.347227,1.345434,1.344861,1.365961,1.367489,1.364297,1.347606,1.349363,1.352115,1.361902,1.067345,1.052697,1.053642,0.926892,0.952865,0.956073,0.816321,0.800986,0.722631,0.649108,0.656584,0.720164,0.703183,0.692309,0.690207,0.705151,0.706123,0.711369,0.714604,0.711049,0.64953,0.657767,0.650497,0.640712,0.592533,0.527312,0.505928,0.494996,0.461038,0.458382,0.450051,0.305041,0.314267,0.313379,0.304386,0.295847,0.302166,0.293524,0.29053,0.286546,0.27073,0.253684,0.252649,0.252824,0.271397,0.266401],