{"word":"tolkas","years":[1800,1801,1802,1803,1804,1805,1806,1807,1808,1809,1810,1811,1812,1813,1814,1815,1816,1817,1818,1819,1820,1821,1822,1823,1824,1825,1826,1827,1828,1829,1830,1831,1832,1833,1834,1835,1836,1837,1838,1839,1840,1841,1842,1843,1844,1845,1846,1847,1848,1849,1850,1851,1852,1853,1854,1855,1856,1857,1858,1859,1860,1861,1862,1863,1864,1865,1866,1867,1868,1869,1870,1871,1872,1873,1874,1875,1876,1877,1878,1879,1880,1881,1882,1883,1884,1885,1886,1887,1888,1889,1890,1891,1892,1893,1894,1895,1896,1897,1898,1899,1900,1901,1902,1903,1904,1905,1906,1907,1908,1909,1910,1911,1912,1913,1914,1915,1916,1917,1918,1919,1920,1921,1922,1923,1924,1925,1926,1927,1928,1929,1930,1931,1932,1933,1934,1935,1936,1937,1938,1939,1940,1941,1942,1943,1944,1945,1946,1947,1948,1949,1950,1951,1952,1953,1954,1955,1956,1957,1958,1959,1960,1961,1962,1963,1964,1965,1966,1967,1968,1969,1970,1971,1972,1973,1974,1975,1976,1977,1978,1979,1980,1981,1982,1983,1984,1985,1986,1987,1988,1989,1990,1991,1992,1993,1994,1995,1996,1997,1998,1999,2000,2001,2002,2003,2004,2005,2006,2007,2008],"level":[-18.0773,-18.099733,-18.122166,-18.144599,-18.167032,-18.189758,-18.212482,-18.235199,-18.257905,-18.280598,-18.303275,-18.325931,-18.348563,-18.371168,-18.393743,-18.416285,-18.438789,-18.461253,-18.483673,-18.506045,-18.528367,-18.550635,-18.572846,-18.594996,-18.617082,-18.639101,-18.661049,-18.682922,-18.704718,-18.726433,-18.748064,-18.769607,-18.791059,-18.812417,-18.833677,-18.854835,-18.875889,-18.896835,-18.91767,-18.938391,-18.958993,-18.979474,-18.99983,-19.020057,-19.040154,-19.060115,-19.079938,-19.09962,-19.119157,-19.138545,-19.157781,-19.176863,-19.195785,-19.214546,-19.233142,-19.251569,-19.269824,-19.287904,-19.305805,-19.323524,-19.341057,-19.358402,-19.375554,-19.392511,-19.409269,-19.425825,-19.442175,-19.458315,-19.474244,-19.489956,-19.505449,-19.52072,-19.535765,-19.55058,-19.565163,-19.57951,-19.593617,-19.607482,-19.6211,-19.634469,-19.647585,-19.660444,-19.673044,-19.685381,-19.697452,-19.709252,-19.72078,-19.732031,-19.743002,-19.75369,-19.764092,-19.774203,-19.784021,-19.793542,-19.802763,-19.81168,-19.820291,-19.828592,-19.836578,-19.844248,-19.851598,-19.858624,-19.865322,-19.87169,-19.877725,-19.883422,-19.888778,-19.893791,-19.898456,-19.902771,-19.90451,-19.905918,-19.908962,-19.911695,-19.914119,-19.916231,-19.918033,-19.919524,-19.920704,-19.927523,-19.933962,-19.939953,-19.945427,-19.950315,-19.9472,-19.949373,-19.951366,-19.952611,-19.95305,-19.944563,-19.943667,-19.941879,-19.939138,-19.935381,-19.933672,-19.930787,-19.918924,-19.897377,-19.874634,-19.853262,-19.820906,-19.804787,-19.786565,-19.759108,-19.730822,-19.696315,-19.653333,-19.597713,-19.552065,-19.508692,-19.482507,-19.449885,-19.410852,-19.360027,-19.31938,-19.30001,-19.29116,-19.298825,-19.306611,-19.317642,-19.304507,-19.277469,-19.252202,-19.205121,-19.169447,-19.138273,-19.120408,-19.105257,-19.094294,-19.08031,-19.064465,-19.061151,-19.066502,-19.074572,-19.081977,-19.106135,-19.138955,-19.184771,-19.248643,-19.325517,-19.394524,-19.474612,-19.554756,-19.64253,-19.7115,-19.768134,-19.815237,-19.89241,-19.973216,-20.043039,-20.120322,-20.201627,-20.284035,-20.379791,-20.466925,-20.551809,-20.631204,-20.696431,-20.767653,-20.834687,-20.915651,-21.002624,-21.085956,-21.151527,-21.226452,-21.305511,-21.395314,-21.480267,-21.570034],"drift":[-0.02243277,-0.02243277,-0.02243277,-0.02243276,-0.02243276,-0.02242938,-0.02242263,-0.0224125,-0.02239901,-0.02238214,-0.0223619,-0.02233829,-0.02231131,-0.02228095,-0.02224723,-0.02221013,-0.02216966,-0.02212581,-0.0220786,-0.02202801,-0.02197405,-0.02191672,-0.02185601,-0.02179194,-0.02172449,-0.02165367,-0.02157947,-0.02150191,-0.02142097,-0.02133666,-0.02124898,-0.02115793,-0.02106351,-0.02096571,-0.02086454,-0.02076,-0.02065208,-0.0205408,-0.02042614,-0.02030811,-0.02018671,-0.02006194,-0.01993379,-0.01980227,-0.01966738,-0.01952912,-0.01938748,-0.01924248,-0.0190941,-0.01894235,-0.01878723,-0.01862873,-0.01846686,-0.01830163,-0.01813301,-0.01796103,-0.01778568,-0.01760695,-0.01742485,-0.01723938,-0.01705053,-0.01685832,-0.01666273,-0.01646377,-0.01626144,-0.01605573,-0.01584666,-0.01563421,-0.01541839,-0.0151992,-0.01497663,-0.01475069,-0.01452139,-0.01428871,-0.01405265,-0.01381323,-0.01357043,-0.01332426,-0.01307472,-0.01282181,-0.01256552,-0.01230586,-0.01204283,-0.01177643,-0.01150666,-0.01123351,-0.01095699,-0.0106771,-0.01039384,-0.01010721,-0.0098172,-0.00952382,-0.00922707,-0.00892695,-0.00862345,-0.00831659,-0.00800635,-0.00769274,-0.00737575,-0.0070554,-0.00673167,-0.00640457,-0.0060741,-0.00574025,-0.00540304,-0.00506245,-0.00471849,-0.00437116,-0.00402045,-0.00366638,-0.00333439,-0.0030245,-0.00271439,-0.00240406,-0.00209351,-0.00178273,-0.00147174,-0.00116053,-0.0008491,-0.00046922,-2.088e-05,0.00049591,0.00108115,0.00173484,0.0023727,0.00306268,0.00381063,0.00461656,0.00548044,0.00630987,0.00720137,0.00815494,0.00917058,0.0102483,0.01142393,0.01269747,0.01398058,0.01517694,0.01628654,0.01733782,0.01821691,0.01912005,0.02003348,0.02086179,0.02160498,0.02220023,0.02255719,0.02253505,0.02224789,0.0217185,0.02113789,0.0204256,0.01949996,0.01821513,0.0166731,0.01510015,0.01359886,0.01234139,0.01131469,0.01054423,0.00974405,0.00874558,0.00755767,0.00591657,0.00393427,0.00163963,-0.00084105,-0.00350511,-0.00633506,-0.00939799,-0.01275036,-0.01628693,-0.01994889,-0.02374706,-0.02773261,-0.03175915,-0.03577353,-0.03967275,-0.04329451,-0.04653124,-0.04951024,-0.05213864,-0.05444592,-0.05637106,-0.05815173,-0.0599498,-0.06189518,-0.06366537,-0.06523903,-0.06676013,-0.06816057,-0.06941029,-0.07051098,-0.07132219,-0.07195211,-0.07243375,-0.07283557,-0.07332463,-0.07383779,-0.07442897,-0.07494522,-0.07532356,-0.07561007,-0.07601168,-0.07642576,-0.07680964,-0.07704454,-0.07718876,-0.07718876],"instab":[null,null,null,null,null,null,null,null,null,null,null,null,null,null,null,null,null,null,null,null,null,null,null,null,null,null,null,null,null,null,null,null,null,null,null,null,null,null,null,null,null,null,null,null,null,null,null,null,null,null,null,null,null,null,null,null,null,null,null,null,null,null,null,null,null,null,null,null,null,null,null,null,null,null,null,null,null,null,null,null,null,null,null,null,null,null,null,null,null,null,null,null,null,null,null,null,null,null,null,null,null,null,null,null,null,null,null,null,null,null,null,null,null,null,null,null,null,null,null,null,null,null,null,null,199.563564,182.190192,182.190192,182.190192,168.720705,0.581347,0.581347,0.630619,0.630619,0.577593,0.577593,0.591979,0.574546,0.574546,0.575594,0.559484,0.726093,0.69321,0.683222,0.675186,0.659091,0.663866,0.64811,0.709883,0.692988,0.759503,0.75146,0.737703,0.739267,0.771914,0.824497,0.803198,0.793991,0.795674,0.80231,0.961166,0.932654,0.933897,0.986732,0.994982,0.998346,1.015785,1.007136,0.973225,0.975172,0.91993,0.929494,0.926484,0.913207,0.894209,0.836804,0.826818,0.805354,0.808245,0.80667,0.734267,0.691549,0.720359,0.640027,0.753843,0.788412,0.753005,0.905845,0.902938,0.932653,0.938231,0.911442,0.901698,0.921583,0.940324,0.905587,0.90309,0.904545,0.902697,0.897638,0.91572,0.922715,0.915012,0.945866,0.883349,0.850399,0.84856,0.702794,0.708115,0.693],