{"word":"tongxianghui","years":[1800,1801,1802,1803,1804,1805,1806,1807,1808,1809,1810,1811,1812,1813,1814,1815,1816,1817,1818,1819,1820,1821,1822,1823,1824,1825,1826,1827,1828,1829,1830,1831,1832,1833,1834,1835,1836,1837,1838,1839,1840,1841,1842,1843,1844,1845,1846,1847,1848,1849,1850,1851,1852,1853,1854,1855,1856,1857,1858,1859,1860,1861,1862,1863,1864,1865,1866,1867,1868,1869,1870,1871,1872,1873,1874,1875,1876,1877,1878,1879,1880,1881,1882,1883,1884,1885,1886,1887,1888,1889,1890,1891,1892,1893,1894,1895,1896,1897,1898,1899,1900,1901,1902,1903,1904,1905,1906,1907,1908,1909,1910,1911,1912,1913,1914,1915,1916,1917,1918,1919,1920,1921,1922,1923,1924,1925,1926,1927,1928,1929,1930,1931,1932,1933,1934,1935,1936,1937,1938,1939,1940,1941,1942,1943,1944,1945,1946,1947,1948,1949,1950,1951,1952,1953,1954,1955,1956,1957,1958,1959,1960,1961,1962,1963,1964,1965,1966,1967,1968,1969,1970,1971,1972,1973,1974,1975,1976,1977,1978,1979,1980,1981,1982,1983,1984,1985,1986,1987,1988,1989,1990,1991,1992,1993,1994,1995,1996,1997,1998,1999,2000,2001,2002,2003,2004,2005,2006,2007,2008],"level":[-28.334611,-28.28903,-28.24345,-28.197869,-28.152288,-28.106707,-28.061127,-28.015546,-27.969965,-27.924384,-27.878804,-27.833223,-27.787642,-27.742062,-27.696481,-27.6509,-27.605319,-27.559739,-27.514158,-27.468577,-27.422996,-27.377416,-27.331835,-27.286254,-27.240673,-27.195093,-27.149512,-27.103931,-27.058351,-27.01277,-26.967189,-26.921608,-26.876028,-26.830447,-26.784866,-26.739285,-26.693705,-26.648124,-26.602543,-26.556962,-26.511382,-26.465801,-26.42022,-26.374639,-26.329059,-26.283478,-26.237897,-26.192316,-26.146736,-26.101155,-26.055574,-26.009993,-25.964413,-25.918832,-25.873251,-25.82767,-25.78209,-25.736509,-25.690928,-25.645347,-25.599767,-25.554186,-25.508605,-25.463024,-25.417443,-25.371863,-25.326282,-25.280701,-25.23512,-25.18954,-25.143959,-25.098378,-25.052797,-25.007216,-24.961636,-24.916055,-24.870474,-24.824893,-24.779313,-24.733732,-24.688151,-24.64257,-24.596989,-24.551409,-24.505828,-24.460247,-24.414666,-24.369085,-24.323505,-24.277924,-24.232343,-24.186762,-24.141181,-24.0956,-24.05002,-24.004439,-23.958858,-23.913277,-23.867696,-23.822116,-23.776535,-23.730954,-23.685373,-23.639792,-23.594211,-23.548631,-23.50305,-23.457469,-23.411888,-23.366307,-23.320726,-23.275145,-23.229565,-23.183984,-23.138403,-23.092822,-23.047241,-23.00166,-22.956079,-22.910499,-22.864918,-22.819337,-22.773756,-22.728175,-22.682594,-22.637013,-22.591432,-22.545852,-22.500271,-22.45469,-22.409109,-22.363528,-22.317947,-22.272366,-22.226785,-22.181204,-22.135623,-22.090042,-22.044462,-21.998881,-21.9533,-21.907719,-21.862138,-21.816557,-21.770976,-21.725395,-21.679814,-21.634233,-21.588652,-21.543071,-21.49749,-21.451909,-21.406328,-21.360747,-21.315166,-21.269585,-21.224005,-21.178424,-21.132843,-21.087262,-21.041681,-20.9961,-20.950519,-20.904938,-20.859357,-20.813776,-20.768195,-20.722614,-20.677033,-20.631452,-20.585871,-20.54029,-20.494708,-20.449127,-20.403546,-20.357965,-20.312384,-20.266803,-20.221222,-20.175641,-20.133374,-20.088682,-20.0415,-19.994694,-19.947887,-19.901081,-19.854275,-19.80747,-19.760665,-19.711218,-19.661886,-19.615388,-19.566368,-19.52004,-19.472738,-19.4225,-19.375459,-19.330081,-19.285153,-19.24269,-19.20114,-19.158431,-19.115476,-19.072967,-19.029893,-18.987377,-18.943901,-18.899449,-18.854595],"drift":[0.0455808,0.0455808,0.0455808,0.0455808,0.04558081,0.04558081,0.04558081,0.04558081,0.04558081,0.04558081,0.04558081,0.04558081,0.04558081,0.04558081,0.04558081,0.04558081,0.04558081,0.04558081,0.04558081,0.04558081,0.04558081,0.04558081,0.04558081,0.04558081,0.04558081,0.04558081,0.04558081,0.04558081,0.04558081,0.04558081,0.04558081,0.04558081,0.04558082,0.04558082,0.04558082,0.04558082,0.04558082,0.04558082,0.04558082,0.04558082,0.04558082,0.04558082,0.04558082,0.04558082,0.04558082,0.04558083,0.04558083,0.04558083,0.04558083,0.04558083,0.04558083,0.04558083,0.04558083,0.04558083,0.04558083,0.04558084,0.04558084,0.04558084,0.04558084,0.04558084,0.04558084,0.04558084,0.04558084,0.04558085,0.04558085,0.04558085,0.04558085,0.04558085,0.04558085,0.04558085,0.04558085,0.04558086,0.04558086,0.04558086,0.04558086,0.04558086,0.04558086,0.04558087,0.04558087,0.04558087,0.04558087,0.04558087,0.04558087,0.04558088,0.04558088,0.04558088,0.04558088,0.04558088,0.04558088,0.04558089,0.04558089,0.04558089,0.04558089,0.04558089,0.04558089,0.0455809,0.0455809,0.0455809,0.0455809,0.0455809,0.04558091,0.04558091,0.04558091,0.04558091,0.04558091,0.04558092,0.04558092,0.04558092,0.04558092,0.04558093,0.04558093,0.04558093,0.04558093,0.04558093,0.04558094,0.04558094,0.04558094,0.04558094,0.04558095,0.04558095,0.04558095,0.04558095,0.04558096,0.04558096,0.04558096,0.04558096,0.04558097,0.04558097,0.04558097,0.04558097,0.04558098,0.04558098,0.04558098,0.04558098,0.04558099,0.04558099,0.04558099,0.045581,0.045581,0.045581,0.045581,0.04558101,0.04558101,0.04558101,0.04558102,0.04558102,0.04558102,0.04558102,0.04558103,0.04558103,0.04558103,0.04558104,0.04558104,0.04558104,0.04558105,0.04558105,0.04558105,0.04558105,0.04558106,0.04558106,0.04558106,0.04558107,0.04558107,0.04558107,0.04558108,0.04558108,0.04558108,0.04558109,0.04558109,0.04558109,0.0455811,0.0455811,0.0455811,0.04558111,0.04558111,0.04558112,0.04558112,0.04558112,0.04558113,0.04558113,0.04558202,0.04558314,0.04558384,0.04558421,0.04558426,0.04558398,0.04558337,0.04558244,0.04558118,0.0455789,0.04557561,0.04557208,0.04556763,0.04556298,0.04555786,0.0455515,0.04554474,0.04553802,0.04553147,0.04552573,0.04552105,0.04551713,0.04551388,0.04551144,0.04550964,0.04550865,0.04550819,0.04550802,0.04550802],"instab":[null,null,null,null,null,null,null,null,null,null,null,null,null,null,null,null,null,null,null,null,null,null,null,null,null,null,null,null,null,null,null,null,null,null,null,null,null,null,null,null,null,null,null,null,null,null,null,null,null,null,null,null,null,null,null,null,null,null,null,null,null,null,null,null,null,null,null,null,null,null,null,null,null,null,null,null,null,null,null,null,null,null,null,null,null,null,null,null,null,null,null,null,null,null,null,null,null,null,null,null,null,null,null,null,null,null,null,null,null,null,null,null,null,null,null,null,null,null,null,null,null,null,null,null,null,null,null,null,null,null,null,null,null,null,null,null,null,null,null,null,null,null,null,null,null,null,null,null,null,null,null,null,null,null,null,null,null,null,null,null,null,null,null,null,null,null,null,null,null,null,null,null,null,null,null,null,null,null,null,null,null,null,null,null,null,null,null,null,9.386796,8.603154,8.038225,7.45448,7.059431,6.656911,6.33206,6.12057,5.87387,5.643734,5.454053,2.441346,2.165981,2.125827,1.867083,1.839883,1.784848,1.768756,1.745202,1.706138,1.585004],