{"word":"tongxiang","years":[1800,1801,1802,1803,1804,1805,1806,1807,1808,1809,1810,1811,1812,1813,1814,1815,1816,1817,1818,1819,1820,1821,1822,1823,1824,1825,1826,1827,1828,1829,1830,1831,1832,1833,1834,1835,1836,1837,1838,1839,1840,1841,1842,1843,1844,1845,1846,1847,1848,1849,1850,1851,1852,1853,1854,1855,1856,1857,1858,1859,1860,1861,1862,1863,1864,1865,1866,1867,1868,1869,1870,1871,1872,1873,1874,1875,1876,1877,1878,1879,1880,1881,1882,1883,1884,1885,1886,1887,1888,1889,1890,1891,1892,1893,1894,1895,1896,1897,1898,1899,1900,1901,1902,1903,1904,1905,1906,1907,1908,1909,1910,1911,1912,1913,1914,1915,1916,1917,1918,1919,1920,1921,1922,1923,1924,1925,1926,1927,1928,1929,1930,1931,1932,1933,1934,1935,1936,1937,1938,1939,1940,1941,1942,1943,1944,1945,1946,1947,1948,1949,1950,1951,1952,1953,1954,1955,1956,1957,1958,1959,1960,1961,1962,1963,1964,1965,1966,1967,1968,1969,1970,1971,1972,1973,1974,1975,1976,1977,1978,1979,1980,1981,1982,1983,1984,1985,1986,1987,1988,1989,1990,1991,1992,1993,1994,1995,1996,1997,1998,1999,2000,2001,2002,2003,2004,2005,2006,2007,2008],"level":[-29.307293,-29.257912,-29.208531,-29.15915,-29.109769,-29.060388,-29.011007,-28.961626,-28.912245,-28.862864,-28.813483,-28.764102,-28.714721,-28.66534,-28.615959,-28.566578,-28.517197,-28.467816,-28.418435,-28.369054,-28.319673,-28.270292,-28.220911,-28.17153,-28.122149,-28.072768,-28.023387,-27.974006,-27.924625,-27.875244,-27.825863,-27.776482,-27.727101,-27.67772,-27.628339,-27.578958,-27.529577,-27.480196,-27.430815,-27.381434,-27.332053,-27.282672,-27.233291,-27.18391,-27.134529,-27.085148,-27.035767,-26.986386,-26.937005,-26.887624,-26.838243,-26.788862,-26.739481,-26.6901,-26.640719,-26.591338,-26.541957,-26.492576,-26.443195,-26.393814,-26.344433,-26.295052,-26.245671,-26.19629,-26.146909,-26.097528,-26.048147,-25.998766,-25.949385,-25.900004,-25.850623,-25.801242,-25.751861,-25.70248,-25.653099,-25.603718,-25.554337,-25.504956,-25.455575,-25.406194,-25.356813,-25.307432,-25.258051,-25.20867,-25.159289,-25.109908,-25.060527,-25.011146,-24.961765,-24.912384,-24.863003,-24.813622,-24.764241,-24.71486,-24.665479,-24.616097,-24.566716,-24.517335,-24.467954,-24.418573,-24.369192,-24.319811,-24.27043,-24.221049,-24.171668,-24.122287,-24.072906,-24.023525,-23.974144,-23.924763,-23.875381,-23.826,-23.776619,-23.727238,-23.677857,-23.628476,-23.579095,-23.529714,-23.480333,-23.430952,-23.381571,-23.332189,-23.282808,-23.233427,-23.184046,-23.134665,-23.085284,-23.035903,-22.986522,-22.937141,-22.88776,-22.838378,-22.788997,-22.739616,-22.690235,-22.640854,-22.591473,-22.542092,-22.492711,-22.443329,-22.393948,-22.344567,-22.295186,-22.245805,-22.196424,-22.147042,-22.097661,-22.04828,-21.998899,-21.949518,-21.900137,-21.850756,-21.801374,-21.751993,-21.702612,-21.653231,-21.60385,-21.554468,-21.505087,-21.455706,-21.406325,-21.356944,-21.307563,-21.258181,-21.2088,-21.159419,-21.110038,-21.060657,-21.011275,-20.961894,-20.912513,-20.863132,-20.81375,-20.764369,-20.714988,-20.665607,-20.616226,-20.566844,-20.517463,-20.468082,-20.434412,-20.365164,-20.399933,-20.393911,-20.387887,-20.313276,-20.304618,-20.184434,-20.06425,-19.922505,-19.729829,-19.635154,-19.530602,-19.463688,-19.354515,-19.176024,-19.079367,-19.018999,-18.970404,-18.934599,-18.942424,-18.917511,-18.985884,-19.041932,-19.05235,-19.051613,-19.072685,-19.06619,-19.036165],"drift":[0.04938256,0.04938256,0.04938256,0.04938256,0.04938256,0.04938256,0.04938256,0.04938256,0.04938256,0.04938256,0.04938256,0.04938256,0.04938256,0.04938256,0.04938256,0.04938256,0.04938256,0.04938256,0.04938256,0.04938256,0.04938256,0.04938256,0.04938256,0.04938256,0.04938256,0.04938256,0.04938256,0.04938256,0.04938256,0.04938256,0.04938256,0.04938256,0.04938257,0.04938257,0.04938257,0.04938257,0.04938257,0.04938257,0.04938257,0.04938257,0.04938257,0.04938257,0.04938257,0.04938257,0.04938257,0.04938257,0.04938257,0.04938258,0.04938258,0.04938258,0.04938258,0.04938258,0.04938258,0.04938258,0.04938258,0.04938258,0.04938258,0.04938258,0.04938258,0.04938259,0.04938259,0.04938259,0.04938259,0.04938259,0.04938259,0.04938259,0.04938259,0.04938259,0.0493826,0.0493826,0.0493826,0.0493826,0.0493826,0.0493826,0.0493826,0.0493826,0.0493826,0.04938261,0.04938261,0.04938261,0.04938261,0.04938261,0.04938261,0.04938261,0.04938262,0.04938262,0.04938262,0.04938262,0.04938262,0.04938262,0.04938262,0.04938263,0.04938263,0.04938263,0.04938263,0.04938263,0.04938263,0.04938264,0.04938264,0.04938264,0.04938264,0.04938264,0.04938264,0.04938264,0.04938265,0.04938265,0.04938265,0.04938265,0.04938265,0.04938266,0.04938266,0.04938266,0.04938266,0.04938266,0.04938266,0.04938267,0.04938267,0.04938267,0.04938267,0.04938267,0.04938268,0.04938268,0.04938268,0.04938268,0.04938268,0.04938269,0.04938269,0.04938269,0.04938269,0.0493827,0.0493827,0.0493827,0.0493827,0.0493827,0.04938271,0.04938271,0.04938271,0.04938271,0.04938271,0.04938272,0.04938272,0.04938272,0.04938272,0.04938273,0.04938273,0.04938273,0.04938273,0.04938274,0.04938274,0.04938274,0.04938274,0.04938275,0.04938275,0.04938275,0.04938275,0.04938276,0.04938276,0.04938276,0.04938276,0.04938277,0.04938277,0.04938277,0.04938277,0.04938278,0.04938278,0.04938278,0.04938279,0.04938279,0.04938279,0.04938279,0.0493828,0.0493828,0.0493828,0.04938281,0.04938281,0.04938281,0.04938281,0.04938282,0.04938282,0.04938282,0.04938299,0.04938295,0.04938379,0.04938509,0.04938684,0.04938832,0.04939024,0.04939141,0.04939184,0.0493913,0.04938926,0.04938674,0.04938365,0.04938037,0.04937647,0.04937122,0.04936547,0.0493596,0.04935374,0.04934803,0.04934291,0.04933805,0.04933442,0.0493319,0.04933,0.04932861,0.04932796,0.04932776,0.04932776],"instab":[null,null,null,null,null,null,null,null,null,null,null,null,null,null,null,null,null,null,null,null,null,null,null,null,null,null,null,null,null,null,null,null,null,null,null,null,null,null,null,null,null,null,null,null,null,null,null,null,null,null,null,null,null,null,null,null,null,null,null,null,null,null,null,null,null,null,null,null,null,null,null,null,null,null,null,null,null,null,null,null,null,null,null,null,null,null,null,null,null,null,null,null,null,null,null,null,null,null,null,null,null,null,null,null,null,null,null,null,null,null,null,null,null,null,null,null,null,null,null,null,null,null,null,null,null,null,null,null,null,null,null,null,null,null,null,null,null,null,null,null,null,null,null,null,null,null,null,null,null,null,null,null,null,null,null,null,null,null,null,null,null,null,null,null,null,null,null,null,null,null,null,null,null,null,null,null,null,null,null,null,null,null,null,null,9.125996,8.579628,7.84899,7.84899,7.404407,6.986855,6.772455,6.44654,6.184922,5.924157,5.692924,5.548312,5.377168,5.211929,5.060668,1.513148,1.529029,1.389718,1.251597,1.273543,1.248188,1.153095,1.078447,1.062769,1.046988],