{"word":"tonogenesis","years":[1800,1801,1802,1803,1804,1805,1806,1807,1808,1809,1810,1811,1812,1813,1814,1815,1816,1817,1818,1819,1820,1821,1822,1823,1824,1825,1826,1827,1828,1829,1830,1831,1832,1833,1834,1835,1836,1837,1838,1839,1840,1841,1842,1843,1844,1845,1846,1847,1848,1849,1850,1851,1852,1853,1854,1855,1856,1857,1858,1859,1860,1861,1862,1863,1864,1865,1866,1867,1868,1869,1870,1871,1872,1873,1874,1875,1876,1877,1878,1879,1880,1881,1882,1883,1884,1885,1886,1887,1888,1889,1890,1891,1892,1893,1894,1895,1896,1897,1898,1899,1900,1901,1902,1903,1904,1905,1906,1907,1908,1909,1910,1911,1912,1913,1914,1915,1916,1917,1918,1919,1920,1921,1922,1923,1924,1925,1926,1927,1928,1929,1930,1931,1932,1933,1934,1935,1936,1937,1938,1939,1940,1941,1942,1943,1944,1945,1946,1947,1948,1949,1950,1951,1952,1953,1954,1955,1956,1957,1958,1959,1960,1961,1962,1963,1964,1965,1966,1967,1968,1969,1970,1971,1972,1973,1974,1975,1976,1977,1978,1979,1980,1981,1982,1983,1984,1985,1986,1987,1988,1989,1990,1991,1992,1993,1994,1995,1996,1997,1998,1999,2000,2001,2002,2003,2004,2005,2006,2007,2008],"level":[-17.336696,-17.347169,-17.357642,-17.368116,-17.378589,-17.389062,-17.399536,-17.410009,-17.420483,-17.430956,-17.441429,-17.451903,-17.462376,-17.472849,-17.483323,-17.493796,-17.504269,-17.514743,-17.525216,-17.535689,-17.546163,-17.556636,-17.567109,-17.577583,-17.588056,-17.598529,-17.609003,-17.619476,-17.62995,-17.640423,-17.650896,-17.66137,-17.671843,-17.682316,-17.69279,-17.703263,-17.713736,-17.72421,-17.734683,-17.745156,-17.75563,-17.766103,-17.776576,-17.78705,-17.797523,-17.807996,-17.825477,-17.842958,-17.860438,-17.877919,-17.8954,-17.91288,-17.930361,-17.947842,-17.965322,-17.982803,-18.000283,-18.017764,-18.035245,-18.052725,-18.070206,-18.087687,-18.105167,-18.122648,-18.140129,-18.157609,-18.17509,-18.19257,-18.210051,-18.227532,-18.245012,-18.262493,-18.279974,-18.297454,-18.314935,-18.332416,-18.349896,-18.367377,-18.384857,-18.402338,-18.419819,-18.437299,-18.45478,-18.472261,-18.489741,-18.507222,-18.524703,-18.542183,-18.559664,-18.577144,-18.594625,-18.612106,-18.629586,-18.647067,-18.664548,-18.682028,-18.699509,-18.716989,-18.73447,-18.751951,-18.769431,-18.786912,-18.804393,-18.821873,-18.839354,-18.856835,-18.874315,-18.891796,-18.909276,-18.926757,-18.944238,-18.961718,-18.979199,-18.99668,-19.01416,-19.031641,-19.049121,-19.066602,-19.084083,-19.101563,-19.119044,-19.136525,-19.154005,-19.171486,-19.188966,-19.206447,-19.223928,-19.241408,-19.258889,-19.27637,-19.29385,-19.311331,-19.328811,-19.346292,-19.363773,-19.381253,-19.398734,-19.416215,-19.433695,-19.451176,-19.468656,-19.486137,-19.503618,-19.521098,-19.538579,-19.556059,-19.57354,-19.591021,-19.608501,-19.625982,-19.643463,-19.660943,-19.678424,-19.695904,-19.713385,-19.730866,-19.748346,-19.765827,-19.783307,-19.800788,-19.818269,-19.835749,-19.85323,-19.87071,-19.888191,-19.905672,-19.923152,-19.940633,-19.958113,-19.975594,-19.993075,-20.010555,-20.028036,-20.045516,-20.062997,-20.033206,-20.012174,-19.938097,-19.84198,-19.833017,-19.826504,-19.765901,-19.659228,-19.552556,-19.468221,-19.350235,-19.279708,-19.29536,-19.283523,-19.26291,-19.252385,-19.245018,-19.238156,-19.272351,-19.374955,-19.480499,-19.560303,-19.597319,-19.54925,-19.535398,-19.434926,-19.410219,-19.432858,-19.42803,-19.426322,-19.418531,-19.434346,-19.470455,-19.515011],"drift":[-0.01047268,-0.01047268,-0.01047268,-0.01047268,-0.01047268,-0.01047268,-0.01047268,-0.01047268,-0.01047268,-0.01047268,-0.01047268,-0.01047268,-0.01047268,-0.01047268,-0.01047268,-0.01047268,-0.01047268,-0.01047268,-0.01047268,-0.01047268,-0.01047268,-0.01047268,-0.01047268,-0.01047268,-0.01047268,-0.01047268,-0.01047268,-0.01047268,-0.01047268,-0.01047268,-0.01047268,-0.01047268,-0.01047268,-0.01047268,-0.01047268,-0.01047268,-0.01047268,-0.01047268,-0.01047268,-0.01047268,-0.01047268,-0.01047268,-0.01047268,-0.01047268,-0.01047268,-0.01047268,-0.01047268,-0.01047268,-0.01047268,-0.01047268,-0.01047268,-0.01047268,-0.01047268,-0.01047268,-0.01047268,-0.01047268,-0.01047268,-0.01047268,-0.01047268,-0.01047268,-0.01047268,-0.01047268,-0.01047268,-0.01047268,-0.01047268,-0.01047268,-0.01047268,-0.01047268,-0.01047268,-0.01047268,-0.01047268,-0.01047268,-0.01047268,-0.01047268,-0.01047268,-0.01047268,-0.01047268,-0.01047268,-0.01047268,-0.01047268,-0.01047268,-0.01047268,-0.01047268,-0.01047268,-0.01047268,-0.01047268,-0.01047268,-0.01047268,-0.01047268,-0.01047268,-0.01047268,-0.01047268,-0.01047268,-0.01047268,-0.01047268,-0.01047268,-0.01047268,-0.01047268,-0.01047268,-0.01047268,-0.01047268,-0.01047268,-0.01047268,-0.01047267,-0.01047267,-0.01047267,-0.01047267,-0.01047267,-0.01047267,-0.01047267,-0.01047267,-0.01047267,-0.01047267,-0.01047267,-0.01047267,-0.01047267,-0.01047267,-0.01047267,-0.01047267,-0.01047267,-0.01047267,-0.01047267,-0.01047267,-0.01047267,-0.01047267,-0.01047267,-0.01047267,-0.01047267,-0.01047267,-0.01047267,-0.01047267,-0.01047267,-0.01047267,-0.01047267,-0.01047266,-0.01047266,-0.01047266,-0.01047266,-0.01047266,-0.01047266,-0.01047266,-0.01047266,-0.01047266,-0.01047266,-0.01047266,-0.01047266,-0.01047266,-0.01047266,-0.01047266,-0.01047266,-0.01047266,-0.01047266,-0.01047266,-0.01047266,-0.01047266,-0.01047266,-0.01047266,-0.01047265,-0.01047265,-0.01047265,-0.01047265,-0.01047265,-0.01047265,-0.01047265,-0.01047265,-0.01047265,-0.01047265,-0.01047265,-0.01047265,-0.01047265,-0.01047265,-0.01047265,-0.01047265,-0.01047265,-0.01047265,-0.01047264,-0.01047264,-0.01047264,-0.01047264,-0.01047264,-0.01047264,-0.01047264,-0.01047264,-0.01047264,-0.01047264,-0.01047264,-0.01047264,-0.01047264,-0.01047264,-0.01047264,-0.01047264,-0.01047264,-0.01047264,-0.01047264,-0.01047264,-0.01047264,-0.01047264,-0.01047264,-0.01047264,-0.01047264,-0.01047264,-0.01047264,-0.01047264,-0.01047264,-0.01047264,-0.01047264,-0.01047264,-0.01047264,-0.01047264],"instab":[null,null,null,null,null,null,null,null,null,null,null,null,null,null,null,null,null,null,null,null,null,null,null,null,null,null,null,null,null,null,null,null,null,null,null,null,null,null,null,null,null,null,null,null,null,null,null,null,null,null,null,null,null,null,null,null,null,null,null,null,null,null,null,null,null,null,null,null,null,null,null,null,null,null,null,null,null,null,null,null,null,null,null,null,null,null,null,null,null,null,null,null,null,null,null,null,null,null,null,null,null,null,null,null,null,null,null,null,null,null,null,null,null,null,null,null,null,null,null,null,null,null,null,null,null,null,null,null,null,null,null,null,null,null,null,null,null,null,null,null,null,null,null,null,null,null,null,null,null,null,null,null,null,null,null,null,null,null,null,null,null,null,null,null,null,null,null,null,null,null,null,null,null,null,null,null,null,null,20.93677,19.158715,17.835125,16.724677,16.724677,15.735526,14.942881,14.216694,13.579973,13.075112,12.610959,12.185561,11.803462,11.456173,11.128413,10.824517,0.848786,0.885961,0.921615,1.015052,0.911089,0.971232,1.030207,1.035881,1.023019,1.000839,1.000951,0.954927,0.861731,0.852874,0.871409],