{"word":"topboots","years":[1800,1801,1802,1803,1804,1805,1806,1807,1808,1809,1810,1811,1812,1813,1814,1815,1816,1817,1818,1819,1820,1821,1822,1823,1824,1825,1826,1827,1828,1829,1830,1831,1832,1833,1834,1835,1836,1837,1838,1839,1840,1841,1842,1843,1844,1845,1846,1847,1848,1849,1850,1851,1852,1853,1854,1855,1856,1857,1858,1859,1860,1861,1862,1863,1864,1865,1866,1867,1868,1869,1870,1871,1872,1873,1874,1875,1876,1877,1878,1879,1880,1881,1882,1883,1884,1885,1886,1887,1888,1889,1890,1891,1892,1893,1894,1895,1896,1897,1898,1899,1900,1901,1902,1903,1904,1905,1906,1907,1908,1909,1910,1911,1912,1913,1914,1915,1916,1917,1918,1919,1920,1921,1922,1923,1924,1925,1926,1927,1928,1929,1930,1931,1932,1933,1934,1935,1936,1937,1938,1939,1940,1941,1942,1943,1944,1945,1946,1947,1948,1949,1950,1951,1952,1953,1954,1955,1956,1957,1958,1959,1960,1961,1962,1963,1964,1965,1966,1967,1968,1969,1970,1971,1972,1973,1974,1975,1976,1977,1978,1979,1980,1981,1982,1983,1984,1985,1986,1987,1988,1989,1990,1991,1992,1993,1994,1995,1996,1997,1998,1999,2000,2001,2002,2003,2004,2005,2006,2007,2008],"level":[-18.414965,-18.410342,-18.416155,-18.421963,-18.42776,-18.43354,-18.439298,-18.445028,-18.450725,-18.456383,-18.461996,-18.467559,-18.473067,-18.478513,-18.483893,-18.489201,-18.49443,-18.499576,-18.504634,-18.502343,-18.514197,-18.525946,-18.53758,-18.533814,-18.529923,-18.506166,-18.460822,-18.415381,-18.369865,-18.350459,-18.307144,-18.260859,-18.214568,-18.173212,-18.142316,-18.115401,-18.092758,-18.086721,-18.099701,-18.109718,-18.11978,-18.103241,-18.116671,-18.130134,-18.102432,-18.099638,-18.09252,-18.117858,-18.145738,-18.175465,-18.195736,-18.211541,-18.179551,-18.124749,-18.080017,-18.059644,-18.038577,-18.009741,-17.980666,-17.97329,-17.954793,-17.892828,-17.824881,-17.793671,-17.780102,-17.800124,-17.829585,-17.840263,-17.80894,-17.787072,-17.758474,-17.72958,-17.701731,-17.685289,-17.643458,-17.592917,-17.557593,-17.531908,-17.504967,-17.477816,-17.461716,-17.454202,-17.458279,-17.465205,-17.47534,-17.475501,-17.471964,-17.478499,-17.469285,-17.45319,-17.438031,-17.406438,-17.376578,-17.341662,-17.314088,-17.302677,-17.297791,-17.293461,-17.289132,-17.283351,-17.284741,-17.30467,-17.338333,-17.374584,-17.402472,-17.428625,-17.450403,-17.476285,-17.518912,-17.549082,-17.58509,-17.629676,-17.666851,-17.695937,-17.715191,-17.737681,-17.763557,-17.779383,-17.807236,-17.81878,-17.82311,-17.85673,-17.870555,-17.854075,-17.822178,-17.810682,-17.821273,-17.827199,-17.827722,-17.8345,-17.850545,-17.862877,-17.870032,-17.867525,-17.886093,-17.910594,-17.923842,-17.949108,-17.975752,-18.015556,-18.066661,-18.117311,-18.146481,-18.179599,-18.199553,-18.193511,-18.187215,-18.183669,-18.186735,-18.204439,-18.238244,-18.281627,-18.312631,-18.336645,-18.364582,-18.388539,-18.391861,-18.407631,-18.440397,-18.466047,-18.468265,-18.477227,-18.4674,-18.498694,-18.525192,-18.556382,-18.579663,-18.606991,-18.628743,-18.658645,-18.696277,-18.747608,-18.803268,-18.852726,-18.898454,-18.940612,-18.965957,-18.999165,-19.02994,-19.065329,-19.102857,-19.154658,-19.192597,-19.22757,-19.259755,-19.274708,-19.30299,-19.326035,-19.336824,-19.349574,-19.354641,-19.367358,-19.381898,-19.403566,-19.426657,-19.442381,-19.447401,-19.449168,-19.443317,-19.421163,-19.400308,-19.382538,-19.359065,-19.337679,-19.300536,-19.260828,-19.217924,-19.177446,-19.148668],"drift":[0.00462304,0.00462304,0.0046286,0.00463972,0.0046564,0.00467864,0.00470644,0.0047398,0.00477872,0.0048232,0.00487324,0.00492884,0.00499,0.00505672,0.005129,0.00520684,0.00529024,0.0053792,0.00547372,0.00556994,0.00567543,0.00579021,0.00591428,0.00603949,0.00616584,0.00628282,0.00637899,0.00645435,0.0065089,0.00655658,0.00658468,0.00659163,0.00657742,0.00654469,0.00649899,0.00644241,0.0063772,0.00631217,0.00625742,0.00621134,0.00617393,0.006131,0.00609848,0.00607639,0.00604278,0.0060109,0.00597843,0.00596264,0.00596488,0.00598614,0.00602138,0.00606825,0.00610132,0.00610844,0.00609498,0.00607391,0.00604486,0.00600366,0.00595018,0.00589593,0.00583498,0.00574412,0.00562012,0.00548248,0.00534054,0.00521212,0.00510216,0.00500061,0.00488504,0.00476042,0.0046231,0.00447285,0.00431015,0.00414098,0.00395173,0.00373767,0.00350678,0.00326407,0.00300875,0.00274056,0.00246526,0.00218727,0.00191262,0.00164267,0.001379,0.00111615,0.00085202,0.00059181,0.00032701,5.382e-05,-0.00022743,-0.00052562,-0.00084001,-0.00117344,-0.00152219,-0.00187783,-0.00223707,-0.00259981,-0.00296624,-0.00333733,-0.00370946,-0.00407295,-0.00442067,-0.00475144,-0.00506988,-0.00537709,-0.00567556,-0.00596327,-0.00623144,-0.00648687,-0.00672656,-0.00694608,-0.0071495,-0.00734124,-0.00752663,-0.00770404,-0.00787178,-0.00803527,-0.00818821,-0.00833937,-0.00849265,-0.00863256,-0.00876969,-0.00892028,-0.00909261,-0.00927591,-0.00945851,-0.00964299,-0.00983233,-0.0100233,-0.01021106,-0.01039769,-0.01058605,-0.01078138,-0.01097256,-0.01115654,-0.0113394,-0.01151485,-0.01168223,-0.01183463,-0.01196611,-0.01207698,-0.01217875,-0.01226936,-0.01235588,-0.0124522,-0.0125585,-0.01267339,-0.01279339,-0.01291078,-0.01301704,-0.01310712,-0.01318766,-0.01326244,-0.0133294,-0.0133907,-0.01345736,-0.01352279,-0.01357797,-0.01362671,-0.01368154,-0.01373888,-0.01380877,-0.01386935,-0.0139232,-0.01396785,-0.01400754,-0.01404013,-0.01406862,-0.01408867,-0.01409618,-0.01408385,-0.01404937,-0.01399603,-0.01392578,-0.0138405,-0.01374908,-0.0136473,-0.01353639,-0.01341384,-0.01327844,-0.01312253,-0.01295339,-0.01277252,-0.0125813,-0.01238883,-0.01218789,-0.01198116,-0.01177507,-0.01156846,-0.01136531,-0.01116144,-0.01095578,-0.0107444,-0.01052645,-0.01030573,-0.01008782,-0.00987435,-0.00966926,-0.00948112,-0.00930914,-0.00915159,-0.00901141,-0.00888743,-0.00878798,-0.00871436,-0.00866824,-0.0086483,-0.0086483],"instab":[null,null,null,null,null,null,null,null,null,null,null,null,null,null,null,null,null,null,null,null,null,null,null,null,null,68.513787,68.513787,68.513787,62.407449,57.824639,54.076908,54.076908,50.963936,48.332427,46.081101,44.118949,42.380219,40.833545,0.604959,0.61576,0.680055,0.691201,0.681305,0.798516,0.81089,0.809657,0.805427,0.787931,0.712514,0.715995,0.722057,0.810892,0.803208,0.803642,0.840333,0.837542,0.822467,0.810309,0.836229,0.816137,0.83584,0.798573,0.860221,0.798857,0.804421,0.801877,0.801131,0.865417,0.87141,0.862666,0.859553,0.766539,0.756301,0.772719,0.73997,0.75625,0.759131,0.759153,0.739322,0.737208,0.662667,0.663357,0.580681,0.564671,0.525544,0.526891,0.490979,0.382139,0.377249,0.375258,0.393374,0.393985,0.37944,0.344737,0.364606,0.332092,0.319268,0.319918,0.320934,0.308429,0.321109,0.316926,0.321168,0.346167,0.33678,0.34359,0.337353,0.316653,0.352266,0.351829,0.334616,0.352951,0.368704,0.36605,0.326845,0.318576,0.32576,0.340312,0.359777,0.350084,0.40213,0.414767,0.449348,0.444188,0.511834,0.555584,0.555372,0.544895,0.536207,0.543247,0.542872,0.534272,0.528401,0.548002,0.548702,0.558028,0.554645,0.550395,0.532413,0.528314,0.491453,0.503874,0.448784,0.461191,0.452828,0.407104,0.412549,0.421112,0.435943,0.444762,0.445121,0.461914,0.462899,0.428391,0.427498,0.44154,0.449319,0.469954,0.466482,0.488341,0.496571,0.468663,0.582093,0.571528,0.534986,0.541674,0.539977,0.538093,0.526713,0.516004,0.519731,0.503398,0.507468,0.511402,0.512784,0.510069,0.500159,0.481874,0.479353,0.447029,0.448871,0.45421,0.292924,0.291016,0.306893,0.331922,0.329936,0.333654,0.330717,0.324611,0.330717,0.335925,0.338342,0.334958,0.333141,0.306069,0.300469,0.299645,0.303542,0.317046,0.31974,0.290138,0.298263,0.300323,0.270799,0.257778,0.268204,0.28416,0.408921],