{"word":"toreros","years":[1800,1801,1802,1803,1804,1805,1806,1807,1808,1809,1810,1811,1812,1813,1814,1815,1816,1817,1818,1819,1820,1821,1822,1823,1824,1825,1826,1827,1828,1829,1830,1831,1832,1833,1834,1835,1836,1837,1838,1839,1840,1841,1842,1843,1844,1845,1846,1847,1848,1849,1850,1851,1852,1853,1854,1855,1856,1857,1858,1859,1860,1861,1862,1863,1864,1865,1866,1867,1868,1869,1870,1871,1872,1873,1874,1875,1876,1877,1878,1879,1880,1881,1882,1883,1884,1885,1886,1887,1888,1889,1890,1891,1892,1893,1894,1895,1896,1897,1898,1899,1900,1901,1902,1903,1904,1905,1906,1907,1908,1909,1910,1911,1912,1913,1914,1915,1916,1917,1918,1919,1920,1921,1922,1923,1924,1925,1926,1927,1928,1929,1930,1931,1932,1933,1934,1935,1936,1937,1938,1939,1940,1941,1942,1943,1944,1945,1946,1947,1948,1949,1950,1951,1952,1953,1954,1955,1956,1957,1958,1959,1960,1961,1962,1963,1964,1965,1966,1967,1968,1969,1970,1971,1972,1973,1974,1975,1976,1977,1978,1979,1980,1981,1982,1983,1984,1985,1986,1987,1988,1989,1990,1991,1992,1993,1994,1995,1996,1997,1998,1999,2000,2001,2002,2003,2004,2005,2006,2007,2008],"level":[-17.800865,-17.800926,-17.800988,-17.798982,-17.796976,-17.79497,-17.792964,-17.790957,-17.788951,-17.786945,-17.784939,-17.782933,-17.780927,-17.778921,-17.776915,-17.774908,-17.772902,-17.770896,-17.76889,-17.766884,-17.764878,-17.762872,-17.760866,-17.75886,-17.756853,-17.754847,-17.741829,-17.72089,-17.699951,-17.679012,-17.656683,-17.643396,-17.642845,-17.642293,-17.641742,-17.659801,-17.675953,-17.707954,-17.739954,-17.753142,-17.773435,-17.773292,-17.769555,-17.761027,-17.771824,-17.772566,-17.773309,-17.790984,-17.80565,-17.823806,-17.847457,-17.849469,-17.854782,-17.847569,-17.855751,-17.858211,-17.860671,-17.866023,-17.871376,-17.870252,-17.869128,-17.878211,-17.884827,-17.891442,-17.89496,-17.883874,-17.864931,-17.868552,-17.882138,-17.905773,-17.925011,-17.935835,-17.935079,-17.931836,-17.906195,-17.880555,-17.856408,-17.832858,-17.809307,-17.771236,-17.726944,-17.69384,-17.693487,-17.684631,-17.682739,-17.679501,-17.689244,-17.709329,-17.729414,-17.756999,-17.767093,-17.755366,-17.739242,-17.723118,-17.676617,-17.638399,-17.629476,-17.619063,-17.595067,-17.563445,-17.522536,-17.486069,-17.453323,-17.430068,-17.416285,-17.40374,-17.392757,-17.389103,-17.384476,-17.372893,-17.373063,-17.369548,-17.37297,-17.375997,-17.380758,-17.392098,-17.371848,-17.343709,-17.316818,-17.28591,-17.273184,-17.239086,-17.199635,-17.175985,-17.157752,-17.155082,-17.152112,-17.154335,-17.162509,-17.162375,-17.153958,-17.138394,-17.128207,-17.12154,-17.115201,-17.130381,-17.137432,-17.139834,-17.156122,-17.16855,-17.181199,-17.18133,-17.167156,-17.151157,-17.127965,-17.105141,-17.085662,-17.063454,-17.053125,-17.038669,-17.038096,-17.032275,-17.020243,-17.002331,-16.990721,-16.984062,-16.985396,-16.99099,-17.002092,-17.026389,-17.049664,-17.070668,-17.101316,-17.128073,-17.150534,-17.175323,-17.197895,-17.221988,-17.259809,-17.312648,-17.361858,-17.408397,-17.450507,-17.50041,-17.550269,-17.600847,-17.650523,-17.696494,-17.734332,-17.764084,-17.787437,-17.814856,-17.841793,-17.853949,-17.862176,-17.86481,-17.863942,-17.857437,-17.846016,-17.837211,-17.826032,-17.812828,-17.802034,-17.796266,-17.783183,-17.782472,-17.780697,-17.772852,-17.768151,-17.7677,-17.771127,-17.777556,-17.789891,-17.800762,-17.806398,-17.808762,-17.814709,-17.815896,-17.81365],"drift":[-6.142e-05,-6.142e-05,-6.142e-05,-6.142e-05,-6.142e-05,-6.142e-05,-6.142e-05,-6.142e-05,-6.142e-05,-6.142e-05,-6.142e-05,-6.142e-05,-6.142e-05,-6.142e-05,-6.142e-05,-6.142e-05,-6.142e-05,-6.142e-05,-6.142e-05,-6.142e-05,-6.142e-05,-6.142e-05,-6.142e-05,-6.142e-05,-6.142e-05,-6.142e-05,-6.142e-05,-6.142e-05,-6.142e-05,-6.142e-05,-6.142e-05,-6.142e-05,-6.143e-05,-6.143e-05,-6.143e-05,-6.143e-05,-6.143e-05,-6.143e-05,-6.143e-05,-6.143e-05,-6.143e-05,-6.143e-05,-6.143e-05,-6.143e-05,-6.143e-05,-6.143e-05,-6.143e-05,-6.143e-05,-6.143e-05,-6.143e-05,-6.143e-05,-6.143e-05,-6.143e-05,-6.143e-05,-6.143e-05,-6.143e-05,-6.143e-05,-6.143e-05,-6.143e-05,-6.143e-05,-6.143e-05,-6.143e-05,-6.143e-05,-6.143e-05,-6.143e-05,-6.143e-05,-6.142e-05,-6.142e-05,-6.142e-05,-6.142e-05,-6.142e-05,-6.142e-05,-6.142e-05,-6.142e-05,-6.142e-05,-6.142e-05,-6.142e-05,-6.142e-05,-6.142e-05,-6.142e-05,-6.142e-05,-6.142e-05,-6.142e-05,-6.142e-05,-6.142e-05,-6.142e-05,-6.142e-05,-6.142e-05,-6.142e-05,-6.143e-05,-6.143e-05,-6.143e-05,-6.143e-05,-6.143e-05,-6.143e-05,-6.143e-05,-6.143e-05,-6.143e-05,-6.143e-05,-6.143e-05,-6.143e-05,-6.143e-05,-6.143e-05,-6.143e-05,-6.143e-05,-6.143e-05,-6.144e-05,-6.144e-05,-6.144e-05,-6.144e-05,-6.144e-05,-6.144e-05,-6.144e-05,-6.144e-05,-6.145e-05,-6.145e-05,-6.145e-05,-6.145e-05,-6.145e-05,-6.145e-05,-6.145e-05,-6.145e-05,-6.146e-05,-6.146e-05,-6.146e-05,-6.146e-05,-6.146e-05,-6.147e-05,-6.147e-05,-6.147e-05,-6.147e-05,-6.147e-05,-6.147e-05,-6.148e-05,-6.148e-05,-6.148e-05,-6.148e-05,-6.148e-05,-6.149e-05,-6.149e-05,-6.149e-05,-6.149e-05,-6.149e-05,-6.149e-05,-6.15e-05,-6.15e-05,-6.15e-05,-6.15e-05,-6.15e-05,-6.151e-05,-6.151e-05,-6.151e-05,-6.151e-05,-6.151e-05,-6.152e-05,-6.152e-05,-6.152e-05,-6.152e-05,-6.153e-05,-6.153e-05,-6.153e-05,-6.153e-05,-6.153e-05,-6.154e-05,-6.154e-05,-6.154e-05,-6.154e-05,-6.154e-05,-6.154e-05,-6.155e-05,-6.155e-05,-6.155e-05,-6.155e-05,-6.155e-05,-6.155e-05,-6.155e-05,-6.155e-05,-6.155e-05,-6.155e-05,-6.155e-05,-6.155e-05,-6.155e-05,-6.155e-05,-6.155e-05,-6.155e-05,-6.155e-05,-6.155e-05,-6.155e-05,-6.155e-05,-6.155e-05,-6.155e-05,-6.155e-05,-6.155e-05,-6.155e-05,-6.155e-05,-6.155e-05,-6.155e-05,-6.155e-05,-6.155e-05,-6.155e-05,-6.155e-05,-6.155e-05,-6.155e-05,-6.155e-05,-6.155e-05,-6.155e-05,-6.155e-05,-6.155e-05,-6.155e-05],"instab":[null,null,null,null,null,null,null,null,null,null,null,null,null,null,null,null,null,null,null,null,null,null,null,null,null,null,null,null,null,null,null,73.219222,73.219222,73.219222,66.808664,61.971215,57.963788,57.963788,54.787572,51.978311,49.637765,47.534819,45.679089,43.984745,42.515681,1.286451,1.332631,1.296374,1.252444,1.237729,1.295167,1.246915,1.224778,1.25242,1.197034,1.22652,1.203338,1.203338,1.080854,1.109886,1.019476,1.019531,1.051577,0.939199,0.953821,0.924276,1.028409,1.046191,1.061291,1.071616,0.952159,0.985985,0.948579,0.967213,0.996276,0.977319,0.981988,0.981988,0.992489,0.961651,1.011316,1.272231,1.249343,1.253151,1.21023,1.218007,1.129666,1.153553,1.146842,1.22669,1.299766,1.273293,1.313962,1.369081,1.359004,1.515097,1.51597,1.499193,1.484803,1.491272,1.462707,1.268454,1.282971,1.294183,1.293469,1.270616,1.269228,1.233932,1.239651,1.180811,1.077833,1.074382,1.0494,0.862695,0.837462,0.88691,0.894657,0.862,0.856126,0.922278,1.003905,0.995618,1.033634,1.020126,1.063592,1.06417,1.058247,1.059356,1.069897,1.062432,1.067256,1.066881,1.06882,1.068799,1.135582,0.94738,0.948789,0.968219,0.981226,0.910976,0.867804,0.918711,0.839368,0.831204,0.759077,0.770214,0.761382,0.805827,0.788307,0.821532,0.818797,0.818747,0.819401,0.833877,0.730207,0.722552,0.714718,0.677247,0.694082,0.699943,0.646479,0.571221,0.601796,0.614194,0.615979,0.625254,0.626347,0.601998,0.618293,0.59721,0.611757,0.632224,0.626501,0.619204,0.613547,0.596164,0.604621,0.624337,0.578603,0.587166,0.597543,0.558892,0.605843,0.603674,0.597781,0.598874,0.594322,0.508452,0.4497,0.454503,0.462813,0.488262,0.515829,0.515936,0.622986,0.621838,0.611413,0.591279,0.570984,0.555402,0.557956,0.565558,0.455033,0.460776,0.449434,0.445166,0.445165,0.443348,0.440189],