{"word":"toremifene","years":[1800,1801,1802,1803,1804,1805,1806,1807,1808,1809,1810,1811,1812,1813,1814,1815,1816,1817,1818,1819,1820,1821,1822,1823,1824,1825,1826,1827,1828,1829,1830,1831,1832,1833,1834,1835,1836,1837,1838,1839,1840,1841,1842,1843,1844,1845,1846,1847,1848,1849,1850,1851,1852,1853,1854,1855,1856,1857,1858,1859,1860,1861,1862,1863,1864,1865,1866,1867,1868,1869,1870,1871,1872,1873,1874,1875,1876,1877,1878,1879,1880,1881,1882,1883,1884,1885,1886,1887,1888,1889,1890,1891,1892,1893,1894,1895,1896,1897,1898,1899,1900,1901,1902,1903,1904,1905,1906,1907,1908,1909,1910,1911,1912,1913,1914,1915,1916,1917,1918,1919,1920,1921,1922,1923,1924,1925,1926,1927,1928,1929,1930,1931,1932,1933,1934,1935,1936,1937,1938,1939,1940,1941,1942,1943,1944,1945,1946,1947,1948,1949,1950,1951,1952,1953,1954,1955,1956,1957,1958,1959,1960,1961,1962,1963,1964,1965,1966,1967,1968,1969,1970,1971,1972,1973,1974,1975,1976,1977,1978,1979,1980,1981,1982,1983,1984,1985,1986,1987,1988,1989,1990,1991,1992,1993,1994,1995,1996,1997,1998,1999,2000,2001,2002,2003,2004,2005,2006,2007,2008],"level":[-91.481531,-91.104378,-90.727223,-90.350067,-89.972909,-89.595749,-89.218585,-88.841417,-88.464245,-88.087067,-87.709884,-87.332694,-86.955497,-86.578291,-86.201078,-85.823855,-85.446622,-85.069379,-84.692124,-84.314858,-83.937579,-83.560287,-83.182982,-82.805662,-82.428326,-82.050975,-81.673608,-81.296223,-80.918821,-80.541401,-80.163961,-79.786501,-79.409022,-79.031521,-78.653998,-78.276454,-77.898886,-77.521294,-77.143679,-76.766038,-76.388372,-76.010679,-75.63296,-75.255213,-74.877437,-74.499633,-74.121799,-73.743935,-73.36604,-72.988114,-72.610155,-72.232164,-71.854139,-71.47608,-71.097986,-70.719856,-70.341691,-69.963489,-69.585249,-69.206971,-68.828654,-68.450298,-68.071902,-67.693466,-67.314987,-66.936467,-66.557904,-66.179298,-65.800648,-65.421953,-65.043213,-64.664426,-64.285594,-63.906713,-63.527785,-63.148809,-62.769783,-62.390707,-62.01158,-61.632403,-61.253173,-60.873891,-60.494556,-60.115166,-59.735723,-59.356224,-58.976669,-58.597058,-58.21739,-57.837663,-57.457879,-57.078035,-56.698132,-56.318168,-55.938143,-55.558056,-55.177907,-54.797695,-54.417419,-54.037078,-53.656673,-53.276202,-52.895665,-52.515061,-52.134389,-51.753648,-51.372839,-50.99196,-50.611011,-50.229991,-49.848899,-49.467735,-49.086499,-48.705188,-48.323804,-47.942344,-47.560809,-47.179198,-46.79751,-46.415744,-46.033901,-45.651978,-45.269976,-44.887894,-44.505731,-44.123487,-43.74116,-43.358751,-42.976258,-42.593681,-42.21102,-41.828273,-41.44544,-41.062521,-40.679514,-40.296419,-39.913235,-39.529962,-39.146599,-38.763146,-38.379601,-37.995964,-37.612235,-37.228412,-36.844495,-36.460484,-36.076378,-35.692175,-35.307876,-34.92348,-34.538986,-34.154394,-33.769702,-33.384911,-33.000019,-32.615026,-32.229931,-31.844733,-31.459433,-31.074028,-30.68852,-30.302906,-29.917186,-29.53136,-29.145427,-28.759387,-28.373237,-27.986979,-27.600611,-27.214133,-26.827544,-26.440843,-26.05403,-25.667104,-25.280064,-24.89291,-24.505641,-24.118257,-23.730756,-23.343138,-22.955403,-22.567549,-22.179577,-21.791485,-21.403273,-21.01494,-20.62428,-20.230543,-19.874112,-19.578833,-19.301366,-19.073406,-18.89885,-18.747474,-18.597802,-18.440986,-18.270692,-18.087341,-17.911001,-17.756246,-17.642363,-17.56158,-17.53983,-17.570012,-17.626044,-17.704924,-17.801465,-17.921287,-18.042302],"drift":[0.37715416,0.37715482,0.37715614,0.37715811,0.37716074,0.37716403,0.37716797,0.37717257,0.37717783,0.37718374,0.37719031,0.37719754,0.37720543,0.37721397,0.37722317,0.37723302,0.37724353,0.3772547,0.37726652,0.37727901,0.37729214,0.37730594,0.37732039,0.3773355,0.37735127,0.37736769,0.37738477,0.3774025,0.3774209,0.37743995,0.37745965,0.37748002,0.37750104,0.37752271,0.37754505,0.37756804,0.37759169,0.37761599,0.37764095,0.37766657,0.37769284,0.37771977,0.37774736,0.37777561,0.37780451,0.37783407,0.37786428,0.37789515,0.37792668,0.37795887,0.37799171,0.37802521,0.37805936,0.37809418,0.37812965,0.37816577,0.37820256,0.37824,0.37827809,0.37831685,0.37835626,0.37839632,0.37843705,0.37847843,0.37852047,0.37856316,0.37860651,0.37865052,0.37869518,0.3787405,0.37878648,0.37883312,0.37888041,0.37892836,0.37897696,0.37902622,0.37907614,0.37912672,0.37917795,0.37922984,0.37928239,0.37933559,0.37938945,0.37944397,0.37949914,0.37955497,0.37961146,0.3796686,0.3797264,0.37978486,0.37984397,0.37990374,0.37996417,0.38002525,0.380087,0.38014939,0.38021245,0.38027616,0.38034053,0.38040555,0.38047124,0.38053757,0.38060457,0.38067222,0.38074053,0.3808095,0.38087912,0.3809494,0.38102033,0.38109193,0.38116418,0.38123708,0.38131065,0.38138487,0.38145975,0.38153528,0.38161147,0.38168832,0.38176582,0.38184398,0.3819228,0.38200227,0.38208241,0.38216319,0.38224464,0.38232674,0.3824095,0.38249291,0.38257699,0.38266172,0.3827471,0.38283314,0.38291984,0.3830072,0.38309521,0.38318388,0.38327321,0.38336319,0.38345383,0.38354513,0.38363708,0.38372969,0.38382296,0.38391688,0.38401146,0.3841067,0.3842026,0.38429915,0.38439635,0.38449422,0.38459274,0.38469192,0.38479175,0.38489225,0.38499339,0.3850952,0.38519766,0.38530078,0.38540456,0.38550899,0.38561408,0.38571983,0.38582623,0.38593329,0.38604101,0.38614938,0.38625841,0.3863681,0.38647844,0.38658944,0.3867011,0.38681341,0.38692638,0.38704001,0.38715429,0.38726924,0.38738483,0.38750109,0.387618,0.38773557,0.38785379,0.38797268,0.38809222,0.38821241,0.38833326,0.38845477,0.3829942,0.35034365,0.30228598,0.27196274,0.2277082,0.18281722,0.15883516,0.15373198,0.15890299,0.1693571,0.17743988,0.17056131,0.14905641,0.11313077,0.07529928,0.02359098,-0.02345874,-0.05349308,-0.07710066,-0.09620651,-0.11446347,-0.11915904,-0.11915904],"instab":[null,null,null,null,null,null,null,null,null,null,null,null,null,null,null,null,null,null,null,null,null,null,null,null,null,null,null,null,null,null,null,null,null,null,null,null,null,null,null,null,null,null,null,null,null,null,null,null,null,null,null,null,null,null,null,null,null,null,null,null,null,null,null,null,null,null,null,null,null,null,null,null,null,null,null,null,null,null,null,null,null,null,null,null,null,null,null,null,null,null,null,null,null,null,null,null,null,null,null,null,null,null,null,null,null,null,null,null,null,null,null,null,null,null,null,null,null,null,null,null,null,null,null,null,null,null,null,null,null,null,null,null,null,null,null,null,null,null,null,null,null,null,null,null,null,null,null,null,null,null,null,null,null,null,null,null,null,null,null,null,null,null,null,null,null,null,null,null,null,null,null,null,null,null,null,null,null,null,null,null,null,null,null,null,null,null,null,null,null,9.539256,8.739764,8.10135,7.539138,7.081642,6.71025,6.394352,6.120126,5.892934,5.686077,5.504984,5.323266,5.174902,5.028344,4.887197,4.760592,0.731617,0.734402,0.647567,0.620828],