{"word":"torpedoing","years":[1800,1801,1802,1803,1804,1805,1806,1807,1808,1809,1810,1811,1812,1813,1814,1815,1816,1817,1818,1819,1820,1821,1822,1823,1824,1825,1826,1827,1828,1829,1830,1831,1832,1833,1834,1835,1836,1837,1838,1839,1840,1841,1842,1843,1844,1845,1846,1847,1848,1849,1850,1851,1852,1853,1854,1855,1856,1857,1858,1859,1860,1861,1862,1863,1864,1865,1866,1867,1868,1869,1870,1871,1872,1873,1874,1875,1876,1877,1878,1879,1880,1881,1882,1883,1884,1885,1886,1887,1888,1889,1890,1891,1892,1893,1894,1895,1896,1897,1898,1899,1900,1901,1902,1903,1904,1905,1906,1907,1908,1909,1910,1911,1912,1913,1914,1915,1916,1917,1918,1919,1920,1921,1922,1923,1924,1925,1926,1927,1928,1929,1930,1931,1932,1933,1934,1935,1936,1937,1938,1939,1940,1941,1942,1943,1944,1945,1946,1947,1948,1949,1950,1951,1952,1953,1954,1955,1956,1957,1958,1959,1960,1961,1962,1963,1964,1965,1966,1967,1968,1969,1970,1971,1972,1973,1974,1975,1976,1977,1978,1979,1980,1981,1982,1983,1984,1985,1986,1987,1988,1989,1990,1991,1992,1993,1994,1995,1996,1997,1998,1999,2000,2001,2002,2003,2004,2005,2006,2007,2008],"level":[-18.352598,-18.345257,-18.337917,-18.330576,-18.323235,-18.315895,-18.308554,-18.301213,-18.293873,-18.305581,-18.317289,-18.328997,-18.340705,-18.352413,-18.364122,-18.37583,-18.387538,-18.399246,-18.410954,-18.422662,-18.43437,-18.446078,-18.457787,-18.469495,-18.481203,-18.492911,-18.504619,-18.516327,-18.528035,-18.539744,-18.551452,-18.56316,-18.574868,-18.586576,-18.598284,-18.609992,-18.6217,-18.633409,-18.645117,-18.656825,-18.668533,-18.680241,-18.691949,-18.703657,-18.715366,-18.727074,-18.738782,-18.75049,-18.762198,-18.773906,-18.785614,-18.797322,-18.809031,-18.820739,-18.832447,-18.844155,-18.855863,-18.867571,-18.879279,-18.890988,-18.902696,-18.914404,-18.926112,-18.93782,-18.949528,-18.961236,-18.972944,-18.984653,-18.996361,-19.008069,-19.019777,-19.20491,-19.390043,-19.575177,-19.522275,-19.469374,-19.416472,-19.363392,-19.310313,-19.257233,-19.057918,-19.187001,-19.316084,-19.484368,-19.361705,-19.551197,-19.622502,-19.693807,-19.890263,-19.855079,-19.596148,-19.337218,-18.721425,-18.964103,-18.720504,-18.447639,-18.164224,-18.657953,-18.462652,-18.777811,-18.930465,-18.406258,-18.661428,-17.953021,-17.6842,-17.381013,-17.914661,-18.186454,-18.621087,-18.82375,-18.704223,-18.060453,-17.865774,-17.697304,-16.983781,-15.809302,-15.243702,-14.870465,-14.683349,-14.598499,-14.767978,-15.173783,-15.618644,-15.701033,-16.105529,-16.376412,-16.238786,-16.243061,-16.159401,-16.135482,-16.191942,-16.343664,-16.294739,-16.21746,-15.917903,-15.874961,-15.951284,-15.819195,-15.730657,-15.706649,-15.495652,-15.334972,-15.073267,-15.026365,-15.128469,-15.412458,-15.50045,-15.563988,-15.790574,-15.996183,-15.951702,-15.955817,-15.856257,-15.819935,-15.903143,-16.032937,-16.059253,-16.220576,-16.151106,-15.982064,-16.071948,-16.01144,-16.102559,-16.029121,-16.010167,-16.060306,-16.142584,-16.242604,-16.333638,-16.367228,-16.374851,-16.43072,-16.382633,-16.522158,-16.503537,-16.389619,-16.481737,-16.498948,-16.598713,-16.544527,-16.674956,-16.646528,-16.599634,-16.672699,-16.60041,-16.54129,-16.590137,-16.600108,-16.662456,-16.659029,-16.732846,-16.756682,-16.975214,-16.954794,-16.905304,-16.924293,-16.952436,-17.013261,-16.990813,-16.927649,-16.899414,-16.772163,-16.798637,-16.846127,-16.878086,-16.946268,-16.979502,-16.892687,-16.825279],"drift":[0.00734288,0.00734288,0.00734288,0.00734288,0.00734288,0.00734288,0.00734288,0.00734288,0.00734288,0.00734288,0.00734288,0.00734288,0.00734288,0.00734288,0.00734288,0.00734288,0.00734288,0.00734288,0.00734288,0.00734288,0.00734288,0.00734288,0.00734288,0.00734288,0.00734288,0.00734288,0.00734288,0.00734288,0.00734288,0.00734288,0.00734288,0.00734288,0.00734288,0.00734288,0.00734288,0.00734288,0.00734288,0.00734288,0.00734288,0.00734288,0.00734288,0.00734288,0.00734288,0.00734288,0.00734288,0.00734288,0.00734288,0.00734288,0.00734288,0.00734288,0.00734288,0.00734288,0.00734288,0.00734288,0.00734288,0.00734288,0.00734288,0.00734288,0.00734288,0.00734288,0.00734288,0.00734288,0.00734288,0.00734288,0.00734288,0.00734288,0.00734288,0.00734288,0.00734288,0.00734288,0.00734288,0.00734288,0.00734288,0.00734288,0.00734288,0.00734288,0.00734289,0.00734289,0.00734289,0.00734289,0.00734289,0.00734289,0.00734289,0.00734289,0.00734289,0.00734289,0.00734289,0.00734289,0.00734289,0.00734289,0.00734289,0.00734289,0.00734289,0.00734289,0.00734289,0.00734289,0.00734289,0.00734289,0.00734289,0.00734289,0.00734289,0.00734289,0.00734289,0.00734289,0.00734289,0.00734289,0.00734289,0.00734289,0.00734289,0.00734289,0.00734289,0.00734289,0.00734289,0.00734289,0.00734289,0.00734289,0.00734289,0.00734289,0.00734289,0.00734289,0.00734289,0.00734289,0.00734289,0.00734289,0.00734289,0.00734289,0.00734289,0.00734289,0.00734289,0.00734289,0.00734289,0.00734289,0.00734289,0.00734289,0.00734289,0.00734289,0.00734289,0.00734289,0.00734289,0.00734289,0.00734288,0.00734288,0.00734288,0.00734288,0.00734288,0.00734288,0.00734288,0.00734288,0.00734288,0.00734288,0.00734288,0.00734288,0.00734288,0.00734288,0.00734288,0.00734288,0.00734288,0.00734288,0.00734288,0.00734288,0.00734288,0.00734288,0.00734288,0.00734288,0.00734288,0.00734288,0.00734288,0.00734288,0.00734288,0.00734288,0.00734288,0.00734288,0.00734288,0.00734288,0.00734288,0.00734288,0.00734288,0.00734288,0.00734288,0.00734288,0.00734288,0.00734288,0.00734288,0.00734288,0.00734288,0.00734287,0.00734287,0.00734287,0.00734287,0.00734287,0.00734287,0.00734287,0.00734287,0.00734287,0.00734287,0.00734287,0.00734287,0.00734287,0.00734287,0.00734287,0.00734287,0.00734287,0.00734287,0.00734287,0.00734287,0.00734287,0.00734287,0.00734287,0.00734287],"instab":[null,null,null,null,null,null,null,null,null,null,null,null,null,null,null,null,null,null,null,null,null,null,null,null,null,null,null,null,null,null,null,null,null,null,null,null,null,null,null,null,null,null,null,null,null,null,null,null,null,null,null,null,null,null,null,null,null,null,null,null,null,null,null,null,null,null,null,null,null,null,null,null,null,null,null,null,null,null,null,null,62.091139,62.091139,56.7071,52.531483,49.109396,46.315877,46.315877,43.938071,41.906652,40.122626,0.462574,0.465139,0.677152,0.667065,0.645252,0.627144,0.676563,0.7602,0.753375,0.775405,0.789637,0.844095,0.895841,0.948061,0.946151,0.967974,0.986384,0.99082,1.008277,1.020236,0.996068,1.037252,0.963411,0.945232,0.953724,1.076421,1.072051,1.01221,1.006509,0.983993,0.953741,0.93845,0.924673,0.87767,0.902037,0.888709,0.851674,0.848311,0.816037,0.797417,0.792425,0.75162,0.750092,0.748043,0.746101,0.528857,0.474287,0.443886,0.436791,0.425935,0.439075,0.423164,0.37816,0.379092,0.330749,0.310894,0.309395,0.307711,0.32128,0.345075,0.345932,0.332813,0.335388,0.335655,0.300141,0.304517,0.29768,0.307997,0.303891,0.325395,0.31733,0.320085,0.288185,0.287012,0.289361,0.259591,0.258586,0.258961,0.249946,0.221958,0.220174,0.221971,0.224064,0.230026,0.229885,0.240553,0.242636,0.222697,0.23046,0.207651,0.211746,0.203276,0.202045,0.201708,0.203482,0.210333,0.210143,0.208415,0.206832,0.207668,0.209514,0.209386,0.231888,0.220893,0.224239,0.205885,0.202169,0.203283,0.19508,0.188442,0.174199,0.191242,0.18644,0.179717,0.177041,0.172463,0.173697,0.178314,0.180253],