{"word":"traductores","years":[1800,1801,1802,1803,1804,1805,1806,1807,1808,1809,1810,1811,1812,1813,1814,1815,1816,1817,1818,1819,1820,1821,1822,1823,1824,1825,1826,1827,1828,1829,1830,1831,1832,1833,1834,1835,1836,1837,1838,1839,1840,1841,1842,1843,1844,1845,1846,1847,1848,1849,1850,1851,1852,1853,1854,1855,1856,1857,1858,1859,1860,1861,1862,1863,1864,1865,1866,1867,1868,1869,1870,1871,1872,1873,1874,1875,1876,1877,1878,1879,1880,1881,1882,1883,1884,1885,1886,1887,1888,1889,1890,1891,1892,1893,1894,1895,1896,1897,1898,1899,1900,1901,1902,1903,1904,1905,1906,1907,1908,1909,1910,1911,1912,1913,1914,1915,1916,1917,1918,1919,1920,1921,1922,1923,1924,1925,1926,1927,1928,1929,1930,1931,1932,1933,1934,1935,1936,1937,1938,1939,1940,1941,1942,1943,1944,1945,1946,1947,1948,1949,1950,1951,1952,1953,1954,1955,1956,1957,1958,1959,1960,1961,1962,1963,1964,1965,1966,1967,1968,1969,1970,1971,1972,1973,1974,1975,1976,1977,1978,1979,1980,1981,1982,1983,1984,1985,1986,1987,1988,1989,1990,1991,1992,1993,1994,1995,1996,1997,1998,1999,2000,2001,2002,2003,2004,2005,2006,2007,2008],"level":[-18.316136,-18.332628,-18.349119,-18.36561,-18.382102,-18.398593,-18.415082,-18.431568,-18.448047,-18.464518,-18.48098,-18.497429,-18.513864,-18.530283,-18.546684,-18.563065,-18.579424,-18.595759,-18.612068,-18.628349,-18.6446,-18.660818,-18.677003,-18.693151,-18.709262,-18.725332,-18.74136,-18.757344,-18.773282,-18.789172,-18.805011,-18.820799,-18.836532,-18.852209,-18.867828,-18.883387,-18.898884,-18.914317,-18.929683,-18.944984,-18.960216,-18.975373,-18.990452,-19.005451,-19.020366,-19.035193,-19.049927,-19.064562,-19.079099,-19.093535,-19.107876,-19.122123,-19.136283,-19.150356,-19.164337,-19.178225,-19.192024,-19.205738,-19.219377,-19.232948,-19.24646,-19.259912,-19.273303,-19.286636,-19.299914,-19.313141,-19.32632,-19.339453,-19.352545,-19.365597,-19.378609,-19.391581,-19.404518,-19.417421,-19.430291,-19.44313,-19.455931,-19.468681,-19.481366,-19.493976,-19.5065,-19.518928,-19.53125,-19.543456,-19.555529,-19.56746,-19.579237,-19.590851,-19.602288,-19.613531,-19.62457,-19.635394,-19.645991,-19.656354,-19.666478,-19.676357,-19.685984,-19.695351,-19.704452,-19.713289,-19.721864,-19.730166,-19.738182,-19.745906,-19.753333,-19.76046,-19.767271,-19.773751,-19.779889,-19.785676,-19.791103,-19.796161,-19.800842,-19.805136,-19.809036,-19.812532,-19.815615,-19.818278,-19.820516,-19.822329,-19.823714,-19.824674,-19.825222,-19.825372,-19.825141,-19.824545,-19.823602,-19.822332,-19.820754,-19.818883,-19.816738,-19.81434,-19.811708,-19.808864,-19.805826,-19.802615,-19.799247,-19.795727,-19.792069,-19.788275,-19.784342,-19.780273,-19.776058,-19.771683,-19.767137,-19.76241,-19.757491,-19.75237,-19.747037,-19.741479,-19.735693,-19.729675,-19.723419,-19.716917,-19.710162,-19.70315,-19.695878,-19.688345,-19.680543,-19.672474,-19.664141,-19.655547,-19.646702,-19.637619,-19.628307,-19.618771,-19.609015,-19.599049,-19.588882,-19.578522,-19.567982,-19.55726,-19.546351,-19.535245,-19.523928,-19.51239,-19.500636,-19.488675,-19.476518,-19.464177,-19.451661,-19.438976,-19.426133,-19.413143,-19.40001,-19.386743,-19.37334,-19.359799,-19.346119,-19.332298,-19.318333,-19.304227,-19.289984,-19.275609,-19.26111,-19.246498,-19.231778,-19.216964,-19.202067,-19.187101,-19.172077,-19.157006,-19.141898,-19.126763,-19.111613,-19.096458,-19.081305,-19.066151,-19.050998],"drift":[-0.01649135,-0.01649135,-0.01649135,-0.01649135,-0.01649135,-0.01648934,-0.01648533,-0.01647932,-0.01647129,-0.01646127,-0.01644924,-0.0164352,-0.01641916,-0.01640111,-0.01638106,-0.016359,-0.01633494,-0.01630887,-0.01628079,-0.01625072,-0.01621863,-0.01618454,-0.01614845,-0.01611035,-0.01607024,-0.01602813,-0.01598402,-0.0159379,-0.01588977,-0.01583964,-0.0157875,-0.01573336,-0.01567721,-0.01561906,-0.0155589,-0.01549674,-0.01543257,-0.0153664,-0.01530092,-0.01523202,-0.01515664,-0.01507904,-0.01499923,-0.01491518,-0.01482688,-0.01473364,-0.01463545,-0.01453649,-0.01443677,-0.01434032,-0.01424684,-0.01416081,-0.01407233,-0.01398143,-0.01388809,-0.01379889,-0.01371385,-0.01363891,-0.01357151,-0.01351166,-0.01345158,-0.01339129,-0.01333322,-0.01327842,-0.01322687,-0.01317858,-0.01313354,-0.01309177,-0.01305164,-0.0130119,-0.01297255,-0.01293647,-0.01290367,-0.01286988,-0.01283817,-0.0128012,-0.01275018,-0.0126851,-0.01260976,-0.01252416,-0.0124283,-0.01232218,-0.01220579,-0.01207317,-0.0119303,-0.01177718,-0.01161454,-0.01143659,-0.01124335,-0.01103895,-0.01082341,-0.01059672,-0.01036331,-0.01012398,-0.00987874,-0.00962758,-0.00936649,-0.00910126,-0.00883746,-0.00857511,-0.00830179,-0.00801574,-0.00772409,-0.00742688,-0.00712663,-0.00681116,-0.00648057,-0.00613805,-0.00578679,-0.0054268,-0.00505809,-0.00468065,-0.00429448,-0.00389958,-0.00349595,-0.0030836,-0.00266251,-0.00223835,-0.00181245,-0.00138482,-0.00096076,-0.00054728,-0.00015024,0.00023034,0.00059629,0.00094286,0.00127003,0.0015778,0.00187137,0.00214484,0.00239823,0.00263153,0.00284474,0.00303786,0.00321089,0.00336838,0.00351949,0.00365823,0.00379411,0.00393315,0.00406896,0.00421429,0.00437495,0.00454594,0.00472727,0.00491894,0.00512094,0.00533327,0.0055577,0.005786,0.00601815,0.00625604,0.0065017,0.0067553,0.00701214,0.00727219,0.00753268,0.00780194,0.00806889,0.00833355,0.00859359,0.00884557,0.00908301,0.00931128,0.00953675,0.00975545,0.00996603,0.01016665,0.01036001,0.01054068,0.01072156,0.01090936,0.01110611,0.01131719,0.0115377,0.01175335,0.0119618,0.01215629,0.01234108,0.01251636,0.01268466,0.01284294,0.01299055,0.01313267,0.01326663,0.01340354,0.01354088,0.01368011,0.01382056,0.01396562,0.01410567,0.01424338,0.01437508,0.01449817,0.01461282,0.01471948,0.01481409,0.01489721,0.01496613,0.01502347,0.0150709,0.01510852,0.0151352,0.01514983,0.01515475,0.01515341,0.01515353,0.01515309,0.01515309],"instab":[null,null,null,null,null,null,null,null,null,null,null,null,null,null,null,null,null,null,null,null,null,null,null,null,null,null,null,null,null,null,null,null,null,null,null,null,null,null,null,null,null,null,62.45545,62.45545,57.023012,57.023012,52.835467,52.835467,49.444115,46.606227,44.227849,42.128801,42.128801,42.128801,40.357999,40.357999,38.787645,0.641098,0.622295,0.704095,0.699756,0.674365,0.672211,0.672211,0.705019,0.705019,0.716181,0.682326,0.661779,0.697426,0.691694,0.579354,0.573385,0.561426,0.549031,0.566924,0.534103,0.603657,0.603657,0.554525,0.554525,0.570551,0.576904,0.659863,0.659863,0.633315,0.620805,0.648812,0.688141,0.688141,0.714783,0.708345,0.682803,0.710708,0.670907,0.59317,0.586034,0.58135,0.58135,0.776337,0.742821,0.750802,0.726489,0.687403,0.785164,0.78327,0.774977,0.752399,0.762079,0.762079,0.762079,0.773842,0.807407,0.807407,0.807407,0.832807,0.821569,0.796913,0.796913,0.621215,0.625841,0.583292,0.611903,0.659191,0.363638,0.381505,0.401094,0.595124,0.566021,0.566021,0.566021,0.566021,0.566021,0.566021,0.636433,0.735709,0.731214,0.81239,0.788796,0.821608,0.851267,0.811801,0.854172,0.89028,0.910152,0.910152,0.910152,0.895891,0.97644,0.97644,0.931365,0.892063,0.861489,0.86044,0.865874,0.797721,0.817674,0.836397,0.837509,0.812224,0.6568,0.624173,0.676856,0.707829,0.687017,0.663831,0.642753,0.654792,0.614838,0.719814,0.740565,0.740236,0.748411,0.753786,0.846614,0.844743,0.82197,0.77746,0.757058,0.759634,0.759415,0.742924,0.736603,0.715228,0.767669,0.773275,0.771795,0.769157,0.756613,0.720698,0.7014,0.70466,0.690352,0.677006,0.548625,0.55557,0.528915,0.514102,0.521042,0.51715,0.51185,0.512662,0.488458,0.48969,0.389247,0.432565,0.438595,0.437707,0.430862],