{"word":"trade","years":[1800,1801,1802,1803,1804,1805,1806,1807,1808,1809,1810,1811,1812,1813,1814,1815,1816,1817,1818,1819,1820,1821,1822,1823,1824,1825,1826,1827,1828,1829,1830,1831,1832,1833,1834,1835,1836,1837,1838,1839,1840,1841,1842,1843,1844,1845,1846,1847,1848,1849,1850,1851,1852,1853,1854,1855,1856,1857,1858,1859,1860,1861,1862,1863,1864,1865,1866,1867,1868,1869,1870,1871,1872,1873,1874,1875,1876,1877,1878,1879,1880,1881,1882,1883,1884,1885,1886,1887,1888,1889,1890,1891,1892,1893,1894,1895,1896,1897,1898,1899,1900,1901,1902,1903,1904,1905,1906,1907,1908,1909,1910,1911,1912,1913,1914,1915,1916,1917,1918,1919,1920,1921,1922,1923,1924,1925,1926,1927,1928,1929,1930,1931,1932,1933,1934,1935,1936,1937,1938,1939,1940,1941,1942,1943,1944,1945,1946,1947,1948,1949,1950,1951,1952,1953,1954,1955,1956,1957,1958,1959,1960,1961,1962,1963,1964,1965,1966,1967,1968,1969,1970,1971,1972,1973,1974,1975,1976,1977,1978,1979,1980,1981,1982,1983,1984,1985,1986,1987,1988,1989,1990,1991,1992,1993,1994,1995,1996,1997,1998,1999,2000,2001,2002,2003,2004,2005,2006,2007,2008,2009,2010,2011,2012,2013,2014,2015,2016,2017,2018,2019],"level":[-9.417925,-9.376452,-9.398194,-9.480039,-9.45204,-9.356659,-9.253753,-9.214913,-9.205942,-9.220307,-9.250116,-9.210874,-9.080816,-9.087938,-9.099882,-9.094984,-9.070084,-9.050676,-9.06682,-9.045399,-9.064829,-9.128799,-9.166722,-9.203971,-9.222123,-9.205693,-9.231489,-9.19455,-9.110076,-9.076617,-9.1415,-9.179454,-9.162248,-9.20488,-9.233067,-9.35305,-9.368048,-9.333676,-9.328897,-9.304051,-9.242652,-9.24577,-9.219959,-9.229757,-9.242411,-9.250581,-9.251915,-9.282322,-9.284546,-9.24168,-9.236461,-9.206426,-9.178211,-9.165707,-9.220452,-9.230228,-9.253158,-9.267873,-9.251712,-9.280441,-9.3329,-9.372937,-9.44836,-9.502151,-9.543478,-9.569086,-9.568726,-9.566018,-9.532134,-9.517307,-9.503936,-9.500209,-9.48178,-9.449588,-9.406231,-9.397499,-9.382736,-9.346217,-9.302289,-9.260163,-9.224767,-9.211365,-9.173558,-9.157513,-9.158915,-9.189351,-9.177416,-9.164138,-9.138313,-9.14977,-9.146019,-9.147962,-9.139645,-9.127368,-9.089641,-9.07284,-9.041598,-9.022911,-8.998666,-9.009106,-9.015956,-9.017164,-9.011336,-9.00302,-8.991708,-8.995078,-8.984186,-8.973008,-8.958795,-8.947238,-8.948969,-8.921831,-8.920583,-8.912096,-8.88695,-8.856339,-8.834438,-8.809081,-8.767807,-8.724807,-8.70559,-8.686808,-8.696624,-8.741681,-8.760867,-8.78733,-8.813149,-8.84623,-8.866613,-8.877149,-8.888549,-8.897815,-8.900763,-8.907219,-8.914619,-8.936255,-8.963345,-8.969866,-8.986743,-8.992404,-9.004994,-9.067148,-9.113136,-9.125283,-9.108543,-9.074055,-9.075532,-9.070781,-9.087155,-9.104932,-9.136936,-9.162144,-9.175262,-9.17034,-9.169386,-9.174681,-9.197756,-9.22267,-9.22334,-9.239512,-9.233791,-9.217619,-9.207965,-9.226265,-9.236884,-9.255819,-9.261763,-9.228595,-9.227547,-9.249241,-9.251178,-9.263948,-9.292145,-9.301741,-9.330009,-9.36976,-9.384672,-9.385713,-9.361574,-9.334964,-9.319592,-9.316615,-9.310675,-9.296798,-9.27154,-9.258902,-9.250254,-9.238163,-9.224978,-9.244586,-9.245901,-9.235658,-9.225553,-9.236757,-9.258569,-9.296848,-9.332491,-9.347899,-9.362326,-9.371591,-9.389681,-9.411514,-9.432487,-9.438502,-9.445328,-9.441156,-9.442294,-9.443653,-9.443822,-9.471973,-9.489704,-9.538621,-9.602845,-9.617849,-9.613142,-9.600594,-9.599042,-9.614719,-9.608209,-9.612872],"drift":[0.00153248,0.0015279,0.00152599,0.00153364,0.00153826,0.00153211,0.00151433,0.00149227,0.00146935,0.00144824,0.00143073,0.00140887,0.00137226,0.00133662,0.0013025,0.00126798,0.00123074,0.00119141,0.00115408,0.00111442,0.00107711,0.00104727,0.0010219,0.00100092,0.00098214,0.00096158,0.00094409,0.00092248,0.00089128,0.00085634,0.00082895,0.000806,0.00078118,0.00076133,0.0007448,0.00074213,0.00074126,0.00073653,0.00073134,0.00072338,0.00070846,0.00069398,0.00067662,0.00066046,0.00064583,0.00063221,0.00061881,0.00060897,0.00059946,0.0005851,0.00057021,0.00055194,0.00053049,0.00050768,0.0004912,0.00047589,0.00046328,0.0004524,0.00043972,0.00043039,0.00042713,0.0004285,0.00043858,0.00045488,0.00047598,0.00050006,0.00052417,0.00054802,0.00056804,0.00058644,0.00060336,0.00061993,0.00063445,0.00064535,0.00065136,0.00065643,0.00065989,0.00065924,0.00065362,0.00064324,0.00062888,0.00061305,0.00059295,0.00057108,0.00054944,0.00053135,0.00051195,0.00049109,0.00046733,0.00044493,0.00042215,0.00039964,0.00037623,0.00035145,0.00032238,0.00029142,0.00025691,0.00022029,0.00018091,0.00014274,0.00010538,6.818e-05,3.031e-05,-8.51e-06,-4.863e-05,-8.837e-05,-0.00012937,-0.00017166,-0.00021561,-0.0002609,-0.00030603,-0.0003543,-0.00040276,-0.00045224,-0.00050465,-0.00056064,-0.0006192,-0.00068074,-0.0007471,-0.00081847,-0.00089214,-0.00096807,-0.00104299,-0.00111285,-0.00118064,-0.00124553,-0.0013076,-0.00136603,-0.00142227,-0.00147747,-0.00153154,-0.00158471,-0.00163773,-0.00169019,-0.001742,-0.00179153,-0.00183815,-0.00188424,-0.00192861,-0.00197255,-0.00201527,-0.00205109,-0.00208188,-0.0021115,-0.00214329,-0.00217929,-0.00221536,-0.00225223,-0.00228748,-0.00232096,-0.00235103,-0.00237848,-0.00240469,-0.00243175,-0.00245919,-0.00248631,-0.00251107,-0.00253326,-0.00255566,-0.0025765,-0.00259829,-0.00262223,-0.00264759,-0.00267114,-0.00269379,-0.00271457,-0.00273498,-0.00275951,-0.00278448,-0.00280728,-0.00283017,-0.00285193,-0.00287078,-0.00288886,-0.00290403,-0.00291497,-0.00292453,-0.00293431,-0.00294719,-0.00296347,-0.00298185,-0.00300091,-0.003021,-0.00304303,-0.0030683,-0.00309538,-0.0031238,-0.00315397,-0.00318601,-0.00321617,-0.00324655,-0.00327847,-0.00331193,-0.00334449,-0.00337492,-0.00340136,-0.00342409,-0.00344545,-0.00346555,-0.00348498,-0.00350274,-0.00351839,-0.00353204,-0.00354541,-0.0035584,-0.00357228,-0.00358644,-0.00360085,-0.00361566,-0.00362765,-0.00363802,-0.0036432,-0.00364143,-0.00363836,-0.00363624,-0.00363598,-0.00363632,-0.00363527,-0.00363539,-0.00363539],"instab":[null,null,null,null,4.196343,3.868032,3.609654,3.379419,3.184541,3.017947,2.870479,2.745399,2.654275,2.555927,2.467063,2.387397,2.316372,2.252029,2.190233,2.135902,0.238006,0.235346,0.229167,0.192869,0.194733,0.184706,0.166878,0.164596,0.1782,0.188077,0.185177,0.188317,0.146619,0.147955,0.15051,0.178957,0.179162,0.181978,0.180383,0.177894,0.189899,0.18514,0.187013,0.184942,0.18328,0.181429,0.177082,0.178974,0.168174,0.162092,0.156618,0.151582,0.149136,0.150671,0.155206,0.114016,0.110888,0.109702,0.112478,0.11237,0.101224,0.100258,0.103972,0.106631,0.108094,0.109018,0.107653,0.105815,0.109628,0.102287,0.103799,0.101959,0.099246,0.091742,0.092397,0.092489,0.091745,0.091217,0.08953,0.092557,0.090612,0.090814,0.080141,0.071809,0.063521,0.070516,0.070243,0.06797,0.068359,0.071982,0.072078,0.072634,0.072837,0.074152,0.070478,0.070634,0.07099,0.070718,0.071604,0.071326,0.069243,0.06922,0.065294,0.064209,0.064058,0.053773,0.053766,0.053652,0.047546,0.045264,0.048894,0.051693,0.052285,0.052023,0.047015,0.04867,0.046241,0.046212,0.04244,0.047814,0.046348,0.047007,0.046643,0.061833,0.062746,0.06405,0.065548,0.070206,0.07196,0.071584,0.070308,0.066815,0.066742,0.066664,0.066169,0.063935,0.066055,0.065919,0.063069,0.053106,0.056267,0.057033,0.05974,0.055224,0.056156,0.069635,0.069715,0.070342,0.069679,0.069776,0.070789,0.071557,0.071697,0.072521,0.072761,0.073719,0.071744,0.073275,0.074005,0.074635,0.071393,0.066515,0.061054,0.059429,0.059424,0.049517,0.051876,0.060432,0.062025,0.063855,0.062556,0.060833,0.062533,0.062587,0.062526,0.066845,0.067078,0.064916,0.065719,0.06751,0.069151,0.068113,0.065318,0.064743,0.067548,0.066625,0.063336,0.056216,0.058971,0.058493,0.058668,0.05885,0.056081,0.056066,0.055477,0.050429,0.05553,0.054745,0.054852,0.052,0.050514,0.051224,0.053056,0.052922,0.048958,0.048434,0.048215,0.047504,0.044041,0.043868,0.045185,0.04547,0.060002,0.059785,0.060152,0.062443,0.06153,0.062371,0.064008,0.063917],