{"word":"transgenics","years":[1800,1801,1802,1803,1804,1805,1806,1807,1808,1809,1810,1811,1812,1813,1814,1815,1816,1817,1818,1819,1820,1821,1822,1823,1824,1825,1826,1827,1828,1829,1830,1831,1832,1833,1834,1835,1836,1837,1838,1839,1840,1841,1842,1843,1844,1845,1846,1847,1848,1849,1850,1851,1852,1853,1854,1855,1856,1857,1858,1859,1860,1861,1862,1863,1864,1865,1866,1867,1868,1869,1870,1871,1872,1873,1874,1875,1876,1877,1878,1879,1880,1881,1882,1883,1884,1885,1886,1887,1888,1889,1890,1891,1892,1893,1894,1895,1896,1897,1898,1899,1900,1901,1902,1903,1904,1905,1906,1907,1908,1909,1910,1911,1912,1913,1914,1915,1916,1917,1918,1919,1920,1921,1922,1923,1924,1925,1926,1927,1928,1929,1930,1931,1932,1933,1934,1935,1936,1937,1938,1939,1940,1941,1942,1943,1944,1945,1946,1947,1948,1949,1950,1951,1952,1953,1954,1955,1956,1957,1958,1959,1960,1961,1962,1963,1964,1965,1966,1967,1968,1969,1970,1971,1972,1973,1974,1975,1976,1977,1978,1979,1980,1981,1982,1983,1984,1985,1986,1987,1988,1989,1990,1991,1992,1993,1994,1995,1996,1997,1998,1999,2000,2001,2002,2003,2004,2005,2006,2007,2008],"level":[-24.689857,-24.561817,-24.433773,-24.305722,-24.177658,-24.049578,-23.921479,-23.793356,-23.665205,-23.537022,-23.408804,-23.280547,-23.152246,-23.023897,-22.895497,-22.767042,-22.638528,-22.50995,-22.381305,-22.252589,-22.123797,-21.994927,-21.865973,-21.736933,-21.607802,-21.478576,-21.349251,-21.219823,-21.090289,-20.960643,-20.830884,-20.701005,-20.571004,-20.440877,-20.310619,-20.180227,-20.049696,-19.919023,-19.788204,-19.657235,-19.526111,-19.39483,-19.263386,-19.131763,-19.000033,-18.868258,-18.736496,-18.604809,-18.473255,-18.341895,-18.210788,-18.079995,-17.949576,-17.819591,-17.690099,-17.561161,-17.432836,-17.305185,-17.178267,-17.052143,-16.926872,-16.802515,-16.67913,-16.556779,-16.435522,-16.315417,-16.196526,-16.078908,-15.962623,-15.847731,-15.734292,-15.622366,-15.512013,-15.403293,-15.296266,-15.190992,-15.08753,-14.985942,-14.886286,-14.788623,-14.693012,-14.599514,-14.508189,-14.419097,-14.332297,-14.247849,-14.165814,-14.086251,-14.009221,-13.934783,-13.862998,-13.793925,-13.727624,-13.664155,-13.603579,-13.545954,-13.491342,-13.439802,-13.391394,-13.346178,-13.304214,-13.265562,-13.230282,-13.198434,-13.170077,-13.145273,-13.12408,-13.106559,-13.092769,-13.082772,-13.076626,-13.074391,-13.076128,-13.081897,-13.091757,-13.105769,-13.123992,-13.146486,-13.173312,-13.204529,-13.240198,-13.280377,-13.325128,-13.37451,-13.428583,-13.487408,-13.551043,-13.619549,-13.692987,-13.771415,-13.854895,-13.943485,-14.037246,-14.136238,-14.240521,-14.350154,-14.465198,-14.585713,-14.711759,-14.843395,-14.980682,-15.123679,-15.272447,-15.427045,-15.587534,-15.753973,-15.926423,-16.104943,-16.289593,-16.480433,-16.677524,-16.880925,-17.090696,-17.306897,-17.529589,-17.75883,-17.994681,-18.237203,-18.486454,-18.742495,-19.005386,-19.275187,-19.551958,-19.835759,-20.126649,-20.424689,-20.729939,-21.042458,-21.362307,-21.689545,-22.033766,-22.340925,-22.566511,-22.666014,-22.594923,-22.308726,-21.762913,-20.812022,-19.984512,-19.707891,-20.659146,-21.849797,-22.380424,-22.422542,-21.987246,-20.91943,-20.465177,-19.48397,-19.23232,-18.604429,-18.355702,-17.986021,-17.743698,-17.301216,-17.205849,-16.728521,-16.67415,-16.401301,-16.189894,-16.411511,-16.554274,-16.255229,-16.135411,-16.235248,-16.216678,-16.144805,-16.178365,-16.271955,-16.637924],"drift":[0.12804084,0.12804481,0.12805274,0.12806462,0.12808044,0.12810023,0.12812396,0.12815165,0.12818328,0.12821887,0.12825842,0.12830191,0.12834936,0.12840076,0.12845611,0.12851541,0.12857866,0.12864587,0.12871703,0.12879214,0.12887121,0.12895422,0.12904119,0.12913211,0.12922699,0.12932581,0.12942859,0.12953532,0.129646,0.12976063,0.12987922,0.13000176,0.13012825,0.13025869,0.13039308,0.13053143,0.13067373,0.13081998,0.13097018,0.13112434,0.13128245,0.13144451,0.13161052,0.13171657,0.13176265,0.13174876,0.13167492,0.1315411,0.13134733,0.13109358,0.13077988,0.1304062,0.12997257,0.12947896,0.1289254,0.12831187,0.12763837,0.12690491,0.12611148,0.12525809,0.12434473,0.12337141,0.12233812,0.12124487,0.12009166,0.11887847,0.11760533,0.11627222,0.11487914,0.1134261,0.11191309,0.11034012,0.10870719,0.10701429,0.10526142,0.10344859,0.1015758,0.09964304,0.09765031,0.09559762,0.09348496,0.09131234,0.08907976,0.08678721,0.0844347,0.08202222,0.07954977,0.07701736,0.07442499,0.07177265,0.06906034,0.06628807,0.06345584,0.06056364,0.05761148,0.05459935,0.05152725,0.04839519,0.04520317,0.04195118,0.03863923,0.03526731,0.03183543,0.02834358,0.02479177,0.02117999,0.01750824,0.01377654,0.00998486,0.00613323,0.00222162,-0.00174995,-0.00578148,-0.00987298,-0.01402444,-0.01823587,-0.02250726,-0.02683861,-0.03122994,-0.03568122,-0.04019248,-0.04476369,-0.04939487,-0.05408602,-0.05883713,-0.06364821,-0.06851925,-0.07345026,-0.07844123,-0.08349217,-0.08860307,-0.09377393,-0.09900476,-0.10429556,-0.10964632,-0.11505705,-0.12052774,-0.12605839,-0.13164901,-0.1372996,-0.14301015,-0.14878067,-0.15461115,-0.16050159,-0.166452,-0.17246238,-0.17853272,-0.18466302,-0.19085329,-0.19710353,-0.20341373,-0.20978389,-0.21621402,-0.22270411,-0.22925417,-0.2358642,-0.24253419,-0.24926414,-0.25605406,-0.26290394,-0.26981379,-0.27678361,-0.28381339,-0.29090313,-0.29805284,-0.30526251,-0.31253215,-0.31986175,-0.32725132,-0.33470086,-0.2976394,-0.21606695,-0.08998351,0.08061092,0.29571635,0.55533276,0.85946016,0.73607949,0.18519073,-0.79320611,-1.03260279,-0.5329993,-0.04449085,0.43292258,0.89924097,0.57733983,0.83096292,0.38208315,0.54307561,0.30749325,0.34668946,0.27838077,0.37866767,0.18057511,0.38089464,0.13031537,0.23483473,0.16160694,-0.14447462,-0.08985312,0.21216099,0.10792454,-0.05192129,0.01227615,0.04704424,-0.03428286,-0.11898911,-0.3224535,-0.3224535],"instab":[null,null,null,null,null,null,null,null,null,null,null,null,null,null,null,null,null,null,null,null,null,null,null,null,null,null,null,null,null,null,null,null,null,null,null,null,null,null,null,null,null,null,null,null,null,null,null,null,null,null,null,null,null,null,null,null,null,null,null,null,null,null,null,null,null,null,null,null,null,null,null,null,null,null,null,null,null,null,null,null,null,null,null,null,null,null,null,null,null,null,null,null,null,null,null,null,null,null,null,null,null,null,null,null,null,null,null,null,null,null,null,null,null,null,null,null,null,null,null,null,null,null,null,null,null,null,null,null,null,null,null,null,null,null,null,null,null,null,null,null,null,null,null,null,null,null,null,null,null,null,null,null,null,null,null,null,null,null,null,null,null,null,null,null,null,null,null,null,null,null,null,null,null,null,null,null,null,null,null,null,null,null,null,null,24.877934,22.672536,21.058468,19.693098,18.612386,1.968224,1.865453,1.770206,1.690205,1.618253,1.560233,1.504355,1.510212,1.459041,1.413237,1.322706,1.283262,0.911499,0.888603,0.869885,0.382178,0.318401,0.300423,0.278171,0.246184],