{"word":"transgenically","years":[1800,1801,1802,1803,1804,1805,1806,1807,1808,1809,1810,1811,1812,1813,1814,1815,1816,1817,1818,1819,1820,1821,1822,1823,1824,1825,1826,1827,1828,1829,1830,1831,1832,1833,1834,1835,1836,1837,1838,1839,1840,1841,1842,1843,1844,1845,1846,1847,1848,1849,1850,1851,1852,1853,1854,1855,1856,1857,1858,1859,1860,1861,1862,1863,1864,1865,1866,1867,1868,1869,1870,1871,1872,1873,1874,1875,1876,1877,1878,1879,1880,1881,1882,1883,1884,1885,1886,1887,1888,1889,1890,1891,1892,1893,1894,1895,1896,1897,1898,1899,1900,1901,1902,1903,1904,1905,1906,1907,1908,1909,1910,1911,1912,1913,1914,1915,1916,1917,1918,1919,1920,1921,1922,1923,1924,1925,1926,1927,1928,1929,1930,1931,1932,1933,1934,1935,1936,1937,1938,1939,1940,1941,1942,1943,1944,1945,1946,1947,1948,1949,1950,1951,1952,1953,1954,1955,1956,1957,1958,1959,1960,1961,1962,1963,1964,1965,1966,1967,1968,1969,1970,1971,1972,1973,1974,1975,1976,1977,1978,1979,1980,1981,1982,1983,1984,1985,1986,1987,1988,1989,1990,1991,1992,1993,1994,1995,1996,1997,1998,1999,2000,2001,2002,2003,2004,2005,2006,2007,2008],"level":[-70.115979,-69.855617,-69.595256,-69.334894,-69.074531,-68.814168,-68.553804,-68.293438,-68.033072,-67.772704,-67.512334,-67.251963,-66.99159,-66.731214,-66.470836,-66.210456,-65.950073,-65.689687,-65.429298,-65.168906,-64.908511,-64.648112,-64.387709,-64.127302,-63.866891,-63.606476,-63.346056,-63.085631,-62.825202,-62.564768,-62.304328,-62.043884,-61.783433,-61.522977,-61.262515,-61.002047,-60.741572,-60.481091,-60.220604,-59.96011,-59.699608,-59.4391,-59.178584,-58.918061,-58.65753,-58.396991,-58.136444,-57.875888,-57.615325,-57.354752,-57.094171,-56.833581,-56.572982,-56.312373,-56.051755,-55.791128,-55.53049,-55.269843,-55.009185,-54.748517,-54.487838,-54.227148,-53.966448,-53.705736,-53.445013,-53.184279,-52.923533,-52.662775,-52.402005,-52.141223,-51.880429,-51.619622,-51.358802,-51.09797,-50.837124,-50.576265,-50.315393,-50.054507,-49.793607,-49.532693,-49.271765,-49.010823,-48.749866,-48.488894,-48.227908,-47.966907,-47.70589,-47.444858,-47.18381,-46.922747,-46.661667,-46.400572,-46.13946,-45.878332,-45.617187,-45.356025,-45.094846,-44.83365,-44.572436,-44.311205,-44.049956,-43.78869,-43.527405,-43.266102,-43.00478,-42.74344,-42.482081,-42.220703,-41.959305,-41.697889,-41.436453,-41.174997,-40.913521,-40.652025,-40.390509,-40.128973,-39.867416,-39.605838,-39.344239,-39.082619,-38.820977,-38.559315,-38.29763,-38.035924,-37.774195,-37.512444,-37.250671,-36.988876,-36.727057,-36.465216,-36.203351,-35.941463,-35.679552,-35.417617,-35.155658,-34.893675,-34.631668,-34.369637,-34.107581,-33.8455,-33.583395,-33.321264,-33.059108,-32.796926,-32.534719,-32.272486,-32.010228,-31.747943,-31.485631,-31.223293,-30.960929,-30.698537,-30.436118,-30.173673,-29.911199,-29.648698,-29.38617,-29.123613,-28.861028,-28.598415,-28.335774,-28.073104,-27.810404,-27.547676,-27.284919,-27.022132,-26.759316,-26.49647,-26.233594,-25.970687,-25.707751,-25.444784,-25.181787,-24.918758,-24.655699,-24.392608,-24.129486,-23.866333,-23.603147,-23.33993,-23.076681,-22.8134,-22.550086,-22.286739,-22.02336,-21.759947,-21.496502,-21.233022,-20.971072,-20.712212,-20.465494,-20.229272,-19.996602,-19.773383,-19.554272,-19.346028,-19.149381,-18.963232,-18.798171,-18.659878,-18.545409,-18.452783,-18.382054,-18.336785,-18.313724,-18.313488,-18.330853,-18.360457,-18.395726],"drift":[0.26036148,0.26036166,0.26036202,0.26036256,0.26036328,0.26036417,0.26036525,0.2603665,0.26036794,0.26036955,0.26037135,0.26037332,0.26037547,0.2603778,0.26038031,0.260383,0.26038587,0.26038892,0.26039214,0.26039555,0.26039914,0.2604029,0.26040684,0.26041097,0.26041527,0.26041975,0.26042441,0.26042925,0.26043427,0.26043947,0.26044485,0.26045041,0.26045614,0.26046206,0.26046815,0.26047443,0.26048088,0.26048751,0.26049433,0.26050132,0.26050849,0.26051584,0.26052337,0.26053108,0.26053896,0.26054703,0.26055528,0.2605637,0.2605723,0.26058109,0.26059005,0.26059919,0.26060852,0.26061802,0.2606277,0.26063755,0.26064759,0.26065781,0.26066821,0.26067878,0.26068954,0.26070047,0.26071159,0.26072288,0.26073435,0.260746,0.26075784,0.26076985,0.26078203,0.2607944,0.26080695,0.26081968,0.26083258,0.26084567,0.26085893,0.26087238,0.260886,0.2608998,0.26091379,0.26092795,0.26094229,0.26095681,0.26097151,0.26098638,0.26100144,0.26101668,0.26103209,0.26104769,0.26106346,0.26107942,0.26109555,0.26111186,0.26112835,0.26114502,0.26116187,0.2611789,0.26119611,0.2612135,0.26123106,0.26124881,0.26126673,0.26128484,0.26130312,0.26132158,0.26134023,0.26135905,0.26137805,0.26139723,0.26141659,0.26143613,0.26145584,0.26147574,0.26149582,0.26151607,0.26153651,0.26155712,0.26157791,0.26159888,0.26162004,0.26164137,0.26166288,0.26168457,0.26170644,0.26172848,0.26175071,0.26177312,0.2617957,0.26181847,0.26184141,0.26186453,0.26188784,0.26191132,0.26193498,0.26195882,0.26198284,0.26200704,0.26203141,0.26205597,0.26208071,0.26210562,0.26213072,0.26215599,0.26218145,0.26220708,0.26223289,0.26225888,0.26228505,0.2623114,0.26233793,0.26236464,0.26239153,0.26241859,0.26244584,0.26247326,0.26250087,0.26252865,0.26255661,0.26258476,0.26261308,0.26264158,0.26267026,0.26269912,0.26272816,0.26275737,0.26278677,0.26281635,0.2628461,0.26287604,0.26290615,0.26293644,0.26296692,0.26299757,0.2630284,0.26305941,0.2630906,0.26312197,0.26315351,0.26318524,0.26321715,0.26324923,0.2632815,0.26331394,0.26334656,0.26337937,0.26341235,0.26344551,0.26347885,0.26195035,0.25885999,0.24671729,0.23622292,0.23266981,0.22321848,0.21911114,0.20824428,0.1966465,0.18614947,0.16506044,0.13829297,0.11446977,0.09262616,0.07072825,0.04526962,0.0230611,0.00023528,-0.01736443,-0.02960451,-0.03526924,-0.03526924],"instab":[null,null,null,null,null,null,null,null,null,null,null,null,null,null,null,null,null,null,null,null,null,null,null,null,null,null,null,null,null,null,null,null,null,null,null,null,null,null,null,null,null,null,null,null,null,null,null,null,null,null,null,null,null,null,null,null,null,null,null,null,null,null,null,null,null,null,null,null,null,null,null,null,null,null,null,null,null,null,null,null,null,null,null,null,null,null,null,null,null,null,null,null,null,null,null,null,null,null,null,null,null,null,null,null,null,null,null,null,null,null,null,null,null,null,null,null,null,null,null,null,null,null,null,null,null,null,null,null,null,null,null,null,null,null,null,null,null,null,null,null,null,null,null,null,null,null,null,null,null,null,null,null,null,null,null,null,null,null,null,null,null,null,null,null,null,null,null,null,null,null,null,null,null,null,null,null,null,null,null,null,null,null,null,null,null,null,null,null,null,null,null,9.704742,8.905062,8.19148,7.681415,7.238333,6.845538,6.539034,6.268602,6.014322,5.788758,5.586864,5.413182,5.245814,5.099601,4.960391,0.499322,0.488921,0.475394],