{"word":"transpyloric","years":[1800,1801,1802,1803,1804,1805,1806,1807,1808,1809,1810,1811,1812,1813,1814,1815,1816,1817,1818,1819,1820,1821,1822,1823,1824,1825,1826,1827,1828,1829,1830,1831,1832,1833,1834,1835,1836,1837,1838,1839,1840,1841,1842,1843,1844,1845,1846,1847,1848,1849,1850,1851,1852,1853,1854,1855,1856,1857,1858,1859,1860,1861,1862,1863,1864,1865,1866,1867,1868,1869,1870,1871,1872,1873,1874,1875,1876,1877,1878,1879,1880,1881,1882,1883,1884,1885,1886,1887,1888,1889,1890,1891,1892,1893,1894,1895,1896,1897,1898,1899,1900,1901,1902,1903,1904,1905,1906,1907,1908,1909,1910,1911,1912,1913,1914,1915,1916,1917,1918,1919,1920,1921,1922,1923,1924,1925,1926,1927,1928,1929,1930,1931,1932,1933,1934,1935,1936,1937,1938,1939,1940,1941,1942,1943,1944,1945,1946,1947,1948,1949,1950,1951,1952,1953,1954,1955,1956,1957,1958,1959,1960,1961,1962,1963,1964,1965,1966,1967,1968,1969,1970,1971,1972,1973,1974,1975,1976,1977,1978,1979,1980,1981,1982,1983,1984,1985,1986,1987,1988,1989,1990,1991,1992,1993,1994,1995,1996,1997,1998,1999,2000,2001,2002,2003,2004,2005,2006,2007,2008],"level":[-17.07648,-17.091678,-17.106875,-17.122073,-17.137271,-17.152468,-17.167666,-17.182864,-17.198061,-17.213259,-17.228457,-17.243654,-17.258852,-17.274049,-17.289247,-17.304445,-17.319642,-17.33484,-17.350038,-17.365235,-17.380429,-17.395616,-17.410793,-17.425956,-17.441101,-17.456226,-17.471326,-17.486399,-17.50144,-17.516446,-17.531414,-17.54634,-17.561221,-17.576053,-17.590834,-17.605558,-17.620223,-17.634826,-17.649363,-17.66383,-17.678224,-17.692541,-17.706778,-17.720932,-17.734999,-17.748975,-17.762858,-17.776643,-17.790327,-17.803907,-17.817379,-17.83074,-17.843985,-17.857113,-17.870119,-17.882999,-17.895751,-17.90837,-17.920854,-17.933199,-17.945401,-17.957457,-17.969363,-17.981117,-17.992713,-18.00415,-18.015423,-18.026529,-18.037465,-18.048227,-18.058811,-18.069214,-18.079433,-18.089464,-18.099304,-18.108949,-18.118395,-18.12764,-18.13668,-18.14551,-18.154129,-18.162532,-18.170716,-18.178677,-18.186411,-18.193917,-18.201189,-18.208224,-18.21502,-18.221572,-18.227877,-18.233931,-18.239731,-18.245274,-18.250557,-18.255574,-18.260324,-18.264802,-18.269006,-18.272931,-18.276574,-18.279932,-18.283002,-18.285779,-18.28826,-18.290443,-18.292336,-18.293947,-18.295287,-18.296366,-18.297197,-18.297798,-18.298191,-18.298395,-18.29843,-18.298307,-18.298036,-18.29762,-18.297059,-18.296353,-18.295495,-18.29448,-18.293304,-18.291954,-18.290419,-18.28869,-18.286758,-18.284621,-18.282288,-18.279766,-18.277058,-18.274176,-18.271127,-18.267919,-18.26456,-18.261064,-18.257443,-18.25371,-18.249877,-18.245957,-18.241961,-18.237898,-18.233774,-18.229593,-18.225359,-18.221078,-18.216756,-18.212394,-18.207996,-18.203564,-18.199094,-18.194582,-18.190025,-18.185429,-18.180798,-18.176142,-18.171464,-18.166775,-18.162088,-18.15741,-18.152744,-18.148089,-18.143443,-18.138804,-18.134169,-18.129533,-18.124893,-18.120245,-18.115585,-18.11091,-18.106218,-18.101503,-18.096765,-18.092004,-18.087223,-18.082424,-18.07761,-18.072785,-18.067955,-18.063123,-18.058297,-18.053482,-18.048683,-18.043905,-18.039155,-18.034443,-18.029775,-18.025155,-18.020584,-18.016065,-18.011597,-18.00718,-18.002813,-17.998494,-17.994224,-17.990001,-17.985823,-17.981686,-17.97759,-17.97353,-17.9695,-17.965496,-17.961516,-17.957555,-17.953609,-17.949673,-17.945746,-17.941826,-17.937909],"drift":[-0.01519764,-0.01519764,-0.01519764,-0.01519763,-0.01519763,-0.01519763,-0.01519763,-0.01519763,-0.01519763,-0.01519763,-0.01519763,-0.01519763,-0.01519763,-0.01519763,-0.01519763,-0.01519763,-0.01519763,-0.01519763,-0.01519763,-0.01519414,-0.01518718,-0.01517675,-0.01516283,-0.01514543,-0.01512456,-0.0151002,-0.01507237,-0.01504106,-0.01500626,-0.01496799,-0.01492624,-0.01488101,-0.0148323,-0.01478012,-0.01472445,-0.0146653,-0.01460268,-0.01453657,-0.01446699,-0.01439393,-0.01431739,-0.01423736,-0.01415386,-0.01406689,-0.01397643,-0.01388249,-0.01378507,-0.01368418,-0.0135798,-0.01347195,-0.01336062,-0.01324581,-0.01312751,-0.01300574,-0.01288049,-0.01275177,-0.01261956,-0.01248387,-0.01234471,-0.01220206,-0.01205594,-0.01190633,-0.01175325,-0.01159669,-0.01143665,-0.01127313,-0.01110613,-0.01093565,-0.0107617,-0.01058426,-0.01040334,-0.01021895,-0.01003108,-0.00983972,-0.00964489,-0.00944658,-0.00924479,-0.00903952,-0.00883077,-0.00861855,-0.00840284,-0.00818365,-0.00796099,-0.00773485,-0.00750522,-0.00727212,-0.00703554,-0.00679548,-0.00655194,-0.00630492,-0.00605442,-0.00580045,-0.00554299,-0.00528206,-0.00501764,-0.00474975,-0.00447838,-0.00420352,-0.00392519,-0.00364338,-0.0033581,-0.00306933,-0.00277708,-0.00248135,-0.00218313,-0.00189251,-0.00161112,-0.00133997,-0.00107921,-0.00083107,-0.00060054,-0.00039285,-0.00020452,-3.455e-05,0.00012231,0.00027186,0.00041602,0.00056072,0.00070568,0.00085839,0.00101439,0.00117663,0.00134969,0.00153519,0.00172859,0.00193211,0.00213664,0.00233331,0.00252213,0.00270823,0.00288231,0.0030488,0.00320769,0.00335899,0.0034965,0.00362093,0.00373228,0.00383323,0.00391962,0.00399681,0.00406288,0.00412411,0.00418049,0.0042343,0.00428076,0.00432253,0.00436147,0.00439806,0.00443231,0.00446955,0.00451202,0.00455727,0.0045964,0.00463038,0.00465642,0.00467789,0.00468881,0.00468744,0.00467786,0.00466588,0.00465476,0.00464618,0.00463895,0.00463454,0.00463656,0.00464015,0.00464783,0.00466019,0.00467439,0.00469258,0.00471494,0.00473798,0.00476041,0.00478134,0.004799,0.00481357,0.00482531,0.00483061,0.00483112,0.00482607,0.00481507,0.00479908,0.00477849,0.00474961,0.00471201,0.00466779,0.00462009,0.00457077,0.00451959,0.00446801,0.00441681,0.00436753,0.0043185,0.00427008,0.00422271,0.0041786,0.00413631,0.00409618,0.00406038,0.00403,0.00400364,0.00397993,0.00396098,0.00394665,0.00393545,0.00392667,0.00392031,0.00391719,0.00391719],"instab":[null,null,null,null,null,null,null,null,null,null,null,null,null,null,null,null,null,null,null,null,null,null,null,null,null,null,null,null,null,null,null,null,null,null,null,null,null,null,null,null,null,null,null,null,null,null,null,null,null,null,null,null,null,null,null,null,null,null,null,null,null,null,null,null,null,null,null,null,null,null,null,null,null,null,null,null,null,null,null,null,null,null,null,null,null,null,null,null,null,null,null,null,null,null,null,null,null,null,null,null,null,null,null,null,null,null,null,33.88844,30.929401,28.673312,26.844602,25.24338,23.922541,22.766499,21.76472,20.906889,20.126824,19.456727,18.820642,18.291134,17.773601,17.293775,16.859825,1.112889,0.92666,1.116463,1.23806,1.266196,1.295069,1.393589,1.404264,1.407469,1.442047,1.422061,1.361078,1.393894,1.356784,1.365109,1.347861,1.320406,1.384318,1.404688,1.415233,1.406199,1.41686,1.281511,1.133337,1.133337,1.121246,0.918461,0.928261,1.089884,1.055987,1.015785,1.027265,1.06396,1.04585,1.055744,1.044803,1.048358,0.980666,0.960557,0.953013,0.919669,0.968461,0.968346,0.9683,0.961883,0.921493,0.915458,0.925457,0.785511,0.785217,0.779836,0.751592,0.683009,0.709628,0.668398,0.57128,0.536279,0.533526,0.533155,0.549976,0.507753,0.465921,0.487235,0.500293,0.472302,0.466276,0.467855,0.422867,0.430915,0.426796,0.413898,0.42299,0.439067,0.387077,0.384877,0.38096,0.400813,0.413911,0.42136,0.368929,0.389111,0.376319,0.332167,0.317018,0.317277,0.352395],