{"word":"trandolapril","years":[1800,1801,1802,1803,1804,1805,1806,1807,1808,1809,1810,1811,1812,1813,1814,1815,1816,1817,1818,1819,1820,1821,1822,1823,1824,1825,1826,1827,1828,1829,1830,1831,1832,1833,1834,1835,1836,1837,1838,1839,1840,1841,1842,1843,1844,1845,1846,1847,1848,1849,1850,1851,1852,1853,1854,1855,1856,1857,1858,1859,1860,1861,1862,1863,1864,1865,1866,1867,1868,1869,1870,1871,1872,1873,1874,1875,1876,1877,1878,1879,1880,1881,1882,1883,1884,1885,1886,1887,1888,1889,1890,1891,1892,1893,1894,1895,1896,1897,1898,1899,1900,1901,1902,1903,1904,1905,1906,1907,1908,1909,1910,1911,1912,1913,1914,1915,1916,1917,1918,1919,1920,1921,1922,1923,1924,1925,1926,1927,1928,1929,1930,1931,1932,1933,1934,1935,1936,1937,1938,1939,1940,1941,1942,1943,1944,1945,1946,1947,1948,1949,1950,1951,1952,1953,1954,1955,1956,1957,1958,1959,1960,1961,1962,1963,1964,1965,1966,1967,1968,1969,1970,1971,1972,1973,1974,1975,1976,1977,1978,1979,1980,1981,1982,1983,1984,1985,1986,1987,1988,1989,1990,1991,1992,1993,1994,1995,1996,1997,1998,1999,2000,2001,2002,2003,2004,2005,2006,2007,2008],"level":[-1.407802,-1.518253,-1.628703,-1.739154,-1.849604,-1.960054,-2.070504,-2.180954,-2.291404,-2.401853,-2.512302,-2.62275,-2.733198,-2.843646,-2.954094,-3.06454,-3.174987,-3.285432,-3.395877,-3.506322,-3.616766,-3.727209,-3.837651,-3.948093,-4.058533,-4.168973,-4.279412,-4.38985,-4.500287,-4.610723,-4.721158,-4.831592,-4.942025,-5.052457,-5.162887,-5.273317,-5.383745,-5.494172,-5.604597,-5.715021,-5.825444,-5.935865,-6.046285,-6.156704,-6.26712,-6.377536,-6.487949,-6.598361,-6.708772,-6.81918,-6.929587,-7.039992,-7.150396,-7.260797,-7.371197,-7.481594,-7.59199,-7.702383,-7.812775,-7.923165,-8.033552,-8.143937,-8.25432,-8.364701,-8.47508,-8.585456,-8.69583,-8.806202,-8.916571,-9.026938,-9.137303,-9.247664,-9.358024,-9.468381,-9.578735,-9.689086,-9.799435,-9.909781,-10.020125,-10.130465,-10.240803,-10.351138,-10.46147,-10.571799,-10.682126,-10.792449,-10.902769,-11.013086,-11.1234,-11.233711,-11.344018,-11.454323,-11.564624,-11.674922,-11.785216,-11.895508,-12.005795,-12.11608,-12.226361,-12.336638,-12.446912,-12.557182,-12.667449,-12.777712,-12.887972,-12.998227,-13.108479,-13.218727,-13.328972,-13.439212,-13.549449,-13.659681,-13.76991,-13.880135,-13.990355,-14.100572,-14.210785,-14.320993,-14.431197,-14.541397,-14.651593,-14.761784,-14.871971,-14.982154,-15.092332,-15.202506,-15.312676,-15.42284,-15.533001,-15.643157,-15.753308,-15.863455,-15.973596,-16.083734,-16.193866,-16.303994,-16.414117,-16.524235,-16.634348,-16.744456,-16.854559,-16.964657,-17.07475,-17.184838,-17.294921,-17.404999,-17.515072,-17.625139,-17.735201,-17.845258,-17.95531,-18.065356,-18.175397,-18.285432,-18.395462,-18.505487,-18.615506,-18.725519,-18.835527,-18.945529,-19.055525,-19.165516,-19.275501,-19.38548,-19.495453,-19.605421,-19.715382,-19.825338,-19.935288,-20.045231,-20.155169,-20.2651,-20.375026,-20.484945,-20.594858,-20.704765,-20.814666,-20.92456,-21.034448,-21.14433,-21.254205,-21.364074,-21.473937,-21.583793,-21.693642,-21.803485,-21.91332,-21.987802,-21.991583,-21.889314,-21.663481,-21.333298,-20.92992,-20.4845,-19.964921,-19.458361,-18.999983,-18.550989,-18.160249,-17.875615,-17.687516,-17.591269,-17.546005,-17.52528,-17.521901,-17.546476,-17.628451,-17.755062,-17.908576],"drift":[-0.11045051,-0.11045048,-0.11045041,-0.11045031,-0.11045017,-0.11044999,-0.11044978,-0.11044953,-0.11044925,-0.11044893,-0.11044858,-0.11044818,-0.11044776,-0.1104473,-0.1104468,-0.11044627,-0.1104457,-0.11044509,-0.11044445,-0.11044378,-0.11044306,-0.11044232,-0.11044153,-0.11044071,-0.11043986,-0.11043897,-0.11043804,-0.11043708,-0.11043608,-0.11043505,-0.11043398,-0.11043287,-0.11043173,-0.11043056,-0.11042935,-0.1104281,-0.11042681,-0.11042549,-0.11042414,-0.11042275,-0.11042132,-0.11041986,-0.11041836,-0.11041683,-0.11041526,-0.11041365,-0.11041201,-0.11041033,-0.11040862,-0.11040687,-0.11040509,-0.11040327,-0.11040141,-0.11039952,-0.1103976,-0.11039563,-0.11039363,-0.1103916,-0.11038953,-0.11038743,-0.11038528,-0.11038311,-0.11038089,-0.11037865,-0.11037636,-0.11037404,-0.11037169,-0.11036929,-0.11036687,-0.1103644,-0.1103619,-0.11035937,-0.1103568,-0.11035419,-0.11035155,-0.11034887,-0.11034616,-0.11034341,-0.11034063,-0.11033781,-0.11033495,-0.11033206,-0.11032913,-0.11032617,-0.11032317,-0.11032014,-0.11031706,-0.11031396,-0.11031082,-0.11030764,-0.11030443,-0.11030118,-0.11029789,-0.11029457,-0.11029121,-0.11028782,-0.11028439,-0.11028093,-0.11027743,-0.1102739,-0.11027033,-0.11026672,-0.11026308,-0.1102594,-0.11025568,-0.11025194,-0.11024815,-0.11024433,-0.11024047,-0.11023658,-0.11023265,-0.11022869,-0.11022469,-0.11022065,-0.11021658,-0.11021247,-0.11020833,-0.11020415,-0.11019994,-0.11019569,-0.1101914,-0.11018708,-0.11018273,-0.11017833,-0.1101739,-0.11016944,-0.11016494,-0.11016041,-0.11015583,-0.11015123,-0.11014658,-0.11014191,-0.11013719,-0.11013244,-0.11012765,-0.11012283,-0.11011798,-0.11011308,-0.11010815,-0.11010319,-0.11009819,-0.11009315,-0.11008808,-0.11008297,-0.11007783,-0.11007265,-0.11006744,-0.11006219,-0.1100569,-0.11005158,-0.11004622,-0.11004083,-0.1100354,-0.11002993,-0.11002443,-0.1100189,-0.11001332,-0.11000772,-0.11000207,-0.10999639,-0.10999068,-0.10998493,-0.10997914,-0.10997332,-0.10996746,-0.10996157,-0.10995564,-0.10994967,-0.10994367,-0.10993764,-0.10993156,-0.10992546,-0.10991931,-0.10991313,-0.10990692,-0.10990067,-0.10989438,-0.10988806,-0.1098817,-0.1098753,-0.10986888,-0.10986241,-0.10985591,-0.10984937,-0.1098428,-0.10983619,-0.07448207,-0.00378041,0.10226877,0.22583331,0.33018274,0.40337822,0.44541977,0.51957893,0.50656035,0.45837774,0.44899349,0.39074027,0.28463383,0.18809914,0.09624677,0.04526424,0.02072568,0.00337887,-0.02457587,-0.08197417,-0.12661164,-0.15351334,-0.15351334],"instab":[null,null,null,null,null,null,null,null,null,null,null,null,null,null,null,null,null,null,null,null,null,null,null,null,null,null,null,null,null,null,null,null,null,null,null,null,null,null,null,null,null,null,null,null,null,null,null,null,null,null,null,null,null,null,null,null,null,null,null,null,null,null,null,null,null,null,null,null,null,null,null,null,null,null,null,null,null,null,null,null,null,null,null,null,null,null,null,null,null,null,null,null,null,null,null,null,null,null,null,null,null,null,null,null,null,null,null,null,null,null,null,null,null,null,null,null,null,null,null,null,null,null,null,null,null,null,null,null,null,null,null,null,null,null,null,null,null,null,null,null,null,null,null,null,null,null,null,null,null,null,null,null,null,null,null,null,null,null,null,null,null,null,null,null,null,null,null,null,null,null,null,null,null,null,null,null,null,null,null,null,null,null,null,null,null,null,null,null,null,null,null,null,9.890093,8.9191,8.338927,7.819674,7.323287,6.947906,6.632864,6.33239,6.075999,5.840519,5.632591,5.448212,5.282552,0.805679,0.785788,0.766074,0.773155],