{"word":"transduce","years":[1800,1801,1802,1803,1804,1805,1806,1807,1808,1809,1810,1811,1812,1813,1814,1815,1816,1817,1818,1819,1820,1821,1822,1823,1824,1825,1826,1827,1828,1829,1830,1831,1832,1833,1834,1835,1836,1837,1838,1839,1840,1841,1842,1843,1844,1845,1846,1847,1848,1849,1850,1851,1852,1853,1854,1855,1856,1857,1858,1859,1860,1861,1862,1863,1864,1865,1866,1867,1868,1869,1870,1871,1872,1873,1874,1875,1876,1877,1878,1879,1880,1881,1882,1883,1884,1885,1886,1887,1888,1889,1890,1891,1892,1893,1894,1895,1896,1897,1898,1899,1900,1901,1902,1903,1904,1905,1906,1907,1908,1909,1910,1911,1912,1913,1914,1915,1916,1917,1918,1919,1920,1921,1922,1923,1924,1925,1926,1927,1928,1929,1930,1931,1932,1933,1934,1935,1936,1937,1938,1939,1940,1941,1942,1943,1944,1945,1946,1947,1948,1949,1950,1951,1952,1953,1954,1955,1956,1957,1958,1959,1960,1961,1962,1963,1964,1965,1966,1967,1968,1969,1970,1971,1972,1973,1974,1975,1976,1977,1978,1979,1980,1981,1982,1983,1984,1985,1986,1987,1988,1989,1990,1991,1992,1993,1994,1995,1996,1997,1998,1999,2000,2001,2002,2003,2004,2005,2006,2007,2008],"level":[-18.942426,-18.941486,-18.940547,-18.939607,-18.938667,-18.937727,-18.936787,-18.935847,-18.934907,-18.933967,-18.933027,-18.932088,-18.931148,-18.930208,-18.929268,-18.928328,-18.927388,-18.926448,-18.925508,-18.924568,-18.923628,-18.922688,-18.921748,-18.920808,-18.919868,-18.918928,-18.917988,-18.939185,-18.960379,-18.981566,-19.002743,-19.023907,-19.045054,-19.066181,-19.087286,-19.108364,-19.129412,-19.150428,-19.171407,-19.192346,-19.213243,-19.234093,-19.254894,-19.275642,-19.296334,-19.316967,-19.337537,-19.358041,-19.378476,-19.398838,-19.419124,-19.439331,-19.459456,-19.479495,-19.499445,-19.519302,-19.539064,-19.558727,-19.578288,-19.597743,-19.617089,-19.636323,-19.655442,-19.674442,-19.69332,-19.712072,-19.730696,-19.749188,-19.767545,-19.785763,-19.803839,-19.82177,-19.839553,-19.857184,-19.87466,-19.891978,-19.909134,-19.926125,-19.942948,-19.9596,-19.976076,-19.992375,-20.008492,-20.024424,-20.040169,-20.055722,-20.07108,-20.086241,-20.101201,-20.115955,-20.130503,-20.144839,-20.15896,-20.172864,-20.186547,-20.200006,-20.213237,-20.226237,-20.239003,-20.251532,-20.263819,-20.275863,-20.287659,-20.299205,-20.310497,-20.321531,-20.332305,-20.342815,-20.353058,-20.36303,-20.372729,-20.382151,-20.391292,-20.400149,-20.40872,-20.417,-20.424987,-20.432677,-20.440067,-20.447153,-20.453933,-20.460403,-20.466559,-20.472399,-20.477918,-20.483115,-20.487985,-20.492525,-20.496732,-20.500603,-20.504133,-20.507321,-20.510163,-20.512655,-20.514794,-20.516577,-20.518,-20.51906,-20.519755,-20.52008,-20.520032,-20.519608,-20.518805,-20.51762,-20.516048,-20.514088,-20.511734,-20.525793,-20.53945,-20.224416,-19.762456,-19.38656,-18.436904,-18.643572,-19.747204,-19.781815,-20.197562,-19.262292,-18.554893,-18.16901,-17.916433,-17.549903,-17.763668,-17.513743,-17.219876,-17.230573,-17.342475,-17.145948,-17.00081,-17.259864,-17.307778,-17.150309,-16.939056,-16.845326,-16.793055,-16.754601,-16.795278,-16.853113,-16.804469,-16.89387,-16.803819,-16.723491,-16.679412,-16.554755,-16.600781,-16.551741,-16.374502,-16.339354,-16.34603,-16.216291,-16.244105,-16.181629,-16.15201,-16.052363,-16.061062,-15.992187,-15.942982,-15.843759,-15.845533,-15.810618,-15.82348,-15.790764,-15.741373,-15.76957,-15.809373,-15.827567,-15.879337,-15.960515,-16.141489],"drift":[0.00094263,0.00094263,0.00094263,0.00094263,0.00094263,0.00094263,0.00094264,0.00094264,0.00094264,0.00094265,0.00094265,0.00094266,0.00094266,0.00094267,0.00094267,0.00094268,0.00094268,0.00094269,0.0009427,0.00094271,0.00094271,0.00094272,0.00094273,0.00094274,0.00094275,0.00094276,0.00094277,0.00094608,0.00095269,0.00096259,0.0009758,0.0009923,0.0010121,0.00103519,0.00106159,0.00109128,0.00112428,0.00116057,0.00120016,0.00124304,0.00128923,0.00133871,0.00139149,0.00144757,0.00150695,0.00156962,0.0016356,0.00170487,0.00177744,0.00185331,0.00193247,0.00201494,0.0021007,0.00218976,0.00228212,0.00237778,0.00247673,0.00257898,0.00268454,0.00279338,0.00290553,0.00302098,0.00313972,0.00326176,0.0033871,0.00351574,0.00364768,0.00378291,0.00392145,0.00406328,0.00420841,0.00435683,0.00450856,0.00466358,0.00482191,0.00498353,0.00514844,0.00531666,0.00548817,0.00566299,0.0058411,0.00602251,0.00620721,0.00639522,0.00658652,0.00678112,0.00697902,0.00718022,0.00738472,0.00759251,0.0078036,0.00801799,0.00823568,0.00845667,0.00868095,0.00890853,0.00913942,0.00937359,0.00961107,0.00985185,0.01009592,0.01034329,0.01059396,0.01084793,0.0111052,0.01136576,0.01162962,0.01189678,0.01216724,0.012441,0.01271805,0.01299841,0.01328206,0.01356901,0.01385926,0.0141528,0.01444965,0.01474979,0.01505323,0.01535997,0.01567,0.01598334,0.01629997,0.0166199,0.01694313,0.01726966,0.01759948,0.01793261,0.01826903,0.01860875,0.01895177,0.01929808,0.0196477,0.02000061,0.02035682,0.02071633,0.02107913,0.02144524,0.02181464,0.02218734,0.02256334,0.02294264,0.02332524,0.02371113,0.02410032,0.02449281,0.0248886,0.02529019,0.02569758,0.02606187,0.02636123,0.02660851,0.02671829,0.02686283,0.02717579,0.02749795,0.02788614,0.02813915,0.02829098,0.02838953,0.02845469,0.02846949,0.02852037,0.02853827,0.02851664,0.02850086,0.02850599,0.02848609,0.02844881,0.02845436,0.02847129,0.028469,0.02843948,0.02840024,0.02835744,0.02831313,0.0282791,0.02825791,0.02823367,0.02822696,0.02821104,0.02818735,0.0281613,0.02812087,0.02809149,0.02805899,0.02800426,0.02794847,0.02789784,0.02783204,0.02777452,0.02771184,0.02764887,0.02757518,0.02750689,0.02743244,0.02735474,0.02726634,0.02718226,0.02709704,0.02701776,0.02693764,0.02685417,0.0267789,0.02671355,0.02665489,0.02660792,0.026577,0.026577],"instab":[null,null,null,null,null,null,null,null,null,null,null,null,null,null,null,null,null,null,null,null,null,null,null,null,null,null,null,null,null,null,null,null,null,null,null,null,null,null,null,null,null,null,null,null,null,null,null,null,null,null,null,null,null,null,null,null,null,null,null,null,null,null,null,null,null,null,null,null,null,null,null,null,null,null,null,null,null,null,null,null,null,null,null,null,null,null,null,null,null,null,null,null,null,null,null,null,null,null,null,null,null,null,null,null,null,null,null,null,null,null,null,null,null,null,null,null,null,null,null,null,null,null,null,null,null,null,null,null,null,null,null,null,null,null,null,null,null,null,null,null,null,null,null,null,null,null,null,null,null,null,null,38.126482,34.676239,32.132339,30.205619,28.47787,27.071043,25.77134,24.649269,23.674084,22.812744,22.029838,21.346007,20.707827,20.120428,19.587186,0.914765,0.890429,0.885931,0.901117,0.897493,0.897351,0.795489,0.795223,0.606768,0.607391,0.506284,0.426445,0.355527,0.344202,0.340775,0.293148,0.258431,0.255292,0.229679,0.229871,0.221725,0.214893,0.199806,0.165961,0.160576,0.158251,0.143578,0.145335,0.147388,0.147545,0.145748,0.141326,0.141866,0.125567,0.127692,0.126939,0.126884,0.119807,0.116867,0.117122,0.100856,0.102597,0.132504],