{"word":"traumas","years":[1800,1801,1802,1803,1804,1805,1806,1807,1808,1809,1810,1811,1812,1813,1814,1815,1816,1817,1818,1819,1820,1821,1822,1823,1824,1825,1826,1827,1828,1829,1830,1831,1832,1833,1834,1835,1836,1837,1838,1839,1840,1841,1842,1843,1844,1845,1846,1847,1848,1849,1850,1851,1852,1853,1854,1855,1856,1857,1858,1859,1860,1861,1862,1863,1864,1865,1866,1867,1868,1869,1870,1871,1872,1873,1874,1875,1876,1877,1878,1879,1880,1881,1882,1883,1884,1885,1886,1887,1888,1889,1890,1891,1892,1893,1894,1895,1896,1897,1898,1899,1900,1901,1902,1903,1904,1905,1906,1907,1908,1909,1910,1911,1912,1913,1914,1915,1916,1917,1918,1919,1920,1921,1922,1923,1924,1925,1926,1927,1928,1929,1930,1931,1932,1933,1934,1935,1936,1937,1938,1939,1940,1941,1942,1943,1944,1945,1946,1947,1948,1949,1950,1951,1952,1953,1954,1955,1956,1957,1958,1959,1960,1961,1962,1963,1964,1965,1966,1967,1968,1969,1970,1971,1972,1973,1974,1975,1976,1977,1978,1979,1980,1981,1982,1983,1984,1985,1986,1987,1988,1989,1990,1991,1992,1993,1994,1995,1996,1997,1998,1999,2000,2001,2002,2003,2004,2005,2006,2007,2008],"level":[-18.137952,-18.163114,-18.196141,-18.229155,-18.262143,-18.295091,-18.327987,-18.360817,-18.393568,-18.426226,-18.45878,-18.491215,-18.523519,-18.555678,-18.587679,-18.61951,-18.651156,-18.682604,-18.713843,-18.744857,-18.775635,-18.806163,-18.836428,-18.866416,-18.896116,-18.925512,-18.954593,-18.983345,-19.011755,-19.03981,-19.067497,-19.094802,-19.121713,-19.148215,-19.174297,-19.199945,-19.225145,-19.249885,-19.274152,-19.297932,-19.321211,-19.343978,-19.366219,-19.387921,-19.409069,-19.429653,-19.449657,-19.46907,-19.487878,-19.506067,-19.523625,-19.540538,-19.556794,-19.572379,-19.58728,-19.601483,-19.614977,-19.627746,-19.639779,-19.651063,-19.661583,-19.671328,-19.680283,-19.688435,-19.695772,-19.710893,-19.725158,-19.738539,-19.751008,-19.762538,-19.773102,-19.788271,-19.802409,-19.81548,-19.827445,-19.838269,-19.847914,-19.856343,-19.86352,-19.869408,-19.873969,-19.856799,-19.867327,-19.849824,-19.842584,-19.833893,-19.823724,-19.812051,-19.821764,-19.829881,-19.814259,-19.796948,-19.793422,-19.741631,-19.688095,-19.579686,-19.469668,-19.318896,-19.114104,-19.024861,-18.782246,-18.560065,-18.417075,-18.382779,-18.276761,-18.144115,-18.121102,-18.028534,-17.923778,-17.846502,-17.669366,-17.505169,-17.357525,-17.347986,-17.336129,-17.335486,-17.250319,-17.221318,-17.265772,-17.323691,-17.360238,-17.351008,-17.336106,-17.387721,-17.493993,-17.521762,-17.541952,-17.450629,-17.476645,-17.391647,-17.345261,-17.253671,-17.192363,-17.119873,-17.010585,-16.865761,-16.695022,-16.547292,-16.452951,-16.406625,-16.392727,-16.344113,-16.310974,-16.260488,-16.213191,-16.192194,-16.169563,-16.147261,-16.121918,-16.053229,-15.954036,-15.830077,-15.729899,-15.629025,-15.606285,-15.577285,-15.581,-15.571681,-15.591608,-15.602193,-15.589471,-15.552448,-15.527006,-15.514918,-15.498067,-15.472534,-15.440771,-15.398746,-15.341245,-15.267433,-15.173275,-15.074763,-14.978778,-14.886859,-14.814426,-14.748606,-14.68965,-14.641137,-14.593813,-14.549487,-14.509019,-14.471089,-14.432059,-14.396598,-14.354707,-14.314039,-14.279674,-14.243898,-14.206323,-14.169985,-14.129533,-14.090777,-14.053995,-14.014183,-13.979278,-13.946884,-13.915029,-13.893342,-13.878586,-13.873888,-13.87274,-13.874377,-13.875345,-13.874531,-13.869758,-13.867413,-13.867934,-13.867409,-13.866255],"drift":[-0.02516137,-0.02516137,-0.02514821,-0.02512191,-0.02508244,-0.02502982,-0.02496405,-0.02488513,-0.02479305,-0.02468781,-0.02456943,-0.02443788,-0.02429319,-0.02413534,-0.02396433,-0.02378017,-0.02358286,-0.0233724,-0.02314877,-0.022912,-0.02266207,-0.02239899,-0.02212275,-0.02183336,-0.02153081,-0.02121511,-0.02088626,-0.02054425,-0.02018908,-0.01982077,-0.0194393,-0.01904467,-0.01863689,-0.01821596,-0.01778187,-0.01733463,-0.01687423,-0.01640068,-0.01591398,-0.01541412,-0.01490111,-0.01437494,-0.01383562,-0.01328315,-0.01271752,-0.01213873,-0.0115468,-0.01094171,-0.01032346,-0.00969206,-0.00904751,-0.0083898,-0.00771894,-0.00703492,-0.00633775,-0.00562742,-0.00490394,-0.00416731,-0.00341752,-0.00265458,-0.00187849,-0.00108924,-0.00028683,0.00052873,0.00135744,0.0022137,0.00309753,0.00400891,0.00494785,0.00591434,0.00690839,0.00793937,0.00900726,0.01011207,0.01125381,0.01243246,0.01364804,0.01490053,0.01618995,0.01751628,0.01887954,0.02024566,0.02166323,0.02308777,0.02453881,0.02601635,0.02752039,0.02905093,0.0306463,0.0323065,0.03399459,0.03571059,0.0374804,0.03922629,0.04094825,0.04255739,0.04405371,0.04537157,0.04642283,0.04740248,0.04805567,0.04841768,0.04862152,0.04884933,0.04898153,0.04897382,0.04900952,0.04897238,0.04884196,0.04866398,0.04827115,0.04768447,0.04693062,0.0462393,0.04560547,0.04504684,0.04442112,0.04382118,0.04336887,0.04308594,0.04293618,0.04284279,0.04279613,0.04290734,0.04326804,0.04374753,0.04433394,0.04484178,0.0454681,0.04602833,0.04658795,0.04707232,0.04753288,0.0479517,0.04826796,0.04842274,0.04837296,0.04815704,0.04786388,0.04757329,0.04733901,0.04710261,0.04688955,0.04667049,0.04645037,0.04627282,0.04613481,0.04603665,0.04597309,0.04587155,0.04568084,0.04535923,0.04494594,0.04443912,0.04396859,0.04352309,0.04315659,0.04284667,0.04264174,0.04252581,0.04245973,0.04240273,0.0423741,0.04239612,0.04246086,0.0425539,0.042665,0.04277716,0.0428647,0.04290049,0.04285055,0.04270754,0.04247543,0.04216063,0.04179521,0.04138961,0.04095463,0.04050702,0.040048,0.03958183,0.03911418,0.03864851,0.0381822,0.03772044,0.03725171,0.03677726,0.03630685,0.03583733,0.0353649,0.03489084,0.03440748,0.03391685,0.03342143,0.03291532,0.03240589,0.03189647,0.03138713,0.030894,0.03042787,0.03000476,0.02962991,0.02930735,0.02903541,0.02881067,0.02862613,0.02848555,0.02839346,0.02834799,0.02834799],"instab":[null,null,null,null,null,null,null,null,null,null,null,null,null,null,null,null,null,null,null,null,null,null,null,null,null,null,null,null,null,null,null,null,null,null,null,null,null,null,null,null,null,null,null,null,null,null,null,null,null,null,null,null,null,null,null,null,null,null,null,null,null,null,null,null,null,null,null,null,null,null,null,null,null,null,null,null,null,null,null,null,null,null,254.076313,231.921984,0.303187,0.303187,0.303187,0.298759,0.298759,0.306024,0.334652,0.316275,0.349111,0.349111,0.336735,0.336735,0.327327,0.313842,0.638681,0.72984,0.77695,0.862001,0.90417,0.960559,0.927787,0.938782,0.954527,0.956589,0.927349,0.963915,0.938819,0.941405,0.976706,0.962022,0.958961,0.990337,0.993008,0.993912,0.923487,0.885271,0.893151,0.834453,0.774857,0.752471,0.819918,0.751908,0.786251,0.854695,0.892774,0.887519,0.876059,0.873895,0.765298,0.765162,0.765435,0.738326,0.742847,0.76249,0.77813,0.767332,0.753853,0.752444,0.745292,0.74439,0.674302,0.669938,0.588313,0.508557,0.416377,0.404025,0.391206,0.390833,0.391109,0.429719,0.434334,0.434648,0.424242,0.375588,0.358914,0.36574,0.357896,0.356819,0.353978,0.355198,0.350484,0.350281,0.350524,0.350568,0.333505,0.330976,0.333897,0.314595,0.316987,0.238501,0.240745,0.236635,0.227422,0.225234,0.209714,0.179968,0.155657,0.156571,0.156586,0.153662,0.145879,0.141182,0.137684,0.133193,0.130534,0.131447,0.129024,0.120163,0.1109,0.073085,0.062657,0.053504,0.042964,0.0426,0.041717,0.045093,0.049864,0.057683,0.063571,0.068093,0.067989,0.065056,0.067181,0.0684,0.096285],