{"word":"treason","years":[1800,1801,1802,1803,1804,1805,1806,1807,1808,1809,1810,1811,1812,1813,1814,1815,1816,1817,1818,1819,1820,1821,1822,1823,1824,1825,1826,1827,1828,1829,1830,1831,1832,1833,1834,1835,1836,1837,1838,1839,1840,1841,1842,1843,1844,1845,1846,1847,1848,1849,1850,1851,1852,1853,1854,1855,1856,1857,1858,1859,1860,1861,1862,1863,1864,1865,1866,1867,1868,1869,1870,1871,1872,1873,1874,1875,1876,1877,1878,1879,1880,1881,1882,1883,1884,1885,1886,1887,1888,1889,1890,1891,1892,1893,1894,1895,1896,1897,1898,1899,1900,1901,1902,1903,1904,1905,1906,1907,1908,1909,1910,1911,1912,1913,1914,1915,1916,1917,1918,1919,1920,1921,1922,1923,1924,1925,1926,1927,1928,1929,1930,1931,1932,1933,1934,1935,1936,1937,1938,1939,1940,1941,1942,1943,1944,1945,1946,1947,1948,1949,1950,1951,1952,1953,1954,1955,1956,1957,1958,1959,1960,1961,1962,1963,1964,1965,1966,1967,1968,1969,1970,1971,1972,1973,1974,1975,1976,1977,1978,1979,1980,1981,1982,1983,1984,1985,1986,1987,1988,1989,1990,1991,1992,1993,1994,1995,1996,1997,1998,1999,2000,2001,2002,2003,2004,2005,2006,2007,2008,2009,2010,2011,2012,2013,2014,2015,2016,2017,2018,2019],"level":[-11.962129,-12.022073,-11.879917,-11.782458,-11.31855,-11.050431,-10.88249,-10.755529,-10.639183,-10.864717,-10.921496,-10.861543,-10.794009,-10.728124,-10.895114,-10.954674,-10.986441,-10.916985,-10.809624,-10.809537,-11.027451,-11.239662,-11.102824,-11.237741,-11.263369,-11.323526,-11.402315,-11.291649,-11.325059,-11.290125,-11.305045,-11.452094,-11.615208,-11.415726,-11.441955,-11.517255,-11.39382,-11.494831,-11.535354,-11.470918,-11.383722,-11.294549,-11.339354,-11.41667,-11.360222,-11.406349,-11.306982,-11.203781,-11.290322,-11.369182,-11.338201,-11.205168,-11.101268,-11.308445,-11.375523,-11.475238,-11.349677,-11.3889,-11.482195,-11.372385,-11.150469,-10.785112,-10.532194,-10.750935,-10.776421,-10.920546,-10.92995,-11.134905,-11.272704,-11.596852,-11.734268,-11.831754,-11.949089,-12.014613,-12.075571,-12.027456,-11.963218,-12.061107,-12.052269,-12.019242,-12.015738,-12.074986,-12.109658,-12.185214,-12.214271,-12.271898,-12.317506,-12.330988,-12.334761,-12.386137,-12.379868,-12.449519,-12.434598,-12.437151,-12.390959,-12.377939,-12.365369,-12.430831,-12.482764,-12.418004,-12.469986,-12.523488,-12.547891,-12.727124,-12.81798,-12.864809,-12.91724,-12.9539,-12.962951,-12.872135,-12.763337,-12.794963,-13.02394,-13.131906,-13.162652,-13.184958,-13.135568,-12.995993,-13.004753,-13.123656,-13.259842,-13.316864,-13.264533,-13.258298,-13.305975,-13.346126,-13.252051,-13.318662,-13.342385,-13.304785,-13.362234,-13.401397,-13.403699,-13.398185,-13.383823,-13.333817,-13.286218,-13.253001,-13.312587,-13.30874,-13.263581,-13.204345,-13.167602,-13.162107,-13.204189,-13.248855,-13.210953,-13.234249,-13.260974,-13.230161,-13.147773,-13.178836,-13.161201,-13.17124,-13.15367,-13.248864,-13.343845,-13.380196,-13.445,-13.427833,-13.385068,-13.358472,-13.328721,-13.300605,-13.259693,-13.189728,-13.176143,-13.143446,-13.077984,-13.081767,-13.073547,-13.095869,-13.254699,-13.339427,-13.414276,-13.547578,-13.651717,-13.705575,-13.771946,-13.776382,-13.805904,-13.804354,-13.816257,-13.810793,-13.792374,-13.759756,-13.736805,-13.730425,-13.755714,-13.778488,-13.74589,-13.782645,-13.798614,-13.818227,-13.833492,-13.789317,-13.766088,-13.708062,-13.603232,-13.536097,-13.489112,-13.501809,-13.472187,-13.416484,-13.389124,-13.330626,-13.265839,-13.2831,-13.212292,-13.138656,-13.163888,-13.145221,-13.236191,-13.18716,-13.079156,-13.031326,-13.025876,-13.023739,-12.990603,-12.968079],"drift":[-0.00459334,-0.00459334,-0.00459334,-0.00459334,-0.00459334,-0.00459334,-0.00459334,-0.00459334,-0.00459334,-0.00459334,-0.00459335,-0.00459335,-0.00459335,-0.00459335,-0.00459335,-0.00459335,-0.00459335,-0.00459336,-0.00459336,-0.00459336,-0.00459336,-0.00459336,-0.00459336,-0.00459336,-0.00459336,-0.00459336,-0.00459337,-0.00459337,-0.00459337,-0.00459337,-0.00459337,-0.00459337,-0.00459337,-0.00459337,-0.00459337,-0.00459337,-0.00459337,-0.00459338,-0.00459338,-0.00459338,-0.00459338,-0.00459338,-0.00459338,-0.00459338,-0.00459338,-0.00459338,-0.00459338,-0.00459338,-0.00459339,-0.00459339,-0.00459339,-0.00459339,-0.00459339,-0.00459339,-0.00459339,-0.00459339,-0.00459339,-0.0045934,-0.0045934,-0.0045934,-0.0045934,-0.0045934,-0.0045934,-0.0045934,-0.00459341,-0.00459341,-0.00459341,-0.00459341,-0.00459341,-0.00459341,-0.00459341,-0.00459341,-0.00459341,-0.00459342,-0.00459342,-0.00459342,-0.00459342,-0.00459342,-0.00459342,-0.00459342,-0.00459342,-0.00459342,-0.00459342,-0.00459342,-0.00459342,-0.00459342,-0.00459342,-0.00459342,-0.00459342,-0.00459342,-0.00459342,-0.00459342,-0.00459342,-0.00459342,-0.00459342,-0.00459342,-0.00459342,-0.00459342,-0.00459342,-0.00459342,-0.00459342,-0.00459342,-0.00459342,-0.00459342,-0.00459342,-0.00459342,-0.00459342,-0.00459342,-0.00459342,-0.00459341,-0.00459341,-0.00459341,-0.00459341,-0.00459341,-0.00459341,-0.00459341,-0.00459341,-0.00459341,-0.00459341,-0.00459341,-0.00459341,-0.00459341,-0.00459341,-0.0045934,-0.0045934,-0.0045934,-0.0045934,-0.0045934,-0.0045934,-0.0045934,-0.0045934,-0.0045934,-0.0045934,-0.00459339,-0.00459339,-0.00459339,-0.00459339,-0.00459339,-0.00459339,-0.00459339,-0.00459339,-0.00459339,-0.00459339,-0.00459339,-0.00459339,-0.00459338,-0.00459338,-0.00459338,-0.00459338,-0.00459338,-0.00459338,-0.00459338,-0.00459338,-0.00459338,-0.00459338,-0.00459338,-0.00459338,-0.00459338,-0.00459338,-0.00459337,-0.00459337,-0.00459337,-0.00459337,-0.00459337,-0.00459337,-0.00459337,-0.00459337,-0.00459337,-0.00459337,-0.00459337,-0.00459337,-0.00459337,-0.00459337,-0.00459337,-0.00459337,-0.00459336,-0.00459336,-0.00459336,-0.00459336,-0.00459336,-0.00459336,-0.00459336,-0.00459336,-0.00459335,-0.00459335,-0.00459335,-0.00459335,-0.00459335,-0.00459335,-0.00459335,-0.00459335,-0.00459335,-0.00459334,-0.00459334,-0.00459334,-0.00459334,-0.00459334,-0.00459334,-0.00459334,-0.00459334,-0.00459334,-0.00459334,-0.00459333,-0.00459333,-0.00459333,-0.00459333,-0.00459333,-0.00459333,-0.00459333,-0.00459333,-0.00459333,-0.00459333,-0.00459333,-0.00459333,-0.00459333,-0.00459333,-0.00459333,-0.00459333,-0.00459333,-0.00459333],