{"word":"triathletes","years":[1800,1801,1802,1803,1804,1805,1806,1807,1808,1809,1810,1811,1812,1813,1814,1815,1816,1817,1818,1819,1820,1821,1822,1823,1824,1825,1826,1827,1828,1829,1830,1831,1832,1833,1834,1835,1836,1837,1838,1839,1840,1841,1842,1843,1844,1845,1846,1847,1848,1849,1850,1851,1852,1853,1854,1855,1856,1857,1858,1859,1860,1861,1862,1863,1864,1865,1866,1867,1868,1869,1870,1871,1872,1873,1874,1875,1876,1877,1878,1879,1880,1881,1882,1883,1884,1885,1886,1887,1888,1889,1890,1891,1892,1893,1894,1895,1896,1897,1898,1899,1900,1901,1902,1903,1904,1905,1906,1907,1908,1909,1910,1911,1912,1913,1914,1915,1916,1917,1918,1919,1920,1921,1922,1923,1924,1925,1926,1927,1928,1929,1930,1931,1932,1933,1934,1935,1936,1937,1938,1939,1940,1941,1942,1943,1944,1945,1946,1947,1948,1949,1950,1951,1952,1953,1954,1955,1956,1957,1958,1959,1960,1961,1962,1963,1964,1965,1966,1967,1968,1969,1970,1971,1972,1973,1974,1975,1976,1977,1978,1979,1980,1981,1982,1983,1984,1985,1986,1987,1988,1989,1990,1991,1992,1993,1994,1995,1996,1997,1998,1999,2000,2001,2002,2003,2004,2005,2006,2007,2008],"level":[-99.092785,-98.668553,-98.24432,-97.820085,-97.395847,-96.971606,-96.54736,-96.123109,-95.698851,-95.274586,-94.850312,-94.42603,-94.001737,-93.577433,-93.153117,-92.728789,-92.304446,-91.880089,-91.455716,-91.031327,-90.60692,-90.182494,-89.75805,-89.333585,-88.909099,-88.484591,-88.06006,-87.635504,-87.210924,-86.786319,-86.361686,-85.937026,-85.512338,-85.08762,-84.662871,-84.238092,-83.81328,-83.388435,-82.963556,-82.538642,-82.113692,-81.688705,-81.263681,-80.838618,-80.413515,-79.988372,-79.563187,-79.13796,-78.71269,-78.287376,-77.862016,-77.436611,-77.011159,-76.585658,-76.160109,-75.734511,-75.308861,-74.883161,-74.457407,-74.031601,-73.60574,-73.179824,-72.753851,-72.327822,-71.901734,-71.475588,-71.049382,-70.623115,-70.196787,-69.770396,-69.343941,-68.917422,-68.490838,-68.064188,-67.63747,-67.210684,-66.783829,-66.356905,-65.929909,-65.502842,-65.075701,-64.648488,-64.221199,-63.793836,-63.366396,-62.938878,-62.511283,-62.083608,-61.655853,-61.228017,-60.8001,-60.372099,-59.944015,-59.515846,-59.087591,-58.65925,-58.230822,-57.802305,-57.373699,-56.945003,-56.516216,-56.087336,-55.658364,-55.229298,-54.800137,-54.370881,-53.941527,-53.512077,-53.082527,-52.652879,-52.22313,-51.79328,-51.363327,-50.933272,-50.503113,-50.072848,-49.642478,-49.212001,-48.781417,-48.350724,-47.919921,-47.489008,-47.057984,-46.626847,-46.195598,-45.764234,-45.332755,-44.90116,-44.469448,-44.037618,-43.60567,-43.173602,-42.741414,-42.309104,-41.876672,-41.444116,-41.011436,-40.578631,-40.1457,-39.712642,-39.279456,-38.846142,-38.412697,-37.979122,-37.545415,-37.111576,-36.677603,-36.243496,-35.809254,-35.374875,-34.94036,-34.505706,-34.070913,-33.635981,-33.200908,-32.765693,-32.330335,-31.894834,-31.459188,-31.023397,-30.58746,-30.151375,-29.715143,-29.278761,-28.842229,-28.405546,-27.968712,-27.531724,-27.094583,-26.657288,-26.219837,-25.782229,-25.344464,-24.906541,-24.468459,-24.030216,-23.591813,-23.153247,-22.714519,-22.275627,-21.83657,-21.351651,-20.867385,-17.978617,-17.490054,-17.078092,-16.928547,-17.051848,-18.071604,-18.216989,-17.897785,-17.826047,-17.595955,-17.745559,-17.306911,-17.537762,-17.163634,-17.504225,-17.297232,-16.747578,-16.737827,-16.931638,-17.290665,-16.777943,-16.795949,-16.856249,-16.838214,-16.997092,-16.903566],"drift":[0.42428331,0.42428423,0.42428608,0.42428884,0.42429253,0.42429713,0.42430266,0.4243091,0.42431647,0.42432475,0.42433396,0.42434409,0.42435513,0.4243671,0.42437998,0.42439379,0.42440852,0.42442416,0.42444073,0.42445822,0.42447663,0.42449595,0.4245162,0.42453737,0.42455946,0.42458247,0.4246064,0.42463124,0.42465701,0.4246837,0.42471131,0.42473984,0.42476929,0.42479966,0.42483095,0.42486316,0.42489629,0.42493034,0.42496531,0.42500121,0.42503802,0.42507575,0.4251144,0.42515397,0.42519446,0.42523588,0.42527821,0.42532146,0.42536563,0.42541073,0.42545674,0.42550367,0.42555153,0.4256003,0.42564999,0.42570061,0.42575214,0.4258046,0.42585797,0.42591226,0.42596748,0.42602361,0.42608067,0.42613865,0.42619754,0.42625736,0.42631809,0.42637975,0.42644232,0.42650582,0.42657024,0.42663558,0.42670183,0.42676901,0.42683711,0.42690612,0.42697606,0.42704692,0.4271187,0.4271914,0.42726502,0.42733955,0.42741501,0.42749139,0.42756869,0.42764691,0.42772605,0.42780611,0.42788709,0.42796899,0.42805181,0.42813555,0.42822021,0.42830579,0.42839229,0.42847971,0.42856806,0.42865732,0.4287475,0.4288386,0.42893062,0.42902357,0.42911743,0.42921221,0.42930791,0.42940454,0.42950208,0.42960054,0.42969993,0.42980023,0.42990146,0.4300036,0.43010666,0.43021065,0.43031555,0.43042138,0.43052812,0.43063579,0.43074437,0.43085388,0.43096431,0.43107565,0.43118792,0.4313011,0.43141521,0.43153024,0.43164618,0.43176305,0.43188084,0.43199955,0.43211917,0.43223972,0.43236119,0.43248358,0.43260689,0.43273111,0.43285626,0.43298233,0.43310932,0.43323723,0.43336606,0.43349581,0.43362648,0.43375807,0.43389058,0.43402401,0.43415836,0.43429363,0.43442982,0.43456693,0.43470496,0.43484392,0.43498379,0.43512458,0.43526629,0.43540892,0.43555248,0.43569695,0.43584234,0.43598865,0.43613589,0.43628404,0.43643311,0.43658311,0.43673402,0.43688585,0.43703861,0.43719228,0.43734688,0.43750239,0.43765883,0.43781618,0.43797446,0.43813365,0.43829377,0.4384548,0.43861676,0.43877964,0.43894343,0.43910815,0.43927379,0.43862068,0.43714884,0.39170219,0.34451813,0.29612434,0.25035974,0.21129753,0.19431676,0.18342925,0.17010634,0.15854787,0.1457061,0.13816133,0.12522671,0.11867908,0.10754944,0.10445812,0.09952764,0.08652322,0.07489586,0.06808832,0.06894194,0.06183548,0.05616113,0.05257575,0.04960993,0.05038377,0.05038377],"instab":[null,null,null,null,null,null,null,null,null,null,null,null,null,null,null,null,null,null,null,null,null,null,null,null,null,null,null,null,null,null,null,null,null,null,null,null,null,null,null,null,null,null,null,null,null,null,null,null,null,null,null,null,null,null,null,null,null,null,null,null,null,null,null,null,null,null,null,null,null,null,null,null,null,null,null,null,null,null,null,null,null,null,null,null,null,null,null,null,null,null,null,null,null,null,null,null,null,null,null,null,null,null,null,null,null,null,null,null,null,null,null,null,null,null,null,null,null,null,null,null,null,null,null,null,null,null,null,null,null,null,null,null,null,null,null,null,null,null,null,null,null,null,null,null,null,null,null,null,null,null,null,null,null,null,null,null,null,null,null,null,null,null,null,null,null,null,null,null,null,null,null,null,null,null,null,null,null,null,null,null,null,null,null,null,null,10.225547,9.224222,8.471187,7.848284,7.378199,7.011331,6.681734,6.40404,6.143837,5.936021,5.726634,5.556723,5.383611,5.235192,5.10894,1.172336,1.142226,1.129353,0.691529,0.675137,0.667087,0.654432,0.636722,0.445362],