{"word":"triangulates","years":[1800,1801,1802,1803,1804,1805,1806,1807,1808,1809,1810,1811,1812,1813,1814,1815,1816,1817,1818,1819,1820,1821,1822,1823,1824,1825,1826,1827,1828,1829,1830,1831,1832,1833,1834,1835,1836,1837,1838,1839,1840,1841,1842,1843,1844,1845,1846,1847,1848,1849,1850,1851,1852,1853,1854,1855,1856,1857,1858,1859,1860,1861,1862,1863,1864,1865,1866,1867,1868,1869,1870,1871,1872,1873,1874,1875,1876,1877,1878,1879,1880,1881,1882,1883,1884,1885,1886,1887,1888,1889,1890,1891,1892,1893,1894,1895,1896,1897,1898,1899,1900,1901,1902,1903,1904,1905,1906,1907,1908,1909,1910,1911,1912,1913,1914,1915,1916,1917,1918,1919,1920,1921,1922,1923,1924,1925,1926,1927,1928,1929,1930,1931,1932,1933,1934,1935,1936,1937,1938,1939,1940,1941,1942,1943,1944,1945,1946,1947,1948,1949,1950,1951,1952,1953,1954,1955,1956,1957,1958,1959,1960,1961,1962,1963,1964,1965,1966,1967,1968,1969,1970,1971,1972,1973,1974,1975,1976,1977,1978,1979,1980,1981,1982,1983,1984,1985,1986,1987,1988,1989,1990,1991,1992,1993,1994,1995,1996,1997,1998,1999,2000,2001,2002,2003,2004,2005,2006,2007,2008],"level":[-18.19872,-18.211867,-18.225013,-18.23816,-18.251306,-18.264453,-18.2776,-18.290746,-18.303893,-18.320806,-18.337717,-18.354625,-18.371526,-18.388418,-18.4053,-18.42217,-18.439025,-18.455864,-18.472683,-18.489482,-18.506258,-18.523009,-18.539732,-18.556427,-18.57309,-18.58972,-18.606314,-18.622871,-18.639388,-18.655864,-18.672295,-18.688681,-18.705019,-18.721307,-18.737542,-18.753724,-18.769849,-18.785915,-18.801922,-18.817865,-18.833744,-18.849557,-18.8653,-18.880972,-18.896572,-18.912096,-18.927544,-18.942912,-18.958198,-18.973402,-18.988519,-19.00355,-19.01849,-19.033339,-19.048094,-19.062753,-19.077313,-19.091774,-19.106133,-19.120387,-19.134535,-19.148575,-19.162504,-19.17632,-19.151514,-19.061077,-19.0747,-19.08828,-19.092955,-19.097588,-19.102183,-19.106741,-19.111267,-19.097553,-19.083821,-19.070084,-19.056356,-19.042649,-19.028977,-19.015351,-19.001785,-18.988291,-18.974884,-18.961574,-18.948376,-18.935303,-18.956315,-18.977458,-18.998727,-19.111966,-19.225268,-19.338575,-19.456238,-19.57379,-19.691173,-19.808327,-19.925194,-19.978616,-19.978796,-20.072186,-20.100273,-20.055036,-20.008941,-19.879751,-19.774981,-19.700712,-19.652006,-19.669651,-19.666536,-19.663268,-19.651771,-19.640136,-19.628372,-19.676161,-19.709627,-19.742935,-19.852063,-19.96096,-20.067545,-20.173785,-20.279623,-20.33271,-20.359458,-20.342305,-20.308048,-20.262411,-20.26602,-20.269184,-20.237065,-20.204518,-20.207876,-20.236767,-20.229596,-20.201426,-20.172845,-20.143868,-20.141752,-20.139254,-20.15398,-20.168311,-20.129167,-20.089639,-20.005665,-19.943384,-19.880812,-19.906193,-20.004364,-20.102199,-20.19964,-20.223263,-20.235142,-20.24654,-20.257446,-20.263133,-20.351043,-20.370639,-20.317213,-20.298786,-20.338367,-20.49232,-20.567096,-20.555302,-20.542781,-20.529529,-20.46405,-20.422049,-20.514463,-20.529692,-20.598545,-20.582851,-20.408448,-20.323028,-20.194535,-20.134547,-19.968816,-19.88654,-19.788239,-19.698341,-19.601646,-19.601809,-19.607599,-19.571176,-19.456713,-19.373927,-19.250697,-19.129309,-19.054776,-18.983547,-18.919067,-18.871826,-18.80141,-18.739862,-18.70026,-18.647709,-18.614655,-18.575727,-18.518754,-18.454723,-18.383387,-18.318934,-18.261765,-18.188866,-18.138436,-18.095128,-18.063262,-18.023231,-18.011945,-18.001356,-17.993653],"drift":[-0.01314608,-0.01314608,-0.01314608,-0.01314608,-0.01314608,-0.01314608,-0.01314608,-0.01314607,-0.01314607,-0.01314398,-0.01313981,-0.01313355,-0.01312521,-0.01311478,-0.01310226,-0.01308766,-0.01307098,-0.0130522,-0.01303135,-0.0130084,-0.01298338,-0.01295626,-0.01292706,-0.01289578,-0.01286241,-0.01282695,-0.01278941,-0.01274978,-0.01270807,-0.01266427,-0.01261839,-0.01257042,-0.01252036,-0.01246822,-0.012414,-0.01235769,-0.01229929,-0.01223881,-0.01217624,-0.01211158,-0.01204485,-0.01197602,-0.01190511,-0.01183211,-0.01175703,-0.01167987,-0.01160061,-0.01151928,-0.01143585,-0.01135034,-0.01126275,-0.01117307,-0.0110813,-0.01098745,-0.01089152,-0.0107935,-0.01069339,-0.01059119,-0.01048692,-0.01038055,-0.0102721,-0.01016157,-0.01004895,-0.00993424,-0.00983876,-0.0097988,-0.00975672,-0.00971252,-0.00967111,-0.00963249,-0.00959666,-0.00956361,-0.00953336,-0.00951597,-0.00951146,-0.00951981,-0.00954103,-0.00957513,-0.00962209,-0.00968192,-0.00975462,-0.00984019,-0.00993863,-0.01004994,-0.01017411,-0.01031116,-0.01044229,-0.01056749,-0.01068676,-0.01074927,-0.010755,-0.01070397,-0.01059373,-0.01042427,-0.01019561,-0.00990774,-0.00956066,-0.0091893,-0.00882292,-0.00840973,-0.00798565,-0.00759103,-0.00722613,-0.00693675,-0.00670921,-0.00652649,-0.00637434,-0.00621596,-0.00606274,-0.00591469,-0.00577628,-0.00564751,-0.00552837,-0.00538584,-0.00522776,-0.00505415,-0.00482291,-0.00453407,-0.00418873,-0.0037869,-0.00332858,-0.00284271,-0.00234361,-0.00185531,-0.00138699,-0.00094471,-0.00050095,-5.571e-05,0.00037171,0.00078132,0.00119323,0.00162179,0.00204727,0.0024583,0.00285486,0.00323696,0.00361969,0.00400303,0.00439674,0.00480082,0.00518589,0.00555195,0.0058746,0.00616602,0.00642621,0.00670402,0.00703987,0.00743379,0.00788576,0.00835517,0.00883579,0.0093276,0.00983062,0.01034222,0.01090822,0.0114911,0.01205077,0.0126069,0.01319193,0.01386949,0.01459611,0.01532429,0.01605402,0.0167853,0.01748962,0.01818038,0.01893236,0.01970325,0.02052316,0.02134574,0.0220836,0.02278639,0.02343067,0.02405471,0.02460033,0.02511401,0.02558718,0.02602475,0.0264232,0.02683637,0.0272676,0.02769376,0.02807189,0.02841972,0.02871508,0.02895913,0.02917796,0.0293735,0.02954962,0.02971594,0.02985972,0.02998597,0.0301069,0.0302154,0.03032232,0.03042449,0.03051196,0.03058087,0.03062722,0.03065485,0.0306678,0.03065737,0.03063599,0.0306076,0.03057852,0.0305442,0.03052054,0.03050792,0.03050792],"instab":[null,null,null,null,null,null,null,null,null,null,null,null,null,null,null,null,null,null,null,null,null,null,null,null,null,null,null,null,null,null,null,null,null,null,null,null,null,null,null,null,null,null,null,null,null,null,null,null,null,null,null,null,null,null,null,null,null,null,null,null,null,null,null,null,null,null,null,null,null,null,null,null,54.704981,54.704981,54.704981,54.704981,54.704981,54.704981,54.704981,54.704981,54.704981,54.704981,54.704981,null,null,null,null,null,null,null,null,null,null,null,null,null,null,0.87605,0.893865,0.845721,0.790763,0.757219,0.715482,0.730129,0.729735,0.71285,0.714041,0.687049,0.697366,0.670401,0.670401,0.666538,0.658425,0.638983,0.638983,0.626006,0.513973,0.512172,0.500388,0.462808,0.52165,0.533706,0.532375,0.499792,0.466896,0.475368,0.447442,0.447707,0.447707,0.477072,0.462327,0.451025,0.418202,0.431391,0.431391,0.432339,0.432339,0.415035,0.415035,0.411928,0.334095,0.31751,0.320804,0.333541,0.407502,0.39755,0.39755,0.398924,0.529508,0.51955,0.542166,0.558212,0.557466,0.550782,0.586684,0.597155,0.587998,0.602037,0.605068,0.665617,0.677872,0.703408,0.713312,0.686574,0.64491,0.714578,0.717568,0.702978,0.680864,0.72192,0.773191,0.750173,0.783463,0.78024,0.804291,0.789866,0.787577,0.781988,0.79706,0.745624,0.717693,0.713009,0.700229,0.696442,0.694058,0.667323,0.625842,0.624718,0.580408,0.506289,0.45353,0.450268,0.425567,0.388476,0.329436,0.335096,0.332846,0.332977,0.271459,0.270465,0.249574,0.208494,0.186844,0.181023,0.179947,0.130144,0.134499,0.136012,0.148283],