{"word":"tricortical","years":[1800,1801,1802,1803,1804,1805,1806,1807,1808,1809,1810,1811,1812,1813,1814,1815,1816,1817,1818,1819,1820,1821,1822,1823,1824,1825,1826,1827,1828,1829,1830,1831,1832,1833,1834,1835,1836,1837,1838,1839,1840,1841,1842,1843,1844,1845,1846,1847,1848,1849,1850,1851,1852,1853,1854,1855,1856,1857,1858,1859,1860,1861,1862,1863,1864,1865,1866,1867,1868,1869,1870,1871,1872,1873,1874,1875,1876,1877,1878,1879,1880,1881,1882,1883,1884,1885,1886,1887,1888,1889,1890,1891,1892,1893,1894,1895,1896,1897,1898,1899,1900,1901,1902,1903,1904,1905,1906,1907,1908,1909,1910,1911,1912,1913,1914,1915,1916,1917,1918,1919,1920,1921,1922,1923,1924,1925,1926,1927,1928,1929,1930,1931,1932,1933,1934,1935,1936,1937,1938,1939,1940,1941,1942,1943,1944,1945,1946,1947,1948,1949,1950,1951,1952,1953,1954,1955,1956,1957,1958,1959,1960,1961,1962,1963,1964,1965,1966,1967,1968,1969,1970,1971,1972,1973,1974,1975,1976,1977,1978,1979,1980,1981,1982,1983,1984,1985,1986,1987,1988,1989,1990,1991,1992,1993,1994,1995,1996,1997,1998,1999,2000,2001,2002,2003,2004,2005,2006,2007,2008],"level":[-88.365453,-88.002535,-87.639617,-87.276697,-86.913775,-86.550852,-86.187925,-85.824994,-85.46206,-85.099121,-84.736176,-84.373226,-84.010269,-83.647305,-83.284333,-82.921353,-82.558365,-82.195367,-81.832359,-81.46934,-81.10631,-80.743268,-80.380214,-80.017147,-79.654067,-79.290972,-78.927862,-78.564738,-78.201597,-77.83844,-77.475266,-77.112074,-76.748864,-76.385635,-76.022386,-75.659118,-75.295829,-74.932519,-74.569187,-74.205832,-73.842455,-73.479054,-73.115629,-72.752179,-72.388704,-72.025203,-71.661675,-71.298121,-70.934539,-70.570928,-70.207289,-69.84362,-69.479921,-69.116191,-68.752431,-68.388638,-68.024813,-67.660955,-67.297064,-66.933138,-66.569178,-66.205182,-65.841151,-65.477083,-65.112977,-64.748835,-64.384653,-64.020433,-63.656174,-63.291874,-62.927534,-62.563153,-62.19873,-61.834264,-61.469756,-61.105203,-60.740607,-60.375966,-60.01128,-59.646547,-59.281769,-58.916943,-58.552069,-58.187147,-57.822176,-57.457156,-57.092086,-56.726965,-56.361793,-55.996569,-55.631292,-55.265963,-54.90058,-54.535143,-54.169651,-53.804104,-53.4385,-53.072841,-52.707124,-52.341349,-51.975516,-51.609625,-51.243673,-50.877662,-50.51159,-50.145457,-49.779262,-49.413005,-49.046684,-48.6803,-48.313852,-47.947339,-47.580761,-47.214117,-46.847406,-46.480628,-46.113782,-45.746868,-45.379885,-45.012833,-44.645711,-44.278518,-43.911253,-43.543917,-43.176509,-42.809027,-42.441472,-42.073843,-41.706138,-41.338359,-40.970503,-40.602571,-40.234562,-39.866475,-39.49831,-39.130066,-38.761742,-38.393339,-38.024854,-37.656289,-37.287641,-36.918911,-36.550098,-36.181202,-35.812221,-35.443156,-35.074005,-34.704768,-34.335444,-33.966034,-33.596535,-33.226949,-32.857273,-32.487508,-32.117653,-31.747707,-31.37767,-31.007541,-30.63732,-30.267005,-29.896597,-29.526095,-29.155498,-28.784806,-28.414017,-28.043132,-27.67215,-27.30107,-26.929892,-26.558615,-26.187238,-25.815761,-25.444184,-25.072505,-24.700724,-24.328841,-23.956855,-23.584765,-23.212571,-22.840273,-22.467869,-22.095358,-21.722742,-21.350018,-20.977186,-20.608251,-20.21606,-19.828598,-19.46443,-19.145797,-18.87602,-18.656387,-18.502777,-18.401917,-18.337525,-18.293856,-18.268902,-18.251071,-18.224586,-18.208185,-18.205394,-18.210277,-18.202271,-18.188047,-18.177011,-18.164228,-18.157409,-18.150108,-18.13977],"drift":[0.36291817,0.36291876,0.36291994,0.36292171,0.36292407,0.36292701,0.36293055,0.36293467,0.36293939,0.36294469,0.36295058,0.36295706,0.36296413,0.36297178,0.36298003,0.36298886,0.36299829,0.3630083,0.3630189,0.36303009,0.36304187,0.36305424,0.36306719,0.36308074,0.36309487,0.36310959,0.3631249,0.3631408,0.36315729,0.36317437,0.36319204,0.36321029,0.36322914,0.36324857,0.36326859,0.3632892,0.3633104,0.36333219,0.36335457,0.36337754,0.36340109,0.36342523,0.36344997,0.36347529,0.3635012,0.3635277,0.36355478,0.36358246,0.36361073,0.36363958,0.36366902,0.36369906,0.36372968,0.36376089,0.36379268,0.36382507,0.36385805,0.36389161,0.36392576,0.36396051,0.36399584,0.36403176,0.36406827,0.36410536,0.36414305,0.36418133,0.36422019,0.36425964,0.36429968,0.36434031,0.36438153,0.36442334,0.36446574,0.36450872,0.3645523,0.36459646,0.36464121,0.36468655,0.36473248,0.364779,0.36482611,0.36487381,0.36492209,0.36497096,0.36502043,0.36507048,0.36512112,0.36517235,0.36522416,0.36527657,0.36532957,0.36538315,0.36543732,0.36549209,0.36554744,0.36560338,0.3656599,0.36571702,0.36577473,0.36583302,0.3658919,0.36595138,0.36601144,0.36607209,0.36613333,0.36619515,0.36625757,0.36632058,0.36638417,0.36644835,0.36651312,0.36657848,0.36664443,0.36671097,0.3667781,0.36684581,0.36691412,0.36698301,0.36705249,0.36712256,0.36719322,0.36726447,0.36733631,0.36740874,0.36748175,0.36755536,0.36762955,0.36770433,0.3677797,0.36785566,0.36793221,0.36800934,0.36808707,0.36816538,0.36824429,0.36832378,0.36840386,0.36848453,0.36856579,0.36864763,0.36873007,0.36881309,0.36889671,0.36898091,0.3690657,0.36915108,0.36923705,0.36932361,0.36941075,0.36949849,0.36958681,0.36967573,0.36976523,0.36985532,0.369946,0.37003726,0.37012912,0.37022157,0.3703146,0.37040822,0.37050244,0.37059724,0.37069263,0.37078861,0.37088517,0.37098233,0.37108007,0.37117841,0.37127733,0.37137684,0.37147694,0.37157763,0.37167891,0.37178078,0.37188323,0.37198628,0.37208991,0.37219413,0.37229894,0.37240434,0.37251033,0.37261691,0.37272407,0.37283183,0.37294017,0.38678903,0.38206073,0.35875524,0.31683474,0.26873003,0.21702462,0.15634788,0.10508779,0.06836604,0.04531343,0.02791675,0.02070974,0.02340142,0.01548872,0.00443681,-0.00095447,0.0071681,0.01240674,0.01139734,0.01162975,0.00789609,0.00786643,0.00978145,0.00978145],"instab":[null,null,null,null,null,null,null,null,null,null,null,null,null,null,null,null,null,null,null,null,null,null,null,null,null,null,null,null,null,null,null,null,null,null,null,null,null,null,null,null,null,null,null,null,null,null,null,null,null,null,null,null,null,null,null,null,null,null,null,null,null,null,null,null,null,null,null,null,null,null,null,null,null,null,null,null,null,null,null,null,null,null,null,null,null,null,null,null,null,null,null,null,null,null,null,null,null,null,null,null,null,null,null,null,null,null,null,null,null,null,null,null,null,null,null,null,null,null,null,null,null,null,null,null,null,null,null,null,null,null,null,null,null,null,null,null,null,null,null,null,null,null,null,null,null,null,null,null,null,null,null,null,null,null,null,null,null,null,null,null,null,null,null,null,null,null,null,null,null,null,null,null,null,null,null,null,null,null,null,null,null,null,null,null,null,null,null,null,null,9.969402,8.974062,8.285422,7.694099,7.208432,6.802532,6.473903,6.183706,5.921438,5.718349,5.529726,5.353553,5.183622,5.036568,4.909202,1.472509,1.425714,1.38957,0.618781,0.563372],