{"word":"trihal","years":[1800,1801,1802,1803,1804,1805,1806,1807,1808,1809,1810,1811,1812,1813,1814,1815,1816,1817,1818,1819,1820,1821,1822,1823,1824,1825,1826,1827,1828,1829,1830,1831,1832,1833,1834,1835,1836,1837,1838,1839,1840,1841,1842,1843,1844,1845,1846,1847,1848,1849,1850,1851,1852,1853,1854,1855,1856,1857,1858,1859,1860,1861,1862,1863,1864,1865,1866,1867,1868,1869,1870,1871,1872,1873,1874,1875,1876,1877,1878,1879,1880,1881,1882,1883,1884,1885,1886,1887,1888,1889,1890,1891,1892,1893,1894,1895,1896,1897,1898,1899,1900,1901,1902,1903,1904,1905,1906,1907,1908,1909,1910,1911,1912,1913,1914,1915,1916,1917,1918,1919,1920,1921,1922,1923,1924,1925,1926,1927,1928,1929,1930,1931,1932,1933,1934,1935,1936,1937,1938,1939,1940,1941,1942,1943,1944,1945,1946,1947,1948,1949,1950,1951,1952,1953,1954,1955,1956,1957,1958,1959,1960,1961,1962,1963,1964,1965,1966,1967,1968,1969,1970,1971,1972,1973,1974,1975,1976,1977,1978,1979,1980,1981,1982,1983,1984,1985,1986,1987,1988,1989,1990,1991,1992,1993,1994,1995,1996,1997,1998,1999,2000,2001,2002,2003,2004,2005,2006,2007,2008],"level":[-18.195,-18.201726,-18.208452,-18.228909,-18.249365,-18.269822,-18.290278,-18.310735,-18.331191,-18.351648,-18.372104,-18.392561,-18.413017,-18.433474,-18.45393,-18.474387,-18.494843,-18.5153,-18.535756,-18.556213,-18.576669,-18.597126,-18.617582,-18.638039,-18.658495,-18.678952,-18.699408,-18.719865,-18.740321,-18.760778,-18.781234,-18.801691,-18.822147,-18.842604,-18.86306,-18.883517,-18.903973,-18.92443,-18.944886,-18.965343,-18.985799,-19.006255,-19.026712,-19.047169,-19.067625,-19.088082,-19.108538,-19.128994,-19.149451,-19.169907,-19.190364,-19.21082,-19.231277,-19.251733,-19.27219,-19.292647,-19.313103,-19.33356,-19.354016,-19.374473,-19.394929,-19.415386,-19.435842,-19.456299,-19.476755,-19.497212,-19.517668,-19.538125,-19.558581,-19.579038,-19.599494,-19.619951,-19.640407,-19.660864,-19.68132,-19.691054,-19.689976,-19.688898,-19.704389,-19.719879,-19.73537,-19.7608,-19.78623,-19.791751,-19.800584,-19.786736,-19.772888,-19.775489,-19.759453,-19.753896,-19.74834,-19.723645,-19.703558,-19.700813,-19.698067,-19.695322,-19.686988,-19.724211,-19.754816,-19.746773,-19.742616,-19.73846,-19.771154,-19.786061,-19.78607,-19.784641,-19.828151,-19.871661,-19.915171,-19.944742,-19.974314,-19.995982,-19.981555,-19.975964,-20.008193,-20.055283,-20.076039,-20.096794,-20.094989,-20.107644,-20.120299,-20.102468,-20.060785,-20.013764,-19.990065,-19.966366,-19.965201,-20.025575,-20.05767,-20.089766,-20.100352,-20.085634,-20.047676,-20.020424,-19.993173,-19.973689,-19.954204,-19.932693,-19.95207,-19.936764,-19.921457,-19.873609,-19.824939,-19.830129,-19.813791,-19.797453,-19.81907,-19.840687,-19.879418,-19.899386,-19.895996,-19.868934,-19.818095,-19.83317,-19.84237,-19.824165,-19.845402,-19.853737,-19.8455,-19.905782,-19.949282,-19.997407,-20.001897,-20.076694,-20.138388,-20.202662,-20.191038,-20.2128,-20.238294,-20.27257,-20.273821,-20.240037,-20.184226,-20.144839,-20.107517,-20.070195,-20.136966,-20.194485,-20.223789,-20.211323,-20.250769,-20.273036,-20.23351,-20.127301,-20.055963,-19.921786,-19.784166,-19.765582,-19.799859,-19.829932,-19.752388,-19.705136,-19.623237,-19.552146,-19.447299,-19.339864,-19.215148,-19.108,-19.009582,-18.917769,-18.834524,-18.76296,-18.781824,-18.831907,-18.997044,-19.205512,-19.392588,-19.527362,-19.59385],"drift":[-0.00672529,-0.00672529,-0.00672529,-0.00672529,-0.00672529,-0.00672529,-0.00672529,-0.00672529,-0.00672529,-0.00672529,-0.00672529,-0.00672529,-0.00672529,-0.00672529,-0.00672529,-0.00672529,-0.00672529,-0.00672529,-0.00672529,-0.00672529,-0.00672529,-0.00672529,-0.00672528,-0.00672529,-0.00672528,-0.00672529,-0.00672529,-0.00672528,-0.00672529,-0.00672528,-0.00672528,-0.00672528,-0.00672528,-0.00672528,-0.00672528,-0.00672528,-0.00672528,-0.00672528,-0.00672528,-0.00672528,-0.00672528,-0.00672528,-0.00672528,-0.00672528,-0.00672528,-0.00672528,-0.00672528,-0.00672528,-0.00672528,-0.00672528,-0.00672528,-0.00672528,-0.00672528,-0.00672528,-0.00672528,-0.00672528,-0.00672528,-0.00672528,-0.00672528,-0.00672528,-0.00672527,-0.00672527,-0.00672527,-0.00672527,-0.00672527,-0.00672527,-0.00672527,-0.00672527,-0.00672527,-0.00672527,-0.00672527,-0.00672527,-0.00672527,-0.00672526,-0.00672526,-0.00672526,-0.00672526,-0.00672526,-0.00672526,-0.00672526,-0.00672526,-0.00672526,-0.00672526,-0.00672525,-0.00672525,-0.00672525,-0.00672525,-0.00672525,-0.00672525,-0.00672525,-0.00672525,-0.00672525,-0.00672525,-0.00672525,-0.00672524,-0.00672524,-0.00672524,-0.00672524,-0.00672524,-0.00672524,-0.00672524,-0.00672524,-0.00672524,-0.00672524,-0.00672524,-0.00672524,-0.00672523,-0.00672523,-0.00672523,-0.00672523,-0.00672523,-0.00672523,-0.00672523,-0.00672523,-0.00672523,-0.00672523,-0.00672523,-0.00672522,-0.00672522,-0.00672522,-0.00672522,-0.00672522,-0.00672522,-0.00672522,-0.00672522,-0.00672522,-0.00672522,-0.00672521,-0.00672521,-0.00672521,-0.00672521,-0.00672521,-0.00672521,-0.00672521,-0.00672521,-0.00672521,-0.00672521,-0.00672521,-0.00672521,-0.0067252,-0.0067252,-0.0067252,-0.0067252,-0.0067252,-0.0067252,-0.0067252,-0.0067252,-0.0067252,-0.0067252,-0.0067252,-0.0067252,-0.0067252,-0.0067252,-0.0067252,-0.0067252,-0.00672519,-0.00672519,-0.00672519,-0.00672519,-0.00672519,-0.00672519,-0.00672519,-0.00672519,-0.00672519,-0.00672519,-0.00672519,-0.00672519,-0.00672519,-0.00672519,-0.00672518,-0.00672518,-0.00672518,-0.00672518,-0.00672518,-0.00672518,-0.00672518,-0.00672518,-0.00672518,-0.00672518,-0.00672518,-0.00672518,-0.00672518,-0.00672517,-0.00672517,-0.00672517,-0.00672517,-0.00672517,-0.00672517,-0.00672517,-0.00672517,-0.00672517,-0.00672517,-0.00672517,-0.00672517,-0.00672517,-0.00672517,-0.00672517,-0.00672517,-0.00672517,-0.00672517,-0.00672517,-0.00672517,-0.00672518,-0.00672518,-0.00672518,-0.00672518,-0.00672518,-0.00672518,-0.00672518],"instab":[null,null,null,null,null,null,null,null,null,null,null,null,null,null,null,null,null,null,null,null,null,null,null,null,null,null,null,null,null,null,null,null,null,null,null,null,null,null,null,null,null,null,null,null,null,null,null,null,null,null,null,null,null,null,null,null,null,null,null,null,null,null,null,null,null,null,null,null,null,null,null,null,null,null,null,null,null,null,null,null,null,null,230.578188,210.482422,194.895854,194.895854,182.284312,171.87283,163.041899,163.041899,155.462572,148.837331,142.988846,142.988846,0.337846,0.336671,0.39322,0.396295,0.447493,0.432354,0.446846,0.466017,0.46725,0.476465,0.463084,0.484852,0.492315,0.500508,0.52054,0.52054,0.523056,0.554927,0.545273,0.560147,0.541792,0.568255,0.53169,0.538621,0.509873,0.527089,0.525548,0.481373,0.478158,0.512081,0.531349,0.505806,0.569122,0.586703,0.59323,0.589067,0.59623,0.573834,0.578715,0.56545,0.572477,0.56593,0.546193,0.56821,0.600782,0.600782,0.593442,0.58921,0.655636,0.653278,0.653278,0.665587,0.628381,0.583855,0.585918,0.584074,0.579432,0.578369,0.669007,0.650794,0.66591,0.667421,0.675221,0.649678,0.686984,0.686367,0.676668,0.720288,0.719515,0.727443,0.709454,0.773,0.771649,0.769297,0.762823,0.771176,0.777232,0.776659,0.712552,0.716971,0.730072,0.858204,0.862981,0.877596,0.838215,0.870048,0.874847,0.886259,0.84623,0.894881,0.905377,0.848595,1.050131,1.071091,1.074231,1.165682,1.170649,1.173986,1.174106,1.176476,1.147968,1.054701,1.064636,1.052158,1.028473,1.01674,1.007011,1.011311,0.960157,0.989801,0.956884,1.049002,1.019872,1.098552,1.142827],