{"word":"trijet","years":[1800,1801,1802,1803,1804,1805,1806,1807,1808,1809,1810,1811,1812,1813,1814,1815,1816,1817,1818,1819,1820,1821,1822,1823,1824,1825,1826,1827,1828,1829,1830,1831,1832,1833,1834,1835,1836,1837,1838,1839,1840,1841,1842,1843,1844,1845,1846,1847,1848,1849,1850,1851,1852,1853,1854,1855,1856,1857,1858,1859,1860,1861,1862,1863,1864,1865,1866,1867,1868,1869,1870,1871,1872,1873,1874,1875,1876,1877,1878,1879,1880,1881,1882,1883,1884,1885,1886,1887,1888,1889,1890,1891,1892,1893,1894,1895,1896,1897,1898,1899,1900,1901,1902,1903,1904,1905,1906,1907,1908,1909,1910,1911,1912,1913,1914,1915,1916,1917,1918,1919,1920,1921,1922,1923,1924,1925,1926,1927,1928,1929,1930,1931,1932,1933,1934,1935,1936,1937,1938,1939,1940,1941,1942,1943,1944,1945,1946,1947,1948,1949,1950,1951,1952,1953,1954,1955,1956,1957,1958,1959,1960,1961,1962,1963,1964,1965,1966,1967,1968,1969,1970,1971,1972,1973,1974,1975,1976,1977,1978,1979,1980,1981,1982,1983,1984,1985,1986,1987,1988,1989,1990,1991,1992,1993,1994,1995,1996,1997,1998,1999,2000,2001,2002,2003,2004,2005,2006,2007,2008],"level":[-16.151347,-16.235908,-16.320469,-16.40503,-16.489591,-16.574152,-16.658713,-16.743273,-16.827834,-16.912394,-16.996954,-17.081514,-17.166074,-17.250634,-17.335194,-17.419753,-17.504312,-17.588871,-17.673429,-17.757987,-17.842545,-17.927103,-18.01166,-18.096217,-18.180774,-18.26533,-18.349886,-18.434441,-18.518996,-18.603551,-18.688105,-18.772658,-18.857212,-18.941764,-19.026316,-19.110868,-19.195419,-19.279969,-19.364519,-19.449068,-19.533617,-19.618135,-19.702595,-19.786966,-19.87122,-19.955327,-20.039258,-20.122984,-20.206475,-20.289703,-20.372638,-20.45525,-20.537512,-20.619392,-20.700863,-20.781894,-20.862458,-20.942524,-21.022063,-21.101046,-21.179443,-21.257227,-21.334366,-21.410833,-21.486597,-21.561631,-21.635903,-21.709386,-21.782049,-21.853865,-21.924802,-21.994833,-22.063928,-22.132058,-22.199193,-22.265305,-22.330364,-22.39434,-22.457205,-22.51893,-22.579485,-22.63884,-22.696967,-22.753837,-22.80942,-22.863687,-22.916609,-22.968156,-23.0183,-23.06701,-23.114259,-23.160016,-23.204252,-23.246939,-23.288047,-23.327546,-23.365408,-23.401603,-23.436102,-23.468875,-23.499895,-23.52913,-23.556553,-23.582133,-23.605842,-23.627651,-23.64753,-23.665449,-23.68138,-23.695294,-23.707161,-23.716952,-23.724638,-23.730189,-23.733577,-23.734771,-23.733744,-23.730465,-23.724905,-23.717036,-23.706828,-23.694251,-23.679277,-23.661876,-23.642019,-23.619676,-23.59482,-23.567419,-23.537446,-23.50487,-23.469664,-23.431796,-23.391239,-23.347962,-23.301938,-23.253135,-23.201526,-23.147081,-23.089771,-23.029566,-22.966438,-22.900357,-22.831293,-22.759218,-22.684103,-22.605918,-22.524633,-22.440221,-22.35265,-22.261893,-22.16792,-22.070702,-21.97021,-21.866413,-21.759284,-21.648792,-21.53491,-21.417606,-21.296853,-21.172621,-21.04488,-20.913602,-20.778757,-20.640316,-20.49825,-20.354181,-20.209734,-20.067206,-19.929441,-19.799288,-19.679201,-19.571518,-19.47655,-19.394847,-19.325653,-19.267581,-19.21936,-19.179998,-19.14925,-19.126842,-19.113311,-19.107697,-19.108231,-19.114327,-19.124347,-19.137546,-19.15235,-19.167203,-19.181824,-19.19549,-19.208447,-19.221678,-19.237042,-19.256578,-19.281917,-19.314689,-19.356901,-19.411015,-19.478219,-19.559571,-19.653914,-19.758257,-19.872799,-19.995351,-20.124974,-20.261032,-20.402912,-20.548607,-20.698085],"drift":[-0.08456096,-0.08456094,-0.08456091,-0.08456086,-0.0845608,-0.08456072,-0.08456063,-0.08456052,-0.08456039,-0.08456025,-0.08456009,-0.08455991,-0.08455972,-0.08455952,-0.08455929,-0.08455906,-0.0845588,-0.08455853,-0.08455825,-0.08455795,-0.08455763,-0.0845573,-0.08455695,-0.08455658,-0.0845562,-0.08455581,-0.08455539,-0.08455497,-0.08455452,-0.08455406,-0.08455359,-0.08455309,-0.08455259,-0.08455206,-0.08455152,-0.08455097,-0.0845504,-0.08454981,-0.08454921,-0.08454859,-0.08451874,-0.08445966,-0.08437135,-0.08425381,-0.08410704,-0.08393104,-0.0837258,-0.08349134,-0.08322764,-0.08293472,-0.08261256,-0.08226117,-0.08188056,-0.08147071,-0.08103163,-0.08056332,-0.08006578,-0.07953901,-0.078983,-0.07839777,-0.07778331,-0.07713961,-0.07646669,-0.07576453,-0.07503315,-0.07427253,-0.07348268,-0.0726636,-0.07181529,-0.07093775,-0.07003098,-0.06909498,-0.06812975,-0.06713529,-0.06611159,-0.06505867,-0.06397651,-0.06286513,-0.06172451,-0.06055466,-0.05935558,-0.05812728,-0.05686974,-0.05558297,-0.05426697,-0.05292173,-0.05154727,-0.05014358,-0.04871065,-0.0472485,-0.04575712,-0.0442365,-0.04268665,-0.04110758,-0.03949927,-0.03786173,-0.03619496,-0.03449896,-0.03277373,-0.03101927,-0.02923557,-0.02742265,-0.0255805,-0.02370911,-0.0218085,-0.01987865,-0.01791957,-0.01593127,-0.01391373,-0.01186696,-0.00979096,-0.00768573,-0.00555127,-0.00338758,-0.00119466,0.0010275,0.00327888,0.0055595,0.00786934,0.01020842,0.01257672,0.01497426,0.01740103,0.01985703,0.02234226,0.02485672,0.02740041,0.02997333,0.03257548,0.03520687,0.03786748,0.04055733,0.0432764,0.04602471,0.04880224,0.05160901,0.05444501,0.05731024,0.0602047,0.06312839,0.06608131,0.06906346,0.07207484,0.07511546,0.0781853,0.08128438,0.08441268,0.08757022,0.09075699,0.09397298,0.09721821,0.10049267,0.10379636,0.10712928,0.11049143,0.11388281,0.11730343,0.12075327,0.12423234,0.12774065,0.13127818,0.13484495,0.13844095,0.14206618,0.14406821,0.14444706,0.14252865,0.13776428,0.13015395,0.12008655,0.10768292,0.09496824,0.08170313,0.06919371,0.05807215,0.0482204,0.0393629,0.03074764,0.02240754,0.0135312,0.00561407,-0.00053388,-0.00609581,-0.01001977,-0.01319918,-0.01480392,-0.01485315,-0.01462122,-0.01366569,-0.01295695,-0.01323131,-0.01536454,-0.01953598,-0.02533882,-0.03277153,-0.04221258,-0.05411316,-0.06720477,-0.0813521,-0.09434279,-0.10434243,-0.11454201,-0.12255285,-0.12962226,-0.13605784,-0.14187994,-0.14569551,-0.14947795,-0.14947795],"instab":[null,null,null,null,null,null,null,null,null,null,null,null,null,null,null,null,null,null,null,null,null,null,null,null,null,null,null,null,null,null,null,null,null,null,null,null,null,null,null,null,null,null,null,null,null,null,null,null,null,null,null,null,null,null,null,null,null,null,null,null,null,null,null,null,null,null,null,null,null,null,null,null,null,null,null,null,null,null,null,null,null,null,null,null,null,null,null,null,null,null,null,null,null,null,null,null,null,null,null,null,null,null,null,null,null,null,null,null,null,null,null,null,null,null,null,null,null,null,null,null,null,null,null,null,null,null,null,null,null,null,null,null,null,null,null,null,null,null,null,null,null,null,null,null,null,null,null,null,null,null,null,null,null,null,null,null,null,null,null,null,null,null,null,null,null,null,null,null,null,26.486794,24.150024,22.443888,21.00671,19.837159,18.857564,18.008053,17.266649,16.596007,16.006325,15.453158,14.962117,14.532297,14.118589,0.634352,0.619684,0.586026,0.587476,0.57778,0.533262,0.521531,0.438064,0.446296,0.462667,0.471432,0.460263,0.44821,0.467857,0.466829,0.495722,0.484199,0.682729,0.691099,0.725746,0.714551,0.711548,0.720557,0.754247,0.849951,0.990019],