{"word":"triphasic","years":[1800,1801,1802,1803,1804,1805,1806,1807,1808,1809,1810,1811,1812,1813,1814,1815,1816,1817,1818,1819,1820,1821,1822,1823,1824,1825,1826,1827,1828,1829,1830,1831,1832,1833,1834,1835,1836,1837,1838,1839,1840,1841,1842,1843,1844,1845,1846,1847,1848,1849,1850,1851,1852,1853,1854,1855,1856,1857,1858,1859,1860,1861,1862,1863,1864,1865,1866,1867,1868,1869,1870,1871,1872,1873,1874,1875,1876,1877,1878,1879,1880,1881,1882,1883,1884,1885,1886,1887,1888,1889,1890,1891,1892,1893,1894,1895,1896,1897,1898,1899,1900,1901,1902,1903,1904,1905,1906,1907,1908,1909,1910,1911,1912,1913,1914,1915,1916,1917,1918,1919,1920,1921,1922,1923,1924,1925,1926,1927,1928,1929,1930,1931,1932,1933,1934,1935,1936,1937,1938,1939,1940,1941,1942,1943,1944,1945,1946,1947,1948,1949,1950,1951,1952,1953,1954,1955,1956,1957,1958,1959,1960,1961,1962,1963,1964,1965,1966,1967,1968,1969,1970,1971,1972,1973,1974,1975,1976,1977,1978,1979,1980,1981,1982,1983,1984,1985,1986,1987,1988,1989,1990,1991,1992,1993,1994,1995,1996,1997,1998,1999,2000,2001,2002,2003,2004,2005,2006,2007,2008],"level":[-18.477338,-18.487806,-18.498275,-18.508744,-18.519212,-18.529681,-18.54015,-18.550618,-18.561087,-18.571555,-18.582024,-18.592492,-18.602961,-18.613427,-18.623888,-18.634342,-18.644787,-18.655219,-18.665637,-18.676039,-18.686421,-18.696781,-18.707118,-18.717428,-18.72771,-18.737961,-18.748178,-18.758359,-18.768502,-18.778604,-18.788663,-18.798677,-18.808642,-18.818558,-18.828421,-18.838229,-18.84798,-18.85767,-18.867299,-18.876863,-18.88636,-18.895788,-18.905144,-18.914426,-18.923631,-18.932757,-18.941802,-18.950764,-18.959639,-18.968426,-18.977122,-18.985725,-18.994232,-19.002641,-19.010949,-19.019155,-19.027256,-19.035249,-19.043132,-19.050902,-19.058558,-19.066097,-19.073516,-19.080813,-19.087986,-19.095032,-19.101949,-19.108735,-19.115387,-19.121902,-19.128279,-19.134514,-19.140606,-19.146553,-19.152351,-19.157998,-19.163493,-19.168832,-19.174013,-19.179034,-19.183893,-19.188586,-19.193112,-19.197469,-19.201653,-19.205663,-19.209496,-19.213149,-19.216621,-19.219909,-19.22301,-19.22609,-19.229316,-19.232895,-19.237037,-19.242209,-19.248877,-19.257293,-19.267221,-19.278555,-19.290822,-19.303434,-19.315648,-19.326945,-19.337481,-19.34741,-19.357319,-19.367434,-19.377817,-19.388524,-19.400298,-19.413652,-19.42862,-19.44519,-19.463154,-19.482662,-19.503879,-19.52577,-19.547817,-19.569501,-19.590731,-19.61103,-19.629625,-19.645951,-19.659543,-19.669447,-19.674821,-19.674824,-19.668986,-19.657007,-19.639035,-19.614481,-19.582958,-19.544273,-19.498379,-19.445325,-19.384932,-19.317559,-19.244159,-19.166056,-19.083878,-18.998294,-18.909935,-18.818906,-18.725496,-18.630461,-18.534307,-18.437816,-18.341893,-18.247049,-18.153853,-18.062635,-17.974106,-17.888826,-17.806788,-17.72789,-17.652299,-17.580118,-17.511129,-17.444928,-17.381187,-17.3197,-17.260061,-17.20187,-17.144778,-17.088237,-17.031904,-16.975626,-16.919442,-16.863495,-16.807923,-16.752808,-16.698459,-16.645247,-16.59343,-16.543168,-16.49462,-16.447862,-16.403083,-16.360546,-16.32051,-16.283305,-16.249226,-16.218455,-16.191197,-16.167583,-16.147655,-16.131429,-16.118934,-16.110266,-16.105453,-16.104433,-16.107002,-16.112971,-16.122055,-16.133988,-16.148492,-16.165232,-16.18398,-16.204555,-16.226747,-16.250379,-16.275329,-16.301512,-16.328826,-16.357186,-16.386449,-16.416322,-16.446505],"drift":[-0.01046868,-0.01046868,-0.01046867,-0.01046866,-0.01046865,-0.01046864,-0.01046862,-0.0104686,-0.01046857,-0.01046855,-0.01046852,-0.01046848,-0.01046606,-0.01046124,-0.01045404,-0.01044445,-0.01043246,-0.01041809,-0.01040132,-0.01038216,-0.01036062,-0.01033668,-0.01031035,-0.01028164,-0.01025053,-0.01021703,-0.01018114,-0.01014286,-0.0101022,-0.01005914,-0.01001369,-0.00996585,-0.00991562,-0.009863,-0.00980798,-0.00975058,-0.00969079,-0.00962861,-0.00956404,-0.00949707,-0.00942772,-0.00935598,-0.00928184,-0.00920532,-0.00912641,-0.0090451,-0.00896141,-0.00887532,-0.00878684,-0.00869598,-0.00860272,-0.00850708,-0.00840904,-0.00830861,-0.00820579,-0.00810058,-0.00799299,-0.007883,-0.00777062,-0.00765585,-0.00753869,-0.00741914,-0.0072972,-0.00717287,-0.00704615,-0.00691703,-0.00678553,-0.00665164,-0.00651536,-0.00637669,-0.00623562,-0.00609217,-0.00594633,-0.00579809,-0.00564747,-0.00549445,-0.00533905,-0.00518125,-0.00502106,-0.00485849,-0.00469352,-0.00452617,-0.00435642,-0.00418428,-0.00400975,-0.00383283,-0.00365353,-0.00347183,-0.00328774,-0.00310126,-0.00308047,-0.00322536,-0.00357924,-0.0041421,-0.00517175,-0.00666821,-0.00841606,-0.00992809,-0.01133409,-0.01226714,-0.01261165,-0.01221429,-0.01129704,-0.01053539,-0.00992935,-0.00990861,-0.01011534,-0.01038264,-0.01070766,-0.0117741,-0.01335341,-0.01496857,-0.01656954,-0.01796447,-0.01950715,-0.0212174,-0.02189141,-0.02204676,-0.02168345,-0.02123048,-0.02029891,-0.01859479,-0.01632615,-0.01359208,-0.0099035,-0.00537406,-3.74e-06,0.00583862,0.01197915,0.01797128,0.02455431,0.03152292,0.03868547,0.04589338,0.05305384,0.06039376,0.0673728,0.07339937,0.07810297,0.08217799,0.08558466,0.08835873,0.09102949,0.09340931,0.09503567,0.09615343,0.09649082,0.09592374,0.09484382,0.09319625,0.09121776,0.08852877,0.08528049,0.08203775,0.07889753,0.07559091,0.07218174,0.06898903,0.06620083,0.06374087,0.06148692,0.05963874,0.05819134,0.05709226,0.05654059,0.05633254,0.05627841,0.05618452,0.05594664,0.05557189,0.05511526,0.05434918,0.05321189,0.05181717,0.05026176,0.04854776,0.04675775,0.04477924,0.0425375,0.04003603,0.03720498,0.03407823,0.0307711,0.02725801,0.0236144,0.01992733,0.01622689,0.01249484,0.00866745,0.00481291,0.00102011,-0.00256887,-0.00596909,-0.00908399,-0.01193261,-0.01450383,-0.01674034,-0.01874829,-0.02057502,-0.02219192,-0.02363143,-0.02495064,-0.02618302,-0.02731407,-0.02836004,-0.02926264,-0.02987304,-0.03018278,-0.03018278],"instab":[null,null,null,null,null,null,null,null,null,null,null,null,null,null,null,null,null,null,null,null,null,null,null,null,null,null,null,null,null,null,null,null,null,null,null,null,null,null,null,null,null,null,null,null,null,null,null,null,null,null,null,null,null,null,null,null,null,null,null,null,null,null,null,null,null,null,null,null,null,null,null,null,null,null,null,null,null,null,null,null,null,null,null,null,null,null,null,null,null,null,null,null,null,null,null,null,57.850855,52.891288,48.950535,45.81109,43.204133,41.02347,39.164498,39.164498,37.511954,36.014022,34.694229,33.517184,32.475546,0.779046,0.801027,0.798918,0.77747,0.801099,0.778589,0.923925,0.962942,0.983061,1.003591,1.022044,1.026823,1.020929,0.956759,0.947912,0.941523,0.937968,0.95431,0.955478,0.920139,0.998625,0.967004,0.967464,0.963968,0.946246,0.965553,0.801946,0.73996,0.719623,0.84099,0.831215,0.835659,0.867872,0.862967,0.86773,0.871813,0.85368,0.819019,0.834606,0.80563,0.734833,0.751945,0.745697,0.766622,0.768868,0.794663,0.760942,0.730334,0.728674,0.618961,0.638174,0.632864,0.566787,0.57224,0.548227,0.542794,0.554239,0.562785,0.497072,0.496929,0.472672,0.460165,0.44145,0.343986,0.352531,0.32739,0.330724,0.302565,0.297315,0.290012,0.276515,0.272082,0.277487,0.270793,0.267018,0.230995,0.202738,0.183773,0.190116,0.189052,0.184846,0.162008,0.174269,0.153927,0.1516,0.155179,0.146332,0.163729,0.16867,0.165952,0.167964,0.163708,0.143044,0.144215,0.134752,0.132704,0.152421,0.151889,0.148475,0.194005],