{"word":"troopcarrying","years":[1800,1801,1802,1803,1804,1805,1806,1807,1808,1809,1810,1811,1812,1813,1814,1815,1816,1817,1818,1819,1820,1821,1822,1823,1824,1825,1826,1827,1828,1829,1830,1831,1832,1833,1834,1835,1836,1837,1838,1839,1840,1841,1842,1843,1844,1845,1846,1847,1848,1849,1850,1851,1852,1853,1854,1855,1856,1857,1858,1859,1860,1861,1862,1863,1864,1865,1866,1867,1868,1869,1870,1871,1872,1873,1874,1875,1876,1877,1878,1879,1880,1881,1882,1883,1884,1885,1886,1887,1888,1889,1890,1891,1892,1893,1894,1895,1896,1897,1898,1899,1900,1901,1902,1903,1904,1905,1906,1907,1908,1909,1910,1911,1912,1913,1914,1915,1916,1917,1918,1919,1920,1921,1922,1923,1924,1925,1926,1927,1928,1929,1930,1931,1932,1933,1934,1935,1936,1937,1938,1939,1940,1941,1942,1943,1944,1945,1946,1947,1948,1949,1950,1951,1952,1953,1954,1955,1956,1957,1958,1959,1960,1961,1962,1963,1964,1965,1966,1967,1968,1969,1970,1971,1972,1973,1974,1975,1976,1977,1978,1979,1980,1981,1982,1983,1984,1985,1986,1987,1988,1989,1990,1991,1992,1993,1994,1995,1996,1997,1998,1999,2000,2001,2002,2003,2004,2005,2006,2007,2008],"level":[-18.0878,-18.099051,-18.115441,-18.131831,-18.14822,-18.16461,-18.181,-18.19739,-18.213779,-18.230169,-18.246559,-18.262949,-18.279339,-18.295728,-18.312118,-18.328508,-18.344898,-18.361288,-18.377677,-18.394067,-18.410457,-18.426847,-18.443236,-18.459626,-18.476016,-18.492406,-18.508796,-18.525185,-18.541575,-18.557965,-18.574355,-18.590744,-18.607134,-18.623524,-18.639914,-18.656303,-18.672693,-18.689083,-18.705473,-18.721863,-18.738252,-18.754642,-18.771032,-18.787422,-18.803811,-18.820201,-18.836591,-18.852981,-18.86937,-18.88576,-18.90215,-18.91854,-18.93493,-18.951319,-18.967709,-18.984099,-19.000489,-19.016878,-19.033268,-19.049658,-19.066048,-19.082437,-19.098827,-19.115217,-19.131607,-19.147996,-19.164386,-19.180776,-19.197166,-19.213555,-19.229945,-19.246335,-19.262725,-19.279114,-19.295504,-19.311894,-19.328283,-19.344673,-19.361063,-19.377453,-19.393842,-19.410232,-19.426622,-19.443011,-19.459401,-19.475791,-19.492181,-19.50857,-19.52496,-19.54135,-19.55774,-19.574129,-19.590519,-19.606909,-19.623299,-19.639689,-19.656078,-19.672468,-19.688858,-19.705248,-19.721638,-19.738027,-19.754417,-19.770807,-19.787197,-19.803587,-19.819976,-19.836366,-19.852756,-19.869146,-19.885536,-19.901925,-19.918315,-19.934705,-19.951095,-19.967485,-19.971958,-19.976431,-19.980904,-19.985378,-20.009059,-19.789682,-19.853417,-19.917151,-19.980886,-20.044621,-20.158138,-20.190836,-20.223534,-20.256232,-20.288931,-20.227048,-20.06617,-19.98281,-19.899449,-19.816089,-19.732728,-19.649368,-19.554562,-19.274741,-18.835348,-18.381448,-18.253553,-18.212164,-18.326637,-18.374841,-18.415163,-18.497291,-18.569291,-18.714072,-18.896308,-18.765612,-18.639713,-18.647603,-18.618357,-18.705372,-18.960987,-19.132796,-19.156671,-19.091727,-19.120781,-19.072699,-19.055313,-19.098195,-19.343309,-19.365811,-19.273758,-19.342228,-19.409233,-19.540985,-19.744008,-19.610224,-19.609326,-19.631256,-19.599204,-19.718268,-19.68391,-19.747359,-19.697181,-19.509727,-19.416322,-19.354295,-19.389946,-19.335566,-19.25227,-19.298989,-19.324167,-19.380921,-19.398361,-19.565661,-19.687487,-19.780861,-19.930362,-19.935547,-19.963861,-19.977335,-20.05227,-20.036868,-19.967854,-19.926011,-19.951919,-20.012424,-20.153008,-20.245077,-20.291291,-20.351545,-20.422235,-20.406626,-20.427887],"drift":[-0.01125043,-0.01125043,-0.01125043,-0.01125043,-0.01125043,-0.01125043,-0.01125043,-0.01125043,-0.01125043,-0.01125043,-0.01125043,-0.01125043,-0.01125043,-0.01125043,-0.01125043,-0.01125043,-0.01125043,-0.01125043,-0.01125043,-0.01125043,-0.01125043,-0.01125043,-0.01125043,-0.01125043,-0.01125043,-0.01125043,-0.01125043,-0.01125043,-0.01125043,-0.01125043,-0.01125043,-0.01125043,-0.01125043,-0.01125042,-0.01125042,-0.01125042,-0.01125042,-0.01125042,-0.01125042,-0.01125042,-0.01125042,-0.01125042,-0.01125042,-0.01125042,-0.01125042,-0.01125042,-0.01125042,-0.01125042,-0.01125042,-0.01125042,-0.01125042,-0.01125042,-0.01125042,-0.01125042,-0.01125042,-0.01125042,-0.01125042,-0.01125042,-0.01125042,-0.01125042,-0.01125042,-0.01125042,-0.01125042,-0.01125041,-0.01125041,-0.01125041,-0.01125041,-0.01125041,-0.01125041,-0.01125041,-0.01125041,-0.01125041,-0.01125041,-0.01125041,-0.01125041,-0.01125041,-0.01125041,-0.01125041,-0.01125041,-0.01125041,-0.01125041,-0.01125041,-0.01125041,-0.01125041,-0.01125041,-0.01125041,-0.01125041,-0.01125041,-0.01125041,-0.01125041,-0.01125041,-0.01125041,-0.01125041,-0.01125041,-0.01125041,-0.01125041,-0.01125041,-0.01125041,-0.01125041,-0.01125041,-0.01125041,-0.01125041,-0.01125041,-0.01125041,-0.01125041,-0.01125041,-0.01125041,-0.01125041,-0.01125041,-0.01125041,-0.01125041,-0.01125041,-0.01125041,-0.01125041,-0.01125041,-0.01125041,-0.0112504,-0.0112504,-0.0112504,-0.0112504,-0.0112504,-0.0112504,-0.0112504,-0.0112504,-0.0112504,-0.0112504,-0.0112504,-0.0112504,-0.0112504,-0.01125039,-0.01125039,-0.01125039,-0.01125039,-0.01125039,-0.01125039,-0.01125039,-0.01125039,-0.01125039,-0.01125039,-0.01125039,-0.01125039,-0.01125039,-0.0112504,-0.0112504,-0.0112504,-0.0112504,-0.0112504,-0.01125041,-0.01125041,-0.01125041,-0.01125041,-0.01125041,-0.01125041,-0.01125041,-0.01125042,-0.01125042,-0.01125042,-0.01125042,-0.01125042,-0.01125042,-0.01125042,-0.01125042,-0.01125042,-0.01125043,-0.01125043,-0.01125043,-0.01125043,-0.01125043,-0.01125043,-0.01125043,-0.01125043,-0.01125043,-0.01125043,-0.01125043,-0.01125043,-0.01125043,-0.01125043,-0.01125043,-0.01125043,-0.01125044,-0.01125044,-0.01125044,-0.01125044,-0.01125044,-0.01125044,-0.01125044,-0.01125044,-0.01125044,-0.01125044,-0.01125045,-0.01125045,-0.01125045,-0.01125045,-0.01125045,-0.01125045,-0.01125045,-0.01125045,-0.01125045,-0.01125045,-0.01125045,-0.01125045,-0.01125045,-0.01125045,-0.01125045,-0.01125045,-0.01125045,-0.01125045,-0.01125045,-0.01125045],"instab":[null,null,null,null,null,null,null,null,null,null,null,null,null,null,null,null,null,null,null,null,null,null,null,null,null,null,null,null,null,null,null,null,null,null,null,null,null,null,null,null,null,null,null,null,null,null,null,null,null,null,null,null,null,null,null,null,null,null,null,null,null,null,null,null,null,null,null,null,null,null,null,null,null,null,null,null,null,null,null,null,null,null,null,null,null,null,null,null,null,null,null,null,null,null,null,null,null,null,null,null,null,null,null,null,null,null,null,null,null,null,null,null,null,null,null,null,null,null,null,null,null,null,null,null,null,460.095437,420.060541,420.060541,420.060541,420.060541,388.92364,363.805234,342.971692,342.971692,342.971692,0.642906,0.642906,0.627611,0.598772,0.601813,0.595658,0.721163,0.686733,0.656546,0.664328,0.663901,0.628501,0.620429,0.60145,0.593814,0.684716,0.682577,0.683211,0.666021,0.647592,0.629466,0.650884,0.672929,0.675186,0.67772,0.648375,0.484622,0.47039,0.46708,0.516989,0.519481,0.545931,0.545388,0.545399,0.544506,0.555638,0.574065,0.551259,0.551538,0.556977,0.564036,0.552744,0.535843,0.535044,0.550935,0.553995,0.560229,0.561459,0.550592,0.505113,0.499705,0.479347,0.480859,0.487647,0.499763,0.402098,0.375665,0.40703,0.405913,0.388981,0.363257,0.363154,0.352044,0.35299,0.323362,0.315098,0.299808,0.306195,0.310195,0.275932,0.275666,0.280036,0.285019,0.26396],