{"word":"truefalse","years":[1800,1801,1802,1803,1804,1805,1806,1807,1808,1809,1810,1811,1812,1813,1814,1815,1816,1817,1818,1819,1820,1821,1822,1823,1824,1825,1826,1827,1828,1829,1830,1831,1832,1833,1834,1835,1836,1837,1838,1839,1840,1841,1842,1843,1844,1845,1846,1847,1848,1849,1850,1851,1852,1853,1854,1855,1856,1857,1858,1859,1860,1861,1862,1863,1864,1865,1866,1867,1868,1869,1870,1871,1872,1873,1874,1875,1876,1877,1878,1879,1880,1881,1882,1883,1884,1885,1886,1887,1888,1889,1890,1891,1892,1893,1894,1895,1896,1897,1898,1899,1900,1901,1902,1903,1904,1905,1906,1907,1908,1909,1910,1911,1912,1913,1914,1915,1916,1917,1918,1919,1920,1921,1922,1923,1924,1925,1926,1927,1928,1929,1930,1931,1932,1933,1934,1935,1936,1937,1938,1939,1940,1941,1942,1943,1944,1945,1946,1947,1948,1949,1950,1951,1952,1953,1954,1955,1956,1957,1958,1959,1960,1961,1962,1963,1964,1965,1966,1967,1968,1969,1970,1971,1972,1973,1974,1975,1976,1977,1978,1979,1980,1981,1982,1983,1984,1985,1986,1987,1988,1989,1990,1991,1992,1993,1994,1995,1996,1997,1998,1999,2000,2001,2002,2003,2004,2005,2006,2007,2008],"level":[-18.53582,-18.538829,-18.541839,-18.544848,-18.547858,-18.550867,-18.553876,-18.556886,-18.559895,-18.562905,-18.565914,-18.568924,-18.571933,-18.574943,-18.577952,-18.580962,-18.583971,-18.586981,-18.58999,-18.593,-18.596009,-18.599019,-18.597763,-18.596507,-18.595251,-18.593995,-18.592739,-18.591483,-18.590227,-18.588971,-18.587716,-18.58646,-18.585204,-18.583948,-18.582692,-18.581436,-18.58018,-18.578924,-18.577669,-18.576413,-18.575157,-18.573901,-18.572645,-18.571389,-18.570133,-18.568877,-18.567621,-18.566366,-18.56511,-18.563854,-18.562598,-18.561342,-18.560086,-18.55883,-18.557574,-18.556318,-18.555063,-18.553807,-18.552551,-18.551295,-18.550039,-18.548783,-18.547527,-18.546271,-18.545015,-18.54376,-18.542504,-18.541248,-18.539992,-18.538736,-18.53748,-18.536224,-18.534968,-18.533713,-18.532457,-18.531201,-18.529945,-18.528689,-18.527433,-18.526177,-18.524921,-18.523665,-18.52241,-18.521154,-18.519898,-18.518642,-18.517386,-18.51613,-18.514874,-18.513618,-18.512363,-18.511107,-18.509851,-18.508595,-18.507339,-18.506083,-18.504827,-18.503571,-18.502315,-18.50106,-18.499804,-18.498548,-18.497292,-18.496036,-18.49478,-18.493524,-18.492268,-18.491013,-18.489757,-18.488501,-18.487245,-18.485989,-18.484733,-18.483477,-18.482221,-18.480966,-18.47971,-18.478454,-18.477198,-18.475942,-18.474686,-18.47343,-18.441744,-18.321248,-17.984807,-17.823622,-17.383577,-17.22143,-17.097985,-16.894553,-16.836912,-17.000064,-17.021023,-17.053965,-17.054645,-17.100335,-17.168738,-17.2632,-17.266114,-17.324055,-17.316363,-17.316843,-17.394047,-17.68945,-18.04791,-18.015596,-18.038674,-17.975878,-17.966165,-17.880709,-17.775712,-17.692148,-17.672307,-17.813257,-17.910658,-17.994038,-17.957713,-18.005468,-17.950639,-17.983304,-18.031035,-18.058821,-18.045964,-17.995701,-17.981117,-17.966599,-17.973188,-18.040499,-18.125352,-18.179703,-18.216495,-18.142319,-18.090666,-18.087472,-18.059874,-18.029314,-18.032897,-18.03119,-18.066682,-18.108817,-18.169371,-18.196854,-18.268991,-18.242871,-18.216659,-18.115009,-17.936312,-18.044648,-18.105062,-18.171493,-18.220106,-18.249697,-18.329046,-18.416943,-18.42949,-18.389109,-18.304732,-18.27808,-18.335533,-18.455773,-18.529378,-18.573172,-18.695807,-18.72672,-18.758017,-18.83377,-18.913085,-19.015384,-19.16163],"drift":[-0.00300868,-0.00300868,-0.00300868,-0.00300868,-0.00300868,-0.00300868,-0.00300868,-0.00300868,-0.00300868,-0.00300868,-0.00300868,-0.00300868,-0.00300868,-0.00300868,-0.00300868,-0.00300868,-0.00300868,-0.00300868,-0.00300868,-0.00300868,-0.00300868,-0.00300868,-0.00300868,-0.00300868,-0.00300868,-0.00300868,-0.00300868,-0.00300868,-0.00300868,-0.00300868,-0.00300868,-0.00300868,-0.00300868,-0.00300868,-0.00300868,-0.00300868,-0.00300868,-0.00300868,-0.00300868,-0.00300868,-0.00300868,-0.00300868,-0.00300868,-0.00300868,-0.00300868,-0.00300868,-0.00300868,-0.00300868,-0.00300868,-0.00300868,-0.00300868,-0.00300869,-0.00300869,-0.00300869,-0.00300869,-0.00300869,-0.00300869,-0.00300869,-0.00300869,-0.00300869,-0.00300869,-0.00300869,-0.00300869,-0.00300869,-0.00300869,-0.00300869,-0.00300869,-0.00300869,-0.00300869,-0.00300869,-0.00300869,-0.00300869,-0.00300869,-0.00300869,-0.00300869,-0.00300869,-0.00300869,-0.00300869,-0.00300869,-0.00300869,-0.00300869,-0.00300869,-0.00300869,-0.00300869,-0.00300869,-0.00300869,-0.00300869,-0.00300869,-0.00300869,-0.00300869,-0.00300869,-0.00300869,-0.00300869,-0.00300869,-0.00300869,-0.00300869,-0.00300869,-0.00300869,-0.00300869,-0.00300869,-0.00300869,-0.00300869,-0.00300869,-0.00300869,-0.00300869,-0.00300869,-0.00300869,-0.00300869,-0.00300869,-0.00300869,-0.00300869,-0.00300869,-0.00300869,-0.00300869,-0.00300869,-0.00300869,-0.00300869,-0.00300869,-0.00300869,-0.00300869,-0.00300869,-0.00300869,-0.00300869,-0.0030087,-0.0030087,-0.0030087,-0.0030087,-0.0030087,-0.0030087,-0.0030087,-0.0030087,-0.0030087,-0.0030087,-0.0030087,-0.0030087,-0.00300871,-0.00300871,-0.00300871,-0.00300871,-0.00300871,-0.00300871,-0.00300871,-0.00300871,-0.00300871,-0.00300871,-0.00300871,-0.00300871,-0.00300871,-0.00300871,-0.00300871,-0.00300872,-0.00300872,-0.00300872,-0.00300872,-0.00300872,-0.00300872,-0.00300872,-0.00300872,-0.00300872,-0.00300872,-0.00300872,-0.00300872,-0.00300872,-0.00300872,-0.00300872,-0.00300872,-0.00300872,-0.00300872,-0.00300872,-0.00300873,-0.00300873,-0.00300873,-0.00300873,-0.00300873,-0.00300873,-0.00300873,-0.00300873,-0.00300873,-0.00300873,-0.00300873,-0.00300873,-0.00300873,-0.00300873,-0.00300873,-0.00300873,-0.00300873,-0.00300873,-0.00300873,-0.00300873,-0.00300873,-0.00300874,-0.00300874,-0.00300874,-0.00300874,-0.00300874,-0.00300874,-0.00300874,-0.00300874,-0.00300874,-0.00300874,-0.00300874,-0.00300874,-0.00300874,-0.00300874,-0.00300874,-0.00300874,-0.00300874,-0.00300874,-0.00300874],"instab":[null,null,null,null,null,null,null,null,null,null,null,null,null,null,null,null,null,null,null,null,null,null,null,null,null,null,null,null,null,null,null,null,null,null,null,null,null,null,null,null,null,null,null,null,null,null,null,null,null,null,null,null,null,null,null,null,null,null,null,null,null,null,null,null,null,null,null,null,null,null,null,null,null,null,null,null,null,null,null,null,null,null,null,null,null,null,null,null,null,null,null,null,null,null,null,null,null,null,null,null,null,null,null,null,null,null,null,null,null,null,null,null,null,null,null,null,null,null,null,null,null,null,null,null,null,39.529537,35.945915,33.277938,31.15149,29.349244,27.83179,26.580662,25.459882,24.47378,23.587049,22.79353,22.075743,21.428784,20.825461,20.277182,19.765158,0.66706,0.667497,0.676187,0.781327,0.774854,0.640176,0.633229,0.633262,0.590541,0.559404,0.547398,0.56583,0.572362,0.571848,0.581059,0.590789,0.587618,0.596007,0.592764,0.592658,0.588613,0.572359,0.570475,0.331809,0.327825,0.320699,0.314599,0.317993,0.318731,0.321843,0.313082,0.291283,0.275455,0.27115,0.243571,0.229781,0.209338,0.188658,0.188716,0.192363,0.188742,0.215563,0.20854,0.210208,0.20797,0.366868,0.377839,0.372757,0.373561,0.362048,0.358462,0.354639,0.367008,0.368019,0.364342,0.377258,0.384546,0.3849,0.395488,0.395915,0.397354,0.403239,0.402545,0.40223,0.403092,0.247051,0.237119,0.281835],