{"word":"tushuo","years":[1800,1801,1802,1803,1804,1805,1806,1807,1808,1809,1810,1811,1812,1813,1814,1815,1816,1817,1818,1819,1820,1821,1822,1823,1824,1825,1826,1827,1828,1829,1830,1831,1832,1833,1834,1835,1836,1837,1838,1839,1840,1841,1842,1843,1844,1845,1846,1847,1848,1849,1850,1851,1852,1853,1854,1855,1856,1857,1858,1859,1860,1861,1862,1863,1864,1865,1866,1867,1868,1869,1870,1871,1872,1873,1874,1875,1876,1877,1878,1879,1880,1881,1882,1883,1884,1885,1886,1887,1888,1889,1890,1891,1892,1893,1894,1895,1896,1897,1898,1899,1900,1901,1902,1903,1904,1905,1906,1907,1908,1909,1910,1911,1912,1913,1914,1915,1916,1917,1918,1919,1920,1921,1922,1923,1924,1925,1926,1927,1928,1929,1930,1931,1932,1933,1934,1935,1936,1937,1938,1939,1940,1941,1942,1943,1944,1945,1946,1947,1948,1949,1950,1951,1952,1953,1954,1955,1956,1957,1958,1959,1960,1961,1962,1963,1964,1965,1966,1967,1968,1969,1970,1971,1972,1973,1974,1975,1976,1977,1978,1979,1980,1981,1982,1983,1984,1985,1986,1987,1988,1989,1990,1991,1992,1993,1994,1995,1996,1997,1998,1999,2000,2001,2002,2003,2004,2005,2006,2007,2008],"level":[-44.71757,-44.589982,-44.462395,-44.334807,-44.20722,-44.079632,-43.952045,-43.824457,-43.69687,-43.569283,-43.441695,-43.314108,-43.18652,-43.058933,-42.931345,-42.803758,-42.676171,-42.548583,-42.420996,-42.293408,-42.165821,-42.038233,-41.910646,-41.783059,-41.655471,-41.527884,-41.400296,-41.272709,-41.145121,-41.017534,-40.889947,-40.762359,-40.634772,-40.507184,-40.379597,-40.252009,-40.124422,-39.996835,-39.869247,-39.74166,-39.614072,-39.486485,-39.358897,-39.23131,-39.103723,-38.976135,-38.848548,-38.72096,-38.593373,-38.465785,-38.338198,-38.210611,-38.083023,-37.955436,-37.827848,-37.700261,-37.572673,-37.445086,-37.317499,-37.189911,-37.062324,-36.934736,-36.807149,-36.679561,-36.551974,-36.424387,-36.296799,-36.169212,-36.041624,-35.914037,-35.786449,-35.658862,-35.531275,-35.403687,-35.2761,-35.148512,-35.020925,-34.893337,-34.76575,-34.638162,-34.510575,-34.382988,-34.2554,-34.127813,-34.000225,-33.872638,-33.74505,-33.617463,-33.489876,-33.362288,-33.234701,-33.107113,-32.979526,-32.851938,-32.724351,-32.596764,-32.469176,-32.341589,-32.214001,-32.086414,-31.958826,-31.831239,-31.703652,-31.576064,-31.448477,-31.320889,-31.193302,-31.065714,-30.938127,-30.810539,-30.682952,-30.555365,-30.427777,-30.30019,-30.172602,-30.045015,-29.917427,-29.78984,-29.662253,-29.534665,-29.407078,-29.27949,-29.151903,-29.024315,-28.896728,-28.76914,-28.641553,-28.513966,-28.386378,-28.258791,-28.131203,-28.003616,-27.876028,-27.748441,-27.620854,-27.493266,-27.365679,-27.238091,-27.110504,-26.982916,-26.855329,-26.727741,-26.600154,-26.472567,-26.344979,-26.217392,-26.089804,-25.962217,-25.834629,-25.707042,-25.579454,-25.451867,-25.32428,-25.196692,-25.069105,-24.941517,-24.81393,-24.686342,-24.558755,-24.431167,-24.30358,-24.175993,-24.048405,-23.920818,-23.79323,-23.665643,-23.538055,-23.410468,-23.28288,-23.155293,-23.027706,-22.900118,-22.772531,-22.644943,-22.517356,-22.389768,-22.262181,-22.134593,-22.007006,-21.879419,-21.751841,-21.624263,-21.496686,-21.369309,-21.241828,-21.114366,-20.986733,-20.859101,-20.731331,-20.603598,-20.476067,-20.348545,-20.22091,-20.093119,-19.965369,-19.837687,-19.7099,-19.582163,-19.454466,-19.326934,-19.199437,-19.071865,-18.944469,-18.816993,-18.689507,-18.561891,-18.434323,-18.306818,-18.179381],"drift":[0.12758743,0.12758743,0.12758743,0.12758743,0.12758743,0.12758743,0.12758743,0.12758743,0.12758743,0.12758743,0.12758743,0.12758743,0.12758743,0.12758743,0.12758743,0.12758743,0.12758743,0.12758743,0.12758743,0.12758743,0.12758743,0.12758743,0.12758743,0.12758743,0.12758743,0.12758743,0.12758743,0.12758743,0.12758743,0.12758743,0.12758743,0.12758743,0.12758743,0.12758743,0.12758743,0.12758743,0.12758743,0.12758743,0.12758743,0.12758743,0.12758743,0.12758743,0.12758743,0.12758743,0.12758743,0.12758743,0.12758743,0.12758743,0.12758743,0.12758743,0.12758743,0.12758743,0.12758743,0.12758743,0.12758743,0.12758743,0.12758743,0.12758743,0.12758743,0.12758743,0.12758743,0.12758743,0.12758743,0.12758743,0.12758743,0.12758743,0.12758743,0.12758743,0.12758744,0.12758744,0.12758744,0.12758744,0.12758744,0.12758744,0.12758744,0.12758744,0.12758744,0.12758744,0.12758744,0.12758744,0.12758744,0.12758744,0.12758744,0.12758744,0.12758744,0.12758744,0.12758744,0.12758744,0.12758744,0.12758744,0.12758744,0.12758744,0.12758744,0.12758744,0.12758744,0.12758744,0.12758744,0.12758744,0.12758744,0.12758744,0.12758744,0.12758744,0.12758744,0.12758744,0.12758744,0.12758744,0.12758744,0.12758744,0.12758744,0.12758744,0.12758744,0.12758744,0.12758744,0.12758744,0.12758744,0.12758744,0.12758744,0.12758744,0.12758744,0.12758744,0.12758744,0.12758744,0.12758744,0.12758744,0.12758744,0.12758744,0.12758744,0.12758744,0.12758744,0.12758744,0.12758744,0.12758744,0.12758744,0.12758744,0.12758744,0.12758744,0.12758744,0.12758744,0.12758744,0.12758744,0.12758744,0.12758744,0.12758744,0.12758744,0.12758744,0.12758744,0.12758744,0.12758744,0.12758744,0.12758745,0.12758745,0.12758745,0.12758745,0.12758745,0.12758745,0.12758745,0.12758745,0.12758745,0.12758745,0.12758745,0.12758745,0.12758745,0.12758745,0.12758745,0.12758745,0.12758745,0.12758745,0.12758745,0.12758745,0.12758745,0.12758745,0.12758745,0.12758745,0.12758745,0.12758745,0.12758745,0.12758745,0.12758745,0.12758745,0.12758745,0.12758745,0.12758746,0.12758747,0.12758756,0.12758769,0.12758786,0.12758802,0.12758816,0.12758823,0.12758826,0.1275883,0.12758836,0.12758841,0.12758839,0.1275883,0.12758818,0.12758799,0.12758774,0.12758745,0.12758719,0.12758695,0.12758672,0.12758656,0.12758644,0.12758636,0.12758627,0.12758619,0.12758613,0.12758613],"instab":[null,null,null,null,null,null,null,null,null,null,null,null,null,null,null,null,null,null,null,null,null,null,null,null,null,null,null,null,null,null,null,null,null,null,null,null,null,null,null,null,null,null,null,null,null,null,null,null,null,null,null,null,null,null,null,null,null,null,null,null,null,null,null,null,null,null,null,null,null,null,null,null,null,null,null,null,null,null,null,null,null,null,null,null,null,null,null,null,null,null,null,null,null,null,null,null,null,null,null,null,null,null,null,null,null,null,null,null,null,null,null,null,null,null,null,null,null,null,null,null,null,null,null,null,null,null,null,null,null,null,null,null,null,null,null,null,null,null,null,null,null,null,null,null,null,null,null,null,null,null,null,null,null,null,null,null,null,null,null,null,null,null,null,null,null,null,null,null,null,null,null,null,null,null,null,null,null,null,null,null,null,null,null,null,null,9.732085,9.732085,8.900633,8.332923,7.890502,7.427393,7.020289,6.6738,6.406331,6.168633,5.934365,5.741797,5.563471,5.413325,0.939995,0.926994,0.917579,0.845739,0.700976,0.731415,0.688199,0.670975,0.670143,0.675952],