{"word":"typescript","years":[1800,1801,1802,1803,1804,1805,1806,1807,1808,1809,1810,1811,1812,1813,1814,1815,1816,1817,1818,1819,1820,1821,1822,1823,1824,1825,1826,1827,1828,1829,1830,1831,1832,1833,1834,1835,1836,1837,1838,1839,1840,1841,1842,1843,1844,1845,1846,1847,1848,1849,1850,1851,1852,1853,1854,1855,1856,1857,1858,1859,1860,1861,1862,1863,1864,1865,1866,1867,1868,1869,1870,1871,1872,1873,1874,1875,1876,1877,1878,1879,1880,1881,1882,1883,1884,1885,1886,1887,1888,1889,1890,1891,1892,1893,1894,1895,1896,1897,1898,1899,1900,1901,1902,1903,1904,1905,1906,1907,1908,1909,1910,1911,1912,1913,1914,1915,1916,1917,1918,1919,1920,1921,1922,1923,1924,1925,1926,1927,1928,1929,1930,1931,1932,1933,1934,1935,1936,1937,1938,1939,1940,1941,1942,1943,1944,1945,1946,1947,1948,1949,1950,1951,1952,1953,1954,1955,1956,1957,1958,1959,1960,1961,1962,1963,1964,1965,1966,1967,1968,1969,1970,1971,1972,1973,1974,1975,1976,1977,1978,1979,1980,1981,1982,1983,1984,1985,1986,1987,1988,1989,1990,1991,1992,1993,1994,1995,1996,1997,1998,1999,2000,2001,2002,2003,2004,2005,2006,2007,2008],"level":[-14.863777,-15.077808,-15.30335,-15.528277,-15.751975,-15.973828,-16.193222,-16.409543,-16.622175,-16.830503,-17.033913,-17.231791,-17.42352,-17.608488,-17.786078,-17.955676,-18.116835,-18.254833,-18.389222,-18.514326,-18.627922,-18.72368,-18.810297,-18.888152,-18.957626,-19.0191,-19.072953,-19.119565,-19.159317,-19.192588,-19.21976,-19.240246,-19.255444,-19.265785,-19.271701,-19.273624,-19.271986,-19.267218,-19.259752,-19.248823,-19.236122,-19.222147,-19.201974,-19.198364,-19.194661,-19.190764,-19.186576,-19.181996,-19.176925,-19.171265,-19.164916,-19.140537,-19.116191,-19.0927,-19.061877,-19.061073,-19.063106,-19.067836,-19.081093,-19.096444,-19.11343,-19.131589,-19.150462,-19.169587,-19.188505,-19.210014,-19.230221,-19.248492,-19.248985,-19.229896,-19.209508,-19.201405,-19.193529,-19.186308,-19.222209,-19.257378,-19.267152,-19.249456,-19.22932,-19.203223,-19.198744,-19.193187,-19.186286,-19.177772,-19.167375,-19.154828,-19.139861,-19.122207,-19.065682,-19.007851,-18.959925,-18.920139,-18.877597,-18.838369,-18.827291,-18.817211,-18.854599,-18.893713,-18.953606,-19.003136,-19.008011,-18.945302,-18.931736,-18.913469,-18.909635,-18.878139,-18.810366,-18.702343,-18.574398,-18.413404,-18.258507,-18.109721,-17.966538,-17.844498,-17.717514,-17.574576,-17.448407,-17.331029,-17.183077,-17.020582,-16.870916,-16.720104,-16.566959,-16.416983,-16.26267,-16.117866,-15.990823,-15.874564,-15.76511,-15.65055,-15.528987,-15.410514,-15.297561,-15.195703,-15.096084,-15.001066,-14.918571,-14.847827,-14.78054,-14.714977,-14.660114,-14.616315,-14.574582,-14.521642,-14.482351,-14.434396,-14.386767,-14.335659,-14.275865,-14.23698,-14.193053,-14.137819,-14.080251,-14.031831,-13.988703,-13.952536,-13.912376,-13.872103,-13.843192,-13.829972,-13.811806,-13.787913,-13.7586,-13.734337,-13.714241,-13.697849,-13.678307,-13.668529,-13.651392,-13.627793,-13.601407,-13.577512,-13.55261,-13.5252,-13.501496,-13.479881,-13.457043,-13.437055,-13.42058,-13.405046,-13.393408,-13.381402,-13.370766,-13.36309,-13.359368,-13.360984,-13.365982,-13.372932,-13.38446,-13.40578,-13.428985,-13.452851,-13.47769,-13.499276,-13.527489,-13.556723,-13.587032,-13.623723,-13.66721,-13.715835,-13.764775,-13.815642,-13.866802,-13.922331,-13.976473,-14.034172,-14.094437,-14.153394,-14.214856],"drift":[-0.21403054,-0.21403054,-0.21341576,-0.21218622,-0.2103419,-0.20788282,-0.20480897,-0.20112034,-0.19681695,-0.19189879,-0.18636586,-0.18021815,-0.17345568,-0.16607844,-0.15808643,-0.14947964,-0.14024912,-0.13113878,-0.1218549,-0.11239746,-0.10287601,-0.09373471,-0.08497356,-0.07659256,-0.06859171,-0.060971,-0.05373045,-0.04687004,-0.04038977,-0.03428966,-0.02856969,-0.02328143,-0.01842488,-0.01400002,-0.01000687,-0.00644543,-0.00331569,-0.00061765,0.00164868,0.00341936,0.00469439,0.00547377,0.00546815,0.00556176,0.00575461,0.00604669,0.00643801,0.00692857,0.00751836,0.00820738,0.00899565,0.00896235,0.00810751,0.00643111,0.00345205,0.0006144,-0.00208183,-0.00463664,-0.00673108,-0.00836516,-0.00953887,-0.01025222,-0.0105052,-0.01029781,-0.00963006,-0.00832791,-0.00639136,-0.00382041,-0.00142713,-0.00012954,7.236e-05,-0.00015465,-0.00081055,-0.00189536,-0.00116411,0.00138318,0.00452632,0.00696614,0.00870264,0.00951019,0.01058639,0.01193123,0.01354471,0.01542683,0.01757759,0.01999698,0.02268502,0.0256417,0.0269491,0.02660722,0.02512685,0.02286361,0.01954943,0.01518433,0.01103853,0.00694393,0.00521682,0.00585722,0.01000901,0.01734045,0.02585832,0.03240817,0.03996427,0.04867913,0.05978896,0.07240978,0.0852782,0.09693192,0.1069294,0.11403956,0.11896776,0.12230352,0.12452424,0.12687759,0.12922526,0.13084061,0.13270546,0.13538887,0.13740133,0.13807366,0.13812692,0.1375027,0.13604313,0.1338395,0.13054249,0.12648382,0.1223953,0.11863448,0.11536396,0.11213633,0.10840532,0.10413663,0.09939708,0.09452613,0.08938317,0.08393928,0.07857254,0.07362387,0.0690136,0.06458764,0.06068102,0.057676,0.05552241,0.05350674,0.05225024,0.05122312,0.05038796,0.04951436,0.04809176,0.04716085,0.04640264,0.04517281,0.04328101,0.04111475,0.03884095,0.03670995,0.0343947,0.03176555,0.02928882,0.02767028,0.02655931,0.02559074,0.02442334,0.02326454,0.02227493,0.02159954,0.02103401,0.02106959,0.0213152,0.02143886,0.02129831,0.02101907,0.02053246,0.01967857,0.01860967,0.01738029,0.01585943,0.01411812,0.0122509,0.01020838,0.00808948,0.00576142,0.00317306,0.00034419,-0.00266507,-0.00573035,-0.00883471,-0.01203975,-0.01527212,-0.01818151,-0.02082262,-0.02330119,-0.02569761,-0.02831364,-0.03093501,-0.03364723,-0.03653776,-0.0394201,-0.04208522,-0.04440112,-0.04647459,-0.04831349,-0.05000038,-0.05139199,-0.05263676,-0.05361116,-0.05423023,-0.05459688,-0.05459688],"instab":[null,null,null,null,null,null,null,null,null,null,null,null,null,null,null,null,null,null,null,46.847843,42.478604,44.740643,44.740643,44.740643,44.740643,44.740643,44.740643,44.740643,44.740643,44.740643,40.717188,40.717188,40.717188,40.717188,40.717188,0.771786,null,null,null,null,null,null,null,null,null,null,null,null,null,null,null,null,null,0.596143,0.617562,0.617562,0.617562,0.596542,0.573781,0.573781,0.573781,0.641049,null,null,0.65655,0.65655,0.65655,0.666347,0.616356,0.616356,0.655947,0.655947,0.655947,0.80097,0.768389,0.874628,0.840564,0.905604,0.850344,0.868682,0.868682,0.868682,0.868682,0.868682,0.915336,0.915336,0.915336,0.953288,1.02178,1.032047,1.016505,0.951726,0.951726,0.890438,0.846479,0.758691,0.711701,0.691014,0.806291,0.940587,1.014635,1.176227,1.126239,1.093758,1.070549,1.046426,1.018221,0.992921,0.963286,0.96276,0.978529,0.989784,0.981688,0.967315,0.967987,0.951915,0.92789,0.950313,0.921255,0.842766,0.725724,0.579851,0.579262,0.572607,0.54035,0.506329,0.481439,0.487672,0.507894,0.472761,0.439026,0.418004,0.366482,0.369182,0.362135,0.3277,0.32119,0.259048,0.265268,0.215775,0.213904,0.222023,0.248583,0.258082,0.256934,0.224794,0.219674,0.221268,0.269636,0.265903,0.272713,0.271255,0.280264,0.283144,0.286193,0.284509,0.283197,0.290834,0.297011,0.306369,0.310816,0.308739,0.287062,0.280249,0.264048,0.265904,0.269813,0.272632,0.229823,0.223728,0.212891,0.212935,0.199134,0.201112,0.199797,0.193895,0.194678,0.185588,0.171687,0.151257,0.136283,0.127434,0.123734,0.122868,0.123039,0.11697,0.10576,0.07937,0.069154,0.079149,0.082728,0.086955,0.098514,0.09463,0.093705,0.094302,0.094145,0.093055,0.093052,0.095896,0.096006,0.097494,0.097421,0.09869,0.097588,0.097871,0.098884,0.099566,0.099052],