{"word":"tyramide","years":[1800,1801,1802,1803,1804,1805,1806,1807,1808,1809,1810,1811,1812,1813,1814,1815,1816,1817,1818,1819,1820,1821,1822,1823,1824,1825,1826,1827,1828,1829,1830,1831,1832,1833,1834,1835,1836,1837,1838,1839,1840,1841,1842,1843,1844,1845,1846,1847,1848,1849,1850,1851,1852,1853,1854,1855,1856,1857,1858,1859,1860,1861,1862,1863,1864,1865,1866,1867,1868,1869,1870,1871,1872,1873,1874,1875,1876,1877,1878,1879,1880,1881,1882,1883,1884,1885,1886,1887,1888,1889,1890,1891,1892,1893,1894,1895,1896,1897,1898,1899,1900,1901,1902,1903,1904,1905,1906,1907,1908,1909,1910,1911,1912,1913,1914,1915,1916,1917,1918,1919,1920,1921,1922,1923,1924,1925,1926,1927,1928,1929,1930,1931,1932,1933,1934,1935,1936,1937,1938,1939,1940,1941,1942,1943,1944,1945,1946,1947,1948,1949,1950,1951,1952,1953,1954,1955,1956,1957,1958,1959,1960,1961,1962,1963,1964,1965,1966,1967,1968,1969,1970,1971,1972,1973,1974,1975,1976,1977,1978,1979,1980,1981,1982,1983,1984,1985,1986,1987,1988,1989,1990,1991,1992,1993,1994,1995,1996,1997,1998,1999,2000,2001,2002,2003,2004,2005,2006,2007,2008],"level":[-43.735505,-43.615442,-43.49538,-43.375317,-43.255254,-43.135192,-43.015129,-42.895066,-42.775003,-42.654941,-42.534878,-42.414815,-42.294753,-42.17469,-42.054627,-41.934564,-41.814502,-41.694439,-41.574376,-41.454313,-41.334251,-41.214188,-41.094125,-40.974062,-40.854,-40.733937,-40.613874,-40.493811,-40.373748,-40.253686,-40.133623,-40.01356,-39.893497,-39.773434,-39.653372,-39.533309,-39.413246,-39.293183,-39.17312,-39.053057,-38.932994,-38.812931,-38.692869,-38.572806,-38.452743,-38.33268,-38.212617,-38.092554,-37.972491,-37.852428,-37.732365,-37.612302,-37.492239,-37.372176,-37.252113,-37.13205,-37.011987,-36.891924,-36.771861,-36.651798,-36.531735,-36.411671,-36.291608,-36.171545,-36.051482,-35.931419,-35.811356,-35.691292,-35.571229,-35.451166,-35.331103,-35.21104,-35.090976,-34.970913,-34.85085,-34.730786,-34.610723,-34.49066,-34.370596,-34.250533,-34.130469,-34.010406,-33.890343,-33.770279,-33.650216,-33.530152,-33.410089,-33.290025,-33.169962,-33.049898,-32.929834,-32.809771,-32.689707,-32.569644,-32.44958,-32.329516,-32.209452,-32.089389,-31.969325,-31.849261,-31.729197,-31.609134,-31.48907,-31.369006,-31.248942,-31.128878,-31.008814,-30.88875,-30.768686,-30.648622,-30.528558,-30.408494,-30.28843,-30.168366,-30.048302,-29.928238,-29.808173,-29.688109,-29.568045,-29.447981,-29.327916,-29.207852,-29.087788,-28.967723,-28.847659,-28.727595,-28.60753,-28.487466,-28.367401,-28.247337,-28.127272,-28.007208,-27.887143,-27.767078,-27.647014,-27.526949,-27.406884,-27.28682,-27.166755,-27.04669,-26.926625,-26.80656,-26.686495,-26.56643,-26.446365,-26.3263,-26.206235,-26.08617,-25.966105,-25.84604,-25.725975,-25.60591,-25.485844,-25.365779,-25.245714,-25.125649,-25.005583,-24.885518,-24.765452,-24.645387,-24.525321,-24.405256,-24.28519,-24.165125,-24.045059,-23.924993,-23.804928,-23.684862,-23.564796,-23.44473,-23.324664,-23.204598,-23.084532,-22.964466,-22.8444,-22.724334,-22.604268,-22.484202,-22.364136,-22.24407,-22.124004,-22.003937,-21.883871,-21.730017,-21.576163,-21.735865,-21.895564,-22.055259,-22.07766,-22.100052,-22.122433,-21.667166,-21.21189,-20.75661,-21.467198,-21.906919,-20.698497,-19.987138,-18.677686,-18.73872,-18.322936,-17.699159,-18.001296,-18.028801,-17.859849,-17.538931,-17.640525,-18.093086,-18.756754],"drift":[0.12008481,0.12008481,0.12008481,0.12008481,0.12008481,0.12008481,0.12008481,0.12008481,0.12008481,0.12008482,0.12008482,0.12008482,0.12008482,0.12008483,0.12008483,0.12008483,0.12008484,0.12008484,0.12008484,0.12008485,0.12008485,0.12008486,0.12008486,0.12008487,0.12008487,0.12008488,0.12008488,0.12008489,0.12008489,0.1200849,0.12008491,0.12008491,0.12008492,0.12008493,0.12008494,0.12008494,0.12008495,0.12008496,0.12008497,0.12008498,0.12008499,0.12008499,0.120085,0.12008501,0.12008502,0.12008503,0.12008504,0.12008505,0.12008506,0.12008507,0.12008509,0.1200851,0.12008511,0.12008512,0.12008513,0.12008514,0.12008516,0.12008517,0.12008518,0.12008519,0.12008521,0.12008522,0.12008523,0.12008525,0.12008526,0.12008528,0.12008529,0.12008531,0.12008532,0.12008534,0.12008535,0.12008537,0.12008538,0.1200854,0.12008542,0.12008543,0.12008545,0.12008547,0.12008548,0.1200855,0.12008552,0.12008554,0.12008555,0.12008557,0.12008559,0.12008561,0.12008563,0.12008565,0.12008567,0.12008569,0.12008571,0.12008573,0.12008575,0.12008577,0.12008579,0.12008581,0.12008583,0.12008585,0.12008587,0.12008589,0.12008591,0.12008594,0.12008596,0.12008598,0.120086,0.12008603,0.12008605,0.12008607,0.1200861,0.12008612,0.12008615,0.12008617,0.1200862,0.12008622,0.12008625,0.12008627,0.1200863,0.12008632,0.12008635,0.12008637,0.1200864,0.12008643,0.12008645,0.12008648,0.12008651,0.12008654,0.12008656,0.12008659,0.12008662,0.12008665,0.12008668,0.1200867,0.12008673,0.12008676,0.12008679,0.12008682,0.12008685,0.12008688,0.12008691,0.12008694,0.12008697,0.120087,0.12008704,0.12008707,0.1200871,0.12008713,0.12008716,0.12008719,0.12008723,0.12008726,0.12008729,0.12008733,0.12008736,0.12008739,0.12008743,0.12008746,0.1200875,0.12008753,0.12008756,0.1200876,0.12008763,0.12008767,0.12008771,0.12008774,0.12008778,0.12008781,0.12008785,0.12008789,0.12008792,0.12008796,0.120088,0.12008804,0.12008807,0.12008811,0.12008815,0.12008819,0.12008823,0.12008827,0.1200883,0.12008834,0.12008838,0.12008842,0.12008846,0.12008817,0.12008754,0.12008969,0.12009462,0.12010233,0.12011146,0.12012201,0.12013397,0.1201426,0.1201479,0.12014987,0.12016009,0.12017589,0.12018086,0.12017996,0.12016723,0.12015631,0.12014244,0.12012357,0.1201089,0.1200957,0.12008201,0.12006632,0.12005284,0.12004505,0.12004505],"instab":[null,null,null,null,null,null,null,null,null,null,null,null,null,null,null,null,null,null,null,null,null,null,null,null,null,null,null,null,null,null,null,null,null,null,null,null,null,null,null,null,null,null,null,null,null,null,null,null,null,null,null,null,null,null,null,null,null,null,null,null,null,null,null,null,null,null,null,null,null,null,null,null,null,null,null,null,null,null,null,null,null,null,null,null,null,null,null,null,null,null,null,null,null,null,null,null,null,null,null,null,null,null,null,null,null,null,null,null,null,null,null,null,null,null,null,null,null,null,null,null,null,null,null,null,null,null,null,null,null,null,null,null,null,null,null,null,null,null,null,null,null,null,null,null,null,null,null,null,null,null,null,null,null,null,null,null,null,null,null,null,null,null,null,null,null,null,null,null,null,null,null,null,null,null,null,null,null,null,null,null,null,null,null,null,null,null,null,null,null,null,null,null,null,10.018191,9.040446,8.30587,7.887691,7.457241,7.156302,6.80156,6.509552,6.267894,1.177946,1.142671,1.136858,1.09626,1.064257,1.027546,1.055187],