{"word":"unemployment","years":[1800,1801,1802,1803,1804,1805,1806,1807,1808,1809,1810,1811,1812,1813,1814,1815,1816,1817,1818,1819,1820,1821,1822,1823,1824,1825,1826,1827,1828,1829,1830,1831,1832,1833,1834,1835,1836,1837,1838,1839,1840,1841,1842,1843,1844,1845,1846,1847,1848,1849,1850,1851,1852,1853,1854,1855,1856,1857,1858,1859,1860,1861,1862,1863,1864,1865,1866,1867,1868,1869,1870,1871,1872,1873,1874,1875,1876,1877,1878,1879,1880,1881,1882,1883,1884,1885,1886,1887,1888,1889,1890,1891,1892,1893,1894,1895,1896,1897,1898,1899,1900,1901,1902,1903,1904,1905,1906,1907,1908,1909,1910,1911,1912,1913,1914,1915,1916,1917,1918,1919,1920,1921,1922,1923,1924,1925,1926,1927,1928,1929,1930,1931,1932,1933,1934,1935,1936,1937,1938,1939,1940,1941,1942,1943,1944,1945,1946,1947,1948,1949,1950,1951,1952,1953,1954,1955,1956,1957,1958,1959,1960,1961,1962,1963,1964,1965,1966,1967,1968,1969,1970,1971,1972,1973,1974,1975,1976,1977,1978,1979,1980,1981,1982,1983,1984,1985,1986,1987,1988,1989,1990,1991,1992,1993,1994,1995,1996,1997,1998,1999,2000,2001,2002,2003,2004,2005,2006,2007,2008,2009,2010,2011,2012,2013,2014,2015,2016,2017,2018,2019],"level":[-16.60693,-16.700103,-16.792903,-16.88445,-16.973736,-17.060129,-17.142979,-17.222001,-17.297266,-17.368343,-17.435145,-17.497665,-17.556241,-17.610986,-17.661813,-17.708946,-17.752939,-17.793994,-17.832294,-17.867869,-17.900612,-17.930714,-17.95871,-17.984837,-18.009424,-18.032583,-18.054795,-18.076468,-18.097782,-18.119247,-18.141136,-18.164068,-18.188665,-18.215269,-18.243284,-18.272269,-18.301931,-18.331203,-18.359369,-18.386047,-18.410871,-18.43383,-18.455273,-18.475705,-18.495948,-18.516361,-18.537219,-18.558575,-18.58065,-18.603458,-18.62693,-18.650602,-18.673842,-18.695771,-18.71587,-18.733998,-18.749729,-18.762736,-18.772879,-18.779758,-18.782717,-18.781452,-18.775347,-18.763828,-18.746608,-18.723697,-18.695033,-18.660886,-18.621883,-18.578475,-18.530897,-18.479436,-18.424359,-18.365642,-18.303237,-18.237115,-18.167022,-18.0926,-18.013497,-17.929576,-17.841009,-17.747685,-17.649232,-17.545669,-17.437181,-17.323997,-17.206717,-17.08599,-16.96222,-16.835648,-16.706666,-16.575524,-16.442415,-16.307594,-16.171275,-16.033583,-15.894545,-15.754202,-15.61236,-15.468936,-15.323973,-15.177515,-15.029404,-14.879501,-14.727666,-14.573865,-14.418218,-14.260997,-14.102607,-13.943593,-13.784536,-13.626009,-13.468609,-13.312878,-13.159348,-13.00848,-12.860702,-12.716345,-12.575642,-12.438858,-12.306329,-12.178364,-12.05526,-11.937201,-11.824287,-11.716578,-11.614102,-11.516948,-11.42526,-11.339259,-11.259207,-11.185378,-11.117962,-11.057014,-11.002482,-10.954223,-10.912032,-10.875632,-10.84471,-10.818935,-10.797937,-10.781304,-10.768594,-10.759346,-10.753115,-10.749466,-10.747963,-10.748142,-10.749563,-10.751808,-10.754503,-10.7573,-10.759894,-10.76206,-10.763648,-10.764582,-10.764815,-10.764343,-10.763225,-10.761578,-10.759528,-10.757178,-10.75465,-10.752047,-10.749472,-10.747016,-10.744755,-10.742744,-10.741044,-10.739755,-10.739014,-10.739009,-10.739933,-10.741975,-10.745317,-10.750156,-10.756644,-10.764866,-10.774855,-10.786606,-10.800079,-10.815212,-10.831925,-10.850127,-10.869699,-10.890473,-10.912262,-10.934873,-10.95813,-10.981877,-11.005971,-11.030289,-11.05473,-11.079191,-11.103576,-11.127785,-11.151725,-11.175312,-11.198486,-11.221201,-11.243422,-11.265125,-11.286292,-11.306914,-11.326993,-11.346546,-11.365602,-11.384209,-11.402432,-11.420342,-11.438019,-11.455535,-11.472937,-11.490244,-11.507484,-11.524694,-11.541892,-11.559083,-11.576256,-11.593424],"drift":[-0.0931727,-0.09280035,-0.09154722,-0.08928536,-0.08639334,-0.08285009,-0.07902181,-0.07526506,-0.07107644,-0.06680257,-0.06251974,-0.05857651,-0.05474507,-0.05082651,-0.04713298,-0.04399355,-0.04105493,-0.03829957,-0.03557537,-0.03274283,-0.03010222,-0.02799564,-0.02612708,-0.02458715,-0.02315829,-0.02221289,-0.02167295,-0.02131408,-0.02146446,-0.0218888,-0.02293265,-0.02459704,-0.02660365,-0.02801459,-0.02898539,-0.02966198,-0.02927164,-0.0281661,-0.02667865,-0.02482357,-0.02295904,-0.02144311,-0.02043175,-0.02024287,-0.02041337,-0.02085759,-0.0213559,-0.02207555,-0.02280808,-0.02347137,-0.02367259,-0.02323984,-0.02192875,-0.02009957,-0.01812759,-0.01573151,-0.01300663,-0.01014321,-0.00687869,-0.00295885,0.00126512,0.00610523,0.01151881,0.0172196,0.02291063,0.02866443,0.03414659,0.03900357,0.04340818,0.0475779,0.05146118,0.05507674,0.05871689,0.06240514,0.06612231,0.07009278,0.0744213,0.07910357,0.08392107,0.08856679,0.09332406,0.09845267,0.10356354,0.10848757,0.11318425,0.11727943,0.12072731,0.12376974,0.12657286,0.12898157,0.1311421,0.13310871,0.13482125,0.13631872,0.13769178,0.13903841,0.14034283,0.14184236,0.14342423,0.14496265,0.14645801,0.14811131,0.14990278,0.15183496,0.15380049,0.15564708,0.1572215,0.15839032,0.1590133,0.15905687,0.15852734,0.15739966,0.15573156,0.1535301,0.15086784,0.14777833,0.14435666,0.14070305,0.13678358,0.13252912,0.12796533,0.12310363,0.118059,0.11291373,0.1077096,0.1024756,0.09715425,0.09168808,0.08600105,0.08005188,0.0738289,0.06741638,0.06094801,0.05453182,0.04825896,0.04219113,0.03639984,0.03092141,0.0257756,0.02099818,0.01663278,0.01271038,0.00924746,0.00623091,0.00364879,0.00150377,-0.00017964,-0.00142107,-0.00224512,-0.00269423,-0.00279705,-0.00259389,-0.00216624,-0.00158842,-0.00093337,-0.00023368,0.00047199,0.00111858,0.0016467,0.00205027,0.00234985,0.00252788,0.00260293,0.00257535,0.0024556,0.00226096,0.00201106,0.00169982,0.00128973,0.00074039,5.35e-06,-0.00092423,-0.00204202,-0.00334234,-0.00483868,-0.00648764,-0.00822182,-0.00998963,-0.01175084,-0.01347269,-0.01513328,-0.01671248,-0.01820243,-0.01957243,-0.02077399,-0.02178833,-0.02261161,-0.02325635,-0.02374732,-0.02409423,-0.02431822,-0.02444028,-0.02446116,-0.02438485,-0.02420964,-0.02394015,-0.02358664,-0.02317408,-0.02271442,-0.02222115,-0.02170312,-0.0211667,-0.02062233,-0.02007917,-0.019553,-0.019056,-0.01860731,-0.01822229,-0.01791048,-0.01767666,-0.0175165,-0.0174016,-0.0173066,-0.01724072,-0.01720989,-0.01719768,-0.01719128,-0.01717329,-0.01716752,-0.01716752],