{"word":"vaccine","years":[1800,1801,1802,1803,1804,1805,1806,1807,1808,1809,1810,1811,1812,1813,1814,1815,1816,1817,1818,1819,1820,1821,1822,1823,1824,1825,1826,1827,1828,1829,1830,1831,1832,1833,1834,1835,1836,1837,1838,1839,1840,1841,1842,1843,1844,1845,1846,1847,1848,1849,1850,1851,1852,1853,1854,1855,1856,1857,1858,1859,1860,1861,1862,1863,1864,1865,1866,1867,1868,1869,1870,1871,1872,1873,1874,1875,1876,1877,1878,1879,1880,1881,1882,1883,1884,1885,1886,1887,1888,1889,1890,1891,1892,1893,1894,1895,1896,1897,1898,1899,1900,1901,1902,1903,1904,1905,1906,1907,1908,1909,1910,1911,1912,1913,1914,1915,1916,1917,1918,1919,1920,1921,1922,1923,1924,1925,1926,1927,1928,1929,1930,1931,1932,1933,1934,1935,1936,1937,1938,1939,1940,1941,1942,1943,1944,1945,1946,1947,1948,1949,1950,1951,1952,1953,1954,1955,1956,1957,1958,1959,1960,1961,1962,1963,1964,1965,1966,1967,1968,1969,1970,1971,1972,1973,1974,1975,1976,1977,1978,1979,1980,1981,1982,1983,1984,1985,1986,1987,1988,1989,1990,1991,1992,1993,1994,1995,1996,1997,1998,1999,2000,2001,2002,2003,2004,2005,2006,2007,2008,2009,2010,2011,2012,2013,2014,2015,2016,2017,2018,2019],"level":[-13.195512,-13.11052,-13.119274,-13.135627,-13.217726,-13.183994,-13.335323,-13.520441,-13.568269,-13.713011,-13.767262,-13.791244,-13.874563,-13.933219,-13.955174,-13.927304,-13.824603,-13.786061,-13.857374,-13.886575,-13.957375,-13.898957,-13.814773,-13.881048,-13.865092,-13.895259,-13.839138,-13.768601,-13.717204,-13.77975,-13.929461,-14.044056,-14.225932,-14.254619,-14.183151,-14.117206,-14.145676,-14.136354,-14.084463,-14.069678,-14.071764,-14.092753,-14.112986,-14.181994,-14.134125,-14.08236,-14.129467,-14.169882,-14.191697,-14.201679,-14.212856,-14.127799,-14.056795,-14.015695,-13.965174,-13.936982,-13.919814,-13.911792,-13.906083,-13.934927,-13.925476,-13.908916,-13.874486,-13.864686,-13.869728,-13.77503,-13.735946,-13.690973,-13.629261,-13.620554,-13.66304,-13.699606,-13.735873,-13.81692,-13.891483,-13.987113,-14.017769,-14.033163,-14.031664,-13.98485,-13.902284,-13.780616,-13.674146,-13.642112,-13.671854,-13.7605,-13.845647,-13.962412,-14.016082,-14.047776,-14.1008,-14.098349,-14.082294,-14.022032,-13.90957,-13.825987,-13.749672,-13.699175,-13.62045,-13.539141,-13.451687,-13.377751,-13.302179,-13.289722,-13.30275,-13.3258,-13.279703,-13.177701,-13.067406,-12.959113,-12.836244,-12.740998,-12.646462,-12.581914,-12.549514,-12.533928,-12.520603,-12.524004,-12.552218,-12.592998,-12.62655,-12.667944,-12.699701,-12.715054,-12.725944,-12.736273,-12.729173,-12.719732,-12.732016,-12.747479,-12.777539,-12.778296,-12.780716,-12.764739,-12.754538,-12.739797,-12.74787,-12.736623,-12.714534,-12.678129,-12.651351,-12.621021,-12.608915,-12.584909,-12.553118,-12.535185,-12.524245,-12.511646,-12.494774,-12.504171,-12.512117,-12.497406,-12.462559,-12.388856,-12.292147,-12.170109,-12.138365,-12.13035,-12.142615,-12.161338,-12.188372,-12.231386,-12.285615,-12.339048,-12.383853,-12.406794,-12.411622,-12.40851,-12.408495,-12.413925,-12.424011,-12.425168,-12.428225,-12.446404,-12.43981,-12.413715,-12.375539,-12.362909,-12.351825,-12.336974,-12.304291,-12.26605,-12.194046,-12.176471,-12.138631,-12.085274,-12.058502,-12.033527,-12.01268,-12.000057,-11.989704,-11.979005,-11.974625,-11.946126,-11.924427,-11.906509,-11.881335,-11.843028,-11.806792,-11.75899,-11.711144,-11.666771,-11.627622,-11.60622,-11.574255,-11.5695,-11.552758,-11.541109,-11.523644,-11.547422,-11.552748,-11.535865,-11.504535,-11.484232,-11.453832,-11.411897,-11.366337,-11.322737,-11.322396,-11.308501],"drift":[-0.00164476,-0.00165891,-0.0016719,-0.0016825,-0.00167996,-0.0016832,-0.001662,-0.00161083,-0.0015521,-0.00146998,-0.00137924,-0.00128481,-0.00117698,-0.00105976,-0.00093912,-0.00082319,-0.00072417,-0.00063156,-0.00052741,-0.00041858,-0.00029825,-0.0001875,-9.055e-05,1.722e-05,0.00012239,0.0002325,0.00033349,0.000423,0.00050419,0.00059567,0.00071172,0.0008466,0.00101133,0.00118091,0.00133901,0.00148656,0.001639,0.00179018,0.00193318,0.00207408,0.00221566,0.00236103,0.00251009,0.00267084,0.0028242,0.00296956,0.00312311,0.00328377,0.00344853,0.00361548,0.00378485,0.00394095,0.00408608,0.00422517,0.0043567,0.00448434,0.0046099,0.0047349,0.00485975,0.0049901,0.00511972,0.00524747,0.00537046,0.00549272,0.0056167,0.00572613,0.00583011,0.0059277,0.00601617,0.00610421,0.00620018,0.00630313,0.00641305,0.00653725,0.0066747,0.00682886,0.00698914,0.00715309,0.00731795,0.00747637,0.00762252,0.00775003,0.00786142,0.00796886,0.00808246,0.00821186,0.00835652,0.00852161,0.00869687,0.00887872,0.00907068,0.00926373,0.00945567,0.00963931,0.00980615,0.00996094,0.01010488,0.01024223,0.01036839,0.01048297,0.01058496,0.01067661,0.01075766,0.01083842,0.01092309,0.01101331,0.0110978,0.01116743,0.01122087,0.01125845,0.0112778,0.01128344,0.01127547,0.01125879,0.01123867,0.01121783,0.01119665,0.01117786,0.0111655,0.01116162,0.01116505,0.01117707,0.0111961,0.01121947,0.01124645,0.01127696,0.01130814,0.01133964,0.01137499,0.01141472,0.01146124,0.01150974,0.01156053,0.01161059,0.01166088,0.01171067,0.01176369,0.0118168,0.01186822,0.01191564,0.01196063,0.01200262,0.0120446,0.01208462,0.01212142,0.01215727,0.01219331,0.0122293,0.01226452,0.01230328,0.01234536,0.01238704,0.01242506,0.01245306,0.0124673,0.01246364,0.01245683,0.01245075,0.0124487,0.01245174,0.01246124,0.0124798,0.01250926,0.01254949,0.01259909,0.01265449,0.01271276,0.01277259,0.0128345,0.0128994,0.01296805,0.01303901,0.0131126,0.01319131,0.01327109,0.01334877,0.0134224,0.01349616,0.01357031,0.01364426,0.01371509,0.01378192,0.01383923,0.01389594,0.01394873,0.01399509,0.01403935,0.01408184,0.01412321,0.01416483,0.01420708,0.01424989,0.01429432,0.01433643,0.01437734,0.01441767,0.01445624,0.01449091,0.01452203,0.01454772,0.01456796,0.01458334,0.0145947,0.01460495,0.01461237,0.01462139,0.01463007,0.01463923,0.01464794,0.01466292,0.01468117,0.01469905,0.01471422,0.01472848,0.01474018,0.01474743,0.01474965,0.01474716,0.01474702,0.01474702],"instab":[null,null,null,null,5.979253,5.648515,5.20232,4.822118,4.598374,4.345037,4.149714,4.000923,3.844264,3.705301,3.581429,3.469499,3.393491,3.321233,3.229724,3.153193,0.852897,0.806164,0.791869,0.800239,0.738397,0.686118,0.675223,0.581301,0.597463,0.553652,0.577362,0.57083,0.656139,0.668489,0.670846,0.690735,0.668265,0.638779,0.6404,0.639451,0.605244,0.605235,0.543089,0.558684,0.552763,0.564831,0.565899,0.561772,0.525513,0.518519,0.513593,0.521851,0.424046,0.39713,0.396045,0.358362,0.351588,0.34767,0.339858,0.348327,0.347707,0.347902,0.347687,0.280637,0.316566,0.299573,0.29631,0.290693,0.302185,0.305124,0.273455,0.272171,0.262029,0.275271,0.272268,0.312828,0.314187,0.31515,0.313751,0.308011,0.308247,0.32631,0.362157,0.373251,0.345846,0.332136,0.332976,0.371861,0.357565,0.348238,0.359308,0.359182,0.356501,0.353577,0.377144,0.356263,0.363412,0.361728,0.358015,0.358514,0.362966,0.353084,0.336776,0.325606,0.322643,0.335619,0.338723,0.295078,0.288356,0.289076,0.268336,0.264524,0.255769,0.247219,0.237739,0.240369,0.237063,0.234293,0.240154,0.254137,0.255826,0.26633,0.252054,0.253715,0.25496,0.229192,0.222231,0.218904,0.21171,0.208016,0.189888,0.179911,0.150116,0.123635,0.114156,0.122475,0.119229,0.113464,0.113666,0.118975,0.120372,0.123409,0.11538,0.113978,0.119088,0.114591,0.114486,0.110996,0.116932,0.118102,0.10681,0.109377,0.109977,0.110087,0.112601,0.216392,0.213054,0.211423,0.211486,0.212464,0.213366,0.214621,0.220592,0.229222,0.237627,0.241368,0.241969,0.241989,0.238219,0.237978,0.235832,0.235007,0.23322,0.237665,0.2366,0.119568,0.125206,0.121042,0.121568,0.121505,0.123784,0.123781,0.172783,0.166319,0.154267,0.160442,0.15895,0.159171,0.159501,0.159208,0.156276,0.155813,0.161701,0.151503,0.147046,0.147289,0.141533,0.142013,0.141712,0.139411,0.140375,0.136133,0.095114,0.091656,0.096909,0.088666,0.088613,0.090361,0.101217,0.117274,0.126823,0.128638,0.123222,0.123434,0.123642,0.123453,0.12369,0.140038,0.144845,0.144372],