{"word":"wageearner","years":[1800,1801,1802,1803,1804,1805,1806,1807,1808,1809,1810,1811,1812,1813,1814,1815,1816,1817,1818,1819,1820,1821,1822,1823,1824,1825,1826,1827,1828,1829,1830,1831,1832,1833,1834,1835,1836,1837,1838,1839,1840,1841,1842,1843,1844,1845,1846,1847,1848,1849,1850,1851,1852,1853,1854,1855,1856,1857,1858,1859,1860,1861,1862,1863,1864,1865,1866,1867,1868,1869,1870,1871,1872,1873,1874,1875,1876,1877,1878,1879,1880,1881,1882,1883,1884,1885,1886,1887,1888,1889,1890,1891,1892,1893,1894,1895,1896,1897,1898,1899,1900,1901,1902,1903,1904,1905,1906,1907,1908,1909,1910,1911,1912,1913,1914,1915,1916,1917,1918,1919,1920,1921,1922,1923,1924,1925,1926,1927,1928,1929,1930,1931,1932,1933,1934,1935,1936,1937,1938,1939,1940,1941,1942,1943,1944,1945,1946,1947,1948,1949,1950,1951,1952,1953,1954,1955,1956,1957,1958,1959,1960,1961,1962,1963,1964,1965,1966,1967,1968,1969,1970,1971,1972,1973,1974,1975,1976,1977,1978,1979,1980,1981,1982,1983,1984,1985,1986,1987,1988,1989,1990,1991,1992,1993,1994,1995,1996,1997,1998,1999,2000,2001,2002,2003,2004,2005,2006,2007,2008],"level":[-17.666893,-17.744502,-17.822111,-17.89972,-17.977329,-18.054938,-18.132547,-18.210155,-18.287764,-18.365373,-18.442982,-18.520517,-18.597907,-18.675077,-18.751955,-18.828467,-18.904541,-18.980104,-19.055082,-19.129402,-19.202992,-19.275777,-19.347686,-19.418645,-19.488581,-19.557421,-19.625092,-19.691521,-19.756634,-19.820359,-19.882623,-19.943352,-20.002474,-20.059915,-20.115602,-20.169463,-20.221424,-20.271412,-20.319354,-20.365177,-20.408808,-20.450174,-20.489202,-20.525818,-20.55995,-20.591525,-20.620469,-20.64671,-20.670174,-20.690788,-20.70848,-20.723176,-20.734803,-20.743288,-20.748558,-20.75054,-20.74916,-20.744347,-20.736026,-20.724125,-20.708571,-20.68929,-20.666209,-20.639256,-20.608357,-20.57344,-20.53443,-20.491256,-20.443844,-20.39212,-20.336013,-20.275448,-20.210354,-20.140656,-20.066281,-19.987157,-19.903211,-19.814369,-19.720559,-19.621707,-19.515286,-19.398769,-19.271053,-19.132771,-18.984556,-18.827715,-18.663559,-18.496793,-18.329936,-18.165481,-18.003509,-17.843937,-17.688658,-17.540745,-17.402396,-17.273553,-17.154202,-17.045258,-16.945619,-16.853692,-16.769147,-16.691354,-16.619324,-16.552448,-16.489489,-16.429291,-16.371109,-16.314662,-16.26013,-16.207611,-16.157197,-16.110344,-16.067544,-16.029988,-15.998403,-15.972516,-15.952823,-15.939584,-15.933528,-15.934966,-15.943721,-15.958729,-15.978772,-16.003215,-16.031184,-16.061646,-16.093895,-16.127231,-16.160247,-16.192077,-16.222575,-16.251135,-16.27787,-16.303985,-16.330189,-16.357209,-16.385766,-16.415889,-16.447759,-16.481613,-16.517557,-16.555484,-16.595241,-16.635806,-16.676379,-16.716492,-16.756512,-16.79668,-16.836937,-16.877145,-16.916436,-16.954388,-16.9903,-17.024664,-17.057599,-17.088748,-17.117111,-17.142387,-17.165092,-17.185489,-17.203871,-17.219698,-17.232354,-17.241744,-17.248896,-17.255107,-17.261141,-17.26825,-17.277444,-17.289654,-17.305179,-17.323963,-17.346038,-17.371083,-17.398498,-17.427481,-17.457228,-17.48726,-17.517681,-17.548212,-17.578748,-17.60959,-17.640821,-17.672419,-17.704871,-17.738756,-17.774727,-17.813002,-17.853577,-17.896608,-17.941936,-17.989,-18.03754,-18.087936,-18.139596,-18.192154,-18.244015,-18.29411,-18.341137,-18.38415,-18.422804,-18.456885,-18.486003,-18.50999,-18.528826,-18.542601,-18.551573,-18.557206,-18.560923],"drift":[-0.07760896,-0.07760895,-0.07760894,-0.07760893,-0.07760891,-0.07760888,-0.07760885,-0.07760881,-0.07760877,-0.07760873,-0.07753562,-0.07738944,-0.07717019,-0.07687787,-0.07651249,-0.07607404,-0.07556252,-0.07497794,-0.07432029,-0.07358957,-0.07278578,-0.07190893,-0.070959,-0.06993602,-0.06883996,-0.06767083,-0.06642864,-0.06511338,-0.06372506,-0.06226367,-0.0607292,-0.05912168,-0.05744108,-0.05568742,-0.05386069,-0.05196089,-0.04998802,-0.04794209,-0.04582309,-0.04363102,-0.04136589,-0.03902768,-0.03661641,-0.03413208,-0.03157467,-0.0289442,-0.02624066,-0.02346405,-0.02061438,-0.01769164,-0.01469583,-0.01162695,-0.00848501,-0.00527,-0.00198192,0.00137923,0.00481344,0.00832072,0.01190107,0.01555449,0.01928097,0.02308052,0.02695314,0.03089883,0.03491758,0.0390094,0.04317429,0.04741224,0.05172326,0.05610735,0.06056451,0.06509474,0.06969803,0.07437439,0.07912382,0.08394631,0.08884187,0.0938105,0.0988522,0.10642093,0.1165167,0.12771588,0.13828207,0.14821528,0.15684022,0.16415688,0.16676568,0.16685712,0.16445473,0.16197207,0.15957168,0.1552797,0.1479123,0.13834906,0.12884279,0.11935173,0.10894352,0.0996388,0.09192755,0.0845452,0.07779307,0.07202913,0.06687663,0.06295922,0.06019775,0.05818156,0.0564469,0.05453268,0.05251819,0.05041482,0.04685295,0.04279932,0.03755627,0.03158531,0.02588656,0.01969362,0.01323858,0.00605628,-0.00143811,-0.00875536,-0.01500757,-0.02004276,-0.02444328,-0.0279694,-0.03046181,-0.03224864,-0.03333584,-0.03301652,-0.03182957,-0.03049828,-0.02856018,-0.02673538,-0.02611486,-0.02620363,-0.02702042,-0.02855703,-0.03012298,-0.03186982,-0.03385352,-0.03594414,-0.03792682,-0.03975691,-0.04056549,-0.04057248,-0.04011305,-0.04002014,-0.04016809,-0.04025679,-0.0402081,-0.03929141,-0.03795146,-0.03591192,-0.0343643,-0.03293555,-0.03114815,-0.02836324,-0.02527586,-0.02270554,-0.02039703,-0.01838206,-0.01582719,-0.01265555,-0.0093897,-0.00715239,-0.00621053,-0.00603442,-0.00710914,-0.00919411,-0.01220955,-0.01552498,-0.0187845,-0.0220749,-0.02504519,-0.02741499,-0.02898262,-0.0297466,-0.0300326,-0.0304212,-0.03053039,-0.03053638,-0.03084172,-0.03123064,-0.0315986,-0.0324523,-0.033885,-0.03597084,-0.03827422,-0.04057553,-0.04303136,-0.04532792,-0.04706402,-0.04853951,-0.05039659,-0.05165974,-0.05255813,-0.05186045,-0.05009537,-0.04702664,-0.04301337,-0.03865432,-0.03408016,-0.02911852,-0.02398668,-0.0188362,-0.01377495,-0.00897194,-0.00563306,-0.00371734,-0.00371734],"instab":[null,null,null,null,null,null,null,null,null,null,null,null,null,null,null,null,null,null,null,null,null,null,null,null,null,null,null,null,null,null,null,null,null,null,null,null,null,null,null,null,null,null,null,null,null,null,null,null,null,null,null,null,null,null,null,null,null,null,null,null,null,null,null,null,null,null,null,null,null,null,null,null,null,null,null,null,null,null,null,null,null,null,null,null,null,62.084062,56.46746,52.252073,48.821382,46.045475,43.726313,41.705964,39.917831,38.334257,36.950926,35.713877,34.571496,33.545452,0.92369,0.897645,0.828498,0.825741,0.803136,0.801757,0.788849,0.789568,0.598699,0.580928,0.473641,0.482322,0.475807,0.476433,0.450475,0.386235,0.392455,0.380328,0.329819,0.335678,0.288076,0.294174,0.295883,0.302114,0.300164,0.297087,0.294466,0.289638,0.291987,0.300336,0.306398,0.293857,0.263411,0.266487,0.279099,0.260832,0.252118,0.269928,0.265459,0.262325,0.261668,0.257804,0.255387,0.244347,0.248815,0.252022,0.25499,0.256375,0.256394,0.241317,0.233394,0.238245,0.22686,0.242507,0.233146,0.238517,0.243684,0.243562,0.25062,0.257863,0.258518,0.276176,0.275997,0.27235,0.279204,0.27559,0.277111,0.277371,0.280899,0.281919,0.28418,0.274744,0.277243,0.243183,0.239784,0.237355,0.236512,0.229602,0.230379,0.227237,0.228804,0.211421,0.213603,0.2079,0.194582,0.19351,0.167471,0.174472,0.164987,0.163273,0.145812,0.144623,0.150919,0.161637,0.190844,0.194515,0.21733,0.229746,0.220089,0.223221,0.229523,0.227477,0.228252,0.227578,0.224137,0.225045,0.22564,0.228459,0.24079,0.240784,0.337426],