{"word":"waho","years":[1800,1801,1802,1803,1804,1805,1806,1807,1808,1809,1810,1811,1812,1813,1814,1815,1816,1817,1818,1819,1820,1821,1822,1823,1824,1825,1826,1827,1828,1829,1830,1831,1832,1833,1834,1835,1836,1837,1838,1839,1840,1841,1842,1843,1844,1845,1846,1847,1848,1849,1850,1851,1852,1853,1854,1855,1856,1857,1858,1859,1860,1861,1862,1863,1864,1865,1866,1867,1868,1869,1870,1871,1872,1873,1874,1875,1876,1877,1878,1879,1880,1881,1882,1883,1884,1885,1886,1887,1888,1889,1890,1891,1892,1893,1894,1895,1896,1897,1898,1899,1900,1901,1902,1903,1904,1905,1906,1907,1908,1909,1910,1911,1912,1913,1914,1915,1916,1917,1918,1919,1920,1921,1922,1923,1924,1925,1926,1927,1928,1929,1930,1931,1932,1933,1934,1935,1936,1937,1938,1939,1940,1941,1942,1943,1944,1945,1946,1947,1948,1949,1950,1951,1952,1953,1954,1955,1956,1957,1958,1959,1960,1961,1962,1963,1964,1965,1966,1967,1968,1969,1970,1971,1972,1973,1974,1975,1976,1977,1978,1979,1980,1981,1982,1983,1984,1985,1986,1987,1988,1989,1990,1991,1992,1993,1994,1995,1996,1997,1998,1999,2000,2001,2002,2003,2004,2005,2006,2007,2008],"level":[-17.887834,-17.898189,-17.901579,-17.904968,-17.908358,-17.911748,-17.915138,-17.918528,-17.921918,-17.925308,-17.928698,-17.932088,-17.935478,-17.938868,-17.942258,-17.945648,-17.949037,-17.952427,-17.955817,-17.959207,-17.962597,-17.965987,-17.969377,-17.972767,-17.976157,-17.979547,-17.982937,-17.986327,-17.989717,-17.993106,-17.996496,-17.999886,-18.003276,-18.006666,-18.010056,-18.013446,-18.016836,-18.020226,-18.023616,-18.027006,-18.030396,-18.033786,-18.037176,-18.040565,-18.041282,-18.041998,-18.042714,-18.04343,-18.044146,-18.044862,-18.045578,-18.046294,-18.04701,-18.047726,-18.048442,-18.038771,-18.106647,-18.195014,-18.283381,-18.371748,-18.407502,-18.443256,-18.47901,-18.514764,-18.550518,-18.578353,-18.586063,-18.593772,-18.593299,-18.592827,-18.592354,-18.702835,-18.813315,-18.920484,-18.99571,-19.070937,-19.146163,-19.192352,-19.238541,-19.293317,-19.348092,-19.37586,-19.403629,-19.431397,-19.459165,-19.486934,-19.521041,-19.555148,-19.569117,-19.583086,-19.598779,-19.614472,-19.630165,-19.645858,-19.661552,-19.697617,-19.7112,-19.719378,-19.723132,-19.700931,-19.67873,-19.656529,-19.634328,-19.612126,-19.589925,-19.582519,-19.536595,-19.490671,-19.461054,-19.427469,-19.393884,-19.418487,-19.439317,-19.462458,-19.461456,-19.459002,-19.458335,-19.419718,-19.341472,-19.263226,-19.18498,-19.052428,-18.884542,-18.70503,-18.528941,-18.454671,-18.467637,-18.485604,-18.527164,-18.621,-18.751757,-18.900488,-19.009256,-19.086295,-19.120826,-19.155357,-19.14126,-19.124954,-19.108648,-19.057745,-19.006842,-18.901082,-18.808268,-18.787653,-18.767038,-18.809672,-18.852306,-18.92697,-18.9568,-18.975824,-18.974852,-18.96995,-18.965048,-18.960147,-18.947357,-18.963706,-18.993212,-19.023605,-19.035528,-19.034295,-19.042741,-19.071129,-19.115318,-19.107791,-19.143443,-19.196129,-19.227214,-19.275373,-19.325707,-19.328767,-19.370907,-19.404339,-19.437772,-19.385389,-19.341616,-19.308577,-19.264351,-19.268187,-19.291829,-19.329294,-19.371073,-19.369144,-19.350722,-19.379779,-19.374106,-19.352974,-19.32998,-19.352069,-19.371026,-19.398987,-19.441578,-19.443354,-19.446165,-19.434591,-19.444538,-19.423419,-19.443702,-19.492383,-19.569169,-19.680469,-19.746982,-19.81796,-19.844547,-19.858573,-19.883586,-19.903265,-19.959467,-20.00767,-20.041472],"drift":[-0.01035404,-0.01035404,-0.01035404,-0.01035404,-0.01035404,-0.01035404,-0.01035404,-0.01035404,-0.01035404,-0.01035404,-0.01035404,-0.01035404,-0.01035404,-0.01035404,-0.01035404,-0.01035404,-0.01035404,-0.01035404,-0.01035404,-0.01035404,-0.01035404,-0.01035404,-0.01035404,-0.01035404,-0.01035404,-0.01035404,-0.01035403,-0.01035404,-0.01035403,-0.01035403,-0.01035403,-0.01035403,-0.01035403,-0.01035403,-0.01035403,-0.01035403,-0.01035403,-0.01035403,-0.01035403,-0.01035403,-0.01035403,-0.01035403,-0.01035403,-0.01035403,-0.01035403,-0.01035403,-0.01035403,-0.01035403,-0.01035403,-0.01035403,-0.01035403,-0.01035403,-0.01035403,-0.01035404,-0.01035404,-0.01035404,-0.01035404,-0.01035404,-0.01035404,-0.01035404,-0.01035404,-0.01035404,-0.01035404,-0.01035404,-0.01035404,-0.01035404,-0.01035404,-0.01035404,-0.01035404,-0.01035404,-0.01035404,-0.01035404,-0.01035404,-0.01035404,-0.01035404,-0.01035404,-0.01035404,-0.01035404,-0.01035403,-0.01035403,-0.01035403,-0.01035403,-0.01035403,-0.01035403,-0.01035403,-0.01035403,-0.01035403,-0.01035403,-0.01035403,-0.01035403,-0.01035403,-0.01035403,-0.01035403,-0.01035403,-0.01035403,-0.01035403,-0.01035402,-0.01035402,-0.01035402,-0.01035402,-0.01035402,-0.01035402,-0.01035402,-0.01035402,-0.01035402,-0.01035402,-0.01035402,-0.01035402,-0.01035402,-0.01035402,-0.01035402,-0.01035402,-0.01035402,-0.01035402,-0.01035402,-0.01035402,-0.01035402,-0.01035402,-0.01035402,-0.01035402,-0.01035402,-0.01035402,-0.01035402,-0.01035402,-0.01035402,-0.01035402,-0.01035402,-0.01035402,-0.01035402,-0.01035402,-0.01035402,-0.01035402,-0.01035402,-0.01035402,-0.01035402,-0.01035402,-0.01035402,-0.01035402,-0.01035402,-0.01035402,-0.01035402,-0.01035402,-0.01035402,-0.01035402,-0.01035402,-0.01035402,-0.01035402,-0.01035402,-0.01035402,-0.01035403,-0.01035403,-0.01035403,-0.01035403,-0.01035403,-0.01035403,-0.01035403,-0.01035403,-0.01035403,-0.01035403,-0.01035403,-0.01035403,-0.01035403,-0.01035403,-0.01035403,-0.01035403,-0.01035403,-0.01035403,-0.01035403,-0.01035403,-0.01035403,-0.01035403,-0.01035403,-0.01035403,-0.01035403,-0.01035403,-0.01035403,-0.01035403,-0.01035403,-0.01035403,-0.01035403,-0.01035403,-0.01035404,-0.01035404,-0.01035404,-0.01035404,-0.01035404,-0.01035404,-0.01035404,-0.01035404,-0.01035404,-0.01035404,-0.01035404,-0.01035404,-0.01035404,-0.01035404,-0.01035404,-0.01035404,-0.01035404,-0.01035404,-0.01035404,-0.01035404,-0.01035404,-0.01035404,-0.01035404,-0.01035404,-0.01035404,-0.01035404,-0.01035404,-0.01035404],"instab":[null,null,null,null,null,null,null,null,null,null,null,null,null,null,null,null,null,null,null,null,null,null,null,null,null,null,null,null,null,null,null,null,null,null,null,null,null,null,null,null,null,null,null,null,null,null,null,null,null,null,null,null,null,null,null,null,null,null,null,169.922237,169.922237,169.922237,169.922237,null,1.70968,1.541684,1.541684,1.408532,1.408532,1.408532,1.780389,1.780389,1.717334,1.702373,1.805634,1.647514,1.67259,1.67259,1.577343,1.504156,1.427788,1.427788,1.427788,1.427788,1.524073,1.525069,1.525069,1.530464,1.530464,1.440574,0.708023,0.708023,0.74253,0.645542,0.725787,0.688466,0.561132,0.529436,0.538933,0.538933,0.477148,0.477148,0.477148,0.477148,0.573592,0.621511,0.621511,0.692712,0.656584,0.696155,0.892509,0.857026,0.819237,0.824,0.810808,0.769329,0.825363,0.857461,0.874485,0.874485,0.86612,0.832523,0.834209,0.86331,1.265115,1.366658,1.329033,1.323238,1.330437,1.29107,1.255324,1.36949,1.433503,1.480623,1.525636,1.581847,1.558158,1.589805,1.558122,1.558122,1.570155,1.588583,1.68486,1.719919,1.496507,1.360022,1.368377,1.427463,1.380925,1.369497,1.371218,1.344781,1.347282,1.274633,1.248783,1.164574,1.167739,1.145886,1.130051,1.092393,1.049614,1.021114,0.894477,0.92223,0.789859,0.78773,0.777484,0.67115,0.751725,0.78953,0.795776,0.795776,0.955874,0.97328,0.957258,0.952129,1.034917,1.034012,1.031458,1.029458,1.068769,1.06668,1.058889,1.044646,1.042125,1.02782,1.078369,1.078285,1.014297,0.986553,1.028936,1.001618,0.821377,0.823427,0.840441,0.885296,0.824351,0.823132,0.828578,0.928564,0.874208,0.940511,0.878928,0.853875,0.852387,0.879209,0.82023,0.828094,0.837099],