{"word":"waitpid","years":[1800,1801,1802,1803,1804,1805,1806,1807,1808,1809,1810,1811,1812,1813,1814,1815,1816,1817,1818,1819,1820,1821,1822,1823,1824,1825,1826,1827,1828,1829,1830,1831,1832,1833,1834,1835,1836,1837,1838,1839,1840,1841,1842,1843,1844,1845,1846,1847,1848,1849,1850,1851,1852,1853,1854,1855,1856,1857,1858,1859,1860,1861,1862,1863,1864,1865,1866,1867,1868,1869,1870,1871,1872,1873,1874,1875,1876,1877,1878,1879,1880,1881,1882,1883,1884,1885,1886,1887,1888,1889,1890,1891,1892,1893,1894,1895,1896,1897,1898,1899,1900,1901,1902,1903,1904,1905,1906,1907,1908,1909,1910,1911,1912,1913,1914,1915,1916,1917,1918,1919,1920,1921,1922,1923,1924,1925,1926,1927,1928,1929,1930,1931,1932,1933,1934,1935,1936,1937,1938,1939,1940,1941,1942,1943,1944,1945,1946,1947,1948,1949,1950,1951,1952,1953,1954,1955,1956,1957,1958,1959,1960,1961,1962,1963,1964,1965,1966,1967,1968,1969,1970,1971,1972,1973,1974,1975,1976,1977,1978,1979,1980,1981,1982,1983,1984,1985,1986,1987,1988,1989,1990,1991,1992,1993,1994,1995,1996,1997,1998,1999,2000,2001,2002,2003,2004,2005,2006,2007,2008],"level":[-80.82345,-80.506901,-80.190352,-79.873802,-79.55725,-79.240695,-78.924138,-78.607576,-78.29101,-77.974439,-77.657862,-77.341279,-77.024689,-76.708091,-76.391485,-76.07487,-75.758246,-75.441612,-75.124967,-74.80831,-74.491642,-74.174961,-73.858266,-73.541558,-73.224835,-72.908097,-72.591343,-72.274573,-71.957785,-71.64098,-71.324157,-71.007314,-70.690452,-70.37357,-70.056667,-69.739742,-69.422795,-69.105825,-68.788832,-68.471815,-68.154774,-67.837707,-67.520614,-67.203494,-66.886348,-66.569173,-66.25197,-65.934738,-65.617476,-65.300184,-64.982861,-64.665506,-64.348119,-64.030699,-63.713246,-63.395758,-63.078236,-62.760678,-62.443084,-62.125454,-61.807786,-61.49008,-61.172336,-60.854552,-60.536729,-60.218865,-59.90096,-59.583013,-59.265024,-58.946992,-58.628916,-58.310796,-57.992631,-57.674421,-57.356164,-57.037861,-56.71951,-56.401111,-56.082663,-55.764166,-55.445619,-55.127022,-54.808373,-54.489672,-54.170919,-53.852113,-53.533253,-53.214339,-52.895369,-52.576344,-52.257263,-51.938124,-51.618929,-51.299675,-50.980362,-50.660989,-50.341557,-50.022064,-49.70251,-49.382893,-49.063214,-48.743472,-48.423666,-48.103795,-47.783859,-47.463858,-47.14379,-46.823655,-46.503452,-46.183181,-45.862841,-45.542432,-45.221952,-44.901401,-44.58078,-44.260085,-43.939319,-43.618478,-43.297564,-42.976575,-42.655511,-42.334371,-42.013155,-41.691861,-41.37049,-41.04904,-40.727511,-40.405903,-40.084214,-39.762444,-39.440592,-39.118659,-38.796642,-38.474542,-38.152358,-37.830089,-37.507735,-37.185295,-36.862768,-36.540154,-36.217452,-35.894661,-35.571781,-35.248812,-34.925752,-34.6026,-34.279358,-33.956022,-33.632594,-33.309073,-32.985457,-32.661746,-32.33794,-32.014037,-31.690038,-31.365941,-31.041747,-30.717453,-30.393061,-30.068568,-29.743975,-29.419281,-29.094485,-28.769587,-28.444585,-28.11948,-27.79427,-27.468955,-27.143535,-26.818008,-26.492375,-26.166634,-25.840785,-25.514827,-25.18876,-24.862583,-24.536295,-24.209895,-23.883384,-23.55676,-23.230023,-22.903173,-22.576207,-22.249127,-21.921931,-21.594618,-21.267189,-20.938591,-20.607773,-20.273684,-19.935273,-19.614612,-19.327372,-19.083547,-18.871567,-18.690832,-18.550091,-18.45126,-18.386747,-18.348495,-18.330005,-18.330547,-18.351653,-18.391627,-18.453906,-18.540543,-18.647631,-18.765926,-18.890457],"drift":[0.31654831,0.31654894,0.31655021,0.31655211,0.31655464,0.31655781,0.3165616,0.31656603,0.31657109,0.31657679,0.31658311,0.31659007,0.31659767,0.31660589,0.31661475,0.31662423,0.31663436,0.31664511,0.3166565,0.31666851,0.31668116,0.31669445,0.31670836,0.31672291,0.31673809,0.3167539,0.31677035,0.31678743,0.31680514,0.31682348,0.31684246,0.31686206,0.3168823,0.31690318,0.31692468,0.31694682,0.31696959,0.31699299,0.31701702,0.31704169,0.31706699,0.31709292,0.31711948,0.31714668,0.31717451,0.31720297,0.31723206,0.31726179,0.31729215,0.31732314,0.31735476,0.31738702,0.31741991,0.31745343,0.31748758,0.31752237,0.31755778,0.31759383,0.31763052,0.31766783,0.31770578,0.31774436,0.31778357,0.31782342,0.31786389,0.317905,0.31794675,0.31798912,0.31803213,0.31807577,0.31812004,0.31816494,0.31821048,0.31825665,0.31830345,0.31835088,0.31839895,0.31844765,0.31849698,0.31854694,0.31859754,0.31864877,0.31870063,0.31875312,0.31880625,0.31886,0.31891439,0.31896942,0.31902507,0.31908136,0.31913828,0.31919583,0.31925402,0.31931283,0.31937228,0.31943237,0.31949308,0.31955443,0.31961641,0.31967902,0.31974226,0.31980614,0.31987065,0.31993579,0.32000156,0.32006797,0.32013501,0.32020268,0.32027098,0.32033992,0.32040949,0.32047969,0.32055052,0.32062199,0.32069409,0.32076682,0.32084018,0.32091418,0.3209888,0.32106406,0.32113996,0.32121648,0.32129364,0.32137143,0.32144985,0.3215289,0.32160859,0.32168891,0.32176986,0.32185145,0.32193366,0.32201651,0.3221,0.32218411,0.32226886,0.32235423,0.32244025,0.32252689,0.32261417,0.32270207,0.32279061,0.32287979,0.32296959,0.32306003,0.3231511,0.32324281,0.32333514,0.32342811,0.32352171,0.32361594,0.32371081,0.3238063,0.32390243,0.3239992,0.32409659,0.32419462,0.32429328,0.32439257,0.32449249,0.32459305,0.32469424,0.32479606,0.32489852,0.3250016,0.32510532,0.32520967,0.32531466,0.32542027,0.32552652,0.3256334,0.32574092,0.32584906,0.32595784,0.32606725,0.32617729,0.32628797,0.32639928,0.32651122,0.32662379,0.326737,0.32685083,0.3269653,0.32708041,0.32719614,0.32731251,0.32742951,0.32859789,0.33081765,0.33408878,0.3384113,0.32066094,0.28724045,0.24382416,0.21198003,0.18073512,0.14074161,0.09883046,0.06451343,0.03825189,0.01848988,-0.00054166,-0.0211066,-0.03997345,-0.06227919,-0.0866369,-0.10708846,-0.11829467,-0.12453126,-0.12453126],"instab":[null,null,null,null,null,null,null,null,null,null,null,null,null,null,null,null,null,null,null,null,null,null,null,null,null,null,null,null,null,null,null,null,null,null,null,null,null,null,null,null,null,null,null,null,null,null,null,null,null,null,null,null,null,null,null,null,null,null,null,null,null,null,null,null,null,null,null,null,null,null,null,null,null,null,null,null,null,null,null,null,null,null,null,null,null,null,null,null,null,null,null,null,null,null,null,null,null,null,null,null,null,null,null,null,null,null,null,null,null,null,null,null,null,null,null,null,null,null,null,null,null,null,null,null,null,null,null,null,null,null,null,null,null,null,null,null,null,null,null,null,null,null,null,null,null,null,null,null,null,null,null,null,null,null,null,null,null,null,null,null,null,null,null,null,null,null,null,null,null,null,null,null,null,null,null,null,null,null,null,null,null,null,null,null,null,null,null,null,null,null,null,null,10.30881,9.230778,8.452622,7.911227,7.45529,7.040304,6.686644,6.3794,6.118555,5.897316,5.686516,5.506545,5.347552,1.194815,1.179805,1.147072,1.129216],