{"word":"wakefields","years":[1800,1801,1802,1803,1804,1805,1806,1807,1808,1809,1810,1811,1812,1813,1814,1815,1816,1817,1818,1819,1820,1821,1822,1823,1824,1825,1826,1827,1828,1829,1830,1831,1832,1833,1834,1835,1836,1837,1838,1839,1840,1841,1842,1843,1844,1845,1846,1847,1848,1849,1850,1851,1852,1853,1854,1855,1856,1857,1858,1859,1860,1861,1862,1863,1864,1865,1866,1867,1868,1869,1870,1871,1872,1873,1874,1875,1876,1877,1878,1879,1880,1881,1882,1883,1884,1885,1886,1887,1888,1889,1890,1891,1892,1893,1894,1895,1896,1897,1898,1899,1900,1901,1902,1903,1904,1905,1906,1907,1908,1909,1910,1911,1912,1913,1914,1915,1916,1917,1918,1919,1920,1921,1922,1923,1924,1925,1926,1927,1928,1929,1930,1931,1932,1933,1934,1935,1936,1937,1938,1939,1940,1941,1942,1943,1944,1945,1946,1947,1948,1949,1950,1951,1952,1953,1954,1955,1956,1957,1958,1959,1960,1961,1962,1963,1964,1965,1966,1967,1968,1969,1970,1971,1972,1973,1974,1975,1976,1977,1978,1979,1980,1981,1982,1983,1984,1985,1986,1987,1988,1989,1990,1991,1992,1993,1994,1995,1996,1997,1998,1999,2000,2001,2002,2003,2004,2005,2006,2007,2008],"level":[-19.319716,-19.319209,-19.318703,-19.318197,-19.317691,-19.317184,-19.316678,-19.316172,-19.315666,-19.315159,-19.314653,-19.314147,-19.31364,-19.313134,-19.312628,-19.312122,-19.311615,-19.311109,-19.310603,-19.310097,-19.30959,-19.309084,-19.308578,-19.308071,-19.307565,-19.307059,-19.312223,-19.317388,-19.322552,-19.327717,-19.332881,-19.338046,-19.34321,-19.348374,-19.353539,-19.358703,-19.363868,-19.369032,-19.374197,-19.379361,-19.384525,-19.38969,-19.394854,-19.400019,-19.405183,-19.410348,-19.415512,-19.420676,-19.425841,-19.431005,-19.43617,-19.441334,-19.446499,-19.451663,-19.456827,-19.461992,-19.467156,-19.472321,-19.477485,-19.48265,-19.487814,-19.492978,-19.498143,-19.503307,-19.508472,-19.513636,-19.518801,-19.523965,-19.529129,-19.534294,-19.539458,-19.544623,-19.549787,-19.554952,-19.560116,-19.56528,-19.570445,-19.575609,-19.580774,-19.585938,-19.591103,-19.596267,-19.601431,-19.606596,-19.61176,-19.616925,-19.622089,-19.627254,-19.632418,-19.637582,-19.642747,-19.647911,-19.653076,-19.65824,-19.663405,-19.668569,-19.673733,-19.678898,-19.684062,-19.689227,-19.694391,-19.699556,-19.70472,-19.709884,-19.715049,-19.720213,-19.725378,-19.730542,-19.735707,-19.740871,-19.746035,-19.7512,-19.756364,-19.761529,-19.766693,-19.771858,-19.777022,-19.782186,-19.787351,-19.792515,-19.79768,-19.802844,-19.808008,-19.813173,-19.818337,-19.823502,-19.828666,-19.833831,-19.838995,-19.844159,-19.849324,-19.854488,-19.859653,-19.864817,-19.869981,-19.875146,-19.88031,-19.885475,-19.890639,-19.895804,-19.900968,-19.906132,-19.911297,-19.916461,-19.921626,-19.92679,-19.931954,-19.937119,-19.942283,-19.947448,-19.952612,-19.957777,-19.962941,-19.968105,-19.97327,-19.978434,-19.983599,-19.988763,-19.993927,-19.999092,-20.004256,-20.009421,-20.014585,-20.019749,-20.024914,-20.030078,-20.035243,-20.040407,-20.045571,-20.050736,-20.007719,-19.964703,-19.921686,-19.87867,-19.835653,-19.792636,-19.74962,-19.706603,-19.684592,-19.66258,-19.640568,-19.618556,-19.596545,-19.574533,-19.549085,-19.419492,-19.320726,-19.151256,-19.054123,-18.964845,-18.950275,-18.93121,-18.887971,-18.912837,-18.903367,-18.882005,-18.871003,-18.906484,-18.917969,-18.945606,-19.011104,-19.083278,-19.166906,-19.248422,-19.286404,-19.265258,-19.220301,-19.218609,-19.214216],"drift":[0.0005072,0.0005072,0.0005072,0.0005072,0.0005072,0.0005072,0.0005072,0.0005072,0.0005072,0.0005072,0.0005072,0.0005072,0.0005072,0.0005072,0.0005072,0.0005072,0.0005072,0.0005072,0.0005072,0.0005072,0.0005072,0.0005072,0.0005072,0.0005072,0.0005072,0.0005072,0.0005072,0.0005072,0.0005072,0.0005072,0.0005072,0.0005072,0.0005072,0.0005072,0.0005072,0.0005072,0.0005072,0.0005072,0.0005072,0.0005072,0.0005072,0.0005072,0.0005072,0.0005072,0.0005072,0.0005072,0.0005072,0.0005072,0.0005072,0.0005072,0.0005072,0.0005072,0.0005072,0.0005072,0.0005072,0.0005072,0.0005072,0.0005072,0.0005072,0.0005072,0.0005072,0.0005072,0.0005072,0.0005072,0.0005072,0.0005072,0.0005072,0.0005072,0.0005072,0.0005072,0.0005072,0.0005072,0.0005072,0.0005072,0.0005072,0.0005072,0.0005072,0.0005072,0.0005072,0.0005072,0.0005072,0.0005072,0.0005072,0.0005072,0.0005072,0.0005072,0.0005072,0.0005072,0.0005072,0.0005072,0.0005072,0.0005072,0.0005072,0.0005072,0.0005072,0.0005072,0.0005072,0.0005072,0.0005072,0.0005072,0.0005072,0.0005072,0.0005072,0.0005072,0.0005072,0.0005072,0.0005072,0.00050721,0.00050721,0.00050721,0.00050721,0.00050721,0.00050721,0.00050721,0.00050721,0.00050721,0.00050721,0.00050721,0.00050721,0.00050721,0.00050721,0.00050721,0.00050721,0.00050721,0.00050721,0.00050721,0.00050721,0.00050721,0.00050721,0.00050721,0.00050721,0.00050721,0.00050721,0.00050721,0.00050721,0.00050721,0.00050721,0.00050721,0.00050721,0.00050721,0.00050721,0.00050721,0.00050721,0.00050721,0.00050722,0.00050722,0.00050722,0.00050722,0.00050722,0.00050722,0.00050722,0.00050722,0.00050722,0.00050722,0.00050722,0.00050722,0.00050722,0.00050722,0.00050722,0.00050722,0.00050722,0.00050722,0.00050722,0.00050722,0.00050722,0.00050722,0.00050722,0.00050722,0.00050722,0.00050722,0.00050722,0.00050722,0.00050723,0.00050723,0.00050723,0.00050723,0.00050723,0.00050723,0.00050723,0.00050723,0.00050723,0.00050723,0.00050723,0.00050723,0.00050723,0.00050723,0.00050723,0.00050723,0.00050723,0.00050723,0.00050723,0.00050723,0.00050723,0.00050723,0.00050723,0.00050723,0.00050723,0.00050723,0.00050723,0.00050723,0.00050723,0.00050723,0.00050723,0.00050723,0.00050723,0.00050723,0.00050723,0.00050723,0.00050723],"instab":[null,null,null,null,null,null,null,null,null,null,null,null,null,null,null,null,null,null,null,null,null,null,null,null,null,null,null,null,null,null,null,null,null,null,null,null,null,null,null,null,null,null,null,null,null,null,null,null,null,null,null,null,null,null,null,null,null,null,null,null,null,null,null,null,null,null,null,null,null,null,null,null,null,null,null,null,null,null,null,null,null,null,null,null,null,null,null,null,null,null,null,null,null,null,null,null,null,null,null,null,null,null,null,null,null,null,null,null,null,null,null,null,null,null,null,null,null,null,null,null,null,null,null,null,null,null,null,null,null,null,null,null,null,null,null,null,null,null,null,null,null,null,null,null,null,null,null,null,null,null,null,null,null,null,null,null,null,null,null,null,null,null,null,null,null,null,null,null,null,null,null,null,null,null,null,null,null,null,null,null,null,null,null,null,null,48.186239,44.11101,40.687765,38.055119,1.71576,1.636051,1.594995,1.551717,1.563205,1.516568,1.458352,1.413122,1.39161,1.34469,1.304289,1.274242,1.244179,1.226704,1.289378,1.245509,1.188711,1.189127,1.017272,1.003643],