{"word":"warching","years":[1800,1801,1802,1803,1804,1805,1806,1807,1808,1809,1810,1811,1812,1813,1814,1815,1816,1817,1818,1819,1820,1821,1822,1823,1824,1825,1826,1827,1828,1829,1830,1831,1832,1833,1834,1835,1836,1837,1838,1839,1840,1841,1842,1843,1844,1845,1846,1847,1848,1849,1850,1851,1852,1853,1854,1855,1856,1857,1858,1859,1860,1861,1862,1863,1864,1865,1866,1867,1868,1869,1870,1871,1872,1873,1874,1875,1876,1877,1878,1879,1880,1881,1882,1883,1884,1885,1886,1887,1888,1889,1890,1891,1892,1893,1894,1895,1896,1897,1898,1899,1900,1901,1902,1903,1904,1905,1906,1907,1908,1909,1910,1911,1912,1913,1914,1915,1916,1917,1918,1919,1920,1921,1922,1923,1924,1925,1926,1927,1928,1929,1930,1931,1932,1933,1934,1935,1936,1937,1938,1939,1940,1941,1942,1943,1944,1945,1946,1947,1948,1949,1950,1951,1952,1953,1954,1955,1956,1957,1958,1959,1960,1961,1962,1963,1964,1965,1966,1967,1968,1969,1970,1971,1972,1973,1974,1975,1976,1977,1978,1979,1980,1981,1982,1983,1984,1985,1986,1987,1988,1989,1990,1991,1992,1993,1994,1995,1996,1997,1998,1999,2000,2001,2002,2003,2004,2005,2006,2007,2008],"level":[-18.106709,-18.122212,-18.137716,-18.153219,-18.168723,-18.184226,-18.199729,-18.22746,-18.255192,-18.282923,-18.310654,-18.338385,-18.366116,-18.393847,-18.421578,-18.449309,-18.47704,-18.504772,-18.532503,-18.560234,-18.587965,-18.615696,-18.643427,-18.671158,-18.698889,-18.72662,-18.754352,-18.782083,-18.809814,-18.837545,-18.865276,-18.893007,-18.920738,-18.948469,-18.9762,-19.003932,-19.031663,-19.059394,-19.087125,-19.114856,-19.142587,-19.170318,-19.198049,-19.22578,-19.253511,-19.281243,-19.308974,-19.336705,-19.243372,-19.15004,-19.056707,-18.963374,-18.870042,-18.776709,-18.683376,-18.590044,-18.496711,-18.403379,-18.862506,-19.083835,-19.167018,-19.250201,-19.333384,-19.373413,-19.413443,-19.453472,-19.493502,-19.533532,-19.573561,-19.613591,-19.65362,-19.69365,-19.733679,-19.773709,-19.80929,-19.84487,-19.880451,-19.882337,-19.884223,-19.886108,-19.887994,-19.88988,-19.891766,-19.893652,-19.895538,-19.897423,-19.899309,-19.901195,-19.903081,-19.904967,-19.906853,-19.908738,-19.910624,-20.034191,-20.157757,-20.242426,-20.327096,-20.382822,-20.438548,-20.494275,-20.526524,-20.498026,-20.469528,-20.355501,-20.241474,-20.127446,-20.268549,-20.409652,-20.370308,-20.330965,-20.291622,-20.252279,-20.316518,-20.380757,-20.444995,-20.398731,-20.352467,-20.306203,-20.259938,-20.213674,-20.16741,-20.121146,-20.074881,-20.028617,-19.982353,-20.013979,-20.045605,-20.077231,-20.108857,-20.140483,-20.172109,-20.203735,-20.235361,-20.266987,-20.325119,-20.351065,-20.377011,-20.402958,-20.428904,-20.45485,-20.480796,-20.505299,-20.529802,-20.554305,-20.578807,-20.60331,-20.627813,-20.652315,-20.682705,-20.713095,-20.743485,-20.773875,-20.804265,-20.834655,-20.865045,-20.895435,-20.925825,-20.956215,-20.986605,-21.016995,-21.029056,-21.041118,-21.053179,-21.065241,-21.202582,-21.339923,-21.477264,-21.554541,-21.631818,-21.662902,-21.693986,-21.702503,-21.71102,-21.693946,-21.659149,-21.584025,-21.404352,-21.22468,-21.045007,-21.261556,-21.43812,-21.321999,-21.434932,-21.547865,-21.660797,-21.539696,-21.683099,-21.545821,-21.408543,-20.74613,-20.438498,-20.950333,-21.13879,-21.069561,-20.461741,-20.090336,-19.759823,-19.275778,-18.868476,-18.634006,-18.534523,-18.545474,-18.499254,-18.673908,-19.273767,-20.212318,-20.737045,-21.066476,-21.33081],"drift":[-0.01550049,-0.01550049,-0.01550049,-0.01550049,-0.01550049,-0.01550049,-0.01550049,-0.01550049,-0.01550049,-0.01550049,-0.01550049,-0.01550049,-0.01550049,-0.01550049,-0.01550049,-0.01550049,-0.01550049,-0.01550049,-0.01550049,-0.01550049,-0.01550049,-0.01550049,-0.01550049,-0.01550049,-0.01550049,-0.01550049,-0.01550049,-0.01550049,-0.01550049,-0.01550049,-0.01550049,-0.01550049,-0.01550049,-0.01550049,-0.01550049,-0.01550049,-0.01550049,-0.01550049,-0.01550049,-0.01550049,-0.01550049,-0.01550049,-0.01550049,-0.01550049,-0.01550049,-0.01550049,-0.01550049,-0.01550049,-0.01550049,-0.01550049,-0.01550049,-0.01550049,-0.01550049,-0.01550049,-0.01550049,-0.01550049,-0.01550049,-0.01550049,-0.01550049,-0.01550049,-0.01550049,-0.01550049,-0.01550049,-0.01550049,-0.01550049,-0.01550049,-0.01550049,-0.01550049,-0.01550049,-0.01550049,-0.01550049,-0.01550049,-0.01550049,-0.01550049,-0.01550049,-0.01550049,-0.01550049,-0.01550049,-0.01550049,-0.01550049,-0.01550049,-0.01550049,-0.01550049,-0.01550049,-0.01550049,-0.01550049,-0.01550049,-0.01550049,-0.01550049,-0.01550049,-0.01550049,-0.01550049,-0.01550049,-0.01550049,-0.01550049,-0.01550049,-0.01550049,-0.01550049,-0.01550049,-0.01550049,-0.01550049,-0.01550049,-0.01550049,-0.01550049,-0.01550049,-0.01550049,-0.01550049,-0.01550049,-0.01550049,-0.01550049,-0.01550049,-0.01550049,-0.01550049,-0.01550049,-0.01550049,-0.01550049,-0.01550049,-0.01550049,-0.01550049,-0.01550049,-0.01550049,-0.01550049,-0.01550049,-0.01550049,-0.01550049,-0.01550049,-0.01550049,-0.01550049,-0.01550049,-0.01550049,-0.01550049,-0.01550049,-0.01550049,-0.01550049,-0.01550049,-0.01550049,-0.01550048,-0.01550048,-0.01550048,-0.01550048,-0.01550048,-0.01550048,-0.01550048,-0.01550048,-0.01550048,-0.01550048,-0.01550048,-0.01550048,-0.01550048,-0.01550048,-0.01550048,-0.01550048,-0.01550048,-0.01550048,-0.01550048,-0.01550048,-0.01550048,-0.01550048,-0.01550048,-0.01550048,-0.01550048,-0.01550048,-0.01550048,-0.01550048,-0.01550048,-0.01550048,-0.01550048,-0.01550048,-0.01550048,-0.01550048,-0.01550048,-0.01550048,-0.01550048,-0.01550048,-0.01550048,-0.01550048,-0.01550048,-0.01550048,-0.01550048,-0.01550048,-0.01550048,-0.01550048,-0.01550048,-0.01550048,-0.01550048,-0.01550048,-0.01550048,-0.01550048,-0.01550048,-0.01550048,-0.01550048,-0.01550048,-0.01550048,-0.01550048,-0.01550048,-0.01550048,-0.01550048,-0.01550048,-0.01550048,-0.01550048,-0.01550048,-0.01550048,-0.01550048,-0.01550048,-0.01550048,-0.01550048,-0.01550048,-0.01550049,-0.01550049],"instab":[null,null,null,null,null,null,null,null,null,null,null,null,null,null,null,null,null,null,null,null,null,null,null,null,null,null,null,null,null,null,null,null,null,null,null,null,null,null,null,null,null,null,null,null,null,null,null,null,null,null,null,null,null,null,null,null,null,null,null,null,null,null,53.498639,53.498639,53.498639,53.498639,53.498639,null,null,null,null,null,null,1.342147,1.342147,1.342147,1.200523,0.508791,null,null,null,null,null,null,null,null,null,null,null,null,null,null,null,null,null,null,null,null,null,null,0.365602,0.365602,0.329523,0.329523,0.329523,0.469394,0.469394,0.501888,0.501888,0.501888,0.501888,0.493244,0.486403,0.486403,0.479874,0.479874,0.509335,0.509335,0.509335,0.550832,0.610032,0.610032,null,null,0.697493,null,null,null,null,null,null,null,null,null,null,null,null,null,null,null,null,null,null,null,null,null,null,null,null,null,null,null,null,null,null,null,null,null,null,null,null,null,null,null,null,null,null,null,null,null,0.285169,0.285169,0.264905,0.252683,0.240788,0.22888,0.22888,0.22888,0.490858,0.512711,0.533927,0.537505,0.537505,0.560072,0.569381,0.580085,0.583845,0.583845,0.585849,0.74521,0.857184,0.922783,0.945948,0.962799,1.027893,1.038642,1.004712,0.991193,0.972068,0.959058,0.924232,0.928818,0.901269,0.875919,0.870347,1.045965,1.077837,1.064175,1.079737],