{"word":"warparties","years":[1800,1801,1802,1803,1804,1805,1806,1807,1808,1809,1810,1811,1812,1813,1814,1815,1816,1817,1818,1819,1820,1821,1822,1823,1824,1825,1826,1827,1828,1829,1830,1831,1832,1833,1834,1835,1836,1837,1838,1839,1840,1841,1842,1843,1844,1845,1846,1847,1848,1849,1850,1851,1852,1853,1854,1855,1856,1857,1858,1859,1860,1861,1862,1863,1864,1865,1866,1867,1868,1869,1870,1871,1872,1873,1874,1875,1876,1877,1878,1879,1880,1881,1882,1883,1884,1885,1886,1887,1888,1889,1890,1891,1892,1893,1894,1895,1896,1897,1898,1899,1900,1901,1902,1903,1904,1905,1906,1907,1908,1909,1910,1911,1912,1913,1914,1915,1916,1917,1918,1919,1920,1921,1922,1923,1924,1925,1926,1927,1928,1929,1930,1931,1932,1933,1934,1935,1936,1937,1938,1939,1940,1941,1942,1943,1944,1945,1946,1947,1948,1949,1950,1951,1952,1953,1954,1955,1956,1957,1958,1959,1960,1961,1962,1963,1964,1965,1966,1967,1968,1969,1970,1971,1972,1973,1974,1975,1976,1977,1978,1979,1980,1981,1982,1983,1984,1985,1986,1987,1988,1989,1990,1991,1992,1993,1994,1995,1996,1997,1998,1999,2000,2001,2002,2003,2004,2005,2006,2007,2008],"level":[-18.058527,-18.071136,-18.08321,-18.095284,-18.107358,-18.119433,-18.131507,-18.143581,-18.155655,-18.16773,-18.179804,-18.191878,-18.203953,-18.216027,-18.228101,-18.240175,-18.25225,-18.264324,-18.276398,-18.288472,-18.300547,-18.312621,-18.324695,-18.336769,-18.348844,-18.360918,-18.372992,-18.385067,-18.397141,-18.409215,-18.421289,-18.433364,-18.445438,-18.431082,-18.416726,-18.40237,-18.388014,-18.373658,-18.359302,-18.344946,-18.35852,-18.372095,-18.389424,-18.374428,-18.359432,-18.376122,-18.409495,-18.442869,-18.476243,-18.509617,-18.52275,-18.513715,-18.504681,-18.509643,-18.513158,-18.512053,-18.503334,-18.527213,-18.559987,-18.569304,-18.564908,-18.56832,-18.566829,-18.565338,-18.571899,-18.588088,-18.606349,-18.631595,-18.637652,-18.60384,-18.570028,-18.572182,-18.609615,-18.623773,-18.626508,-18.602281,-18.54978,-18.510481,-18.494611,-18.447324,-18.346537,-18.280309,-18.21408,-18.148974,-18.081664,-18.073658,-18.099763,-18.055586,-18.011242,-17.980897,-17.960491,-17.933721,-17.893065,-17.885199,-17.887339,-17.898365,-17.901736,-17.89782,-17.942348,-18.011154,-18.088675,-18.154163,-18.161668,-18.197457,-18.247861,-18.293025,-18.359748,-18.413654,-18.462846,-18.498806,-18.512498,-18.592631,-18.669802,-18.691648,-18.714037,-18.755394,-18.830351,-18.89237,-18.973869,-19.06839,-19.111963,-19.162948,-19.163965,-19.181485,-19.183102,-19.17162,-19.177939,-19.199696,-19.254132,-19.308568,-19.361021,-19.41804,-19.454433,-19.456821,-19.471245,-19.48567,-19.482813,-19.479956,-19.513722,-19.52804,-19.545552,-19.547292,-19.549032,-19.552034,-19.555037,-19.55804,-19.561042,-19.560551,-19.579511,-19.60457,-19.625562,-19.680976,-19.749609,-19.779342,-19.790891,-19.802439,-19.813988,-19.839039,-19.875869,-19.871162,-19.823128,-19.800659,-19.75552,-19.765017,-19.774515,-19.783673,-19.830678,-19.889021,-19.93777,-19.962112,-20.00383,-20.060292,-20.133839,-20.219704,-20.314285,-20.388382,-20.4442,-20.451244,-20.457205,-20.477968,-20.503027,-20.532635,-20.573053,-20.632862,-20.72335,-20.835361,-20.922523,-20.985966,-21.089513,-21.154167,-21.211583,-21.261029,-21.273944,-21.287859,-21.28206,-21.276262,-21.287275,-21.298287,-21.26438,-21.21392,-21.170977,-21.110898,-21.093617,-21.042893,-20.953702,-20.872513,-20.785097,-20.72026,-20.681048],"drift":[-0.01260824,-0.01260824,-0.01260824,-0.01260824,-0.01260824,-0.01260824,-0.01260824,-0.01260824,-0.01260824,-0.01260824,-0.01260824,-0.01260824,-0.01260824,-0.01260824,-0.01260824,-0.01260824,-0.01260824,-0.01260824,-0.01260824,-0.01260824,-0.01260824,-0.01260824,-0.01260824,-0.01260824,-0.01260824,-0.01260824,-0.01260824,-0.01260824,-0.01260824,-0.01260824,-0.01260824,-0.01260824,-0.01260824,-0.01260823,-0.01260823,-0.01260823,-0.01260823,-0.01260823,-0.01260823,-0.01260823,-0.01260824,-0.01260824,-0.01260824,-0.01260824,-0.01260824,-0.01260824,-0.01260824,-0.01260824,-0.01260824,-0.01260824,-0.01260824,-0.01260824,-0.01260824,-0.01260824,-0.01260824,-0.01260824,-0.01260824,-0.01260824,-0.01260824,-0.01260824,-0.01260824,-0.01260824,-0.01260824,-0.01260824,-0.01260824,-0.01260824,-0.01260824,-0.01260824,-0.01260824,-0.01260824,-0.01260824,-0.01260824,-0.01260824,-0.01260824,-0.01260825,-0.01260825,-0.01260825,-0.01260825,-0.01260825,-0.01260825,-0.01260825,-0.01260825,-0.01260825,-0.01260825,-0.01260825,-0.01260825,-0.01260826,-0.01260826,-0.01260826,-0.01260826,-0.01260826,-0.01260826,-0.01260826,-0.01260827,-0.01260827,-0.01260827,-0.01260827,-0.01260827,-0.01260827,-0.01260827,-0.01260828,-0.01260828,-0.01260828,-0.01260828,-0.01260828,-0.01260828,-0.01260828,-0.01260828,-0.01260829,-0.01260829,-0.01260829,-0.01260829,-0.01260829,-0.01260829,-0.01260829,-0.01260829,-0.01260829,-0.01260829,-0.01260829,-0.0126083,-0.0126083,-0.0126083,-0.0126083,-0.0126083,-0.0126083,-0.0126083,-0.0126083,-0.0126083,-0.0126083,-0.0126083,-0.0126083,-0.0126083,-0.0126083,-0.0126083,-0.0126083,-0.0126083,-0.0126083,-0.0126083,-0.0126083,-0.0126083,-0.0126083,-0.0126083,-0.0126083,-0.0126083,-0.01260831,-0.01260831,-0.01260831,-0.01260831,-0.01260831,-0.01260831,-0.01260831,-0.01260831,-0.01260831,-0.01260831,-0.01260831,-0.01260831,-0.01260831,-0.01260831,-0.01260831,-0.01260831,-0.01260831,-0.01260831,-0.01260831,-0.01260831,-0.01260831,-0.01260831,-0.01260831,-0.01260831,-0.01260831,-0.01260831,-0.01260831,-0.01260831,-0.01260831,-0.01260831,-0.01260831,-0.01260831,-0.01260831,-0.01260831,-0.01260831,-0.01260831,-0.01260831,-0.01260831,-0.01260831,-0.01260831,-0.01260831,-0.01260831,-0.01260831,-0.01260831,-0.01260831,-0.01260831,-0.01260831,-0.01260831,-0.01260831,-0.0126083,-0.0126083,-0.0126083,-0.0126083,-0.0126083,-0.0126083,-0.0126083,-0.0126083,-0.0126083,-0.0126083,-0.0126083,-0.0126083,-0.0126083,-0.0126083,-0.0126083,-0.0126083],"instab":[null,null,null,null,null,null,null,null,null,null,null,null,null,null,null,null,null,null,null,null,null,null,null,null,null,null,null,null,null,null,null,null,null,null,null,null,null,null,null,null,null,null,null,null,124.683046,113.829635,113.829635,113.829635,113.829635,105.470789,98.703139,98.703139,1.001627,0.938641,0.887882,0.8458,0.847767,0.811755,0.821613,0.660742,0.643329,0.643542,0.607054,0.588844,0.514677,0.505186,0.489564,0.496316,0.536218,0.515978,0.589571,0.613774,0.63964,0.645611,0.666064,0.677246,0.655581,0.695218,0.689889,0.733115,0.827714,0.85274,0.836227,0.838487,0.962191,0.980214,1.11789,1.104327,1.068868,1.03998,1.009575,0.992816,0.991499,0.982434,0.956266,0.945168,0.946515,0.966204,0.936443,0.879651,0.867355,0.978959,0.983871,0.982144,0.878988,0.853513,0.727149,0.732863,0.730351,0.73846,0.847154,0.853856,0.90644,0.899555,0.905846,0.927419,0.937265,0.874734,0.86409,0.937906,0.934194,0.902534,0.890953,0.884574,0.884173,0.897648,0.906375,0.935232,0.954654,0.943785,0.827377,0.836859,0.761312,0.773078,0.781343,0.748917,0.762163,0.824913,0.832468,0.716569,0.720471,0.636469,0.620768,0.633454,0.653599,0.651721,0.632902,0.611514,0.591181,0.5876,0.642661,0.598298,0.649401,0.658314,0.658314,0.673367,0.655853,0.579485,0.647618,0.692126,0.763956,0.740708,0.89276,0.89276,0.862491,0.871418,0.871133,0.871739,0.897614,0.902922,0.876819,0.878465,0.805445,0.79135,0.809768,0.810604,0.874308,0.87075,0.835784,0.80077,0.757339,0.754985,0.618135,0.620049,0.621655,0.617696,0.644606,0.680244,0.73246,0.720915,0.713693,0.731183,0.733448,0.733505,0.735623,0.754027,0.702859,0.738466,0.719634,0.748041,0.745479,0.862938,0.860714,0.842402,0.87914,0.855468,0.882313,0.905585,0.905285],