{"word":"washouts","years":[1800,1801,1802,1803,1804,1805,1806,1807,1808,1809,1810,1811,1812,1813,1814,1815,1816,1817,1818,1819,1820,1821,1822,1823,1824,1825,1826,1827,1828,1829,1830,1831,1832,1833,1834,1835,1836,1837,1838,1839,1840,1841,1842,1843,1844,1845,1846,1847,1848,1849,1850,1851,1852,1853,1854,1855,1856,1857,1858,1859,1860,1861,1862,1863,1864,1865,1866,1867,1868,1869,1870,1871,1872,1873,1874,1875,1876,1877,1878,1879,1880,1881,1882,1883,1884,1885,1886,1887,1888,1889,1890,1891,1892,1893,1894,1895,1896,1897,1898,1899,1900,1901,1902,1903,1904,1905,1906,1907,1908,1909,1910,1911,1912,1913,1914,1915,1916,1917,1918,1919,1920,1921,1922,1923,1924,1925,1926,1927,1928,1929,1930,1931,1932,1933,1934,1935,1936,1937,1938,1939,1940,1941,1942,1943,1944,1945,1946,1947,1948,1949,1950,1951,1952,1953,1954,1955,1956,1957,1958,1959,1960,1961,1962,1963,1964,1965,1966,1967,1968,1969,1970,1971,1972,1973,1974,1975,1976,1977,1978,1979,1980,1981,1982,1983,1984,1985,1986,1987,1988,1989,1990,1991,1992,1993,1994,1995,1996,1997,1998,1999,2000,2001,2002,2003,2004,2005,2006,2007,2008],"level":[-17.864175,-17.941932,-18.01969,-18.098062,-18.176366,-18.254536,-18.332503,-18.4102,-18.48756,-18.564515,-18.640998,-18.716942,-18.792278,-18.866939,-18.940858,-19.013968,-19.0862,-19.157489,-19.227765,-19.296961,-19.365011,-19.431847,-19.4974,-19.561604,-19.624392,-19.685695,-19.745447,-19.803579,-19.860025,-19.914717,-19.967587,-20.018568,-20.067593,-20.114594,-20.159503,-20.202254,-20.242778,-20.281008,-20.316878,-20.350318,-20.381262,-20.409643,-20.435392,-20.458443,-20.478728,-20.496179,-20.510729,-20.522311,-20.530857,-20.5363,-20.538571,-20.537605,-20.533333,-20.525687,-20.514601,-20.500006,-20.481836,-20.460023,-20.4345,-20.405198,-20.372051,-20.334991,-20.29395,-20.248862,-20.199658,-20.146272,-20.088635,-20.026681,-19.960341,-19.889548,-19.814236,-19.734336,-19.649781,-19.560503,-19.466435,-19.36751,-19.26366,-19.154818,-19.040916,-18.911489,-18.778008,-18.635807,-18.505253,-18.359484,-18.214575,-18.071973,-17.948371,-17.820069,-17.722284,-17.624099,-17.538124,-17.456412,-17.366038,-17.259621,-17.15904,-17.066092,-16.968904,-16.87134,-16.784153,-16.700495,-16.620925,-16.550541,-16.481097,-16.413935,-16.355668,-16.307316,-16.25841,-16.207561,-16.159446,-16.120774,-16.086944,-16.056345,-16.029178,-16.006023,-16.000537,-16.002107,-16.009776,-16.028169,-16.04919,-16.074986,-16.099596,-16.123142,-16.151108,-16.180323,-16.205047,-16.228953,-16.257583,-16.293498,-16.329953,-16.366329,-16.399749,-16.421817,-16.442351,-16.452355,-16.453012,-16.442659,-16.424448,-16.400669,-16.374012,-16.342612,-16.31366,-16.288317,-16.267522,-16.253182,-16.246686,-16.248392,-16.256878,-16.27229,-16.288921,-16.303739,-16.31843,-16.331836,-16.344522,-16.358124,-16.376134,-16.392188,-16.407166,-16.421093,-16.434484,-16.447206,-16.458435,-16.466949,-16.472599,-16.476154,-16.481529,-16.486804,-16.493886,-16.50129,-16.510149,-16.521356,-16.53272,-16.538812,-16.545777,-16.548039,-16.548117,-16.548412,-16.547476,-16.547304,-16.5491,-16.552444,-16.557248,-16.562589,-16.567833,-16.573905,-16.584746,-16.598142,-16.615083,-16.634665,-16.656274,-16.675341,-16.695528,-16.714233,-16.728761,-16.742831,-16.753999,-16.761961,-16.766932,-16.771548,-16.778219,-16.788074,-16.796762,-16.807026,-16.817915,-16.828364,-16.837862,-16.844969,-16.851615,-16.858489,-16.86668],"drift":[-0.07775756,-0.07775755,-0.07775755,-0.07769007,-0.07755514,-0.07735274,-0.07708287,-0.07674554,-0.07634075,-0.07586849,-0.07532877,-0.07472158,-0.07404693,-0.07330481,-0.07249523,-0.07161819,-0.07067368,-0.0696617,-0.06858226,-0.06743536,-0.06622099,-0.06493916,-0.06358987,-0.06217311,-0.06068888,-0.05913719,-0.05751804,-0.05583142,-0.05407734,-0.05225579,-0.05036678,-0.0484103,-0.04638636,-0.04429496,-0.04213609,-0.03990975,-0.03761596,-0.03525469,-0.03282596,-0.03032977,-0.02776612,-0.025135,-0.02243641,-0.01967036,-0.01683685,-0.01393587,-0.01096743,-0.00793152,-0.00482815,-0.00165732,0.00158098,0.00488675,0.00825998,0.01170067,0.01520883,0.01878445,0.02242754,0.02613809,0.02991611,0.03376159,0.03767453,0.04165494,0.04570281,0.04981815,0.05400095,0.05825122,0.06256895,0.06695415,0.07140681,0.07592693,0.08051452,0.08516957,0.08989209,0.09468207,0.09953952,0.10446443,0.10945681,0.11451665,0.11964395,0.12369702,0.12667586,0.12795002,0.12893826,0.1280785,0.12537073,0.12077099,0.11586042,0.10958372,0.10460255,0.10032594,0.09762511,0.09667156,0.09640947,0.0950486,0.09308017,0.09112635,0.08850694,0.08489299,0.08102721,0.07687252,0.0724217,0.06819466,0.06383037,0.05910029,0.05446171,0.05049394,0.04670054,0.04245169,0.03758094,0.03259041,0.02746378,0.02199294,0.01595398,0.00912438,0.00269425,-0.00326768,-0.00874636,-0.0131658,-0.0167228,-0.01928348,-0.02125932,-0.02298418,-0.02416201,-0.02478497,-0.02541463,-0.02620993,-0.02673952,-0.02626164,-0.02466456,-0.02178157,-0.01762065,-0.01297139,-0.00749174,-0.00173626,0.00390067,0.00882919,0.01272761,0.01541256,0.01686281,0.01671693,0.0152276,0.01262765,0.00913083,0.00506214,0.00083595,-0.00311108,-0.00646803,-0.00884285,-0.01036253,-0.01139304,-0.01206138,-0.0125821,-0.01309142,-0.01354469,-0.01350767,-0.01319109,-0.01267824,-0.01202828,-0.01122874,-0.0102652,-0.00919584,-0.00820134,-0.00748704,-0.00720439,-0.00712265,-0.00724383,-0.00738273,-0.00751935,-0.00750882,-0.00709229,-0.00620671,-0.00533369,-0.00428152,-0.00345116,-0.00299119,-0.00282717,-0.00307639,-0.00368228,-0.00449525,-0.00543468,-0.00644338,-0.00757305,-0.0089585,-0.01066086,-0.0123435,-0.01391051,-0.01514477,-0.01589186,-0.01601114,-0.01579489,-0.01509638,-0.01400171,-0.01284919,-0.0115627,-0.01031955,-0.00933519,-0.00883008,-0.0087876,-0.00897753,-0.00907114,-0.00920685,-0.00922644,-0.00906349,-0.00874841,-0.008351,-0.0080902,-0.00798799,-0.00800809,-0.00800809],"instab":[null,null,null,null,null,null,null,null,null,null,null,null,null,null,null,null,null,null,null,null,null,null,null,null,null,null,null,null,null,null,null,null,null,null,null,null,null,null,null,null,null,null,null,null,null,null,null,null,null,null,null,null,null,null,null,null,null,null,null,null,null,null,null,null,null,null,null,null,null,null,null,null,null,null,null,null,null,null,null,null,null,null,null,null,243.230303,221.953663,205.597602,192.241807,181.323089,172.027943,164.050083,157.110274,150.986659,145.483785,140.543033,136.092037,132.032499,128.304572,1.071636,1.042209,1.034262,0.940357,0.916568,0.894243,0.882277,0.803983,0.790682,0.607178,0.585207,0.578853,0.575572,0.51152,0.398577,0.421003,0.401518,0.388891,0.390195,0.367375,0.368389,0.385204,0.376209,0.375212,0.374238,0.371911,0.358237,0.360983,0.36814,0.368234,0.351796,0.352606,0.377817,0.388592,0.394121,0.321062,0.320837,0.326061,0.332819,0.340573,0.342629,0.351194,0.354389,0.362159,0.366728,0.343018,0.34043,0.336615,0.325821,0.339334,0.361271,0.361666,0.320506,0.319569,0.300429,0.299398,0.302374,0.305445,0.304017,0.294901,0.294653,0.265961,0.244451,0.227959,0.208183,0.205311,0.195881,0.203011,0.202602,0.190416,0.160229,0.151411,0.169932,0.171537,0.183893,0.170071,0.165301,0.163302,0.165204,0.169419,0.170024,0.169234,0.166737,0.166904,0.167004,0.165904,0.165842,0.162446,0.162581,0.162,0.17912,0.179238,0.154156,0.163572,0.151137,0.153358,0.149699,0.149966,0.150596,0.159285,0.171902,0.173459,0.175753,0.174387,0.174857,0.163675,0.1666,0.165259,0.166695,0.170323,0.149386],