{"word":"waxlight","years":[1800,1801,1802,1803,1804,1805,1806,1807,1808,1809,1810,1811,1812,1813,1814,1815,1816,1817,1818,1819,1820,1821,1822,1823,1824,1825,1826,1827,1828,1829,1830,1831,1832,1833,1834,1835,1836,1837,1838,1839,1840,1841,1842,1843,1844,1845,1846,1847,1848,1849,1850,1851,1852,1853,1854,1855,1856,1857,1858,1859,1860,1861,1862,1863,1864,1865,1866,1867,1868,1869,1870,1871,1872,1873,1874,1875,1876,1877,1878,1879,1880,1881,1882,1883,1884,1885,1886,1887,1888,1889,1890,1891,1892,1893,1894,1895,1896,1897,1898,1899,1900,1901,1902,1903,1904,1905,1906,1907,1908,1909,1910,1911,1912,1913,1914,1915,1916,1917,1918,1919,1920,1921,1922,1923,1924,1925,1926,1927,1928,1929,1930,1931,1932,1933,1934,1935,1936,1937,1938,1939,1940,1941,1942,1943,1944,1945,1946,1947,1948,1949,1950,1951,1952,1953,1954,1955,1956,1957,1958,1959,1960,1961,1962,1963,1964,1965,1966,1967,1968,1969,1970,1971,1972,1973,1974,1975,1976,1977,1978,1979,1980,1981,1982,1983,1984,1985,1986,1987,1988,1989,1990,1991,1992,1993,1994,1995,1996,1997,1998,1999,2000,2001,2002,2003,2004,2005,2006,2007,2008],"level":[-18.115657,-18.128213,-18.142311,-18.15641,-18.170508,-18.184606,-18.198705,-18.212803,-18.226901,-18.240999,-18.255098,-18.269196,-18.283294,-18.297393,-18.311491,-18.325589,-18.339688,-18.353786,-18.389038,-18.42429,-18.45427,-18.500455,-18.542594,-18.567717,-18.579058,-18.569954,-18.560851,-18.551748,-18.542645,-18.534681,-18.546263,-18.579536,-18.591901,-18.604266,-18.596958,-18.623833,-18.650708,-18.677583,-18.704458,-18.740721,-18.751845,-18.755846,-18.777402,-18.781377,-18.762544,-18.749543,-18.74789,-18.746237,-18.735593,-18.742327,-18.777428,-18.812528,-18.815617,-18.816074,-18.832244,-18.808435,-18.748154,-18.693545,-18.619087,-18.552347,-18.487932,-18.423517,-18.413017,-18.397696,-18.362922,-18.349777,-18.360691,-18.38077,-18.39427,-18.359969,-18.334151,-18.316497,-18.28714,-18.263096,-18.266253,-18.274278,-18.294698,-18.314276,-18.334207,-18.378617,-18.415215,-18.43152,-18.441195,-18.452539,-18.469418,-18.477033,-18.476678,-18.512103,-18.537196,-18.50613,-18.472348,-18.447239,-18.453141,-18.424628,-18.412889,-18.441292,-18.469138,-18.496983,-18.524597,-18.563076,-18.623298,-18.669826,-18.736522,-18.798958,-18.844912,-18.909754,-18.959769,-19.015334,-19.064398,-19.125903,-19.165918,-19.232765,-19.267956,-19.314944,-19.345269,-19.360885,-19.408635,-19.470695,-19.532755,-19.565018,-19.596067,-19.589127,-19.579383,-19.588637,-19.613416,-19.640952,-19.670777,-19.675307,-19.689263,-19.713247,-19.710187,-19.707874,-19.70556,-19.679071,-19.663303,-19.675017,-19.697943,-19.731597,-19.765252,-19.788983,-19.825279,-19.856267,-19.887256,-19.901062,-19.914869,-19.961369,-19.997742,-20.034114,-20.048418,-20.085651,-20.12722,-20.143901,-20.160581,-20.177261,-20.172069,-20.190228,-20.201971,-20.240957,-20.306006,-20.371054,-20.411809,-20.455832,-20.510473,-20.565114,-20.607984,-20.640928,-20.689368,-20.706272,-20.69031,-20.708353,-20.749125,-20.773056,-20.815826,-20.855572,-20.864094,-20.900043,-20.905971,-20.933946,-20.9498,-20.965655,-21.008531,-21.051408,-21.105146,-21.160976,-21.216807,-21.275417,-21.307161,-21.329621,-21.34273,-21.366703,-21.390676,-21.422424,-21.44276,-21.448917,-21.423138,-21.408999,-21.376361,-21.356617,-21.325699,-21.268636,-21.247168,-21.218954,-21.18851,-21.098133,-21.004229,-20.934231,-20.856755,-20.779554,-20.727267],"drift":[-0.01255579,-0.01255579,-0.01255579,-0.01255579,-0.01255579,-0.01255579,-0.01255579,-0.01255579,-0.01255579,-0.01255579,-0.01255579,-0.01255579,-0.01255579,-0.01255579,-0.01255579,-0.01255579,-0.01255579,-0.01255579,-0.01255579,-0.01255579,-0.01255579,-0.01255579,-0.01255579,-0.01255579,-0.01255579,-0.01255579,-0.01255579,-0.01255579,-0.01255579,-0.01255579,-0.01255579,-0.01255579,-0.01255579,-0.01255579,-0.01255579,-0.01255579,-0.01255579,-0.01255579,-0.01255579,-0.01255579,-0.01255579,-0.01255579,-0.01255579,-0.01255579,-0.01255579,-0.01255579,-0.01255579,-0.01255579,-0.01255579,-0.01255579,-0.01255579,-0.01255579,-0.01255579,-0.01255579,-0.01255579,-0.01255579,-0.01255579,-0.01255579,-0.01255579,-0.01255579,-0.01255579,-0.01255579,-0.01255579,-0.01255579,-0.01255579,-0.01255579,-0.01255579,-0.01255579,-0.0125558,-0.0125558,-0.0125558,-0.0125558,-0.0125558,-0.0125558,-0.0125558,-0.0125558,-0.01255581,-0.01255581,-0.01255581,-0.01255581,-0.01255581,-0.01255581,-0.01255581,-0.01255581,-0.01255582,-0.01255582,-0.01255582,-0.01255582,-0.01255582,-0.01255582,-0.01255582,-0.01255582,-0.01255583,-0.01255583,-0.01255583,-0.01255583,-0.01255583,-0.01255583,-0.01255583,-0.01255584,-0.01255584,-0.01255584,-0.01255584,-0.01255584,-0.01255584,-0.01255584,-0.01255584,-0.01255584,-0.01255585,-0.01255585,-0.01255585,-0.01255585,-0.01255585,-0.01255585,-0.01255585,-0.01255585,-0.01255585,-0.01255585,-0.01255585,-0.01255585,-0.01255585,-0.01255585,-0.01255585,-0.01255585,-0.01255585,-0.01255585,-0.01255585,-0.01255585,-0.01255585,-0.01255585,-0.01255585,-0.01255585,-0.01255585,-0.01255585,-0.01255585,-0.01255585,-0.01255585,-0.01255585,-0.01255585,-0.01255585,-0.01255585,-0.01255585,-0.01255585,-0.01255585,-0.01255585,-0.01255585,-0.01255585,-0.01255585,-0.01255585,-0.01255585,-0.01255585,-0.01255585,-0.01255585,-0.01255585,-0.01255585,-0.01255585,-0.01255585,-0.01255585,-0.01255585,-0.01255585,-0.01255585,-0.01255585,-0.01255585,-0.01255585,-0.01255585,-0.01255584,-0.01255584,-0.01255584,-0.01255584,-0.01255584,-0.01255584,-0.01255584,-0.01255584,-0.01255584,-0.01255584,-0.01255584,-0.01255583,-0.01255583,-0.01255583,-0.01255583,-0.01255583,-0.01255583,-0.01255583,-0.01255583,-0.01255583,-0.01255582,-0.01255582,-0.01255582,-0.01255582,-0.01255582,-0.01255582,-0.01255581,-0.01255581,-0.01255581,-0.01255581,-0.01255581,-0.01255581,-0.01255581,-0.0125558,-0.0125558,-0.0125558,-0.0125558,-0.0125558,-0.0125558,-0.0125558,-0.0125558,-0.0125558,-0.0125558,-0.0125558],"instab":[null,null,null,null,null,null,null,null,null,null,null,null,null,null,null,null,null,null,null,null,null,null,65.048765,59.377388,54.973742,54.973742,54.973742,54.973742,51.37861,48.393776,45.882577,43.767638,43.767638,41.913816,40.240266,40.240266,40.240266,0.690779,0.663267,0.670042,0.665049,0.679327,0.665624,0.673133,0.667411,0.652332,0.652332,0.631054,0.642226,0.641819,0.647729,0.683914,0.659066,0.652729,0.655694,0.657412,0.661417,0.641847,0.669574,0.642987,0.660738,0.805885,0.788515,0.782155,0.796625,0.804522,0.780578,0.786717,0.864716,0.85101,0.830078,0.784585,0.784929,0.799019,0.7339,0.692502,0.694924,0.694903,0.688101,0.704328,0.719678,0.572973,0.572802,0.563021,0.537985,0.509631,0.560032,0.566704,0.606488,0.59667,0.599512,0.643743,0.675568,0.659057,0.715781,0.713239,0.732186,0.732969,0.720539,0.718296,0.716342,0.716171,0.726611,0.749384,0.749215,0.767529,0.724073,0.723687,0.613752,0.646799,0.650955,0.647334,0.621835,0.605359,0.508283,0.571249,0.562943,0.578363,0.613959,0.595009,0.620298,0.609445,0.649076,0.655438,0.647126,0.634534,0.649916,0.65773,0.662956,0.657047,0.637881,0.603343,0.606579,0.61534,0.651796,0.620301,0.621588,0.621588,0.563089,0.565036,0.48941,0.504447,0.505195,0.507539,0.55845,0.575062,0.553394,0.587748,0.607742,0.565531,0.61213,0.61213,0.615901,0.617427,0.599644,0.589735,0.630088,0.628877,0.642581,0.693463,0.690973,0.667566,0.675194,0.667988,0.617607,0.620417,0.646856,0.65514,0.707211,0.73216,0.716919,0.707319,0.687658,0.711002,0.712102,0.740367,0.734014,0.715755,0.715755,0.713711,0.735675,0.735608,0.714217,0.723501,0.717419,0.749212,0.710977,0.680795,0.618433,0.61031,0.600732,0.586139,0.589434,0.572391,0.551021,0.511733,0.510485,0.504676,0.495538,0.587618,0.570722,0.573081,0.651722,0.651307,0.725039,0.683845,0.685295,0.724215,0.857222],