{"word":"wealth","years":[1800,1801,1802,1803,1804,1805,1806,1807,1808,1809,1810,1811,1812,1813,1814,1815,1816,1817,1818,1819,1820,1821,1822,1823,1824,1825,1826,1827,1828,1829,1830,1831,1832,1833,1834,1835,1836,1837,1838,1839,1840,1841,1842,1843,1844,1845,1846,1847,1848,1849,1850,1851,1852,1853,1854,1855,1856,1857,1858,1859,1860,1861,1862,1863,1864,1865,1866,1867,1868,1869,1870,1871,1872,1873,1874,1875,1876,1877,1878,1879,1880,1881,1882,1883,1884,1885,1886,1887,1888,1889,1890,1891,1892,1893,1894,1895,1896,1897,1898,1899,1900,1901,1902,1903,1904,1905,1906,1907,1908,1909,1910,1911,1912,1913,1914,1915,1916,1917,1918,1919,1920,1921,1922,1923,1924,1925,1926,1927,1928,1929,1930,1931,1932,1933,1934,1935,1936,1937,1938,1939,1940,1941,1942,1943,1944,1945,1946,1947,1948,1949,1950,1951,1952,1953,1954,1955,1956,1957,1958,1959,1960,1961,1962,1963,1964,1965,1966,1967,1968,1969,1970,1971,1972,1973,1974,1975,1976,1977,1978,1979,1980,1981,1982,1983,1984,1985,1986,1987,1988,1989,1990,1991,1992,1993,1994,1995,1996,1997,1998,1999,2000,2001,2002,2003,2004,2005,2006,2007,2008,2009,2010,2011,2012,2013,2014,2015,2016,2017,2018,2019],"level":[-9.969042,-9.922957,-9.962761,-9.912185,-9.908588,-9.914242,-9.921668,-9.936644,-9.977122,-9.985885,-10.028242,-9.999702,-9.951046,-9.978007,-9.975429,-9.942682,-9.907721,-9.89899,-9.879985,-9.825456,-9.812159,-9.82401,-9.871519,-9.918417,-9.907367,-9.893374,-9.879475,-9.848485,-9.832791,-9.846809,-9.871724,-9.942757,-10.013365,-9.940124,-9.926482,-9.898242,-9.843891,-9.814956,-9.790983,-9.79225,-9.789109,-9.803101,-9.830656,-9.857323,-9.861569,-9.861461,-9.861054,-9.85394,-9.847964,-9.840792,-9.854057,-9.872011,-9.880746,-9.878503,-9.90028,-9.911612,-9.93427,-9.972975,-10.015049,-10.04843,-10.094177,-10.114455,-10.118678,-10.127567,-10.122237,-10.140131,-10.151858,-10.171815,-10.183322,-10.183546,-10.196121,-10.233325,-10.250328,-10.254385,-10.271138,-10.301884,-10.328583,-10.362913,-10.369728,-10.374842,-10.369715,-10.367544,-10.367363,-10.386067,-10.392456,-10.416106,-10.412407,-10.417795,-10.392541,-10.383417,-10.380583,-10.398673,-10.399691,-10.407326,-10.414415,-10.4606,-10.485127,-10.496614,-10.509631,-10.515713,-10.530292,-10.551303,-10.569302,-10.595619,-10.616558,-10.632402,-10.636582,-10.640251,-10.64948,-10.657625,-10.675151,-10.702132,-10.731578,-10.759679,-10.780603,-10.789476,-10.779584,-10.774346,-10.777129,-10.760418,-10.753146,-10.740598,-10.725965,-10.704618,-10.68331,-10.674761,-10.664914,-10.686331,-10.695557,-10.697323,-10.684976,-10.676805,-10.64977,-10.653519,-10.666029,-10.677845,-10.725846,-10.765345,-10.81362,-10.870131,-10.919966,-10.974984,-11.021113,-11.046605,-11.058601,-11.062516,-11.068383,-11.071328,-11.091334,-11.09798,-11.121321,-11.146908,-11.16011,-11.180348,-11.191266,-11.20111,-11.20942,-11.219333,-11.218574,-11.210676,-11.206177,-11.195243,-11.176588,-11.154672,-11.127732,-11.102094,-11.070284,-11.031243,-10.988947,-10.976703,-11.006973,-11.050433,-11.090454,-11.125858,-11.151129,-11.179016,-11.202471,-11.227359,-11.25164,-11.260476,-11.256161,-11.25258,-11.256895,-11.256088,-11.250559,-11.246612,-11.234338,-11.222452,-11.215111,-11.215798,-11.201197,-11.186978,-11.171583,-11.165958,-11.148452,-11.122105,-11.091611,-11.054426,-11.017409,-10.981017,-10.941766,-10.921859,-10.894709,-10.858385,-10.813892,-10.777297,-10.739324,-10.71261,-10.670792,-10.635144,-10.618831,-10.621565,-10.649874,-10.644964,-10.602789,-10.562215,-10.533235,-10.508459,-10.492241,-10.484435],"drift":[0.00123574,0.00113904,0.00113062,0.0010156,0.00089501,0.00078854,0.00069978,0.00064482,0.00067851,0.00073256,0.00087951,0.00096682,0.00095132,0.000996,0.00103726,0.00101016,0.00090987,0.00079272,0.0006363,0.00036369,6.32e-05,-0.00021161,-0.00038444,-0.000457,-0.00055436,-0.00068309,-0.00084326,-0.00107205,-0.00133699,-0.00157459,-0.00176188,-0.00179982,-0.00168941,-0.00174055,-0.00182485,-0.00197397,-0.00224452,-0.00258229,-0.00297731,-0.00337602,-0.00378878,-0.00417954,-0.00451991,-0.00481253,-0.00510637,-0.00541146,-0.00572908,-0.0060744,-0.00644569,-0.00684634,-0.00723316,-0.00759686,-0.00795811,-0.00834136,-0.00869563,-0.00904422,-0.00936346,-0.00961945,-0.00980546,-0.00994065,-0.00999864,-0.01003447,-0.01008283,-0.01013376,-0.01021803,-0.01028576,-0.01035037,-0.01039428,-0.01043578,-0.0104993,-0.01055835,-0.01055995,-0.01054766,-0.01054936,-0.01053769,-0.01048245,-0.01039225,-0.01025044,-0.01011604,-0.00999242,-0.0099014,-0.00983641,-0.00979301,-0.0097304,-0.009675,-0.00958946,-0.00953258,-0.00948463,-0.00951157,-0.00957869,-0.00967257,-0.0097483,-0.00984286,-0.00994217,-0.01004764,-0.0100752,-0.0100716,-0.01006495,-0.01005193,-0.01004748,-0.01003325,-0.00999536,-0.00994021,-0.00984976,-0.00973539,-0.00960786,-0.00949203,-0.00938875,-0.00928582,-0.00918535,-0.00906689,-0.00890982,-0.00870847,-0.00846531,-0.00819529,-0.00792381,-0.00769074,-0.00748554,-0.00729048,-0.00714717,-0.00703494,-0.00696493,-0.00694149,-0.00697903,-0.00707756,-0.00720978,-0.00737877,-0.00751749,-0.00765254,-0.00780027,-0.00799144,-0.00821745,-0.00851947,-0.00883176,-0.00913613,-0.00943473,-0.00965017,-0.00980127,-0.00986942,-0.00983701,-0.00971837,-0.00950207,-0.0092068,-0.00887642,-0.00853932,-0.00821218,-0.0078901,-0.00757868,-0.00724047,-0.00690354,-0.00653117,-0.00611772,-0.005689,-0.00522891,-0.00475655,-0.00427322,-0.0037812,-0.00327595,-0.0027794,-0.00230587,-0.00184701,-0.00141571,-0.00102767,-0.0006891,-0.0004101,-0.00018726,-3.34e-05,3.622e-05,1.473e-05,-3.314e-05,-1.581e-05,9.518e-05,0.00029266,0.0005671,0.00089724,0.00128944,0.00173499,0.00223794,0.00279806,0.00338326,0.00396646,0.00455048,0.00515362,0.00576613,0.00637916,0.00699742,0.00760431,0.00820197,0.00880149,0.00942146,0.01003027,0.01063004,0.01121955,0.01182111,0.01241042,0.01296968,0.01349116,0.01396156,0.01438225,0.01475549,0.01507592,0.01538593,0.01567058,0.0159107,0.0160892,0.0162235,0.0163109,0.01637587,0.01638599,0.01635458,0.01632326,0.01633303,0.01643904,0.01656991,0.01664557,0.01666965,0.01666719,0.01664725,0.01662823,0.01662823],"instab":[null,null,null,null,4.520742,4.123917,3.818449,3.574394,3.363185,3.195808,3.040353,2.914047,2.811509,2.706852,2.614413,2.533554,2.461196,2.391899,2.327574,2.272413,0.289431,0.272482,0.169941,0.162337,0.162244,0.161788,0.161613,0.163759,0.157433,0.156856,0.138739,0.145979,0.176984,0.193676,0.192967,0.192072,0.194111,0.194814,0.195762,0.1886,0.187886,0.187464,0.18584,0.17656,0.176652,0.176526,0.176527,0.174689,0.172633,0.173563,0.172898,0.169099,0.106318,0.073794,0.076323,0.076299,0.061212,0.060089,0.055864,0.055866,0.061341,0.061496,0.062343,0.057801,0.06455,0.064495,0.065145,0.064711,0.064271,0.063286,0.06641,0.069211,0.069187,0.067762,0.067543,0.067599,0.067491,0.070457,0.068014,0.068052,0.06117,0.060396,0.063069,0.06356,0.060753,0.064453,0.066158,0.067147,0.073442,0.073596,0.0748,0.071169,0.070233,0.069518,0.073328,0.080521,0.082292,0.076268,0.076669,0.076779,0.076169,0.076313,0.074186,0.074098,0.073136,0.069708,0.068317,0.066797,0.059649,0.058437,0.054677,0.052868,0.052492,0.053345,0.045016,0.033556,0.036008,0.039653,0.039858,0.044926,0.045379,0.046009,0.046644,0.047006,0.049981,0.048199,0.053291,0.057731,0.058761,0.059626,0.060222,0.060047,0.066086,0.063286,0.06192,0.060443,0.070499,0.072294,0.07458,0.079604,0.081698,0.085757,0.089595,0.087918,0.083157,0.083372,0.07656,0.07948,0.079679,0.082212,0.080467,0.080879,0.069696,0.068603,0.069253,0.064873,0.062124,0.061813,0.061445,0.058421,0.056845,0.050249,0.041166,0.039156,0.041619,0.042411,0.043555,0.044617,0.054156,0.059219,0.060512,0.065823,0.07283,0.077331,0.078682,0.081093,0.082052,0.082758,0.085599,0.085483,0.085631,0.086013,0.085219,0.084281,0.082406,0.0813,0.080497,0.078646,0.066057,0.054734,0.056474,0.052947,0.050853,0.044987,0.043875,0.041597,0.040878,0.040941,0.034843,0.031811,0.038183,0.038839,0.037776,0.036982,0.039268,0.037977,0.039092,0.041574,0.042247,0.038979,0.038925,0.039355,0.068679,0.077399,0.077704,0.078611,0.078567,0.077902,0.077316,0.079028],