{"word":"wepropose","years":[1800,1801,1802,1803,1804,1805,1806,1807,1808,1809,1810,1811,1812,1813,1814,1815,1816,1817,1818,1819,1820,1821,1822,1823,1824,1825,1826,1827,1828,1829,1830,1831,1832,1833,1834,1835,1836,1837,1838,1839,1840,1841,1842,1843,1844,1845,1846,1847,1848,1849,1850,1851,1852,1853,1854,1855,1856,1857,1858,1859,1860,1861,1862,1863,1864,1865,1866,1867,1868,1869,1870,1871,1872,1873,1874,1875,1876,1877,1878,1879,1880,1881,1882,1883,1884,1885,1886,1887,1888,1889,1890,1891,1892,1893,1894,1895,1896,1897,1898,1899,1900,1901,1902,1903,1904,1905,1906,1907,1908,1909,1910,1911,1912,1913,1914,1915,1916,1917,1918,1919,1920,1921,1922,1923,1924,1925,1926,1927,1928,1929,1930,1931,1932,1933,1934,1935,1936,1937,1938,1939,1940,1941,1942,1943,1944,1945,1946,1947,1948,1949,1950,1951,1952,1953,1954,1955,1956,1957,1958,1959,1960,1961,1962,1963,1964,1965,1966,1967,1968,1969,1970,1971,1972,1973,1974,1975,1976,1977,1978,1979,1980,1981,1982,1983,1984,1985,1986,1987,1988,1989,1990,1991,1992,1993,1994,1995,1996,1997,1998,1999,2000,2001,2002,2003,2004,2005,2006,2007,2008],"level":[-18.620495,-18.615013,-18.60953,-18.604048,-18.598565,-18.593083,-18.5876,-18.582118,-18.576635,-18.571153,-18.56567,-18.560188,-18.554705,-18.549223,-18.54374,-18.538258,-18.532775,-18.568433,-18.604091,-18.63975,-18.675408,-18.711066,-18.746724,-18.782382,-18.81804,-18.853698,-18.889356,-18.925014,-18.960673,-18.996331,-19.031989,-19.067647,-19.103305,-19.138963,-19.174621,-19.210279,-19.245937,-19.281596,-19.317254,-19.352912,-19.38857,-19.424228,-19.459886,-19.495544,-19.531202,-19.56686,-19.602519,-19.638177,-19.673835,-19.709493,-19.745151,-19.780809,-19.816467,-19.852125,-19.892212,-19.883215,-19.874218,-19.847323,-19.820428,-19.793533,-19.766639,-19.739744,-19.712849,-19.685954,-19.659059,-19.684544,-19.71003,-19.728164,-19.746298,-19.764432,-19.782567,-19.800701,-19.818835,-19.83697,-19.855104,-19.873238,-19.891372,-19.909507,-19.922845,-19.936183,-19.949522,-19.96286,-19.976198,-19.989537,-20.002875,-20.016213,-20.029552,-20.04289,-20.056228,-20.069567,-20.106866,-20.144166,-20.181465,-20.218765,-20.256064,-20.293364,-20.330663,-20.367963,-20.405262,-20.442562,-20.479861,-20.517161,-20.497978,-20.478795,-20.459612,-20.44043,-20.421247,-20.402064,-20.382881,-20.363699,-20.344516,-20.325333,-20.30615,-20.286967,-20.267785,-20.248602,-20.229419,-20.210236,-20.191054,-20.171871,-20.152688,-20.133505,-20.114323,-20.09514,-20.075957,-20.056774,-20.037592,-20.018409,-20.016455,-20.014501,-20.082705,-20.150909,-20.219113,-20.287317,-20.355521,-20.423725,-20.448442,-20.473158,-20.497875,-20.522591,-20.547308,-20.572025,-20.596741,-20.621458,-20.646174,-20.670891,-20.695607,-20.720324,-20.745041,-20.769757,-20.794474,-20.81919,-20.843907,-20.868623,-20.89334,-20.918057,-20.942773,-20.997403,-21.052033,-21.106663,-21.161293,-21.207764,-21.254235,-21.300707,-21.347178,-21.393649,-21.44012,-21.486591,-21.533062,-21.579533,-21.626004,-21.672475,-21.718946,-21.735226,-21.751505,-21.767785,-21.784064,-21.800344,-21.816623,-21.832903,-21.849183,-21.865462,-21.898772,-21.932082,-21.974542,-22.017002,-22.059462,-22.101922,-22.147635,-22.193347,-22.234909,-22.233571,-22.215783,-22.197995,-22.034897,-22.029512,-22.024127,-22.018742,-22.013357,-22.007972,-22.002587,-21.997201,-21.732051,-21.177961,-20.933301,-20.321042,-18.560408,-17.771669,-17.479114],"drift":[0.0054874,0.0054874,0.0054874,0.0054874,0.0054874,0.0054874,0.0054874,0.0054874,0.0054874,0.0054874,0.0054874,0.0054874,0.0054874,0.0054874,0.0054874,0.0054874,0.0054874,0.0054874,0.0054874,0.0054874,0.0054874,0.0054874,0.0054874,0.0054874,0.0054874,0.0054874,0.0054874,0.0054874,0.0054874,0.0054874,0.0054874,0.0054874,0.0054874,0.0054874,0.0054874,0.0054874,0.0054874,0.0054874,0.0054874,0.0054874,0.0054874,0.0054874,0.0054874,0.0054874,0.0054874,0.0054874,0.0054874,0.0054874,0.0054874,0.0054874,0.0054874,0.0054874,0.0054874,0.0054874,0.0054874,0.0054874,0.0054874,0.00548741,0.00548741,0.00548741,0.00548741,0.00548741,0.00548741,0.00548741,0.00548741,0.00548741,0.00548741,0.00548741,0.00548741,0.00548741,0.00548741,0.00548741,0.00548741,0.00548741,0.00548741,0.00548741,0.00548741,0.00548741,0.00548741,0.00548741,0.00548741,0.00548741,0.00548741,0.00548741,0.00548741,0.00548741,0.00548741,0.00548741,0.00548741,0.00548741,0.00548741,0.00548741,0.00548741,0.00548741,0.00548741,0.00548741,0.00548741,0.00548741,0.00548741,0.00548741,0.00548741,0.00548741,0.00548741,0.00548741,0.00548741,0.00548741,0.00548741,0.00548741,0.00548741,0.00548741,0.00548741,0.00548741,0.00548741,0.00548741,0.00548741,0.00548741,0.00548741,0.00548741,0.00548741,0.00548741,0.00548741,0.00548741,0.00548741,0.00548741,0.00548741,0.00548741,0.00548741,0.00548741,0.00548741,0.00548741,0.00548741,0.00548741,0.00548741,0.00548741,0.00548742,0.00548742,0.00548742,0.00548742,0.00548742,0.00548742,0.00548742,0.00548742,0.00548742,0.00548742,0.00548742,0.00548742,0.00548742,0.00548742,0.00548742,0.00548742,0.00548742,0.00548742,0.00548742,0.00548742,0.00548742,0.00548742,0.00548742,0.00548742,0.00548742,0.00548742,0.00548742,0.00548742,0.00548742,0.00548742,0.00548742,0.00548742,0.00548742,0.00548742,0.00548742,0.00548742,0.00548742,0.00548742,0.00548742,0.00548742,0.00548742,0.00548742,0.00548742,0.00548742,0.00548742,0.00548742,0.00548743,0.00548743,0.00548743,0.00548743,0.00548743,0.00548743,0.00548743,0.00548743,0.00548743,0.00548743,0.00548743,0.00548743,0.00548743,0.00548743,0.00548743,0.00548743,0.00548743,0.00548743,0.00548743,0.00548743,0.00548743,0.00548743,0.00548743,0.00548743,0.00548743,0.00548743,0.00548743,0.00548743,0.00548743],"instab":[null,null,null,null,null,null,null,null,null,null,null,null,null,null,null,null,null,null,null,null,null,null,null,null,null,null,null,null,null,null,null,null,null,null,null,null,null,null,null,null,null,null,null,null,null,null,null,null,null,null,null,null,null,null,null,null,null,null,null,null,null,null,null,null,null,null,18.378764,18.378764,18.378764,18.378764,18.378764,18.378764,18.378764,null,null,null,null,null,null,null,null,null,null,null,null,null,null,null,null,null,null,null,null,null,null,null,null,null,null,null,null,null,null,null,null,null,null,null,null,null,null,null,null,null,null,null,null,null,null,null,null,null,null,null,null,null,null,null,null,null,null,null,null,null,null,null,null,null,null,null,null,null,null,null,null,null,null,null,null,null,null,null,null,null,null,null,null,null,null,null,null,null,null,null,null,null,null,null,null,null,null,null,null,null,null,null,null,null,null,null,null,null,null,null,null,null,null,null,null,0.168658,0.151435,0.145756,0.061788,0.056404,0.180127,0.180127,0.180127,0.180127,0.180127,0.180127,0.180127,0.181469,0.187425,0.428226,0.405109,0.390675,1.091768,1.133834,1.08614],