{"word":"weqatal","years":[1800,1801,1802,1803,1804,1805,1806,1807,1808,1809,1810,1811,1812,1813,1814,1815,1816,1817,1818,1819,1820,1821,1822,1823,1824,1825,1826,1827,1828,1829,1830,1831,1832,1833,1834,1835,1836,1837,1838,1839,1840,1841,1842,1843,1844,1845,1846,1847,1848,1849,1850,1851,1852,1853,1854,1855,1856,1857,1858,1859,1860,1861,1862,1863,1864,1865,1866,1867,1868,1869,1870,1871,1872,1873,1874,1875,1876,1877,1878,1879,1880,1881,1882,1883,1884,1885,1886,1887,1888,1889,1890,1891,1892,1893,1894,1895,1896,1897,1898,1899,1900,1901,1902,1903,1904,1905,1906,1907,1908,1909,1910,1911,1912,1913,1914,1915,1916,1917,1918,1919,1920,1921,1922,1923,1924,1925,1926,1927,1928,1929,1930,1931,1932,1933,1934,1935,1936,1937,1938,1939,1940,1941,1942,1943,1944,1945,1946,1947,1948,1949,1950,1951,1952,1953,1954,1955,1956,1957,1958,1959,1960,1961,1962,1963,1964,1965,1966,1967,1968,1969,1970,1971,1972,1973,1974,1975,1976,1977,1978,1979,1980,1981,1982,1983,1984,1985,1986,1987,1988,1989,1990,1991,1992,1993,1994,1995,1996,1997,1998,1999,2000,2001,2002,2003,2004,2005,2006,2007,2008],"level":[-41.143798,-41.037852,-40.931907,-40.825961,-40.720015,-40.614069,-40.508123,-40.402177,-40.296231,-40.190285,-40.084339,-39.978393,-39.872447,-39.766501,-39.660555,-39.554609,-39.448663,-39.342717,-39.236772,-39.130826,-39.02488,-38.918934,-38.812988,-38.707042,-38.601096,-38.49515,-38.389204,-38.283258,-38.177312,-38.071366,-37.96542,-37.859474,-37.753528,-37.647582,-37.541637,-37.435691,-37.329745,-37.223799,-37.117853,-37.011907,-36.905961,-36.800015,-36.694069,-36.588123,-36.482177,-36.376231,-36.270285,-36.164339,-36.058393,-35.952447,-35.846502,-35.740556,-35.63461,-35.528664,-35.422718,-35.316772,-35.210826,-35.10488,-34.998934,-34.892988,-34.787042,-34.681096,-34.57515,-34.469204,-34.363258,-34.257312,-34.151367,-34.045421,-33.939475,-33.833529,-33.727583,-33.621637,-33.515691,-33.409745,-33.303799,-33.197853,-33.091907,-32.985961,-32.880015,-32.774069,-32.668123,-32.562177,-32.456232,-32.350286,-32.24434,-32.138394,-32.032448,-31.926502,-31.820556,-31.71461,-31.608664,-31.502718,-31.396772,-31.290826,-31.18488,-31.078934,-30.972988,-30.867042,-30.761097,-30.655151,-30.549205,-30.443259,-30.337313,-30.231367,-30.125421,-30.019475,-29.913529,-29.807583,-29.701637,-29.595691,-29.489745,-29.383799,-29.277853,-29.171907,-29.065961,-28.960016,-28.85407,-28.748124,-28.642178,-28.536232,-28.430286,-28.32434,-28.218394,-28.112448,-28.006502,-27.900556,-27.79461,-27.688664,-27.582718,-27.476772,-27.370826,-27.264881,-27.158935,-27.052989,-26.947043,-26.841097,-26.735151,-26.629205,-26.523259,-26.417313,-26.311367,-26.205421,-26.099475,-25.993529,-25.887583,-25.781637,-25.675691,-25.569746,-25.4638,-25.357854,-25.251908,-25.145962,-25.040016,-24.93407,-24.828124,-24.722178,-24.616232,-24.510286,-24.40434,-24.298394,-24.192448,-24.086502,-23.980556,-23.874611,-23.768665,-23.662719,-23.556773,-23.450827,-23.344881,-23.238935,-23.132989,-23.027043,-22.921097,-22.815151,-22.709205,-22.603259,-22.497313,-22.391367,-22.285421,-22.179476,-22.07353,-21.967584,-21.861638,-21.755692,-21.649746,-21.5438,-21.437854,-21.331908,-21.225962,-21.120016,-21.01407,-20.908124,-20.802178,-20.696232,-20.590286,-20.48434,-20.378394,-20.272448,-20.166502,-20.060557,-19.954611,-19.848665,-19.742719,-19.636773,-19.530827,-19.424881,-19.318935,-19.212989,-19.107043],"drift":[0.10594594,0.10594594,0.10594594,0.10594594,0.10594594,0.10594594,0.10594594,0.10594594,0.10594594,0.10594594,0.10594594,0.10594594,0.10594594,0.10594594,0.10594594,0.10594594,0.10594594,0.10594594,0.10594594,0.10594594,0.10594594,0.10594594,0.10594594,0.10594594,0.10594594,0.10594594,0.10594594,0.10594594,0.10594594,0.10594594,0.10594594,0.10594594,0.10594594,0.10594594,0.10594594,0.10594594,0.10594594,0.10594594,0.10594594,0.10594594,0.10594594,0.10594594,0.10594594,0.10594594,0.10594594,0.10594594,0.10594594,0.10594594,0.10594594,0.10594594,0.10594594,0.10594594,0.10594594,0.10594594,0.10594594,0.10594594,0.10594594,0.10594594,0.10594594,0.10594594,0.10594594,0.10594594,0.10594594,0.10594594,0.10594594,0.10594594,0.10594594,0.10594594,0.10594594,0.10594594,0.10594594,0.10594594,0.10594594,0.10594594,0.10594594,0.10594594,0.10594594,0.10594594,0.10594594,0.10594594,0.10594594,0.10594594,0.10594594,0.10594594,0.10594594,0.10594594,0.10594594,0.10594594,0.10594594,0.10594594,0.10594594,0.10594594,0.10594594,0.10594594,0.10594594,0.10594594,0.10594594,0.10594594,0.10594594,0.10594594,0.10594594,0.10594594,0.10594594,0.10594594,0.10594594,0.10594594,0.10594594,0.10594594,0.10594594,0.10594594,0.10594594,0.10594594,0.10594594,0.10594594,0.10594594,0.10594594,0.10594594,0.10594594,0.10594594,0.10594594,0.10594594,0.10594594,0.10594594,0.10594594,0.10594594,0.10594594,0.10594594,0.10594594,0.10594594,0.10594594,0.10594594,0.10594594,0.10594594,0.10594594,0.10594594,0.10594594,0.10594594,0.10594594,0.10594594,0.10594594,0.10594594,0.10594594,0.10594594,0.10594594,0.10594594,0.10594594,0.10594594,0.10594594,0.10594594,0.10594594,0.10594594,0.10594594,0.10594594,0.10594594,0.10594594,0.10594594,0.10594594,0.10594594,0.10594594,0.10594594,0.10594594,0.10594594,0.10594594,0.10594594,0.10594594,0.10594594,0.10594594,0.10594594,0.10594594,0.10594594,0.10594594,0.10594594,0.10594594,0.10594594,0.10594594,0.10594594,0.10594594,0.10594594,0.10594594,0.10594594,0.10594594,0.10594594,0.10594594,0.10594594,0.10594594,0.10594594,0.10594594,0.10594594,0.10594594,0.10594594,0.10594594,0.10594594,0.10594594,0.10594594,0.10594594,0.10594594,0.10594594,0.10594594,0.10594594,0.10594594,0.10594594,0.10594594,0.10594594,0.10594594,0.10594594,0.10594594,0.10594594,0.10594594,0.10594594],"instab":[null,null,null,null,null,null,null,null,null,null,null,null,null,null,null,null,null,null,null,null,null,null,null,null,null,null,null,null,null,null,null,null,null,null,null,null,null,null,null,null,null,null,null,null,null,null,null,null,null,null,null,null,null,null,null,null,null,null,null,null,null,null,null,null,null,null,null,null,null,null,null,null,null,null,null,null,null,null,null,null,null,null,null,null,null,null,null,null,null,null,null,null,null,null,null,null,null,null,null,null,null,null,null,null,null,null,null,null,null,null,null,null,null,null,null,null,null,null,null,null,null,null,null,null,null,null,null,null,null,null,null,null,null,null,null,null,null,null,null,null,null,null,null,null,null,null,null,null,null,null,null,null,null,null,null,null,null,null,null,null,null,null,null,null,null,null,null,null,null,null,null,null,null,null,null,null,null,null,null,null,null,null,null,null,null,null,null,null,null,null,9.505384,9.505384,9.505384,8.748011,8.578991,7.945432,7.562859,7.13548,6.857594,6.551586,6.27758,6.03142,1.805801,1.743476,1.749735,1.772178,1.730909,1.682315,1.682399],