{"word":"werdend","years":[1800,1801,1802,1803,1804,1805,1806,1807,1808,1809,1810,1811,1812,1813,1814,1815,1816,1817,1818,1819,1820,1821,1822,1823,1824,1825,1826,1827,1828,1829,1830,1831,1832,1833,1834,1835,1836,1837,1838,1839,1840,1841,1842,1843,1844,1845,1846,1847,1848,1849,1850,1851,1852,1853,1854,1855,1856,1857,1858,1859,1860,1861,1862,1863,1864,1865,1866,1867,1868,1869,1870,1871,1872,1873,1874,1875,1876,1877,1878,1879,1880,1881,1882,1883,1884,1885,1886,1887,1888,1889,1890,1891,1892,1893,1894,1895,1896,1897,1898,1899,1900,1901,1902,1903,1904,1905,1906,1907,1908,1909,1910,1911,1912,1913,1914,1915,1916,1917,1918,1919,1920,1921,1922,1923,1924,1925,1926,1927,1928,1929,1930,1931,1932,1933,1934,1935,1936,1937,1938,1939,1940,1941,1942,1943,1944,1945,1946,1947,1948,1949,1950,1951,1952,1953,1954,1955,1956,1957,1958,1959,1960,1961,1962,1963,1964,1965,1966,1967,1968,1969,1970,1971,1972,1973,1974,1975,1976,1977,1978,1979,1980,1981,1982,1983,1984,1985,1986,1987,1988,1989,1990,1991,1992,1993,1994,1995,1996,1997,1998,1999,2000,2001,2002,2003,2004,2005,2006,2007,2008],"level":[-18.082264,-18.092771,-18.103277,-18.113784,-18.124291,-18.134797,-18.144268,-18.153738,-18.163209,-18.172679,-18.18215,-18.19162,-18.201091,-18.210561,-18.220032,-18.229502,-18.238973,-18.248443,-18.257914,-18.267384,-18.276855,-18.286325,-18.295796,-18.305266,-18.314737,-18.324207,-18.333678,-18.343148,-18.352618,-18.362089,-18.371559,-18.38103,-18.3905,-18.399971,-18.409441,-18.418912,-18.428382,-18.437853,-18.447323,-18.456794,-18.466264,-18.475735,-18.485205,-18.494676,-18.504146,-18.513617,-18.523087,-18.564812,-18.622655,-18.687996,-18.763178,-18.799258,-18.835339,-18.869033,-18.896806,-18.924579,-18.91225,-18.899922,-18.887332,-18.874742,-18.862152,-18.849562,-18.805563,-18.813113,-18.820663,-18.828214,-18.835764,-18.803704,-18.771644,-18.788722,-18.8058,-18.822879,-18.839957,-18.90362,-18.967282,-19.030944,-19.07951,-19.128076,-19.176642,-19.194718,-19.219455,-19.244193,-19.231302,-19.216116,-19.253437,-19.290758,-19.338227,-19.37891,-19.425403,-19.471897,-19.51839,-19.577796,-19.611252,-19.654008,-19.696763,-19.739319,-19.756553,-19.74632,-19.731949,-19.686576,-19.626383,-19.604899,-19.540063,-19.428076,-19.375928,-19.304224,-19.278411,-19.263193,-19.263102,-19.298703,-19.334304,-19.37045,-19.373446,-19.376441,-19.381814,-19.37055,-19.331045,-19.291539,-19.252034,-19.185843,-19.170812,-19.184775,-19.198738,-19.212701,-19.208736,-19.2013,-19.176944,-19.152587,-19.165836,-19.168016,-19.150166,-19.128387,-19.045547,-19.007986,-18.987843,-18.997135,-19.048298,-19.112181,-19.161862,-19.207532,-19.193281,-19.18698,-19.204191,-19.218733,-19.233275,-19.231376,-19.222164,-19.178342,-19.118013,-19.044349,-18.949577,-18.875926,-18.851652,-18.844719,-18.81662,-18.776172,-18.746205,-18.758367,-18.769121,-18.810399,-18.894823,-18.964498,-19.050636,-19.143666,-19.233979,-19.293143,-19.37226,-19.418896,-19.425223,-19.401805,-19.380529,-19.386207,-19.406728,-19.434996,-19.438579,-19.431374,-19.465549,-19.511755,-19.554777,-19.60504,-19.663161,-19.706114,-19.740174,-19.749731,-19.776868,-19.806627,-19.835747,-19.881777,-19.919701,-19.965564,-19.998582,-19.995207,-19.985842,-19.99214,-19.995253,-19.995218,-19.998615,-20.009875,-20.044037,-20.067116,-20.124689,-20.169996,-20.19823,-20.202787,-20.215494,-20.236671,-20.247157,-20.267223,-20.267593],"drift":[-0.01050639,-0.01050639,-0.01050639,-0.01050639,-0.01050639,-0.01050639,-0.01050639,-0.01050639,-0.01050639,-0.01050639,-0.01050639,-0.01050639,-0.01050639,-0.01050639,-0.01050639,-0.01050639,-0.01050639,-0.01050639,-0.01050639,-0.01050639,-0.01050639,-0.01050639,-0.01050639,-0.01050639,-0.01050639,-0.01050639,-0.01050639,-0.01050639,-0.01050639,-0.01050639,-0.01050639,-0.01050639,-0.01050639,-0.01050639,-0.01050639,-0.01050639,-0.01050639,-0.01050639,-0.01050639,-0.01050639,-0.01050639,-0.01050639,-0.01050639,-0.01050639,-0.01050639,-0.01050639,-0.01050639,-0.01050639,-0.01050639,-0.01050639,-0.01050639,-0.01050639,-0.01050639,-0.01050639,-0.01050639,-0.01050639,-0.01050639,-0.01050639,-0.01050639,-0.01050639,-0.01050639,-0.01050639,-0.01050639,-0.01050639,-0.01050639,-0.01050639,-0.01050639,-0.01050639,-0.01050639,-0.01050639,-0.01050639,-0.01050639,-0.01050639,-0.01050639,-0.01050639,-0.01050639,-0.01050639,-0.01050639,-0.01050639,-0.01050639,-0.01050639,-0.01050639,-0.01050639,-0.01050639,-0.01050639,-0.01050639,-0.01050638,-0.01050638,-0.01050638,-0.01050638,-0.01050638,-0.01050638,-0.01050638,-0.01050638,-0.01050638,-0.01050638,-0.01050638,-0.01050638,-0.01050637,-0.01050637,-0.01050637,-0.01050637,-0.01050637,-0.01050637,-0.01050637,-0.01050637,-0.01050637,-0.01050637,-0.01050637,-0.01050637,-0.01050637,-0.01050637,-0.01050637,-0.01050637,-0.01050637,-0.01050637,-0.01050637,-0.01050637,-0.01050637,-0.01050637,-0.01050637,-0.01050637,-0.01050637,-0.01050637,-0.01050637,-0.01050637,-0.01050637,-0.01050637,-0.01050637,-0.01050637,-0.01050637,-0.01050637,-0.01050637,-0.01050638,-0.01050638,-0.01050638,-0.01050638,-0.01050638,-0.01050638,-0.01050638,-0.01050638,-0.01050638,-0.01050638,-0.01050638,-0.01050638,-0.01050638,-0.01050638,-0.01050638,-0.01050638,-0.01050639,-0.01050639,-0.01050639,-0.01050639,-0.01050639,-0.01050639,-0.01050639,-0.0105064,-0.0105064,-0.0105064,-0.0105064,-0.0105064,-0.0105064,-0.0105064,-0.0105064,-0.01050641,-0.01050641,-0.01050641,-0.01050641,-0.01050641,-0.01050641,-0.01050641,-0.01050641,-0.01050641,-0.01050641,-0.01050641,-0.01050641,-0.01050641,-0.01050641,-0.01050642,-0.01050642,-0.01050642,-0.01050642,-0.01050642,-0.01050642,-0.01050642,-0.01050642,-0.01050642,-0.01050642,-0.01050642,-0.01050642,-0.01050642,-0.01050642,-0.01050642,-0.01050642,-0.01050642,-0.01050642,-0.01050642,-0.01050642,-0.01050642,-0.01050642,-0.01050642,-0.01050642,-0.01050642,-0.01050642,-0.01050642,-0.01050642,-0.01050642,-0.01050642,-0.01050642],"instab":[null,null,null,null,null,null,null,null,null,null,null,null,null,null,null,null,null,null,null,null,null,null,null,null,null,null,null,null,null,null,null,null,null,null,null,null,null,null,null,null,null,null,null,null,null,null,null,null,null,null,64.466679,64.466679,58.817301,54.436294,54.436294,50.944918,50.944918,47.998121,47.998121,47.998121,47.998121,45.532035,43.353733,43.353733,43.353733,43.353733,0.779844,0.821128,0.999414,1.057309,1.003398,1.003398,1.03525,1.096148,1.096148,1.090326,1.090326,1.193844,1.212875,1.122908,1.122908,1.172724,0.984821,1.047754,1.047754,0.987845,0.952717,0.904522,0.805056,0.805056,0.764411,0.766709,0.693838,0.693838,0.664311,0.645383,0.630128,0.611911,0.568613,0.566078,0.657151,0.643742,0.654584,0.766187,0.741861,0.831888,0.831292,0.836713,0.830978,0.830978,0.833544,0.834103,0.859744,0.834087,0.838056,0.82596,0.830061,0.856901,0.843902,0.91808,0.890072,0.876567,0.868493,0.757324,0.755012,0.673578,0.694187,0.739715,0.714365,0.697199,0.695629,0.729798,0.803549,0.814826,0.82001,0.813245,0.788742,0.796062,0.801255,0.819409,0.799256,0.787444,0.766148,0.779198,0.787294,0.784379,0.780148,0.736785,0.735076,0.729258,0.766693,0.777569,0.714548,0.714166,0.693221,0.669071,0.715951,0.697137,0.700049,0.580625,0.626785,0.621052,0.626857,0.630185,0.683197,0.68161,0.714606,0.762891,0.778289,0.779711,0.763564,0.679956,0.666423,0.675283,0.675862,0.708767,0.653391,0.654207,0.629257,0.591765,0.584931,0.584068,0.593056,0.604611,0.561671,0.557338,0.516068,0.462736,0.440109,0.448587,0.44868,0.435344,0.452803,0.43557,0.434947,0.35621,0.360017,0.38478,0.389545,0.429456,0.424746,0.433853,0.429755,0.421518,0.425497,0.428251,0.426022,0.430745,0.438106],