{"word":"wheat","years":[1800,1801,1802,1803,1804,1805,1806,1807,1808,1809,1810,1811,1812,1813,1814,1815,1816,1817,1818,1819,1820,1821,1822,1823,1824,1825,1826,1827,1828,1829,1830,1831,1832,1833,1834,1835,1836,1837,1838,1839,1840,1841,1842,1843,1844,1845,1846,1847,1848,1849,1850,1851,1852,1853,1854,1855,1856,1857,1858,1859,1860,1861,1862,1863,1864,1865,1866,1867,1868,1869,1870,1871,1872,1873,1874,1875,1876,1877,1878,1879,1880,1881,1882,1883,1884,1885,1886,1887,1888,1889,1890,1891,1892,1893,1894,1895,1896,1897,1898,1899,1900,1901,1902,1903,1904,1905,1906,1907,1908,1909,1910,1911,1912,1913,1914,1915,1916,1917,1918,1919,1920,1921,1922,1923,1924,1925,1926,1927,1928,1929,1930,1931,1932,1933,1934,1935,1936,1937,1938,1939,1940,1941,1942,1943,1944,1945,1946,1947,1948,1949,1950,1951,1952,1953,1954,1955,1956,1957,1958,1959,1960,1961,1962,1963,1964,1965,1966,1967,1968,1969,1970,1971,1972,1973,1974,1975,1976,1977,1978,1979,1980,1981,1982,1983,1984,1985,1986,1987,1988,1989,1990,1991,1992,1993,1994,1995,1996,1997,1998,1999,2000,2001,2002,2003,2004,2005,2006,2007,2008,2009,2010,2011,2012,2013,2014,2015,2016,2017,2018,2019],"level":[-10.704787,-10.647238,-10.639637,-10.490687,-10.495816,-10.690079,-10.749988,-10.794349,-10.745001,-10.739712,-10.590194,-10.583641,-10.634474,-10.625434,-10.57657,-10.456369,-10.296189,-10.276825,-10.28964,-10.223571,-10.201524,-10.137702,-10.250607,-10.337633,-10.426337,-10.53296,-10.585165,-10.63396,-10.653454,-10.688156,-10.725099,-10.685096,-10.632511,-10.5511,-10.432036,-10.41412,-10.338644,-10.190557,-10.019174,-10.074495,-10.065725,-10.037181,-9.993004,-9.931449,-9.972029,-10.02195,-10.035657,-10.065548,-10.028402,-9.99747,-10.099326,-10.178303,-10.176459,-10.181094,-10.200829,-10.183094,-10.177584,-10.11599,-10.058102,-10.079799,-10.094126,-10.107904,-10.11002,-10.168085,-10.270348,-10.302702,-10.307871,-10.25597,-10.229216,-10.202551,-10.240885,-10.288839,-10.30933,-10.283293,-10.20978,-10.230703,-10.204186,-10.131466,-10.071152,-10.027481,-9.965293,-9.929422,-9.899664,-9.885195,-9.906117,-9.944059,-9.93587,-9.927854,-9.870376,-9.847247,-9.86768,-9.872991,-9.862804,-9.880874,-9.841898,-9.830218,-9.83071,-9.858604,-9.860166,-9.895553,-9.91115,-9.928684,-9.941253,-9.957173,-9.955195,-9.99452,-9.98556,-9.967509,-9.934705,-9.916976,-9.924677,-9.914793,-9.904082,-9.885787,-9.856383,-9.786217,-9.715354,-9.646193,-9.610696,-9.639444,-9.657213,-9.674303,-9.667251,-9.639125,-9.636133,-9.678022,-9.695771,-9.708697,-9.695453,-9.712168,-9.703883,-9.711383,-9.736824,-9.811674,-9.877171,-9.941431,-9.998703,-9.967936,-9.972553,-9.977181,-9.992736,-10.007416,-10.032555,-10.11522,-10.188328,-10.240821,-10.28016,-10.30965,-10.341313,-10.373832,-10.439258,-10.473088,-10.500816,-10.457762,-10.465378,-10.452034,-10.458044,-10.486825,-10.476607,-10.476615,-10.493148,-10.480473,-10.507479,-10.518514,-10.536413,-10.590101,-10.649485,-10.67255,-10.724563,-10.76694,-10.772461,-10.735859,-10.720729,-10.713848,-10.730793,-10.736013,-10.705614,-10.719316,-10.71308,-10.741786,-10.801431,-10.834893,-10.853587,-10.871239,-10.874827,-10.859036,-10.876467,-10.925858,-10.983481,-10.993671,-11.012051,-11.093915,-11.149092,-11.209589,-11.279155,-11.293104,-11.326919,-11.360636,-11.346461,-11.369526,-11.397727,-11.483612,-11.522695,-11.536109,-11.54032,-11.515784,-11.493753,-11.459465,-11.408851,-11.366462,-11.360646,-11.336811,-11.304956,-11.324364,-11.360753,-11.388414,-11.407307,-11.438511,-11.460349,-11.47334],"drift":[0.0060742,0.00605855,0.00604243,0.00598286,0.00592668,0.00593135,0.00595604,0.00599603,0.00602284,0.00604987,0.00603329,0.00601654,0.00601708,0.00601671,0.0060033,0.00595518,0.00586017,0.00576105,0.00566758,0.00555575,0.0054389,0.00530431,0.00520565,0.00513503,0.00509295,0.00508482,0.00509411,0.00511979,0.00515295,0.00519823,0.00525631,0.00530384,0.00533699,0.00534701,0.00532246,0.00529408,0.00524436,0.00515122,0.00500754,0.0048822,0.00475568,0.00462192,0.00447615,0.00431301,0.00416353,0.00403049,0.00390284,0.00378547,0.00365795,0.00352214,0.00341837,0.00333965,0.00326138,0.00318551,0.00311661,0.00304327,0.00296918,0.00287726,0.00276862,0.00266742,0.00257139,0.00248032,0.00239066,0.00231937,0.00227988,0.00225091,0.00222421,0.0021824,0.00213311,0.00207638,0.00203192,0.00200267,0.00198025,0.00195052,0.00189903,0.00185448,0.00180243,0.00172883,0.00163741,0.00153321,0.00141057,0.00127746,0.00113568,0.00098986,0.00085069,0.00072332,0.00059368,0.00046178,0.00031255,0.00015638,6.47e-06,-0.00014182,-0.00029325,-0.00043928,-0.00059729,-0.00075904,-0.00092086,-0.00107448,-0.00122796,-0.00137105,-0.00150982,-0.00164371,-0.00177429,-0.00190056,-0.00202801,-0.00214412,-0.00226361,-0.00238928,-0.00252564,-0.00266816,-0.00280915,-0.002954,-0.00310301,-0.00325852,-0.00342396,-0.00361177,-0.00382223,-0.00405487,-0.00429954,-0.00453677,-0.00476999,-0.00499945,-0.00523258,-0.00547586,-0.0057217,-0.00595655,-0.00618782,-0.00641704,-0.00665223,-0.00688437,-0.00712112,-0.00735775,-0.00758888,-0.00779957,-0.00799271,-0.00816875,-0.00832986,-0.00850286,-0.00867703,-0.00885244,-0.00902581,-0.00919746,-0.00936427,-0.00950879,-0.00963397,-0.00974613,-0.00984929,-0.00994647,-0.01003706,-0.01012081,-0.01018775,-0.01024749,-0.01030193,-0.01037258,-0.01044408,-0.0105228,-0.0106029,-0.01067747,-0.01075839,-0.01084258,-0.01092505,-0.01101468,-0.01109946,-0.01118425,-0.011267,-0.01133686,-0.01139211,-0.01144381,-0.01148318,-0.01151315,-0.01154495,-0.01159138,-0.01164594,-0.01170613,-0.01176472,-0.01182531,-0.01189873,-0.01197161,-0.01205002,-0.01212337,-0.01218227,-0.0122347,-0.01228516,-0.012334,-0.01238549,-0.01244555,-0.0125041,-0.01255143,-0.01258505,-0.01261941,-0.01265201,-0.01266357,-0.01266221,-0.01264631,-0.0126131,-0.01257948,-0.01253941,-0.0124929,-0.01245449,-0.01241287,-0.01236644,-0.01229766,-0.01222073,-0.01214345,-0.01206857,-0.01200483,-0.01195143,-0.01191209,-0.01189176,-0.01188793,-0.01188948,-0.0119019,-0.01192761,-0.01195106,-0.01196707,-0.01197831,-0.01198745,-0.01199075,-0.01199106,-0.01199106],"instab":[null,null,null,null,4.894065,4.402209,4.070188,3.800291,3.600069,3.410189,3.279787,3.143596,3.01566,2.905347,2.806778,2.721403,2.652827,2.578536,2.507291,2.446067,0.385635,0.392598,0.375881,0.346792,0.347731,0.286427,0.284816,0.28119,0.275819,0.270946,0.233094,0.232169,0.228292,0.229752,0.250098,0.247855,0.208107,0.216347,0.270745,0.275476,0.275058,0.257726,0.247028,0.249431,0.246737,0.237738,0.23541,0.238021,0.237835,0.242547,0.246349,0.26062,0.260661,0.260274,0.244631,0.244047,0.24533,0.240606,0.177125,0.168778,0.168746,0.168952,0.170401,0.154909,0.169091,0.166368,0.16711,0.168181,0.167776,0.157918,0.148408,0.134363,0.136487,0.136316,0.154706,0.156786,0.155455,0.157719,0.150212,0.150055,0.154452,0.15437,0.154036,0.154291,0.130093,0.133975,0.129652,0.129429,0.133317,0.130793,0.13151,0.126376,0.120884,0.127381,0.11026,0.103899,0.102677,0.103284,0.099448,0.103525,0.097313,0.096386,0.094489,0.092686,0.095108,0.094982,0.094909,0.093478,0.087109,0.084631,0.083695,0.083463,0.081784,0.07509,0.069232,0.075879,0.081893,0.088063,0.095253,0.093514,0.093975,0.095877,0.096147,0.095313,0.095382,0.091977,0.093497,0.096403,0.095883,0.097582,0.096616,0.096618,0.096676,0.10537,0.109909,0.10978,0.118708,0.113621,0.10245,0.102656,0.102657,0.102157,0.104384,0.105185,0.105088,0.104294,0.104495,0.104353,0.099965,0.101002,0.101698,0.100111,0.099266,0.114616,0.113366,0.115422,0.103452,0.097885,0.100097,0.101326,0.101586,0.107171,0.105127,0.100333,0.095519,0.093675,0.098408,0.098875,0.100382,0.103005,0.0976,0.103188,0.097657,0.088131,0.088085,0.086377,0.094145,0.091261,0.093096,0.09255,0.096957,0.09357,0.092782,0.092808,0.091608,0.09519,0.088352,0.089148,0.095172,0.090784,0.092345,0.097047,0.096422,0.094711,0.103679,0.104726,0.094894,0.096853,0.099692,0.099142,0.099337,0.108281,0.108851,0.109082,0.10905,0.107292,0.107708,0.110253,0.111404,0.119636,0.116709,0.110103,0.115993,0.11416,0.102872,0.10397,0.103185,0.099106,0.096745,0.09671],