{"word":"windfarms","years":[1800,1801,1802,1803,1804,1805,1806,1807,1808,1809,1810,1811,1812,1813,1814,1815,1816,1817,1818,1819,1820,1821,1822,1823,1824,1825,1826,1827,1828,1829,1830,1831,1832,1833,1834,1835,1836,1837,1838,1839,1840,1841,1842,1843,1844,1845,1846,1847,1848,1849,1850,1851,1852,1853,1854,1855,1856,1857,1858,1859,1860,1861,1862,1863,1864,1865,1866,1867,1868,1869,1870,1871,1872,1873,1874,1875,1876,1877,1878,1879,1880,1881,1882,1883,1884,1885,1886,1887,1888,1889,1890,1891,1892,1893,1894,1895,1896,1897,1898,1899,1900,1901,1902,1903,1904,1905,1906,1907,1908,1909,1910,1911,1912,1913,1914,1915,1916,1917,1918,1919,1920,1921,1922,1923,1924,1925,1926,1927,1928,1929,1930,1931,1932,1933,1934,1935,1936,1937,1938,1939,1940,1941,1942,1943,1944,1945,1946,1947,1948,1949,1950,1951,1952,1953,1954,1955,1956,1957,1958,1959,1960,1961,1962,1963,1964,1965,1966,1967,1968,1969,1970,1971,1972,1973,1974,1975,1976,1977,1978,1979,1980,1981,1982,1983,1984,1985,1986,1987,1988,1989,1990,1991,1992,1993,1994,1995,1996,1997,1998,1999,2000,2001,2002,2003,2004,2005,2006,2007,2008],"level":[-26.325309,-26.288013,-26.250717,-26.213421,-26.176125,-26.138829,-26.101533,-26.064238,-26.026942,-25.989646,-25.95235,-25.915054,-25.877758,-25.840462,-25.803166,-25.76587,-25.728574,-25.691278,-25.653982,-25.616686,-25.57939,-25.542094,-25.504798,-25.467502,-25.430206,-25.39291,-25.355613,-25.318317,-25.281021,-25.243725,-25.206428,-25.169132,-25.131836,-25.094539,-25.057243,-25.019946,-24.98265,-24.945353,-24.908057,-24.87076,-24.833463,-24.796167,-24.75887,-24.721573,-24.684276,-24.646979,-24.609682,-24.572385,-24.535088,-24.497791,-24.460494,-24.423197,-24.3859,-24.348602,-24.311305,-24.274008,-24.23671,-24.199413,-24.162115,-24.124817,-24.08752,-24.050222,-24.012924,-23.975626,-23.938328,-23.90103,-23.863732,-23.826434,-23.789136,-23.751837,-23.714539,-23.67724,-23.639942,-23.602643,-23.565345,-23.528046,-23.490747,-23.453448,-23.416149,-23.37885,-23.341551,-23.304251,-23.266952,-23.229653,-23.192353,-23.155053,-23.117754,-23.080454,-23.043154,-23.005854,-22.968554,-22.931254,-22.893954,-22.856653,-22.819353,-22.782052,-22.744751,-22.707451,-22.67015,-22.632849,-22.595548,-22.558247,-22.520945,-22.483644,-22.446342,-22.409041,-22.371739,-22.334437,-22.297135,-22.259833,-22.222531,-22.185229,-22.147926,-22.110624,-22.073321,-22.036018,-21.998715,-21.961412,-21.924109,-21.886806,-21.849503,-21.812199,-21.774895,-21.737592,-21.700288,-21.662984,-21.62568,-21.588375,-21.551071,-21.513766,-21.476462,-21.439157,-21.401852,-21.364547,-21.327241,-21.289936,-21.25263,-21.215325,-21.178019,-21.140713,-21.103407,-21.066101,-21.028794,-20.991488,-20.954181,-20.916874,-20.879567,-20.84226,-20.804952,-20.767645,-20.730337,-20.693029,-20.655722,-20.618413,-20.581105,-20.543797,-20.506488,-20.469179,-20.43187,-20.394561,-20.357252,-20.319942,-20.282633,-20.245323,-20.208013,-20.170703,-20.133393,-20.096082,-20.058771,-20.021461,-19.98415,-19.946838,-19.909527,-19.872215,-19.834904,-19.797592,-19.76028,-19.722967,-19.685655,-19.648342,-19.611029,-19.573716,-19.536371,-19.499203,-19.462387,-19.426002,-19.390046,-19.354507,-19.31935,-19.284539,-19.250119,-19.216176,-19.182779,-19.149865,-19.117472,-19.085545,-19.054112,-19.023196,-18.992744,-18.962692,-18.932945,-18.903444,-18.874182,-18.845132,-18.816263,-18.787525,-18.758924,-18.730374,-18.701851],"drift":[0.03729585,0.03729585,0.03729585,0.03729585,0.03729586,0.03729586,0.03729587,0.03729588,0.03729589,0.0372959,0.03729591,0.03729592,0.03729593,0.03729594,0.03729596,0.03729597,0.03729599,0.03729601,0.03729603,0.03729605,0.03729607,0.03729609,0.03729611,0.03729614,0.03729616,0.03729619,0.03729622,0.03729625,0.03729628,0.03729631,0.03729634,0.03729637,0.03729641,0.03729644,0.03729648,0.03729651,0.03729655,0.03729659,0.03729663,0.03729667,0.03729671,0.03729676,0.0372968,0.03729685,0.03729689,0.03729694,0.03729699,0.03729704,0.03729709,0.03729714,0.03729719,0.03729725,0.0372973,0.03729736,0.03729742,0.03729747,0.03729753,0.03729759,0.03729765,0.03729772,0.03729778,0.03729785,0.03729791,0.03729798,0.03729804,0.03729811,0.03729818,0.03729825,0.03729833,0.0372984,0.03729847,0.03729855,0.03729862,0.0372987,0.03729878,0.03729886,0.03729894,0.03729902,0.0372991,0.03729919,0.03729927,0.03729936,0.03729944,0.03729953,0.03729962,0.03729971,0.0372998,0.03729989,0.03729998,0.03730008,0.03730017,0.03730027,0.03730037,0.03730046,0.03730056,0.03730066,0.03730077,0.03730087,0.03730097,0.03730108,0.03730118,0.03730129,0.0373014,0.03730151,0.03730162,0.03730173,0.03730184,0.03730195,0.03730207,0.03730218,0.0373023,0.03730241,0.03730253,0.03730265,0.03730277,0.03730289,0.03730302,0.03730314,0.03730326,0.03730339,0.03730352,0.03730364,0.03730377,0.0373039,0.03730403,0.03730417,0.0373043,0.03730443,0.03730457,0.0373047,0.03730484,0.03730498,0.03730512,0.03730526,0.0373054,0.03730554,0.03730569,0.03730583,0.03730598,0.03730613,0.03730627,0.03730642,0.03730657,0.03730672,0.03730688,0.03730703,0.03730718,0.03730734,0.03730749,0.03730765,0.03730781,0.03730797,0.03730813,0.03730829,0.03730845,0.03730862,0.03730878,0.03730895,0.03730912,0.03730928,0.03730945,0.03730962,0.03730979,0.03730997,0.03731014,0.03731031,0.03731049,0.03731067,0.03731084,0.03731102,0.0373112,0.03731138,0.03731156,0.03731175,0.03731193,0.03731211,0.0373123,0.03731249,0.03731268,0.03731286,0.03731306,0.03731325,0.03714283,0.03680482,0.03638394,0.03595745,0.03554341,0.03516129,0.03480497,0.03440881,0.03393423,0.03340341,0.03291063,0.03239857,0.03192441,0.03143038,0.0309231,0.03046122,0.03006508,0.02975488,0.02950352,0.02926543,0.02905467,0.02887576,0.02873916,0.02861156,0.02855395,0.02852689,0.02852689],"instab":[null,null,null,null,null,null,null,null,null,null,null,null,null,null,null,null,null,null,null,null,null,null,null,null,null,null,null,null,null,null,null,null,null,null,null,null,null,null,null,null,null,null,null,null,null,null,null,null,null,null,null,null,null,null,null,null,null,null,null,null,null,null,null,null,null,null,null,null,null,null,null,null,null,null,null,null,null,null,null,null,null,null,null,null,null,null,null,null,null,null,null,null,null,null,null,null,null,null,null,null,null,null,null,null,null,null,null,null,null,null,null,null,null,null,null,null,null,null,null,null,null,null,null,null,null,null,null,null,null,null,null,null,null,null,null,null,null,null,null,null,null,null,null,null,null,null,null,null,null,null,null,null,null,null,null,null,null,null,null,null,null,null,null,null,null,null,null,null,null,null,null,null,null,null,null,null,null,null,null,null,null,null,null,null,null,9.623859,8.719595,8.037461,7.481622,7.067775,6.766184,6.540106,6.247099,6.041891,5.812343,5.628871,5.480046,5.32491,5.181678,5.040596,4.909373,1.196109,0.976968,0.981299,0.925249,0.843478,0.798186,0.750472,0.657217],