{"word":"wireless","years":[1800,1801,1802,1803,1804,1805,1806,1807,1808,1809,1810,1811,1812,1813,1814,1815,1816,1817,1818,1819,1820,1821,1822,1823,1824,1825,1826,1827,1828,1829,1830,1831,1832,1833,1834,1835,1836,1837,1838,1839,1840,1841,1842,1843,1844,1845,1846,1847,1848,1849,1850,1851,1852,1853,1854,1855,1856,1857,1858,1859,1860,1861,1862,1863,1864,1865,1866,1867,1868,1869,1870,1871,1872,1873,1874,1875,1876,1877,1878,1879,1880,1881,1882,1883,1884,1885,1886,1887,1888,1889,1890,1891,1892,1893,1894,1895,1896,1897,1898,1899,1900,1901,1902,1903,1904,1905,1906,1907,1908,1909,1910,1911,1912,1913,1914,1915,1916,1917,1918,1919,1920,1921,1922,1923,1924,1925,1926,1927,1928,1929,1930,1931,1932,1933,1934,1935,1936,1937,1938,1939,1940,1941,1942,1943,1944,1945,1946,1947,1948,1949,1950,1951,1952,1953,1954,1955,1956,1957,1958,1959,1960,1961,1962,1963,1964,1965,1966,1967,1968,1969,1970,1971,1972,1973,1974,1975,1976,1977,1978,1979,1980,1981,1982,1983,1984,1985,1986,1987,1988,1989,1990,1991,1992,1993,1994,1995,1996,1997,1998,1999,2000,2001,2002,2003,2004,2005,2006,2007,2008],"level":[-18.199167,-18.211552,-18.223938,-18.236324,-18.248709,-18.261095,-18.27348,-18.285866,-18.298251,-18.320716,-18.343151,-18.365525,-18.38781,-18.409974,-18.431988,-18.453821,-18.475444,-18.487366,-18.499045,-18.51048,-18.521669,-18.53261,-18.504627,-18.476508,-18.448366,-18.420314,-18.392467,-18.526857,-18.705649,-18.730312,-18.754378,-18.777802,-18.800541,-18.82255,-18.843786,-18.864205,-18.883763,-18.902416,-18.920119,-18.93683,-18.958349,-18.97877,-19.056474,-19.132783,-19.072014,-19.009782,-18.946255,-18.881602,-18.815991,-18.924396,-19.031658,-19.256871,-19.266041,-19.044939,-18.822169,-18.838275,-18.853215,-18.99398,-18.764499,-18.708027,-18.6505,-18.592011,-18.532655,-18.685329,-18.836687,-18.986187,-19.133289,-18.994185,-18.528626,-18.061699,-17.771213,-17.872087,-18.461154,-18.423012,-18.436328,-18.447805,-18.457272,-18.464559,-18.469495,-18.900745,-18.84592,-18.438556,-18.07291,-18.646207,-18.43917,-18.322381,-18.500916,-18.57826,-18.858293,-18.946167,-19.026381,-18.836971,-18.843179,-18.406609,-18.37157,-18.278848,-17.730616,-17.211747,-16.299412,-15.471425,-14.798094,-14.402047,-14.04089,-13.773499,-13.514005,-13.322545,-13.155172,-13.077128,-12.875732,-12.733754,-12.566496,-12.496367,-12.346083,-12.18352,-11.943275,-11.838762,-11.762988,-11.692545,-11.620289,-11.589766,-11.623974,-11.687933,-11.777301,-11.887422,-11.947163,-11.977696,-12.006726,-11.96905,-11.945424,-11.950893,-11.912432,-11.87778,-11.899432,-11.878234,-11.822432,-11.791767,-11.757148,-11.742728,-11.754627,-11.810492,-11.876336,-11.895471,-11.910533,-11.896083,-11.937588,-11.997127,-12.021928,-12.155254,-12.226887,-12.239637,-12.260871,-12.332174,-12.331455,-12.363573,-12.352424,-12.376002,-12.400945,-12.458037,-12.538978,-12.611736,-12.654385,-12.690689,-12.726446,-12.795295,-12.868466,-12.896227,-12.893559,-12.93545,-12.966479,-13.001702,-13.026498,-13.077689,-13.127013,-13.196962,-13.222786,-13.225507,-13.234123,-13.244353,-13.250809,-13.262265,-13.303664,-13.330161,-13.318547,-13.343164,-13.328992,-13.338144,-13.331013,-13.316796,-13.346921,-13.343073,-13.343471,-13.31485,-13.220047,-13.115065,-12.932328,-12.809702,-12.726599,-12.641501,-12.52031,-12.327854,-12.077011,-11.777086,-11.517234,-11.374708,-11.364103,-11.347377,-11.366892,-11.396619,-11.432555],"drift":[-0.01238378,-0.01238378,-0.01238377,-0.01238375,-0.01238373,-0.0123837,-0.01238367,-0.01238363,-0.01238359,-0.01235349,-0.01229334,-0.01220314,-0.01208289,-0.01193258,-0.01175222,-0.01154181,-0.01130135,-0.01105904,-0.01081488,-0.01056887,-0.01032101,-0.0100713,-0.00993504,-0.00991221,-0.01000283,-0.01020688,-0.01052438,-0.01047263,-0.00991912,-0.00932165,-0.00868023,-0.00799486,-0.00726554,-0.00649227,-0.00567504,-0.00481386,-0.00390873,-0.00295965,-0.00196661,-0.00092963,0.00016874,0.00132848,0.00272382,0.00435476,0.00581753,0.00711212,0.00823854,0.00919679,0.00998687,0.01112987,0.0126258,0.01483074,0.01710722,0.0187756,0.01983585,0.02100326,0.0222778,0.02403839,0.02518654,0.02624143,0.02720306,0.02807142,0.02884653,0.03016275,0.03202008,0.03441854,0.03735811,0.03999438,0.04136203,0.04146106,0.04081773,0.04059679,0.0422529,0.04392126,0.04576025,0.04776986,0.0499501,0.05230096,0.05482245,0.05879293,0.06277525,0.06573033,0.06779136,0.07176349,0.07533236,0.07877765,0.08299,0.0876803,0.09346677,0.09979383,0.10665749,0.11327446,0.12024761,0.1262778,0.13257998,0.13900097,0.14420203,0.1482862,0.15009272,0.14987842,0.14810369,0.14558984,0.14243337,0.13890441,0.13501596,0.13095925,0.12679399,0.12277406,0.11851975,0.11419551,0.10971309,0.10534868,0.10085031,0.09616797,0.09105613,0.08590418,0.08078243,0.0756915,0.07061081,0.06564963,0.06098612,0.05669508,0.05283945,0.04946962,0.04642534,0.04361048,0.04101216,0.03842379,0.03587953,0.03345853,0.03102262,0.02857589,0.02627889,0.02399704,0.02162037,0.01921675,0.01676721,0.01432466,0.01196029,0.00979811,0.00786142,0.0060052,0.00421179,0.00238786,0.00069477,-0.00081876,-0.00226079,-0.00331212,-0.00415978,-0.00498184,-0.00575544,-0.00633365,-0.00693288,-0.00745703,-0.00803665,-0.00856994,-0.00905442,-0.0093957,-0.0095237,-0.00946319,-0.00930376,-0.00906384,-0.00874435,-0.00824569,-0.00755348,-0.00680103,-0.00607681,-0.00524583,-0.00433798,-0.00333807,-0.00227419,-0.00106448,0.00028908,0.00185203,0.00349748,0.00516146,0.00686652,0.00862255,0.01042352,0.01228972,0.01431596,0.01646387,0.01862624,0.02091751,0.0232289,0.02563681,0.02809989,0.03060436,0.03328986,0.03606313,0.03894509,0.04185782,0.04461272,0.04718767,0.04935853,0.05131099,0.05316867,0.05493117,0.05649614,0.05765582,0.0582396,0.05810291,0.0573648,0.05637282,0.05551728,0.05477737,0.05425893,0.05399086,0.05399086],"instab":[null,null,null,null,null,null,null,null,null,null,null,null,null,null,null,null,null,null,null,null,null,null,null,null,null,null,null,12.754437,7.998785,7.998785,7.998785,7.998785,7.998785,7.998785,7.998785,7.998785,null,null,null,0.508194,0.508194,0.513105,0.513105,0.494461,0.494461,0.494461,0.343809,null,null,null,0.535829,0.644305,0.603271,0.603271,0.749855,0.749855,0.703455,0.757963,0.771893,0.813645,0.813645,0.862471,0.842825,0.867917,0.867917,0.867917,0.981298,0.933927,0.920452,1.072095,1.142792,1.082664,1.399689,1.33457,1.347843,1.347843,1.419526,1.446931,1.438685,1.543572,1.471136,1.440307,1.635313,1.772699,1.714944,1.668993,1.623634,1.62179,1.589864,1.506878,1.45703,1.465346,1.332088,1.413366,1.368551,1.339448,1.332759,1.297892,1.360893,1.303234,1.322809,1.31586,1.198699,0.944778,0.943902,0.94137,0.915948,0.938111,0.886222,0.886373,0.851667,0.867394,0.822649,0.768301,0.762847,0.72568,0.711047,0.720874,0.608227,0.471954,0.297758,0.279986,0.251611,0.265702,0.254235,0.250681,0.244133,0.235613,0.224641,0.224871,0.211418,0.21347,0.21282,0.213037,0.168352,0.169711,0.176134,0.18035,0.182486,0.182021,0.181793,0.17696,0.167847,0.145752,0.130899,0.129715,0.125306,0.147422,0.151881,0.150141,0.154354,0.155794,0.157797,0.157683,0.161411,0.161929,0.163105,0.162666,0.162675,0.162217,0.153992,0.15435,0.155881,0.15115,0.152938,0.148457,0.150839,0.124101,0.112374,0.112211,0.112867,0.095752,0.092692,0.093995,0.0876,0.092132,0.093544,0.095097,0.092218,0.087951,0.087607,0.088434,0.096381,0.095505,0.089101,0.087298,0.081564,0.087648,0.090799,0.090464,0.090309,0.089524,0.099969,0.088408,0.137804,0.149989,0.150572,0.15008,0.149952,0.153701,0.160079,0.189923,0.222787,0.221203,0.23391,0.235398,0.246166,0.258677,0.280457],