{"word":"witchhunt","years":[1800,1801,1802,1803,1804,1805,1806,1807,1808,1809,1810,1811,1812,1813,1814,1815,1816,1817,1818,1819,1820,1821,1822,1823,1824,1825,1826,1827,1828,1829,1830,1831,1832,1833,1834,1835,1836,1837,1838,1839,1840,1841,1842,1843,1844,1845,1846,1847,1848,1849,1850,1851,1852,1853,1854,1855,1856,1857,1858,1859,1860,1861,1862,1863,1864,1865,1866,1867,1868,1869,1870,1871,1872,1873,1874,1875,1876,1877,1878,1879,1880,1881,1882,1883,1884,1885,1886,1887,1888,1889,1890,1891,1892,1893,1894,1895,1896,1897,1898,1899,1900,1901,1902,1903,1904,1905,1906,1907,1908,1909,1910,1911,1912,1913,1914,1915,1916,1917,1918,1919,1920,1921,1922,1923,1924,1925,1926,1927,1928,1929,1930,1931,1932,1933,1934,1935,1936,1937,1938,1939,1940,1941,1942,1943,1944,1945,1946,1947,1948,1949,1950,1951,1952,1953,1954,1955,1956,1957,1958,1959,1960,1961,1962,1963,1964,1965,1966,1967,1968,1969,1970,1971,1972,1973,1974,1975,1976,1977,1978,1979,1980,1981,1982,1983,1984,1985,1986,1987,1988,1989,1990,1991,1992,1993,1994,1995,1996,1997,1998,1999,2000,2001,2002,2003,2004,2005,2006,2007,2008],"level":[-18.028174,-18.070532,-18.112889,-18.155247,-18.197604,-18.239962,-18.282319,-18.324677,-18.367034,-18.409392,-18.451749,-18.494902,-18.538041,-18.581153,-18.624225,-18.667243,-18.710194,-18.753064,-18.795841,-18.83851,-18.881058,-18.923473,-18.965739,-19.007845,-19.049776,-19.09152,-19.133062,-19.174389,-19.215489,-19.256347,-19.29695,-19.337284,-19.377337,-19.417095,-19.456544,-19.495671,-19.534463,-19.572905,-19.610986,-19.648691,-19.686007,-19.72292,-19.759417,-19.795485,-19.831111,-19.86628,-19.900979,-19.935196,-19.968916,-20.002126,-20.034813,-20.066964,-20.098564,-20.129601,-20.160061,-20.18993,-20.219196,-20.247844,-20.275862,-20.303236,-20.329953,-20.355999,-20.38136,-20.406024,-20.429977,-20.453205,-20.475696,-20.497435,-20.518409,-20.538605,-20.55801,-20.576609,-20.59439,-20.61134,-20.627444,-20.642689,-20.657062,-20.67055,-20.683139,-20.694816,-20.705567,-20.715378,-20.724237,-20.732131,-20.739044,-20.744965,-20.74988,-20.753775,-20.756637,-20.758452,-20.759208,-20.75889,-20.757485,-20.754981,-20.751362,-20.746617,-20.740732,-20.733692,-20.725485,-20.716098,-20.705517,-20.693728,-20.680718,-20.666474,-20.650982,-20.634229,-20.616201,-20.595727,-20.571856,-20.543701,-20.514398,-20.480593,-20.457892,-20.4272,-20.395621,-20.373122,-20.345311,-20.312238,-20.27827,-20.243454,-20.207838,-20.17147,-20.134396,-20.079619,-20.02452,-19.985127,-19.958941,-19.946737,-19.934078,-19.918456,-19.901639,-19.883273,-19.863005,-19.824034,-19.786111,-19.75421,-19.696725,-19.610745,-19.522688,-19.441849,-19.376336,-19.316025,-19.254722,-19.184067,-19.135693,-19.054902,-18.935153,-18.824557,-18.740565,-18.662651,-18.607062,-18.544584,-18.488649,-18.411684,-18.356317,-18.291731,-18.246136,-18.235862,-18.232269,-18.215692,-18.185746,-18.14716,-18.112945,-18.064293,-18.022754,-17.976391,-17.934812,-17.881879,-17.817435,-17.755332,-17.695366,-17.632678,-17.578845,-17.528787,-17.496676,-17.465954,-17.43611,-17.407544,-17.367803,-17.335344,-17.308986,-17.289279,-17.275518,-17.264768,-17.257163,-17.257549,-17.258649,-17.254662,-17.252837,-17.254585,-17.257067,-17.264251,-17.278784,-17.295588,-17.314348,-17.330118,-17.360376,-17.385961,-17.420272,-17.459938,-17.506197,-17.552168,-17.597652,-17.646667,-17.701801,-17.757463,-17.811254,-17.860677,-17.907361],"drift":[-0.04235748,-0.04235748,-0.04235747,-0.04235747,-0.04235746,-0.04235746,-0.04235745,-0.04235744,-0.04235743,-0.04235741,-0.0423574,-0.04234397,-0.04231712,-0.04227686,-0.04222318,-0.04215608,-0.04207557,-0.04198164,-0.04187429,-0.04175353,-0.04161935,-0.04147176,-0.04131075,-0.04113632,-0.04094848,-0.04074722,-0.04053254,-0.04030445,-0.04006294,-0.03980802,-0.03953968,-0.03925792,-0.03896274,-0.03865415,-0.03833215,-0.03799672,-0.03764788,-0.03728563,-0.03690995,-0.03652087,-0.03611836,-0.03570244,-0.0352731,-0.03483035,-0.03437418,-0.03390459,-0.03342159,-0.03292517,-0.03241533,-0.03189208,-0.03135541,-0.03080533,-0.03024183,-0.02966491,-0.02907457,-0.02847082,-0.02785366,-0.02722308,-0.02657908,-0.02592166,-0.02525083,-0.02456658,-0.02386892,-0.02315783,-0.02243334,-0.02169542,-0.02094409,-0.02017935,-0.01940118,-0.01860961,-0.01780461,-0.0169862,-0.01615437,-0.01530913,-0.01445046,-0.01357839,-0.01269289,-0.01179398,-0.01088166,-0.00995592,-0.00901676,-0.00806418,-0.00709819,-0.00611878,-0.00512596,-0.00411972,-0.00310006,-0.00206699,-0.0010205,3.941e-05,0.00111273,0.00219947,0.00329963,0.0044132,0.00554018,0.00668059,0.00783441,0.00900165,0.0101823,0.01137637,0.01258385,0.01380476,0.01503908,0.01628681,0.01754796,0.01882253,0.02011051,0.02139235,0.02263237,0.02377917,0.02483275,0.0257349,0.02668826,0.02757404,0.02839223,0.02930988,0.03025283,0.03114819,0.03199596,0.03279613,0.03354871,0.0342537,0.0349111,0.03523322,0.03522005,0.03513647,0.03520394,0.03565959,0.03650341,0.03769966,0.03924835,0.04114947,0.04340302,0.04573137,0.0481915,0.05092657,0.05355095,0.05562801,0.05715777,0.05828785,0.059296,0.06028701,0.06126088,0.0620762,0.06312279,0.06387117,0.0636765,0.06268995,0.06134389,0.05971816,0.05816212,0.05653325,0.05491447,0.05292355,0.05089138,0.04862808,0.04641597,0.04481384,0.0439074,0.04346223,0.04324517,0.04310674,0.04311838,0.04303663,0.04298015,0.04286659,0.04277475,0.04251146,0.04187802,0.04090324,0.03960673,0.03792067,0.03596606,0.03377362,0.03160923,0.02945983,0.02730394,0.02512675,0.02270291,0.02011442,0.01742055,0.0146881,0.0119713,0.00927511,0.0066071,0.0040571,0.00159415,-0.00090918,-0.00345866,-0.00603701,-0.00867537,-0.01133888,-0.01394849,-0.01650992,-0.01903336,-0.02161187,-0.02404446,-0.02645105,-0.028725,-0.03081429,-0.03264291,-0.03424659,-0.03566062,-0.03684927,-0.03772932,-0.03830673,-0.0386228,-0.03875659,-0.03875659],"instab":[null,null,null,null,null,null,null,null,null,null,null,null,null,null,null,null,null,null,null,null,null,null,null,null,null,null,null,null,null,null,null,null,null,null,null,null,null,null,null,null,null,null,null,null,null,null,null,null,null,null,null,null,null,null,null,null,null,null,null,null,null,null,null,null,null,null,null,null,null,null,null,null,null,null,null,null,null,null,null,null,null,null,null,null,null,null,null,null,null,null,null,null,null,null,null,null,null,null,null,null,null,null,null,null,null,null,null,null,null,null,null,77.250972,70.549372,70.549372,65.29329,61.092006,57.606553,57.606553,57.606553,57.606553,57.606553,57.606553,54.664342,54.664342,52.092597,49.866589,0.383164,0.397342,0.431546,0.431546,0.454195,0.456357,0.545451,0.515877,0.503916,0.566366,0.597358,0.597358,0.623277,0.641259,0.617258,0.617258,0.612164,0.621816,0.656042,0.691783,0.729488,0.775224,0.76873,0.759466,0.745927,0.72366,0.724054,0.738898,0.748991,0.724289,0.716914,0.707435,0.735726,0.738157,0.742329,0.722699,0.731979,0.705329,0.663069,0.623616,0.60149,0.52949,0.527581,0.49714,0.493195,0.50187,0.473657,0.458084,0.449754,0.430169,0.368398,0.377384,0.335481,0.298135,0.283353,0.282757,0.255971,0.250602,0.247618,0.250629,0.253348,0.247108,0.240012,0.236279,0.236047,0.215729,0.212546,0.159492,0.165931,0.187732,0.201591,0.182176,0.171265,0.166209,0.167738,0.16885,0.168916,0.170323,0.168055,0.169269,0.163002,0.163373,0.166867],