{"word":"woodlot","years":[1800,1801,1802,1803,1804,1805,1806,1807,1808,1809,1810,1811,1812,1813,1814,1815,1816,1817,1818,1819,1820,1821,1822,1823,1824,1825,1826,1827,1828,1829,1830,1831,1832,1833,1834,1835,1836,1837,1838,1839,1840,1841,1842,1843,1844,1845,1846,1847,1848,1849,1850,1851,1852,1853,1854,1855,1856,1857,1858,1859,1860,1861,1862,1863,1864,1865,1866,1867,1868,1869,1870,1871,1872,1873,1874,1875,1876,1877,1878,1879,1880,1881,1882,1883,1884,1885,1886,1887,1888,1889,1890,1891,1892,1893,1894,1895,1896,1897,1898,1899,1900,1901,1902,1903,1904,1905,1906,1907,1908,1909,1910,1911,1912,1913,1914,1915,1916,1917,1918,1919,1920,1921,1922,1923,1924,1925,1926,1927,1928,1929,1930,1931,1932,1933,1934,1935,1936,1937,1938,1939,1940,1941,1942,1943,1944,1945,1946,1947,1948,1949,1950,1951,1952,1953,1954,1955,1956,1957,1958,1959,1960,1961,1962,1963,1964,1965,1966,1967,1968,1969,1970,1971,1972,1973,1974,1975,1976,1977,1978,1979,1980,1981,1982,1983,1984,1985,1986,1987,1988,1989,1990,1991,1992,1993,1994,1995,1996,1997,1998,1999,2000,2001,2002,2003,2004,2005,2006,2007,2008],"level":[-18.162329,-18.181805,-18.201282,-18.220758,-18.240235,-18.268861,-18.297466,-18.326029,-18.354527,-18.38294,-18.411247,-18.439426,-18.467455,-18.495314,-18.522981,-18.550434,-18.577653,-18.604617,-18.631303,-18.65769,-18.683758,-18.709484,-18.734849,-18.759829,-18.784404,-18.808553,-18.832254,-18.855486,-18.878227,-18.900457,-18.922153,-18.943296,-18.963862,-18.983832,-19.003183,-19.021895,-19.039945,-19.057314,-19.073978,-19.089918,-19.105111,-19.119537,-19.133174,-19.146001,-19.157996,-19.169138,-19.179406,-19.153477,-19.126713,-19.099175,-19.075063,-19.05029,-19.044493,-19.020448,-18.995845,-19.068984,-19.118273,-19.174066,-19.228893,-19.236031,-19.188089,-19.139087,-19.089114,-19.058446,-19.026937,-19.080949,-19.080227,-19.078514,-19.068743,-19.044626,-19.034837,-18.957176,-18.97184,-18.992291,-19.061691,-19.051065,-19.065707,-19.044576,-19.106624,-19.093809,-19.083902,-19.072227,-19.010009,-18.836504,-18.722982,-18.634188,-18.544236,-18.360807,-18.294856,-18.337221,-18.401769,-18.458616,-18.398129,-18.439528,-18.41174,-18.363692,-18.207264,-18.078483,-17.869824,-17.847587,-17.769736,-17.682215,-17.510743,-17.288535,-17.133891,-16.96167,-16.909414,-16.782739,-16.601901,-16.357998,-16.15626,-15.956103,-15.749877,-15.599648,-15.442231,-15.387043,-15.281648,-15.269919,-15.28834,-15.375752,-15.405675,-15.479257,-15.540697,-15.516001,-15.511757,-15.499513,-15.450525,-15.52274,-15.583689,-15.628742,-15.724289,-15.78982,-15.786268,-15.796545,-15.814346,-15.811173,-15.781708,-15.756035,-15.726207,-15.67855,-15.641569,-15.594878,-15.546173,-15.498133,-15.488613,-15.504089,-15.486325,-15.447025,-15.474983,-15.491486,-15.514808,-15.56122,-15.621571,-15.65687,-15.708746,-15.765937,-15.835274,-15.911797,-15.987533,-16.027126,-16.053987,-16.10703,-16.141229,-16.175944,-16.20482,-16.224507,-16.254662,-16.278759,-16.295218,-16.286192,-16.276198,-16.27829,-16.26053,-16.234371,-16.192761,-16.14366,-16.107593,-16.057517,-16.001196,-15.944493,-15.910618,-15.887685,-15.867599,-15.853294,-15.842347,-15.832645,-15.830672,-15.855641,-15.871967,-15.868667,-15.848955,-15.841802,-15.851284,-15.847338,-15.85277,-15.870354,-15.893599,-15.920416,-15.931463,-15.965889,-16.009901,-16.093262,-16.156915,-16.2209,-16.272041,-16.32539,-16.392942,-16.445882,-16.485879],"drift":[-0.01947603,-0.01947603,-0.01947603,-0.01947603,-0.01947602,-0.0194547,-0.01941205,-0.01934808,-0.01926278,-0.01915617,-0.01902823,-0.01887898,-0.0187084,-0.01851649,-0.01830327,-0.01806872,-0.01781286,-0.01753567,-0.01723716,-0.01691732,-0.01657617,-0.01621369,-0.01582989,-0.01542477,-0.01499833,-0.01455056,-0.01408148,-0.01359107,-0.01307934,-0.01254628,-0.01199191,-0.01141621,-0.01081919,-0.01020085,-0.00956119,-0.00890021,-0.0082179,-0.00751428,-0.00678933,-0.00604305,-0.00527546,-0.00448654,-0.00367631,-0.00284475,-0.00199187,-0.00111766,-0.00022214,0.00061245,0.0013861,0.00209881,0.00276023,0.00337035,0.00397482,0.00453253,0.00504346,0.00573657,0.00655791,0.00752453,0.00863644,0.00978511,0.01084486,0.0118157,0.01269763,0.01353769,0.01433587,0.01529331,0.0162847,0.01731005,0.01835297,0.01938246,0.02043429,0.02135279,0.02235521,0.02345737,0.0247759,0.02612741,0.02757392,0.02903544,0.0307092,0.03242465,0.03419258,0.03601298,0.03777231,0.03921537,0.04048527,0.04164261,0.04268739,0.04340421,0.04406849,0.04493417,0.04605497,0.04741555,0.04874566,0.05028583,0.05187843,0.05347995,0.05484158,0.05603092,0.05686461,0.057779,0.05864661,0.05944694,0.05998623,0.06014752,0.06008861,0.05976842,0.05946573,0.05900644,0.05826325,0.0570875,0.05557468,0.05372496,0.0515199,0.04908482,0.04639731,0.04368931,0.04083754,0.03805359,0.03540123,0.03303505,0.03081558,0.02883936,0.02707351,0.02531321,0.02360199,0.02191725,0.02016942,0.01863687,0.01728976,0.01608792,0.01514621,0.01439249,0.01366404,0.01299136,0.01239045,0.011811,0.01119043,0.0105361,0.00983682,0.00904942,0.00819693,0.00725474,0.00621596,0.00507973,0.00393315,0.0028318,0.00169566,0.00047188,-0.00068564,-0.00180631,-0.00287684,-0.00384593,-0.00468335,-0.00544943,-0.00610733,-0.0066462,-0.00703899,-0.00726987,-0.00734121,-0.00733739,-0.00728809,-0.00713217,-0.00691317,-0.0066294,-0.00629378,-0.00592696,-0.00550368,-0.00503708,-0.00454387,-0.00408227,-0.00365347,-0.00322831,-0.00285206,-0.00254341,-0.00233764,-0.00225174,-0.00225512,-0.00238044,-0.00264255,-0.00304294,-0.00352936,-0.00407744,-0.00468182,-0.00533044,-0.006017,-0.00674018,-0.00748367,-0.00818641,-0.00887019,-0.00958232,-0.01036272,-0.01118393,-0.0120091,-0.01287145,-0.01375114,-0.0146219,-0.01547256,-0.01629679,-0.01713326,-0.01792942,-0.01866481,-0.01924945,-0.01973062,-0.02010867,-0.02041441,-0.02064341,-0.0207631,-0.02080781,-0.02080781],"instab":[null,null,null,null,null,null,null,null,null,null,null,null,null,null,null,null,null,null,null,null,null,null,null,null,null,null,null,null,null,null,null,null,null,null,null,null,null,null,null,null,null,null,null,null,null,null,null,null,null,null,null,null,null,null,79.335688,72.517297,67.165432,67.165432,62.877404,59.307556,59.307556,59.307556,56.242651,56.242651,53.594936,51.341372,0.739991,0.706832,0.678275,0.664518,0.664725,0.739862,0.738645,0.717251,0.710003,0.70018,0.707794,0.725983,0.74919,0.735277,0.735277,0.722133,0.732224,0.788123,0.759325,0.751834,0.743048,0.876096,0.914379,0.916818,0.90865,0.951641,0.991045,1.019035,0.980514,1.009687,1.022454,1.00383,1.145713,1.163073,1.130555,1.138307,1.11424,1.115491,1.108679,1.13105,1.14276,1.069761,1.035891,1.063363,1.057978,0.980851,0.972522,0.930515,0.94828,0.930087,0.933538,0.922224,0.756777,0.815645,0.817057,0.823072,0.904044,0.855312,0.859981,0.781674,0.805684,0.817966,0.830636,0.788817,0.799809,0.822054,0.772734,0.768694,0.681049,0.674794,0.611872,0.612654,0.599836,0.566716,0.566131,0.560244,0.490132,0.509379,0.51257,0.510267,0.404018,0.439826,0.427013,0.423031,0.38496,0.296456,0.320394,0.320367,0.312114,0.304352,0.306631,0.313017,0.34119,0.336036,0.342567,0.345522,0.341733,0.31012,0.299745,0.294032,0.293042,0.205803,0.203409,0.211916,0.225009,0.224894,0.207339,0.208232,0.21597,0.241404,0.240294,0.237969,0.196252,0.212265,0.214209,0.191826,0.189079,0.181986,0.173985,0.173985,0.170134,0.179123,0.182517,0.192419,0.191159,0.183752,0.195326,0.194259,0.193947,0.183875,0.186442,0.200075,0.198146,0.17206,0.171547,0.209147,0.211855,0.222049,0.221863,0.219354,0.215027,0.216807,0.216042],