{"word":"workbowl","years":[1800,1801,1802,1803,1804,1805,1806,1807,1808,1809,1810,1811,1812,1813,1814,1815,1816,1817,1818,1819,1820,1821,1822,1823,1824,1825,1826,1827,1828,1829,1830,1831,1832,1833,1834,1835,1836,1837,1838,1839,1840,1841,1842,1843,1844,1845,1846,1847,1848,1849,1850,1851,1852,1853,1854,1855,1856,1857,1858,1859,1860,1861,1862,1863,1864,1865,1866,1867,1868,1869,1870,1871,1872,1873,1874,1875,1876,1877,1878,1879,1880,1881,1882,1883,1884,1885,1886,1887,1888,1889,1890,1891,1892,1893,1894,1895,1896,1897,1898,1899,1900,1901,1902,1903,1904,1905,1906,1907,1908,1909,1910,1911,1912,1913,1914,1915,1916,1917,1918,1919,1920,1921,1922,1923,1924,1925,1926,1927,1928,1929,1930,1931,1932,1933,1934,1935,1936,1937,1938,1939,1940,1941,1942,1943,1944,1945,1946,1947,1948,1949,1950,1951,1952,1953,1954,1955,1956,1957,1958,1959,1960,1961,1962,1963,1964,1965,1966,1967,1968,1969,1970,1971,1972,1973,1974,1975,1976,1977,1978,1979,1980,1981,1982,1983,1984,1985,1986,1987,1988,1989,1990,1991,1992,1993,1994,1995,1996,1997,1998,1999,2000,2001,2002,2003,2004,2005,2006,2007,2008],"level":[-35.095648,-35.00354,-34.911432,-34.819323,-34.727214,-34.635104,-34.542993,-34.450882,-34.358769,-34.266655,-34.174539,-34.082422,-33.990303,-33.898182,-33.806058,-33.713933,-33.621804,-33.529674,-33.43754,-33.345403,-33.253264,-33.16112,-33.068974,-32.976824,-32.884669,-32.792511,-32.700349,-32.608183,-32.516011,-32.423836,-32.331655,-32.23947,-32.147279,-32.055083,-31.962881,-31.870674,-31.778461,-31.686242,-31.594017,-31.501785,-31.409547,-31.317303,-31.225051,-31.132793,-31.040527,-30.948254,-30.855974,-30.763686,-30.67139,-30.579086,-30.486774,-30.394454,-30.302125,-30.209787,-30.117441,-30.025086,-29.932721,-29.840348,-29.747964,-29.655572,-29.563169,-29.470756,-29.378333,-29.2859,-29.193456,-29.101002,-29.008537,-28.916061,-28.823574,-28.731075,-28.638565,-28.546043,-28.45351,-28.360964,-28.268407,-28.175837,-28.083254,-27.990659,-27.898051,-27.80543,-27.712796,-27.620149,-27.527488,-27.434814,-27.342126,-27.249423,-27.156707,-27.063976,-26.971231,-26.878471,-26.785697,-26.692907,-26.600102,-26.507282,-26.414447,-26.321596,-26.228729,-26.135846,-26.042947,-25.950031,-25.857099,-25.764151,-25.671185,-25.578203,-25.485204,-25.392187,-25.299153,-25.206101,-25.113031,-25.019944,-24.926838,-24.833714,-24.740571,-24.64741,-24.55423,-24.461031,-24.367813,-24.274576,-24.181319,-24.088042,-23.994746,-23.90143,-23.808093,-23.714737,-23.621359,-23.527962,-23.434543,-23.341103,-23.247643,-23.154161,-23.060657,-22.967132,-22.873585,-22.780016,-22.686425,-22.592812,-22.499176,-22.405518,-22.311837,-22.218133,-22.124405,-22.030655,-21.936881,-21.843083,-21.749262,-21.655416,-21.561547,-21.467653,-21.373735,-21.279792,-21.185824,-21.091831,-20.997813,-20.90377,-20.809702,-20.715608,-20.621488,-20.527342,-20.43317,-20.338971,-20.244747,-20.150495,-20.056217,-19.961912,-19.867579,-19.77322,-19.678833,-19.584418,-19.489976,-19.395505,-19.301007,-19.20648,-19.111925,-19.017341,-18.922728,-18.828086,-18.733416,-18.638716,-18.543986,-18.449227,-18.35444,-18.262896,-18.186165,-18.128524,-18.09331,-18.077396,-18.074759,-18.077276,-18.085862,-18.098546,-18.116837,-18.143344,-18.1805,-18.233117,-18.302373,-18.39188,-18.501115,-18.625979,-18.767037,-18.922994,-19.097831,-19.295786,-19.520229,-19.771646,-20.049176,-20.349293,-20.665797,-20.99019,-21.318821],"drift":[0.09210817,0.09210834,0.09210867,0.09210917,0.09210983,0.09211067,0.09211167,0.09211283,0.09211416,0.09211566,0.09211732,0.09211916,0.09212115,0.09212332,0.09212565,0.09212814,0.09213081,0.09213363,0.09213663,0.09213979,0.09214312,0.09214662,0.09215028,0.0921541,0.0921581,0.09216226,0.09216659,0.09217108,0.09217574,0.09218056,0.09218556,0.09219071,0.09219604,0.09220153,0.09220719,0.09221301,0.092219,0.09222516,0.09223149,0.09223798,0.09224463,0.09225145,0.09225844,0.0922656,0.09227292,0.09228041,0.09228806,0.09229588,0.09230387,0.09231203,0.09232035,0.09232883,0.09233749,0.09234631,0.09235529,0.09236444,0.09237376,0.09238325,0.0923929,0.09240272,0.0924127,0.09242285,0.09243317,0.09244365,0.0924543,0.09246512,0.0924761,0.09248725,0.09249857,0.09251005,0.0925217,0.09253351,0.09254549,0.09255764,0.09256995,0.09258243,0.09259508,0.09260789,0.09262087,0.09263402,0.09264733,0.09266081,0.09267445,0.09268826,0.09270224,0.09271639,0.0927307,0.09274517,0.09275982,0.09277463,0.0927896,0.09280475,0.09282006,0.09283553,0.09285117,0.09286698,0.09288296,0.0928991,0.0929154,0.09293188,0.09294852,0.09296532,0.0929823,0.09299944,0.09301674,0.09303421,0.09305185,0.09306966,0.09308763,0.09310577,0.09312407,0.09314254,0.09316118,0.09317998,0.09319895,0.09321809,0.09323739,0.09325686,0.09327649,0.0932963,0.09331626,0.0933364,0.0933567,0.09337717,0.0933978,0.0934186,0.09343957,0.0934607,0.093482,0.09350346,0.0935251,0.0935469,0.09356886,0.09359099,0.09361329,0.09363575,0.09365838,0.09368118,0.09370414,0.09372727,0.09375057,0.09377403,0.09379766,0.09382146,0.09384542,0.09386955,0.09389384,0.0939183,0.09394293,0.09396772,0.09399268,0.09401781,0.0940431,0.09406856,0.09409419,0.09411998,0.09414594,0.09417206,0.09419835,0.09422481,0.09425143,0.09427822,0.09430518,0.0943323,0.09435959,0.09438705,0.09441467,0.09444246,0.09447042,0.09449854,0.09452682,0.09455528,0.0945839,0.09461269,0.09464164,0.09467076,0.09470005,0.0947295,0.09475912,0.0947889,0.09154241,0.07672987,0.05763999,0.03521485,0.01591504,0.00263792,-0.00251651,-0.00858571,-0.01268479,-0.0182908,-0.02650756,-0.03715675,-0.05261743,-0.06925665,-0.08950642,-0.10923513,-0.12486403,-0.14105717,-0.15595797,-0.17483783,-0.19795512,-0.22444345,-0.25141658,-0.27753002,-0.30011589,-0.31650232,-0.32439174,-0.32863075,-0.32863075],"instab":[null,null,null,null,null,null,null,null,null,null,null,null,null,null,null,null,null,null,null,null,null,null,null,null,null,null,null,null,null,null,null,null,null,null,null,null,null,null,null,null,null,null,null,null,null,null,null,null,null,null,null,null,null,null,null,null,null,null,null,null,null,null,null,null,null,null,null,null,null,null,null,null,null,null,null,null,null,null,null,null,null,null,null,null,null,null,null,null,null,null,null,null,null,null,null,null,null,null,null,null,null,null,null,null,null,null,null,null,null,null,null,null,null,null,null,null,null,null,null,null,null,null,null,null,null,null,null,null,null,null,null,null,null,null,null,null,null,null,null,null,null,null,null,null,null,null,null,null,null,null,null,null,null,null,null,null,null,null,null,null,null,null,null,null,null,null,null,null,null,null,null,null,null,null,null,null,null,null,null,null,null,null,null,9.327605,8.372208,7.665385,7.110817,6.771431,6.398068,6.109645,5.870701,5.637352,5.483762,5.289697,5.158365,5.018771,4.870909,4.749325,4.623882,1.886036,1.883687,1.361635,1.314556,1.315775,1.283825,1.252213,0.997587,0.971866,0.988143],