{"word":"workingmemory","years":[1800,1801,1802,1803,1804,1805,1806,1807,1808,1809,1810,1811,1812,1813,1814,1815,1816,1817,1818,1819,1820,1821,1822,1823,1824,1825,1826,1827,1828,1829,1830,1831,1832,1833,1834,1835,1836,1837,1838,1839,1840,1841,1842,1843,1844,1845,1846,1847,1848,1849,1850,1851,1852,1853,1854,1855,1856,1857,1858,1859,1860,1861,1862,1863,1864,1865,1866,1867,1868,1869,1870,1871,1872,1873,1874,1875,1876,1877,1878,1879,1880,1881,1882,1883,1884,1885,1886,1887,1888,1889,1890,1891,1892,1893,1894,1895,1896,1897,1898,1899,1900,1901,1902,1903,1904,1905,1906,1907,1908,1909,1910,1911,1912,1913,1914,1915,1916,1917,1918,1919,1920,1921,1922,1923,1924,1925,1926,1927,1928,1929,1930,1931,1932,1933,1934,1935,1936,1937,1938,1939,1940,1941,1942,1943,1944,1945,1946,1947,1948,1949,1950,1951,1952,1953,1954,1955,1956,1957,1958,1959,1960,1961,1962,1963,1964,1965,1966,1967,1968,1969,1970,1971,1972,1973,1974,1975,1976,1977,1978,1979,1980,1981,1982,1983,1984,1985,1986,1987,1988,1989,1990,1991,1992,1993,1994,1995,1996,1997,1998,1999,2000,2001,2002,2003,2004,2005,2006,2007,2008],"level":[-73.215471,-72.92778,-72.640089,-72.352397,-72.064705,-71.777011,-71.489316,-71.20162,-70.913921,-70.626221,-70.338518,-70.050812,-69.763103,-69.475392,-69.187676,-68.899957,-68.612234,-68.324507,-68.036775,-67.749039,-67.461297,-67.17355,-66.885797,-66.598039,-66.310274,-66.022503,-65.734725,-65.44694,-65.159148,-64.871349,-64.583541,-64.295726,-64.007903,-63.72007,-63.43223,-63.144379,-62.85652,-62.568651,-62.280772,-61.992883,-61.704984,-61.417073,-61.129152,-60.84122,-60.553276,-60.26532,-59.977353,-59.689373,-59.40138,-59.113375,-58.825356,-58.537324,-58.249279,-57.96122,-57.673146,-57.385058,-57.096955,-56.808838,-56.520705,-56.232556,-55.944392,-55.656212,-55.368015,-55.079802,-54.791572,-54.503325,-54.21506,-53.926778,-53.638478,-53.35016,-53.061823,-52.773468,-52.485094,-52.1967,-51.908287,-51.619854,-51.331401,-51.042928,-50.754434,-50.465919,-50.177383,-49.888826,-49.600247,-49.311646,-49.023023,-48.734377,-48.445709,-48.157018,-47.868304,-47.579565,-47.290804,-47.002018,-46.713208,-46.424373,-46.135513,-45.846628,-45.557718,-45.268782,-44.97982,-44.690832,-44.401818,-44.112777,-43.823708,-43.534613,-43.24549,-42.956339,-42.66716,-42.377953,-42.088717,-41.799452,-41.510158,-41.220835,-40.931482,-40.642099,-40.352686,-40.063242,-39.773768,-39.484263,-39.194726,-38.905158,-38.615558,-38.325925,-38.036261,-37.746564,-37.456834,-37.167071,-36.877274,-36.587444,-36.29758,-36.007681,-35.717748,-35.427781,-35.137778,-34.84774,-34.557666,-34.267557,-33.977411,-33.68723,-33.397011,-33.106756,-32.816463,-32.526133,-32.235766,-31.94536,-31.654916,-31.364434,-31.073912,-30.783352,-30.492753,-30.202114,-29.911435,-29.620716,-29.329956,-29.039156,-28.748315,-28.457433,-28.16651,-27.875544,-27.584537,-27.293488,-27.002396,-26.711261,-26.420083,-26.128862,-25.837597,-25.546289,-25.254936,-24.963539,-24.672097,-24.38061,-24.089079,-23.797501,-23.505878,-23.214209,-22.922494,-22.630732,-22.338924,-22.047068,-21.755165,-21.463215,-21.171215,-20.885276,-20.608623,-20.342239,-20.100079,-19.884596,-19.700798,-19.553913,-19.454806,-19.395914,-19.370865,-19.37089,-19.383338,-19.390303,-19.394424,-19.400148,-19.407925,-19.415512,-19.414011,-19.404311,-19.385632,-19.360597,-19.327721,-19.284368,-19.228941,-19.164504,-19.100599,-19.041049,-18.984529],"drift":[0.28769091,0.28769118,0.28769171,0.28769252,0.28769359,0.28769492,0.28769653,0.2876984,0.28770054,0.28770295,0.28770562,0.28770857,0.28771178,0.28771525,0.287719,0.28772301,0.28772729,0.28773183,0.28773665,0.28774173,0.28774708,0.28775269,0.28775858,0.28776473,0.28777114,0.28777783,0.28778478,0.287792,0.28779949,0.28780724,0.28781527,0.28782356,0.28783211,0.28784094,0.28785003,0.28785939,0.28786901,0.28787891,0.28788907,0.2878995,0.28791019,0.28792116,0.28793239,0.28794388,0.28795565,0.28796768,0.28797998,0.28799255,0.28800538,0.28801849,0.28803186,0.28804549,0.2880594,0.28807357,0.28808801,0.28810271,0.28811769,0.28813293,0.28814844,0.28816421,0.28818026,0.28819657,0.28821314,0.28822999,0.2882471,0.28826448,0.28828213,0.28830004,0.28831823,0.28833668,0.28835539,0.28837438,0.28839363,0.28841315,0.28843293,0.28845299,0.28847331,0.2884939,0.28851475,0.28853588,0.28855727,0.28857892,0.28860085,0.28862304,0.2886455,0.28866823,0.28869122,0.28871449,0.28873802,0.28876181,0.28878588,0.28881021,0.28883481,0.28885967,0.28888481,0.28891021,0.28893588,0.28896181,0.28898802,0.28901449,0.28904122,0.28906823,0.2890955,0.28912304,0.28915085,0.28917892,0.28920727,0.28923588,0.28926475,0.2892939,0.28932331,0.28935299,0.28938293,0.28941315,0.28944363,0.28947438,0.28950539,0.28953668,0.28956823,0.28960005,0.28963213,0.28966448,0.2896971,0.28972999,0.28976315,0.28979657,0.28983026,0.28986421,0.28989844,0.28993293,0.28996769,0.29000271,0.29003801,0.29007357,0.2901094,0.29014549,0.29018186,0.29021849,0.29025539,0.29029255,0.29032998,0.29036768,0.29040565,0.29044389,0.29048239,0.29052116,0.29056019,0.2905995,0.29063907,0.29067891,0.29071901,0.29075939,0.29080003,0.29084094,0.29088211,0.29092356,0.29096527,0.29100725,0.29104949,0.291092,0.29113478,0.29117783,0.29122115,0.29126473,0.29130858,0.29135269,0.29139708,0.29144173,0.29148665,0.29153184,0.29157729,0.29162301,0.291669,0.29171525,0.29176178,0.29180857,0.29185563,0.29190295,0.29195054,0.2919984,0.28593892,0.27665285,0.26638437,0.24216035,0.21548261,0.18379782,0.14688537,0.09910635,0.05889202,0.02504952,-2.475e-05,-0.01244826,-0.00696535,-0.00412079,-0.00572436,-0.00777682,-0.00758699,0.00150158,0.00969924,0.01867923,0.02503535,0.03287554,0.04335286,0.05542743,0.06443732,0.06390475,0.05955012,0.05651981,0.05651981],"instab":[null,null,null,null,null,null,null,null,null,null,null,null,null,null,null,null,null,null,null,null,null,null,null,null,null,null,null,null,null,null,null,null,null,null,null,null,null,null,null,null,null,null,null,null,null,null,null,null,null,null,null,null,null,null,null,null,null,null,null,null,null,null,null,null,null,null,null,null,null,null,null,null,null,null,null,null,null,null,null,null,null,null,null,null,null,null,null,null,null,null,null,null,null,null,null,null,null,null,null,null,null,null,null,null,null,null,null,null,null,null,null,null,null,null,null,null,null,null,null,null,null,null,null,null,null,null,null,null,null,null,null,null,null,null,null,null,null,null,null,null,null,null,null,null,null,null,null,null,null,null,null,null,null,null,null,null,null,null,null,null,null,null,null,null,null,null,null,null,null,null,null,null,null,null,null,null,null,null,null,null,null,null,null,9.85226,8.945759,8.270524,7.713583,7.331931,6.931129,6.597596,6.310053,6.058307,5.82066,5.629272,5.463755,5.306862,5.165474,5.021363,4.899879,0.763685,0.730487,0.728373,0.682085,0.607748,0.602452,0.633986,0.636952,0.579334,0.558456],