{"word":"wrapup","years":[1800,1801,1802,1803,1804,1805,1806,1807,1808,1809,1810,1811,1812,1813,1814,1815,1816,1817,1818,1819,1820,1821,1822,1823,1824,1825,1826,1827,1828,1829,1830,1831,1832,1833,1834,1835,1836,1837,1838,1839,1840,1841,1842,1843,1844,1845,1846,1847,1848,1849,1850,1851,1852,1853,1854,1855,1856,1857,1858,1859,1860,1861,1862,1863,1864,1865,1866,1867,1868,1869,1870,1871,1872,1873,1874,1875,1876,1877,1878,1879,1880,1881,1882,1883,1884,1885,1886,1887,1888,1889,1890,1891,1892,1893,1894,1895,1896,1897,1898,1899,1900,1901,1902,1903,1904,1905,1906,1907,1908,1909,1910,1911,1912,1913,1914,1915,1916,1917,1918,1919,1920,1921,1922,1923,1924,1925,1926,1927,1928,1929,1930,1931,1932,1933,1934,1935,1936,1937,1938,1939,1940,1941,1942,1943,1944,1945,1946,1947,1948,1949,1950,1951,1952,1953,1954,1955,1956,1957,1958,1959,1960,1961,1962,1963,1964,1965,1966,1967,1968,1969,1970,1971,1972,1973,1974,1975,1976,1977,1978,1979,1980,1981,1982,1983,1984,1985,1986,1987,1988,1989,1990,1991,1992,1993,1994,1995,1996,1997,1998,1999,2000,2001,2002,2003,2004,2005,2006,2007,2008],"level":[-18.573867,-18.576794,-18.579722,-18.582649,-18.585577,-18.588504,-18.591432,-18.59436,-18.597287,-18.600215,-18.603142,-18.60607,-18.615904,-18.625738,-18.635572,-18.645406,-18.65524,-18.665074,-18.674909,-18.684743,-18.694577,-18.704411,-18.714245,-18.724079,-18.733913,-18.743747,-18.753581,-18.763416,-18.77325,-18.783084,-18.792918,-18.802752,-18.812586,-18.82242,-18.832254,-18.842088,-18.851923,-18.861757,-18.871591,-18.881425,-18.891259,-18.901093,-18.910927,-18.920761,-18.930595,-18.94043,-18.950264,-18.960098,-18.969932,-18.979766,-18.9896,-18.999434,-19.009268,-19.019102,-19.028936,-19.038771,-19.048605,-19.058439,-19.068273,-19.078107,-19.087941,-19.097775,-19.107609,-19.117443,-19.127278,-19.137112,-19.146946,-19.15678,-19.166614,-19.176448,-19.186282,-19.196116,-19.20595,-19.215784,-19.225619,-19.235453,-19.245287,-19.255121,-19.264955,-19.274789,-19.284623,-19.294457,-19.304291,-19.314125,-19.32396,-19.333794,-19.343628,-19.353462,-19.363296,-19.37313,-19.382964,-19.392798,-19.402632,-19.412466,-19.422301,-19.432135,-19.441969,-19.451803,-19.461637,-19.471471,-19.481305,-19.491139,-19.500973,-19.510807,-19.520642,-19.530476,-19.54031,-19.550144,-19.559978,-19.569812,-19.579646,-19.58948,-19.599314,-19.609148,-19.618982,-19.628817,-19.638651,-19.648485,-19.658319,-19.668153,-19.677987,-19.687821,-19.697655,-19.707489,-19.717323,-19.727157,-19.736992,-19.746826,-19.75666,-19.766494,-19.776328,-19.786162,-19.795996,-19.80583,-19.815664,-19.825498,-19.835332,-19.845167,-19.855001,-19.864835,-19.874669,-19.884503,-19.894337,-19.904171,-19.914005,-19.923839,-19.933673,-19.943507,-19.953341,-19.963175,-19.97301,-19.982844,-19.992678,-19.888725,-19.86329,-19.837855,-19.812419,-19.78537,-19.75832,-19.73127,-19.70422,-19.98439,-20.196584,-20.290264,-20.519685,-20.415385,-20.215863,-20.165123,-19.884256,-19.689309,-19.690005,-19.47326,-19.3585,-19.198072,-18.966878,-18.872292,-18.783101,-18.718632,-18.59592,-18.529885,-18.453369,-18.446087,-18.433575,-18.471377,-18.518277,-18.489476,-18.407744,-18.406724,-18.401235,-18.346503,-18.322781,-18.276224,-18.344114,-18.449624,-18.465079,-18.517102,-18.544694,-18.611049,-18.592889,-18.621508,-18.624617,-18.636975,-18.657931,-18.689357,-18.803824,-18.84384,-18.933176,-19.004559,-19.182623],"drift":[-0.00292673,-0.00292673,-0.00292673,-0.00292673,-0.00292673,-0.00292673,-0.00292673,-0.00292673,-0.00292673,-0.00292673,-0.00292673,-0.00292673,-0.00292673,-0.00292673,-0.00292673,-0.00292673,-0.00292673,-0.00292673,-0.00292673,-0.00292673,-0.00292673,-0.00292673,-0.00292673,-0.00292673,-0.00292673,-0.00292673,-0.00292673,-0.00292673,-0.00292673,-0.00292673,-0.00292673,-0.00292673,-0.00292673,-0.00292673,-0.00292673,-0.00292673,-0.00292673,-0.00292673,-0.00292673,-0.00292673,-0.00292673,-0.00292673,-0.00292673,-0.00292673,-0.00292673,-0.00292673,-0.00292673,-0.00292673,-0.00292673,-0.00292673,-0.00292673,-0.00292673,-0.00292673,-0.00292673,-0.00292673,-0.00292673,-0.00292673,-0.00292673,-0.00292673,-0.00292673,-0.00292673,-0.00292673,-0.00292673,-0.00292673,-0.00292673,-0.00292673,-0.00292673,-0.00292673,-0.00292673,-0.00292673,-0.00292672,-0.00292672,-0.00292672,-0.00292672,-0.00292672,-0.00292672,-0.00292672,-0.00292672,-0.00292672,-0.00292672,-0.00292672,-0.00292672,-0.00292672,-0.00292672,-0.00292672,-0.00292672,-0.00292672,-0.00292672,-0.00292672,-0.00292672,-0.00292672,-0.00292672,-0.00292672,-0.00292672,-0.00292672,-0.00292672,-0.00292672,-0.00292672,-0.00292672,-0.00292672,-0.00292672,-0.00292672,-0.00292672,-0.00292672,-0.00292672,-0.00292672,-0.00292671,-0.00292671,-0.00292671,-0.00292671,-0.00292671,-0.00292671,-0.00292671,-0.00292671,-0.00292671,-0.00292671,-0.00292671,-0.00292671,-0.00292671,-0.00292671,-0.00292671,-0.00292671,-0.00292671,-0.00292671,-0.00292671,-0.00292671,-0.00292671,-0.00292671,-0.00292671,-0.00292671,-0.00292671,-0.00292671,-0.0029267,-0.0029267,-0.0029267,-0.0029267,-0.0029267,-0.0029267,-0.0029267,-0.0029267,-0.0029267,-0.0029267,-0.0029267,-0.0029267,-0.0029267,-0.0029267,-0.0029267,-0.0029267,-0.0029267,-0.0029267,-0.0029267,-0.0029267,-0.00292669,-0.00292669,-0.00292669,-0.00292669,-0.00292669,-0.00292669,-0.00292669,-0.00292669,-0.00292669,-0.00292669,-0.00292669,-0.00292669,-0.00292669,-0.00292669,-0.00292669,-0.00292669,-0.00292669,-0.00292669,-0.00292669,-0.00292669,-0.00292669,-0.00292669,-0.00292669,-0.00292669,-0.00292669,-0.00292669,-0.00292669,-0.00292669,-0.00292669,-0.00292669,-0.00292669,-0.00292669,-0.00292669,-0.00292669,-0.00292669,-0.00292669,-0.00292669,-0.00292669,-0.00292669,-0.00292669,-0.00292669,-0.00292669,-0.00292669,-0.00292669,-0.00292669,-0.00292669,-0.00292669,-0.00292669,-0.00292669,-0.00292669,-0.00292669,-0.00292669,-0.00292669,-0.0029267,-0.0029267,-0.0029267,-0.0029267],"instab":[null,null,null,null,null,null,null,null,null,null,null,null,null,null,null,null,null,null,null,null,null,null,null,null,null,null,null,null,null,null,null,null,null,null,null,null,null,null,null,null,null,null,null,null,null,null,null,null,null,null,null,null,null,null,null,null,null,null,null,null,null,null,null,null,null,null,null,null,null,null,null,null,null,null,null,null,null,null,null,null,null,null,null,null,null,null,null,null,null,null,null,null,null,null,null,null,null,null,null,null,null,null,null,null,null,null,null,null,null,null,null,null,null,null,null,null,null,null,null,null,null,null,null,null,null,null,null,null,null,null,null,null,null,null,null,null,null,null,null,null,null,null,null,null,null,null,null,null,null,null,null,null,null,null,null,null,null,null,null,null,null,104.829816,95.778429,88.663465,83.008838,78.254186,74.203937,70.763885,67.727021,65.048551,62.695825,60.556888,0.76644,0.753264,0.755405,0.731916,0.732707,0.711569,0.694908,0.676388,0.647215,0.599025,0.556478,0.55952,0.443826,0.446583,0.424036,0.397015,0.374959,0.327782,0.286288,0.257226,0.26159,0.295651,0.234995,0.238579,0.233283,0.25061,0.235239,0.23582,0.221045,0.221026,0.217133,0.220441,0.232241,0.23236,0.216333,0.219743,0.283939],