{"word":"writelnt","years":[1800,1801,1802,1803,1804,1805,1806,1807,1808,1809,1810,1811,1812,1813,1814,1815,1816,1817,1818,1819,1820,1821,1822,1823,1824,1825,1826,1827,1828,1829,1830,1831,1832,1833,1834,1835,1836,1837,1838,1839,1840,1841,1842,1843,1844,1845,1846,1847,1848,1849,1850,1851,1852,1853,1854,1855,1856,1857,1858,1859,1860,1861,1862,1863,1864,1865,1866,1867,1868,1869,1870,1871,1872,1873,1874,1875,1876,1877,1878,1879,1880,1881,1882,1883,1884,1885,1886,1887,1888,1889,1890,1891,1892,1893,1894,1895,1896,1897,1898,1899,1900,1901,1902,1903,1904,1905,1906,1907,1908,1909,1910,1911,1912,1913,1914,1915,1916,1917,1918,1919,1920,1921,1922,1923,1924,1925,1926,1927,1928,1929,1930,1931,1932,1933,1934,1935,1936,1937,1938,1939,1940,1941,1942,1943,1944,1945,1946,1947,1948,1949,1950,1951,1952,1953,1954,1955,1956,1957,1958,1959,1960,1961,1962,1963,1964,1965,1966,1967,1968,1969,1970,1971,1972,1973,1974,1975,1976,1977,1978,1979,1980,1981,1982,1983,1984,1985,1986,1987,1988,1989,1990,1991,1992,1993,1994,1995,1996,1997,1998,1999,2000,2001,2002,2003,2004,2005,2006,2007,2008],"level":[-28.838914,-28.797753,-28.756592,-28.715431,-28.67427,-28.633109,-28.591948,-28.550787,-28.509626,-28.468465,-28.427304,-28.386143,-28.344982,-28.303821,-28.26266,-28.221499,-28.180338,-28.139177,-28.098016,-28.056855,-28.015693,-27.974532,-27.933371,-27.89221,-27.851049,-27.809888,-27.768727,-27.727566,-27.686405,-27.645244,-27.604083,-27.562922,-27.521761,-27.4806,-27.439439,-27.398278,-27.357117,-27.315956,-27.274795,-27.233634,-27.192473,-27.151312,-27.110151,-27.06899,-27.027828,-26.986667,-26.945506,-26.904345,-26.863184,-26.822023,-26.780862,-26.739701,-26.69854,-26.657379,-26.616218,-26.575057,-26.533896,-26.492735,-26.451574,-26.410413,-26.369252,-26.32809,-26.286929,-26.245768,-26.204607,-26.163446,-26.122285,-26.081124,-26.039963,-25.998802,-25.957641,-25.91648,-25.875319,-25.834158,-25.792996,-25.751835,-25.710674,-25.669513,-25.628352,-25.587191,-25.54603,-25.504869,-25.463708,-25.422547,-25.381385,-25.340224,-25.299063,-25.257902,-25.216741,-25.17558,-25.134419,-25.093258,-25.052097,-25.010935,-24.969774,-24.928613,-24.887452,-24.846291,-24.80513,-24.763969,-24.722808,-24.681646,-24.640485,-24.599324,-24.558163,-24.517002,-24.475841,-24.43468,-24.393518,-24.352357,-24.311196,-24.270035,-24.228874,-24.187713,-24.146551,-24.10539,-24.064229,-24.023068,-23.981907,-23.940746,-23.899584,-23.858423,-23.817262,-23.776101,-23.73494,-23.693778,-23.652617,-23.611456,-23.570295,-23.529134,-23.487972,-23.446811,-23.40565,-23.364489,-23.323328,-23.282166,-23.241005,-23.199844,-23.158683,-23.117521,-23.07636,-23.035199,-22.994038,-22.952876,-22.911715,-22.870554,-22.829393,-22.788231,-22.74707,-22.705909,-22.664748,-22.623586,-22.582425,-22.541264,-22.500103,-22.458941,-22.41778,-22.376619,-22.335457,-22.294296,-22.253135,-22.211974,-22.170812,-22.129651,-22.08849,-22.047328,-22.006167,-21.965006,-21.923844,-21.882683,-21.841522,-21.80036,-21.759199,-21.718038,-21.676876,-21.635715,-21.594554,-21.553392,-21.512231,-21.471069,-21.429908,-21.388747,-21.347585,-21.22759,-21.107595,-20.987601,-20.867606,-20.94852,-21.029434,-21.518971,-22.008508,-21.919187,-21.112423,-20.449744,-21.038623,-21.053963,-19.182903,-18.439638,-18.266777,-18.224511,-18.826195,-18.703939,-18.607062,-18.64407,-19.339075,-19.618545,-19.453496,-20.164356,-20.273752],"drift":[0.04117922,0.04117922,0.04117922,0.04117922,0.04117922,0.04117922,0.04117922,0.04117922,0.04117922,0.04117922,0.04117922,0.04117922,0.04117922,0.04117922,0.04117922,0.04117922,0.04117922,0.04117922,0.04117922,0.04117922,0.04117922,0.04117922,0.04117922,0.04117922,0.04117922,0.04117922,0.04117922,0.04117922,0.04117922,0.04117922,0.04117923,0.04117923,0.04117923,0.04117923,0.04117923,0.04117923,0.04117923,0.04117923,0.04117923,0.04117923,0.04117923,0.04117923,0.04117923,0.04117924,0.04117924,0.04117924,0.04117924,0.04117924,0.04117924,0.04117924,0.04117924,0.04117924,0.04117924,0.04117925,0.04117925,0.04117925,0.04117925,0.04117925,0.04117925,0.04117925,0.04117925,0.04117926,0.04117926,0.04117926,0.04117926,0.04117926,0.04117926,0.04117926,0.04117927,0.04117927,0.04117927,0.04117927,0.04117927,0.04117927,0.04117927,0.04117928,0.04117928,0.04117928,0.04117928,0.04117928,0.04117928,0.04117929,0.04117929,0.04117929,0.04117929,0.04117929,0.04117929,0.0411793,0.0411793,0.0411793,0.0411793,0.0411793,0.04117931,0.04117931,0.04117931,0.04117931,0.04117931,0.04117932,0.04117932,0.04117932,0.04117932,0.04117932,0.04117933,0.04117933,0.04117933,0.04117933,0.04117934,0.04117934,0.04117934,0.04117934,0.04117934,0.04117935,0.04117935,0.04117935,0.04117935,0.04117936,0.04117936,0.04117936,0.04117936,0.04117937,0.04117937,0.04117937,0.04117937,0.04117938,0.04117938,0.04117938,0.04117939,0.04117939,0.04117939,0.04117939,0.0411794,0.0411794,0.0411794,0.0411794,0.04117941,0.04117941,0.04117941,0.04117942,0.04117942,0.04117942,0.04117942,0.04117943,0.04117943,0.04117943,0.04117944,0.04117944,0.04117944,0.04117945,0.04117945,0.04117945,0.04117946,0.04117946,0.04117946,0.04117947,0.04117947,0.04117947,0.04117948,0.04117948,0.04117948,0.04117949,0.04117949,0.04117949,0.0411795,0.0411795,0.0411795,0.04117951,0.04117951,0.04117951,0.04117952,0.04117952,0.04117952,0.04117953,0.04117953,0.04117953,0.04117954,0.04117954,0.04117955,0.04117955,0.04117955,0.04117956,0.04117956,0.04117956,0.04117957,0.04117948,0.0411793,0.04117903,0.04117867,0.04117845,0.04117837,0.04117891,0.04118006,0.04118116,0.04118137,0.04118086,0.04118108,0.04118136,0.04117952,0.04117686,0.04117404,0.04117122,0.04116915,0.04116699,0.04116476,0.04116262,0.04116134,0.04116044,0.04115938,0.04115921,0.04115921],"instab":[null,null,null,null,null,null,null,null,null,null,null,null,null,null,null,null,null,null,null,null,null,null,null,null,null,null,null,null,null,null,null,null,null,null,null,null,null,null,null,null,null,null,null,null,null,null,null,null,null,null,null,null,null,null,null,null,null,null,null,null,null,null,null,null,null,null,null,null,null,null,null,null,null,null,null,null,null,null,null,null,null,null,null,null,null,null,null,null,null,null,null,null,null,null,null,null,null,null,null,null,null,null,null,null,null,null,null,null,null,null,null,null,null,null,null,null,null,null,null,null,null,null,null,null,null,null,null,null,null,null,null,null,null,null,null,null,null,null,null,null,null,null,null,null,null,null,null,null,null,null,null,null,null,null,null,null,null,null,null,null,null,null,null,null,null,null,null,null,null,null,null,null,null,null,null,null,null,null,null,null,null,null,null,null,null,null,null,null,null,null,null,9.499957,8.81768,8.266815,7.674726,7.200905,7.007261,6.70638,6.411513,6.153598,5.912213,5.707582,1.262223,1.219687,1.233899,1.211135,1.189685,1.19685,1.195866],