{"word":"wsprintf","years":[1800,1801,1802,1803,1804,1805,1806,1807,1808,1809,1810,1811,1812,1813,1814,1815,1816,1817,1818,1819,1820,1821,1822,1823,1824,1825,1826,1827,1828,1829,1830,1831,1832,1833,1834,1835,1836,1837,1838,1839,1840,1841,1842,1843,1844,1845,1846,1847,1848,1849,1850,1851,1852,1853,1854,1855,1856,1857,1858,1859,1860,1861,1862,1863,1864,1865,1866,1867,1868,1869,1870,1871,1872,1873,1874,1875,1876,1877,1878,1879,1880,1881,1882,1883,1884,1885,1886,1887,1888,1889,1890,1891,1892,1893,1894,1895,1896,1897,1898,1899,1900,1901,1902,1903,1904,1905,1906,1907,1908,1909,1910,1911,1912,1913,1914,1915,1916,1917,1918,1919,1920,1921,1922,1923,1924,1925,1926,1927,1928,1929,1930,1931,1932,1933,1934,1935,1936,1937,1938,1939,1940,1941,1942,1943,1944,1945,1946,1947,1948,1949,1950,1951,1952,1953,1954,1955,1956,1957,1958,1959,1960,1961,1962,1963,1964,1965,1966,1967,1968,1969,1970,1971,1972,1973,1974,1975,1976,1977,1978,1979,1980,1981,1982,1983,1984,1985,1986,1987,1988,1989,1990,1991,1992,1993,1994,1995,1996,1997,1998,1999,2000,2001,2002,2003,2004,2005,2006,2007,2008],"level":[-60.168129,-59.957008,-59.745887,-59.534763,-59.323635,-59.112502,-58.901363,-58.690216,-58.479061,-58.267895,-58.056719,-57.845529,-57.634326,-57.423108,-57.211874,-57.000621,-56.789351,-56.57806,-56.366747,-56.155413,-55.944054,-55.73267,-55.52126,-55.309822,-55.098356,-54.886859,-54.675331,-54.463771,-54.252176,-54.040547,-53.828881,-53.617177,-53.405435,-53.193652,-52.981828,-52.769961,-52.558051,-52.346095,-52.134093,-51.922043,-51.709945,-51.497796,-51.285595,-51.073342,-50.861036,-50.648673,-50.436255,-50.223779,-50.011244,-49.798648,-49.585991,-49.373272,-49.160488,-48.94764,-48.734724,-48.521742,-48.30869,-48.095567,-47.882374,-47.669107,-47.455767,-47.242351,-47.028859,-46.815289,-46.601641,-46.387911,-46.174101,-45.960207,-45.74623,-45.532167,-45.318018,-45.10378,-44.889454,-44.675038,-44.46053,-44.245929,-44.031234,-43.816444,-43.601557,-43.386572,-43.171489,-42.956305,-42.741019,-42.52563,-42.310138,-42.09454,-41.878835,-41.663023,-41.447102,-41.23107,-41.014926,-40.79867,-40.582299,-40.365813,-40.149211,-39.93249,-39.715651,-39.498691,-39.281609,-39.064405,-38.847076,-38.629622,-38.412041,-38.194332,-37.976495,-37.758526,-37.540426,-37.322193,-37.103826,-36.885323,-36.666684,-36.447907,-36.22899,-36.009933,-35.790735,-35.571393,-35.351907,-35.132276,-34.912498,-34.692572,-34.472496,-34.25227,-34.031893,-33.811362,-33.590677,-33.369837,-33.14884,-32.927685,-32.70637,-32.484895,-32.263258,-32.041459,-31.819494,-31.597365,-31.375068,-31.152604,-30.92997,-30.707165,-30.484189,-30.26104,-30.037716,-29.814217,-29.590541,-29.366687,-29.142653,-28.918439,-28.694043,-28.469464,-28.244701,-28.019752,-27.794616,-27.569292,-27.343778,-27.118074,-26.892178,-26.666089,-26.439806,-26.213327,-25.98665,-25.759776,-25.532703,-25.305428,-25.077952,-24.850273,-24.622389,-24.3943,-24.166003,-23.937499,-23.708785,-23.47986,-23.250723,-23.021373,-22.791809,-22.562029,-22.332032,-22.101816,-21.871382,-21.640726,-21.409849,-21.178748,-20.947423,-20.715872,-20.484094,-20.252088,-20.019852,-19.787385,-19.554687,-19.326587,-19.107915,-18.903503,-18.718179,-18.556775,-18.415752,-18.3111,-18.249817,-18.22631,-18.236538,-18.279351,-18.343052,-18.449896,-18.613373,-18.834908,-19.126458,-19.492194,-19.943381,-20.488365,-21.077478,-21.702225,-22.350336],"drift":[0.21112029,0.21112155,0.21112406,0.21112783,0.21113285,0.21113912,0.21114665,0.21115544,0.21116547,0.21117676,0.21118931,0.21120311,0.21121816,0.21123447,0.21125203,0.21127085,0.21129092,0.21131225,0.21133483,0.21135866,0.21138375,0.21141009,0.21143768,0.21146653,0.21149664,0.21152799,0.21156061,0.21159447,0.21162959,0.21166597,0.21170359,0.21174248,0.21178261,0.211824,0.21186665,0.21191055,0.2119557,0.21200211,0.21204977,0.21209869,0.21214886,0.21220028,0.21225296,0.21230689,0.21236208,0.21241852,0.21247621,0.21253516,0.21259536,0.21265682,0.21271953,0.2127835,0.21284872,0.21291519,0.21298292,0.2130519,0.21312214,0.21319363,0.21326637,0.21334037,0.21341562,0.21349213,0.21356989,0.21364891,0.21372917,0.2138107,0.21389348,0.21397751,0.21406279,0.21414933,0.21423713,0.21432617,0.21441648,0.21450803,0.21460084,0.21469491,0.21479023,0.2148868,0.21498463,0.21508371,0.21518404,0.21528563,0.21538848,0.21549257,0.21559793,0.21570453,0.21581239,0.21592151,0.21603187,0.2161435,0.21625637,0.2163705,0.21648589,0.21660253,0.21672042,0.21683957,0.21695997,0.21708163,0.21720454,0.2173287,0.21745412,0.21758079,0.21770872,0.2178379,0.21796833,0.21810002,0.21823296,0.21836716,0.21850261,0.21863932,0.21877728,0.21891649,0.21905696,0.21919868,0.21934166,0.21948589,0.21963137,0.21977811,0.2199261,0.22007535,0.22022585,0.2203776,0.22053061,0.22068487,0.22084039,0.22099716,0.22115519,0.22131447,0.221475,0.22163679,0.22179983,0.22196413,0.22212968,0.22229648,0.22246454,0.22263386,0.22280442,0.22297624,0.22314932,0.22332365,0.22349923,0.22367607,0.22385416,0.22403351,0.22421411,0.22439596,0.22457907,0.22476343,0.22494905,0.22513592,0.22532404,0.22551342,0.22570406,0.22589594,0.22608909,0.22628348,0.22647913,0.22667603,0.22687419,0.2270736,0.22727427,0.22747619,0.22767937,0.22788379,0.22808948,0.22829641,0.2285046,0.22871405,0.22892475,0.2291367,0.22934991,0.22956437,0.22978009,0.22999706,0.23021528,0.23043476,0.23065549,0.23087748,0.23110072,0.23132521,0.23155096,0.23177797,0.23200622,0.23223574,0.2324665,0.23269852,0.22810024,0.21867167,0.2044128,0.18532363,0.16140417,0.14102295,0.10465162,0.06128338,0.02350614,-0.01022763,-0.04281295,-0.06370082,-0.10684468,-0.1634767,-0.22153499,-0.29155057,-0.36573556,-0.45118805,-0.54498281,-0.58911293,-0.62474709,-0.64811025,-0.64811025],"instab":[null,null,null,null,null,null,null,null,null,null,null,null,null,null,null,null,null,null,null,null,null,null,null,null,null,null,null,null,null,null,null,null,null,null,null,null,null,null,null,null,null,null,null,null,null,null,null,null,null,null,null,null,null,null,null,null,null,null,null,null,null,null,null,null,null,null,null,null,null,null,null,null,null,null,null,null,null,null,null,null,null,null,null,null,null,null,null,null,null,null,null,null,null,null,null,null,null,null,null,null,null,null,null,null,null,null,null,null,null,null,null,null,null,null,null,null,null,null,null,null,null,null,null,null,null,null,null,null,null,null,null,null,null,null,null,null,null,null,null,null,null,null,null,null,null,null,null,null,null,null,null,null,null,null,null,null,null,null,null,null,null,null,null,null,null,null,null,null,null,null,null,null,null,null,null,null,null,null,null,null,null,null,null,null,null,null,null,null,null,null,null,null,null,9.220686,8.339708,7.67477,7.176659,6.715118,6.402692,6.119351,5.841032,5.615339,5.399483,5.213636,5.101916,1.366732,1.324067,1.284797,1.29038],