{"word":"wysiwyg","years":[1800,1801,1802,1803,1804,1805,1806,1807,1808,1809,1810,1811,1812,1813,1814,1815,1816,1817,1818,1819,1820,1821,1822,1823,1824,1825,1826,1827,1828,1829,1830,1831,1832,1833,1834,1835,1836,1837,1838,1839,1840,1841,1842,1843,1844,1845,1846,1847,1848,1849,1850,1851,1852,1853,1854,1855,1856,1857,1858,1859,1860,1861,1862,1863,1864,1865,1866,1867,1868,1869,1870,1871,1872,1873,1874,1875,1876,1877,1878,1879,1880,1881,1882,1883,1884,1885,1886,1887,1888,1889,1890,1891,1892,1893,1894,1895,1896,1897,1898,1899,1900,1901,1902,1903,1904,1905,1906,1907,1908,1909,1910,1911,1912,1913,1914,1915,1916,1917,1918,1919,1920,1921,1922,1923,1924,1925,1926,1927,1928,1929,1930,1931,1932,1933,1934,1935,1936,1937,1938,1939,1940,1941,1942,1943,1944,1945,1946,1947,1948,1949,1950,1951,1952,1953,1954,1955,1956,1957,1958,1959,1960,1961,1962,1963,1964,1965,1966,1967,1968,1969,1970,1971,1972,1973,1974,1975,1976,1977,1978,1979,1980,1981,1982,1983,1984,1985,1986,1987,1988,1989,1990,1991,1992,1993,1994,1995,1996,1997,1998,1999,2000,2001,2002,2003,2004,2005,2006,2007,2008],"level":[-127.157868,-126.629371,-126.100864,-125.572341,-125.04379,-124.515204,-123.986574,-123.45789,-122.929145,-122.400329,-121.871432,-121.342448,-120.813365,-120.284177,-119.754873,-119.225445,-118.695884,-118.166182,-117.636329,-117.106316,-116.576135,-116.045777,-115.515232,-114.984493,-114.45355,-113.922394,-113.391017,-112.85941,-112.327563,-111.795468,-111.263116,-110.730499,-110.197607,-109.664431,-109.130963,-108.597194,-108.063114,-107.528716,-106.99399,-106.458927,-105.923519,-105.387756,-104.85163,-104.315132,-103.778253,-103.240984,-102.703317,-102.165242,-101.62675,-101.087834,-100.548483,-100.008689,-99.468444,-98.927737,-98.386562,-97.844907,-97.302766,-96.760128,-96.216986,-95.67333,-95.129151,-94.58444,-94.039189,-93.493389,-92.94703,-92.400105,-91.852604,-91.304518,-90.755838,-90.206556,-89.656663,-89.10615,-88.555008,-88.003228,-87.450801,-86.897718,-86.343971,-85.789551,-85.234449,-84.678656,-84.122162,-83.56496,-83.007041,-82.448395,-81.889014,-81.328889,-80.76801,-80.20637,-79.643959,-79.080768,-78.516789,-77.952013,-77.38643,-76.820033,-76.252812,-75.684757,-75.115862,-74.546115,-73.97551,-73.404036,-72.831685,-72.258449,-71.684317,-71.109282,-70.533335,-69.956466,-69.378667,-68.799929,-68.220243,-67.639601,-67.057992,-66.475409,-65.891843,-65.307285,-64.721726,-64.135156,-63.547568,-62.958953,-62.3693,-61.778603,-61.186851,-60.594036,-60.00015,-59.405182,-58.809125,-58.211969,-57.613706,-57.014327,-56.413823,-55.812185,-55.209404,-54.605471,-54.000378,-53.394115,-52.786675,-52.178047,-51.568223,-50.957194,-50.344952,-49.731487,-49.116791,-48.500855,-47.883669,-47.265226,-46.645516,-46.02453,-45.402259,-44.778696,-44.15383,-43.527652,-42.900155,-42.271329,-41.641166,-41.009655,-40.37679,-39.74256,-39.106957,-38.469972,-37.831596,-37.191821,-36.550637,-35.908036,-35.264008,-34.618545,-33.971639,-33.323279,-32.673458,-32.022166,-31.369394,-30.715135,-30.059378,-29.402116,-28.743338,-28.083037,-27.421203,-26.757828,-26.092902,-25.426418,-24.758365,-24.088735,-23.41752,-22.74471,-22.070297,-21.394271,-20.71628,-20.107119,-19.63344,-19.361911,-19.360281,-19.474545,-19.579957,-19.720509,-19.926647,-20.115812,-20.269748,-20.329612,-20.326489,-20.203408,-19.961192,-19.55207,-19.103234,-18.697793,-18.412463,-18.276564,-18.30649,-18.462309,-18.710408,-19.033549,-19.407793],"drift":[0.52849725,0.52850615,0.5285239,0.52855051,0.52858598,0.52863031,0.5286835,0.52874555,0.52881645,0.52889622,0.52898484,0.52908232,0.52918866,0.52930386,0.52942791,0.52956083,0.5297026,0.52985324,0.53001273,0.53018108,0.53035828,0.53054435,0.53073928,0.53094306,0.5311557,0.5313772,0.53160756,0.53184678,0.53209486,0.53235179,0.53261759,0.53289224,0.53317575,0.53346812,0.53376935,0.53407943,0.53439838,0.53472618,0.53506284,0.53540836,0.53576274,0.53612598,0.53649808,0.53687903,0.53726885,0.53766752,0.53807505,0.53849144,0.53891669,0.53935079,0.53979376,0.54024558,0.54070626,0.5411758,0.5416542,0.54214146,0.54263758,0.54314255,0.54365639,0.54417908,0.54471063,0.54525104,0.54580031,0.54635843,0.54692542,0.54750126,0.54808596,0.54867952,0.54928194,0.54989322,0.55051336,0.55114235,0.5517802,0.55242692,0.55308249,0.55374692,0.5544202,0.55510235,0.55579335,0.55649322,0.55720194,0.55791952,0.55864596,0.55938126,0.56012541,0.56087843,0.5616403,0.56241103,0.56319062,0.56397907,0.56477638,0.56558254,0.56639757,0.56722145,0.56805419,0.56889579,0.56974625,0.57060557,0.57147375,0.57235078,0.57323667,0.57413143,0.57503504,0.57594751,0.57686883,0.57779902,0.57873806,0.57968597,0.58064273,0.58160835,0.58258283,0.58356616,0.58455836,0.58555941,0.58656933,0.5875881,0.58861573,0.58965222,0.59069756,0.59175177,0.59281483,0.59388676,0.59496754,0.59605718,0.59715568,0.59826304,0.59937925,0.60050433,0.60163826,0.60278105,0.6039327,0.60509321,0.60626258,0.6074408,0.60862789,0.60982383,0.61102863,0.61224229,0.61346481,0.61469618,0.61593642,0.61718551,0.61844347,0.61971028,0.62098595,0.62227048,0.62356386,0.62486611,0.62617721,0.62749718,0.628826,0.63016368,0.63151022,0.63286561,0.63422987,0.63560298,0.63698496,0.63837579,0.63977548,0.64118402,0.64260143,0.6440277,0.64546282,0.6469068,0.64835964,0.64982134,0.6512919,0.65277132,0.65425959,0.65575673,0.65726272,0.65877757,0.66030128,0.66183385,0.66337528,0.66492556,0.66648471,0.66805271,0.66962957,0.67121529,0.67280987,0.6744133,0.6760256,0.67764675,0.60883227,0.47335018,0.27120048,0.00238317,-0.11365256,-0.10562387,-0.14070026,-0.20573547,-0.18907258,-0.1536484,-0.06001338,0.00340017,0.12307978,0.24244572,0.40850087,0.44842494,0.40506446,0.28518404,0.13581949,-0.02973036,-0.15565336,-0.24801401,-0.32302276,-0.37399254,-0.37399254],"instab":[null,null,null,null,null,null,null,null,null,null,null,null,null,null,null,null,null,null,null,null,null,null,null,null,null,null,null,null,null,null,null,null,null,null,null,null,null,null,null,null,null,null,null,null,null,null,null,null,null,null,null,null,null,null,null,null,null,null,null,null,null,null,null,null,null,null,null,null,null,null,null,null,null,null,null,null,null,null,null,null,null,null,null,null,null,null,null,null,null,null,null,null,null,null,null,null,null,null,null,null,null,null,null,null,null,null,null,null,null,null,null,null,null,null,null,null,null,null,null,null,null,null,null,null,null,null,null,null,null,null,null,null,null,null,null,null,null,null,null,null,null,null,null,null,null,null,null,null,null,null,null,null,null,null,null,null,null,null,null,null,null,null,null,null,null,null,null,null,null,null,null,null,null,null,null,null,null,null,null,null,null,null,null,null,null,null,null,null,null,9.434102,8.756019,8.235187,7.669884,7.273062,6.887902,6.642438,6.356095,6.144816,5.90857,5.773588,5.60982,5.456722,5.300858,1.289839,1.250917,1.223965,1.191954,1.189738,1.028253],